# `Flank`: The 5' or 3' sequence of IS mapped to MDS42; `Clustered_Locus`: The ID of the locus where the IS is mapped to identify flanking sequences that are inserted to identical locus with only < 20 bp gap; `matched_row.XX`: Matched position is found in XX generation. IF NA, no match is found.
Line,Gen,IS_ID,IS_strand,Flank,Pos,Clustered_Locus,New,Simple,matched_row.prev,matched_row.facs
L01-1,FACS,0,FALSE,r,476936,2,New,Simple,NA,1
L01-1,FACS,0,FALSE,f,476923,2,New,Simple,NA,1
L01-1,FACS,1,FALSE,r,554076,4,New,Simple,NA,3
L01-1,FACS,1,FALSE,f,554063,4,New,Simple,NA,3
L01-1,FACS,2,TRUE,f,1181600,3,New,Complex,NA,5
L01-1,FACS,2,FALSE,r,1488330,13,New,Complex,NA,6
L01-1,FACS,3,FALSE,f,1275699,6,Preexisting,Complex,NA,7
L01-1,FACS,3,FALSE,r,1272611,5,Preexisting,Complex,NA,8
L01-1,FACS,4,TRUE,r,1181595,3,New,Complex,NA,5
L01-1,FACS,4,FALSE,f,1488995,8,New,Complex,NA,10
L01-1,FACS,5,TRUE,f,1971562,10,New,Complex,NA,11
L01-1,FACS,5,TRUE,r,1980792,7,New,Complex,NA,12
L01-1,FACS,6,FALSE,r,2296173,9,New,Simple,NA,13
L01-1,FACS,6,FALSE,f,2296160,9,New,Simple,NA,13
L01-1,FACS,7,FALSE,r,3358694,1,New,Simple,NA,15
L01-1,FACS,7,FALSE,f,3358681,1,New,Simple,NA,15
L01-1,FACS,8,TRUE,f,3848476,0,New,Simple,NA,17
L01-1,FACS,8,TRUE,r,3848463,0,New,Simple,NA,17
L01-1,FACS,9,TRUE,f,3943022,12,New,Complex,NA,19
L01-1,FACS,9,TRUE,r,3945327,11,New,Complex,NA,20
L01-1,MA08,0,FALSE,r,476936,6,New,Simple,1,1045
L01-1,MA08,0,FALSE,f,476923,6,New,Simple,1,1045
L01-1,MA08,1,FALSE,r,549440,15,New,Complex,NA,NA
L01-1,MA08,1,FALSE,f,554375,17,New,Complex,NA,NA
L01-1,MA08,2,FALSE,r,705287,10,New,Simple,NA,NA
L01-1,MA08,2,FALSE,f,705275,10,New,Simple,NA,NA
L01-1,MA08,3,TRUE,f,1181609,0,New,Complex,5,1049
L01-1,MA08,3,TRUE,r,1475264,7,New,Complex,NA,NA
L01-1,MA08,4,FALSE,r,1488332,21,New,Complex,6,1050
L01-1,MA08,4,TRUE,f,1475276,7,New,Complex,NA,NA
L01-1,MA08,5,FALSE,f,1275699,8,Preexisting,Complex,7,1051
L01-1,MA08,5,FALSE,r,1272611,9,Preexisting,Complex,8,1052
L01-1,MA08,6,TRUE,r,1181595,0,New,Complex,5,1049
L01-1,MA08,6,FALSE,f,1488995,11,New,Complex,10,1054
L01-1,MA08,7,FALSE,r,1660682,3,New,Simple,NA,NA
L01-1,MA08,7,FALSE,f,1660669,3,New,Simple,NA,NA
L01-1,MA08,8,TRUE,f,1938086,14,New,Simple,NA,NA
L01-1,MA08,8,TRUE,r,1938073,14,New,Simple,NA,NA
L01-1,MA08,9,TRUE,f,1971562,16,New,Complex,11,1055
L01-1,MA08,9,TRUE,r,1938073,14,New,Simple,NA,NA
L01-1,MA08,10,TRUE,f,1971562,16,New,Complex,11,1055
L01-1,MA08,10,TRUE,r,1980792,12,New,Complex,12,1056
L01-1,MA08,11,FALSE,r,2296173,5,New,Simple,13,1057
L01-1,MA08,11,FALSE,f,2296160,5,New,Simple,13,1057
L01-1,MA08,12,TRUE,f,2646352,18,New,Complex,NA,NA
L01-1,MA08,12,TRUE,r,2650557,13,New,Complex,NA,NA
L01-1,MA08,13,FALSE,r,3358694,4,New,Simple,15,1059
L01-1,MA08,13,FALSE,f,3358681,4,New,Simple,15,1059
L01-1,MA08,14,TRUE,f,3686551,1,New,Simple,NA,NA
L01-1,MA08,14,TRUE,r,3686538,1,New,Simple,NA,NA
L01-1,MA08,15,TRUE,f,3848476,2,New,Simple,17,1061
L01-1,MA08,15,TRUE,r,3848463,2,New,Simple,17,1061
L01-1,MA08,16,TRUE,f,3943022,20,New,Complex,19,1063
L01-1,MA08,16,TRUE,r,3945327,19,New,Complex,20,1064
L01-1,MA20,0,FALSE,r,476935,8,New,Simple,21,2089
L01-1,MA20,0,FALSE,f,476923,8,New,Simple,21,2089
L01-1,MA20,1,FALSE,r,548978,22,New,Complex,NA,NA
L01-1,MA20,1,FALSE,f,554375,36,New,Complex,24,NA
L01-1,MA20,2,FALSE,r,705287,17,New,Simple,25,NA
L01-1,MA20,2,FALSE,f,705275,17,New,Simple,25,NA
L01-1,MA20,3,TRUE,f,1058315,26,New,Simple,NA,NA
L01-1,MA20,3,TRUE,r,1058302,26,New,Simple,NA,NA
L01-1,MA20,4,TRUE,f,1181609,1,New,Complex,27,2093
L01-1,MA20,4,TRUE,r,1291814,9,New,Complex,NA,NA
L01-1,MA20,5,TRUE,f,1475277,2,New,Complex,28,NA
L01-1,MA20,5,FALSE,r,1488330,41,New,Complex,29,2094
L01-1,MA20,6,TRUE,r,1475263,2,New,Complex,28,NA
L01-1,MA20,6,TRUE,f,1291826,9,New,Complex,NA,NA
L01-1,MA20,7,FALSE,f,1275699,28,Preexisting,Complex,31,2095
L01-1,MA20,7,FALSE,r,1272611,18,Preexisting,Complex,32,2096
L01-1,MA20,8,TRUE,r,1181595,1,New,Complex,27,2093
L01-1,MA20,8,FALSE,f,1488995,23,New,Complex,34,2098
L01-1,MA20,9,FALSE,r,1660131,40,New,Complex,NA,NA
L01-1,MA20,9,FALSE,f,1661523,29,New,Complex,NA,NA
L01-1,MA20,10,FALSE,r,1727308,12,New,Simple,NA,NA
L01-1,MA20,10,FALSE,f,1727295,12,New,Simple,NA,NA
L01-1,MA20,11,FALSE,r,1755927,13,New,Simple,NA,NA
L01-1,MA20,11,FALSE,f,1755914,13,New,Simple,NA,NA
L01-1,MA20,12,TRUE,f,1772600,42,New,Complex,NA,NA
L01-1,MA20,12,TRUE,r,1773191,30,New,Complex,NA,NA
L01-1,MA20,13,FALSE,r,1819569,20,New,Complex,NA,NA
L01-1,MA20,13,FALSE,f,1908030,25,New,Complex,NA,NA
L01-1,MA20,14,TRUE,f,1938086,7,New,Simple,37,NA
L01-1,MA20,14,TRUE,r,1938073,7,New,Simple,37,NA
L01-1,MA20,15,TRUE,f,1971562,33,New,Complex,39,2099
L01-1,MA20,15,TRUE,r,1980792,27,New,Complex,42,2100
L01-1,MA20,16,FALSE,r,2119666,21,New,Simple,NA,NA
L01-1,MA20,16,FALSE,f,2119653,21,New,Simple,NA,NA
L01-1,MA20,17,TRUE,f,2163282,10,New,Simple,NA,NA
L01-1,MA20,17,TRUE,r,2163269,10,New,Simple,NA,NA
L01-1,MA20,18,TRUE,f,2204215,32,New,Complex,NA,NA
L01-1,MA20,18,FALSE,r,2296172,34,New,Complex,43,2101
L01-1,MA20,19,TRUE,r,2215320,24,New,Complex,NA,NA
L01-1,MA20,19,FALSE,f,2304467,31,New,Complex,NA,NA
L01-1,MA20,20,FALSE,r,2387524,37,New,Complex,NA,NA
L01-1,MA20,20,FALSE,f,2392007,14,New,Complex,NA,NA
L01-1,MA20,21,TRUE,f,2646352,35,New,Complex,45,NA
L01-1,MA20,21,TRUE,r,2652146,15,New,Complex,NA,NA
L01-1,MA20,22,FALSE,r,2800233,4,New,Simple,NA,NA
L01-1,MA20,22,FALSE,f,2800220,4,New,Simple,NA,NA
L01-1,MA20,23,FALSE,r,3039528,0,New,Complex,NA,NA
L01-1,MA20,23,TRUE,f,3052298,11,New,Complex,NA,NA
L01-1,MA20,24,FALSE,f,3039514,0,New,Complex,NA,NA
L01-1,MA20,24,TRUE,r,3070733,38,New,Complex,NA,NA
L01-1,MA20,25,FALSE,r,3358694,3,New,Simple,47,2103
L01-1,MA20,25,FALSE,f,3358681,3,New,Simple,47,2103
L01-1,MA20,26,TRUE,f,3686551,43,New,Complex,49,NA
L01-1,MA20,26,TRUE,r,3686708,39,New,Complex,NA,NA
L01-1,MA20,27,FALSE,r,3817087,5,New,Simple,NA,NA
L01-1,MA20,27,FALSE,f,3817074,5,New,Simple,NA,NA
L01-1,MA20,28,TRUE,f,3848476,6,New,Simple,51,2105
L01-1,MA20,28,TRUE,r,3848463,6,New,Simple,51,2105
L01-1,MA20,29,TRUE,f,3943022,19,New,Complex,53,2107
L01-1,MA20,29,TRUE,r,3945327,16,New,Complex,54,2108
L01-2,FACS,0,FALSE,r,476936,2,New,Simple,NA,21
L01-2,FACS,0,FALSE,f,476923,2,New,Simple,NA,21
L01-2,FACS,1,FALSE,r,554076,4,New,Simple,NA,23
L01-2,FACS,1,FALSE,f,554063,4,New,Simple,NA,23
L01-2,FACS,2,TRUE,f,1181600,3,New,Complex,NA,25
L01-2,FACS,2,FALSE,r,1488330,13,New,Complex,NA,26
L01-2,FACS,3,FALSE,f,1275699,6,Preexisting,Complex,NA,27
L01-2,FACS,3,FALSE,r,1272611,5,Preexisting,Complex,NA,28
L01-2,FACS,4,TRUE,r,1181595,3,New,Complex,NA,25
L01-2,FACS,4,FALSE,f,1488995,8,New,Complex,NA,30
L01-2,FACS,5,TRUE,f,1971562,10,New,Complex,NA,31
L01-2,FACS,5,TRUE,r,1980792,7,New,Complex,NA,32
L01-2,FACS,6,FALSE,r,2296173,9,New,Simple,NA,33
L01-2,FACS,6,FALSE,f,2296160,9,New,Simple,NA,33
L01-2,FACS,7,FALSE,r,3358694,1,New,Simple,NA,35
L01-2,FACS,7,FALSE,f,3358681,1,New,Simple,NA,35
L01-2,FACS,8,TRUE,f,3848476,0,New,Simple,NA,37
L01-2,FACS,8,TRUE,r,3848463,0,New,Simple,NA,37
L01-2,FACS,9,TRUE,f,3943022,12,New,Complex,NA,39
L01-2,FACS,9,TRUE,r,3945327,11,New,Complex,NA,40
L01-2,MA08,0,FALSE,r,476936,2,New,Simple,55,1065
L01-2,MA08,0,FALSE,f,476923,2,New,Simple,55,1065
L01-2,MA08,1,FALSE,r,528526,12,New,Complex,NA,NA
L01-2,MA08,1,TRUE,f,581268,6,New,Complex,NA,NA
L01-2,MA08,2,FALSE,f,565098,15,New,Complex,NA,NA
L01-2,MA08,2,TRUE,r,581256,6,New,Complex,NA,NA
L01-2,MA08,3,TRUE,f,1181609,0,New,Complex,59,1069
L01-2,MA08,3,TRUE,r,1474172,14,New,Complex,NA,NA
L01-2,MA08,4,FALSE,r,1485867,17,New,Complex,NA,NA
L01-2,MA08,4,TRUE,f,1474184,14,New,Complex,NA,NA
L01-2,MA08,5,FALSE,f,1275699,13,Preexisting,Complex,61,1071
L01-2,MA08,5,FALSE,r,1272611,18,Preexisting,Complex,62,1072
L01-2,MA08,6,TRUE,r,1181595,0,New,Complex,59,1069
L01-2,MA08,6,FALSE,f,1488995,19,New,Complex,64,1074
L01-2,MA08,7,TRUE,f,1971562,16,New,Complex,65,1075
L01-2,MA08,7,TRUE,r,1980792,21,New,Complex,66,1076
L01-2,MA08,8,FALSE,r,2091806,8,New,Complex,NA,NA
L01-2,MA08,8,TRUE,f,581268,6,New,Complex,NA,NA
L01-2,MA08,9,FALSE,f,554065,7,New,Complex,57,1067
L01-2,MA08,9,TRUE,r,2091793,8,New,Complex,NA,NA
L01-2,MA08,10,FALSE,r,2296073,22,New,Complex,NA,NA
L01-2,MA08,10,FALSE,f,2296162,11,New,Complex,67,1077
L01-2,MA08,11,FALSE,r,3358694,3,New,Simple,69,1079
L01-2,MA08,11,FALSE,f,3358681,3,New,Simple,69,1079
L01-2,MA08,12,TRUE,f,3505824,20,New,Complex,NA,NA
L01-2,MA08,12,TRUE,r,3506980,9,New,Complex,NA,NA
L01-2,MA08,13,TRUE,f,3848335,4,New,Simple,NA,NA
L01-2,MA08,13,TRUE,r,3848322,4,New,Simple,NA,NA
L01-2,MA08,14,TRUE,f,3848476,1,New,Simple,71,1081
L01-2,MA08,14,TRUE,r,3848463,1,New,Simple,71,1081
L01-2,MA08,15,TRUE,f,3943022,10,New,Complex,73,1083
L01-2,MA08,15,TRUE,r,3945327,5,New,Complex,74,1084
L01-2,MA20,0,FALSE,r,476936,2,New,Simple,75,2109
L01-2,MA20,0,FALSE,f,476923,2,New,Simple,75,2109
L01-2,MA20,1,FALSE,r,529720,19,New,Complex,NA,NA
L01-2,MA20,1,TRUE,f,581268,11,New,Complex,78,NA
L01-2,MA20,2,FALSE,f,576487,16,New,Complex,NA,NA
L01-2,MA20,2,TRUE,r,583128,27,New,Complex,NA,NA
L01-2,MA20,3,TRUE,f,1181609,0,New,Complex,81,2113
L01-2,MA20,3,TRUE,r,1474172,10,New,Complex,82,NA
L01-2,MA20,4,FALSE,r,1485866,25,New,Complex,83,NA
L01-2,MA20,4,TRUE,f,1474184,10,New,Complex,82,NA
L01-2,MA20,5,FALSE,f,1275699,14,Preexisting,Complex,85,2115
L01-2,MA20,5,FALSE,r,1272611,5,Preexisting,Complex,86,2116
L01-2,MA20,6,TRUE,r,1210069,8,New,Simple,NA,NA
L01-2,MA20,6,TRUE,f,1210081,8,New,Simple,NA,NA
L01-2,MA20,7,TRUE,r,1181595,0,New,Complex,81,2113
L01-2,MA20,7,FALSE,f,1488995,24,New,Complex,88,2118
L01-2,MA20,8,FALSE,r,1545986,4,New,Simple,NA,NA
L01-2,MA20,8,FALSE,f,1545973,4,New,Simple,NA,NA
L01-2,MA20,9,TRUE,f,1971562,22,New,Complex,89,2119
L01-2,MA20,9,TRUE,r,1980792,28,New,Complex,90,2120
L01-2,MA20,10,FALSE,r,2091565,29,New,Complex,NA,NA
L01-2,MA20,10,TRUE,f,581268,11,New,Complex,78,NA
L01-2,MA20,11,FALSE,f,554063,26,New,Complex,93,2111
L01-2,MA20,11,TRUE,r,2091793,12,New,Complex,91,NA
L01-2,MA20,12,FALSE,r,2296073,31,New,Complex,95,NA
L01-2,MA20,12,FALSE,f,2296160,17,New,Complex,96,2121
L01-2,MA20,13,TRUE,f,2651174,21,New,Complex,NA,NA
L01-2,MA20,13,TRUE,r,2651133,32,New,Complex,NA,NA
L01-2,MA20,14,FALSE,r,3211288,3,New,Simple,NA,NA
L01-2,MA20,14,FALSE,f,3211275,3,New,Simple,NA,NA
L01-2,MA20,15,FALSE,r,3358694,1,New,Simple,97,2123
L01-2,MA20,15,FALSE,f,3358681,1,New,Simple,97,2123
L01-2,MA20,16,TRUE,f,3505823,13,New,Complex,99,NA
L01-2,MA20,16,TRUE,r,3506980,15,New,Complex,100,NA
L01-2,MA20,17,FALSE,r,3702287,18,New,Complex,NA,NA
L01-2,MA20,17,FALSE,f,3729305,7,New,Complex,NA,NA
L01-2,MA20,18,TRUE,f,3774315,6,New,Simple,NA,NA
L01-2,MA20,18,TRUE,r,3774302,6,New,Simple,NA,NA
L01-2,MA20,19,TRUE,f,3848335,30,New,Complex,101,NA
L01-2,MA20,19,TRUE,r,3848463,20,New,Complex,103,2125
L01-2,MA20,20,TRUE,f,3943003,23,New,Complex,105,2127
L01-2,MA20,20,TRUE,r,3950737,9,New,Complex,NA,NA
L01-3,FACS,0,FALSE,r,476936,2,New,Simple,NA,41
L01-3,FACS,0,FALSE,f,476923,2,New,Simple,NA,41
L01-3,FACS,1,FALSE,r,554076,4,New,Simple,NA,43
L01-3,FACS,1,FALSE,f,554063,4,New,Simple,NA,43
L01-3,FACS,2,TRUE,f,1181600,3,New,Complex,NA,45
L01-3,FACS,2,FALSE,r,1488330,13,New,Complex,NA,46
L01-3,FACS,3,FALSE,f,1275699,6,Preexisting,Complex,NA,47
L01-3,FACS,3,FALSE,r,1272611,5,Preexisting,Complex,NA,48
L01-3,FACS,4,TRUE,r,1181595,3,New,Complex,NA,45
L01-3,FACS,4,FALSE,f,1488995,8,New,Complex,NA,50
L01-3,FACS,5,TRUE,f,1971562,10,New,Complex,NA,51
L01-3,FACS,5,TRUE,r,1980792,7,New,Complex,NA,52
L01-3,FACS,6,FALSE,r,2296173,9,New,Simple,NA,53
L01-3,FACS,6,FALSE,f,2296160,9,New,Simple,NA,53
L01-3,FACS,7,FALSE,r,3358694,1,New,Simple,NA,55
L01-3,FACS,7,FALSE,f,3358681,1,New,Simple,NA,55
L01-3,FACS,8,TRUE,f,3848476,0,New,Simple,NA,57
L01-3,FACS,8,TRUE,r,3848463,0,New,Simple,NA,57
L01-3,FACS,9,TRUE,f,3943022,12,New,Complex,NA,59
L01-3,FACS,9,TRUE,r,3945327,11,New,Complex,NA,60
L01-3,MA08,0,TRUE,f,5311,1,New,Simple,NA,NA
L01-3,MA08,0,TRUE,r,5298,1,New,Simple,NA,NA
L01-3,MA08,1,FALSE,r,476936,2,New,Simple,107,1085
L01-3,MA08,1,FALSE,f,476923,2,New,Simple,107,1085
L01-3,MA08,2,FALSE,r,546070,25,New,Complex,NA,NA
L01-3,MA08,2,FALSE,f,554338,23,New,Complex,NA,NA
L01-3,MA08,3,TRUE,f,1175380,27,New,Complex,NA,NA
L01-3,MA08,3,FALSE,r,1487712,28,New,Complex,NA,NA
L01-3,MA08,4,FALSE,f,1275699,19,Preexisting,Complex,113,1091
L01-3,MA08,4,FALSE,r,1272611,12,Preexisting,Complex,114,1092
L01-3,MA08,5,TRUE,r,1181595,24,New,Complex,111,1089
L01-3,MA08,5,FALSE,f,1488995,17,New,Complex,116,1094
L01-3,MA08,6,TRUE,f,1560949,14,New,Simple,NA,NA
L01-3,MA08,6,TRUE,r,1560936,14,New,Simple,NA,NA
L01-3,MA08,7,FALSE,r,1743474,7,New,Simple,NA,NA
L01-3,MA08,7,FALSE,f,1743461,7,New,Simple,NA,NA
L01-3,MA08,8,FALSE,r,1811806,0,New,Complex,NA,NA
L01-3,MA08,8,TRUE,f,1825057,21,New,Complex,NA,NA
L01-3,MA08,9,FALSE,f,1811792,0,New,Complex,NA,NA
L01-3,MA08,9,TRUE,r,1834816,16,New,Complex,NA,NA
L01-3,MA08,10,FALSE,r,1918803,18,New,Simple,NA,NA
L01-3,MA08,10,FALSE,f,1918790,18,New,Simple,NA,NA
L01-3,MA08,11,TRUE,f,1971562,22,New,Complex,117,1095
L01-3,MA08,11,TRUE,r,1980792,20,New,Complex,118,1096
L01-3,MA08,12,FALSE,r,2296172,15,New,Simple,119,1097
L01-3,MA08,12,FALSE,f,2296160,15,New,Simple,119,1097
L01-3,MA08,13,FALSE,r,2508826,6,New,Simple,NA,NA
L01-3,MA08,13,FALSE,f,2508813,6,New,Simple,NA,NA
L01-3,MA08,14,FALSE,r,2804982,4,New,Simple,NA,NA
L01-3,MA08,14,FALSE,f,2804969,4,New,Simple,NA,NA
L01-3,MA08,15,FALSE,r,2940826,8,New,Simple,NA,NA
L01-3,MA08,15,FALSE,f,2940813,8,New,Simple,NA,NA
L01-3,MA08,16,FALSE,r,3358694,5,New,Simple,121,1099
L01-3,MA08,16,FALSE,f,3358681,5,New,Simple,121,1099
L01-3,MA08,17,FALSE,r,3459697,13,New,Complex,NA,NA
L01-3,MA08,17,FALSE,f,3461101,11,New,Complex,NA,NA
L01-3,MA08,18,TRUE,f,3848476,3,New,Simple,123,1101
L01-3,MA08,18,TRUE,r,3848463,3,New,Simple,123,1101
L01-3,MA08,19,FALSE,r,3909151,9,New,Simple,NA,NA
L01-3,MA08,19,FALSE,f,3909139,9,New,Simple,NA,NA
L01-3,MA08,20,TRUE,f,3943022,26,New,Complex,125,1103
L01-3,MA08,20,TRUE,r,3945327,10,New,Complex,126,1104
L01-3,MA20,0,TRUE,f,5311,0,New,Simple,127,NA
L01-3,MA20,0,TRUE,r,5298,0,New,Simple,127,NA
L01-3,MA20,1,FALSE,r,476936,2,New,Simple,129,2129
L01-3,MA20,1,FALSE,f,476923,2,New,Simple,129,2129
L01-3,MA20,2,FALSE,r,546070,21,New,Complex,131,NA
L01-3,MA20,2,FALSE,f,554338,27,New,Complex,132,NA
L01-3,MA20,3,TRUE,f,1044784,23,New,Complex,NA,NA
L01-3,MA20,3,TRUE,r,1045907,34,New,Complex,NA,NA
L01-3,MA20,4,TRUE,f,1175380,35,New,Complex,133,NA
L01-3,MA20,4,FALSE,r,1487712,33,New,Complex,134,NA
L01-3,MA20,5,FALSE,f,1275699,11,Preexisting,Complex,135,2135
L01-3,MA20,5,FALSE,r,1272611,6,Preexisting,Complex,136,2136
L01-3,MA20,6,TRUE,r,1181595,28,New,Complex,137,2133
L01-3,MA20,6,FALSE,f,1488995,25,New,Complex,138,2138
L01-3,MA20,7,TRUE,f,1560949,36,New,Complex,139,NA
L01-3,MA20,7,TRUE,r,1562042,31,New,Complex,NA,NA
L01-3,MA20,8,FALSE,r,1743474,19,New,Simple,141,NA
L01-3,MA20,8,FALSE,f,1743461,19,New,Simple,141,NA
L01-3,MA20,9,FALSE,r,1811806,38,New,Complex,143,NA
L01-3,MA20,9,TRUE,f,1825057,37,New,Complex,144,NA
L01-3,MA20,10,FALSE,f,1811969,16,New,Complex,NA,NA
L01-3,MA20,10,TRUE,r,1825969,30,New,Complex,NA,NA
L01-3,MA20,11,TRUE,f,1957894,22,New,Complex,NA,NA
L01-3,MA20,11,TRUE,r,1980792,13,New,Complex,150,2140
L01-3,MA20,12,FALSE,r,2296172,26,New,Complex,151,2141
L01-3,MA20,12,TRUE,f,2396926,5,New,Complex,NA,NA
L01-3,MA20,13,TRUE,r,2304595,20,New,Complex,NA,NA
L01-3,MA20,13,FALSE,f,2396915,5,New,Complex,NA,NA
L01-3,MA20,14,FALSE,r,2508826,9,New,Simple,153,NA
L01-3,MA20,14,FALSE,f,2508813,9,New,Simple,153,NA
L01-3,MA20,15,FALSE,r,2804982,4,New,Simple,155,NA
L01-3,MA20,15,FALSE,f,2804969,4,New,Simple,155,NA
L01-3,MA20,16,FALSE,r,2940826,1,New,Simple,157,NA
L01-3,MA20,16,FALSE,f,2940813,1,New,Simple,157,NA
L01-3,MA20,17,FALSE,r,3129917,17,New,Complex,NA,NA
L01-3,MA20,17,TRUE,f,3336095,10,New,Complex,NA,NA
L01-3,MA20,18,TRUE,r,3130882,18,New,Complex,NA,NA
L01-3,MA20,18,FALSE,f,3361300,29,New,Complex,NA,NA
L01-3,MA20,19,FALSE,r,3459697,32,New,Complex,161,NA
L01-3,MA20,19,FALSE,f,3461101,15,New,Complex,162,NA
L01-3,MA20,20,TRUE,f,3843921,14,New,Complex,NA,NA
L01-3,MA20,20,TRUE,r,3848463,7,New,Complex,163,2145
L01-3,MA20,21,FALSE,r,3909151,24,New,Complex,165,NA
L01-3,MA20,21,FALSE,f,3922660,8,New,Complex,NA,NA
L01-3,MA20,22,TRUE,f,3943022,3,New,Complex,167,2147
L01-3,MA20,22,TRUE,r,3945327,12,New,Complex,168,2148
L01-4,FACS,0,FALSE,r,476936,2,New,Simple,NA,61
L01-4,FACS,0,FALSE,f,476923,2,New,Simple,NA,61
L01-4,FACS,1,FALSE,r,554076,4,New,Simple,NA,63
L01-4,FACS,1,FALSE,f,554063,4,New,Simple,NA,63
L01-4,FACS,2,TRUE,f,1181600,3,New,Complex,NA,65
L01-4,FACS,2,FALSE,r,1488330,13,New,Complex,NA,66
L01-4,FACS,3,FALSE,f,1275699,6,Preexisting,Complex,NA,67
L01-4,FACS,3,FALSE,r,1272611,5,Preexisting,Complex,NA,68
L01-4,FACS,4,TRUE,r,1181595,3,New,Complex,NA,65
L01-4,FACS,4,FALSE,f,1488995,8,New,Complex,NA,70
L01-4,FACS,5,TRUE,f,1971562,10,New,Complex,NA,71
L01-4,FACS,5,TRUE,r,1980792,7,New,Complex,NA,72
L01-4,FACS,6,FALSE,r,2296173,9,New,Simple,NA,73
L01-4,FACS,6,FALSE,f,2296160,9,New,Simple,NA,73
L01-4,FACS,7,FALSE,r,3358694,1,New,Simple,NA,75
L01-4,FACS,7,FALSE,f,3358681,1,New,Simple,NA,75
L01-4,FACS,8,TRUE,f,3848476,0,New,Simple,NA,77
L01-4,FACS,8,TRUE,r,3848463,0,New,Simple,NA,77
L01-4,FACS,9,TRUE,f,3943022,12,New,Complex,NA,79
L01-4,FACS,9,TRUE,r,3945327,11,New,Complex,NA,80
L01-4,MA08,0,FALSE,r,476936,1,New,Simple,169,1105
L01-4,MA08,0,FALSE,f,476923,1,New,Simple,169,1105
L01-4,MA08,1,TRUE,f,1181609,0,New,Complex,173,1109
L01-4,MA08,1,TRUE,r,1475217,17,New,Complex,NA,NA
L01-4,MA08,2,FALSE,r,1488331,21,New,Complex,174,1110
L01-4,MA08,2,TRUE,f,1475229,17,New,Complex,NA,NA
L01-4,MA08,3,FALSE,f,1275699,12,Preexisting,Complex,175,1111
L01-4,MA08,3,FALSE,r,1272611,19,Preexisting,Complex,176,1112
L01-4,MA08,4,TRUE,r,1181595,0,New,Complex,173,1109
L01-4,MA08,4,FALSE,f,1488995,15,New,Complex,178,1114
L01-4,MA08,5,FALSE,r,1812700,8,New,Simple,NA,NA
L01-4,MA08,5,FALSE,f,1812688,8,New,Simple,NA,NA
L01-4,MA08,6,TRUE,f,1971562,18,New,Complex,179,1115
L01-4,MA08,6,TRUE,r,1980792,13,New,Complex,180,1116
L01-4,MA08,7,FALSE,r,2026603,9,New,Simple,NA,NA
L01-4,MA08,7,FALSE,f,2026590,9,New,Simple,NA,NA
L01-4,MA08,8,FALSE,r,2112057,14,New,Simple,NA,NA
L01-4,MA08,8,FALSE,f,2112044,14,New,Simple,NA,NA
L01-4,MA08,9,FALSE,r,2296173,16,New,Complex,181,1117
L01-4,MA08,9,FALSE,f,2322616,7,New,Complex,NA,NA
L01-4,MA08,10,TRUE,f,2452579,4,New,Simple,NA,NA
L01-4,MA08,10,TRUE,r,2452566,4,New,Simple,NA,NA
L01-4,MA08,11,TRUE,f,2561766,3,New,Simple,NA,NA
L01-4,MA08,11,TRUE,r,2561753,3,New,Simple,NA,NA
L01-4,MA08,12,TRUE,f,2751918,6,New,Simple,NA,NA
L01-4,MA08,12,TRUE,r,2751905,6,New,Simple,NA,NA
L01-4,MA08,13,FALSE,r,3358694,11,New,Simple,183,1119
L01-4,MA08,13,FALSE,f,3358681,11,New,Simple,183,1119
L01-4,MA08,14,TRUE,f,3459566,5,New,Simple,NA,NA
L01-4,MA08,14,TRUE,r,3459553,5,New,Simple,NA,NA
L01-4,MA08,15,TRUE,f,3848476,2,New,Simple,185,1121
L01-4,MA08,15,TRUE,r,3848463,2,New,Simple,185,1121
L01-4,MA08,16,TRUE,f,3943022,20,New,Complex,187,1123
L01-4,MA08,16,TRUE,r,3945327,10,New,Complex,188,1124
L01-4,MA20,0,TRUE,f,70112,3,New,Simple,NA,NA
L01-4,MA20,0,TRUE,r,70099,3,New,Simple,NA,NA
L01-4,MA20,1,FALSE,r,342959,8,New,Simple,NA,NA
L01-4,MA20,1,FALSE,f,342946,8,New,Simple,NA,NA
L01-4,MA20,2,FALSE,r,433407,4,New,Simple,NA,NA
L01-4,MA20,2,FALSE,f,433394,4,New,Simple,NA,NA
L01-4,MA20,3,TRUE,f,434061,33,New,Complex,NA,NA
L01-4,MA20,3,TRUE,r,436240,29,New,Complex,NA,NA
L01-4,MA20,4,FALSE,r,476936,10,New,Simple,189,2149
L01-4,MA20,4,FALSE,f,476923,10,New,Simple,189,2149
L01-4,MA20,5,TRUE,f,1010076,2,New,Simple,NA,NA
L01-4,MA20,5,TRUE,r,1010063,2,New,Simple,NA,NA
L01-4,MA20,6,TRUE,f,1181609,1,New,Complex,191,2153
L01-4,MA20,6,TRUE,r,1475217,11,New,Complex,192,NA
L01-4,MA20,7,FALSE,r,1488331,32,New,Complex,193,2154
L01-4,MA20,7,TRUE,f,1475229,11,New,Complex,192,NA
L01-4,MA20,8,FALSE,f,1275699,20,Preexisting,Complex,195,2155
L01-4,MA20,8,FALSE,r,1272611,27,Preexisting,Complex,196,2156
L01-4,MA20,9,TRUE,r,1181595,1,New,Complex,191,2153
L01-4,MA20,9,FALSE,f,1488995,31,New,Complex,198,2158
L01-4,MA20,10,FALSE,r,1812700,14,New,Simple,199,NA
L01-4,MA20,10,FALSE,f,1812688,14,New,Simple,199,NA
L01-4,MA20,11,FALSE,r,1913800,0,New,Complex,NA,NA
L01-4,MA20,11,TRUE,f,2452578,6,New,Simple,209,NA
L01-4,MA20,12,FALSE,f,2322615,13,New,Complex,208,NA
L01-4,MA20,12,TRUE,r,1913786,0,New,Complex,NA,NA
L01-4,MA20,13,TRUE,f,1971562,25,New,Complex,201,2159
L01-4,MA20,13,TRUE,r,1980792,34,New,Complex,202,2160
L01-4,MA20,14,FALSE,r,2026603,21,New,Simple,203,NA
L01-4,MA20,14,FALSE,f,2026590,21,New,Simple,203,NA
L01-4,MA20,15,FALSE,r,2112057,19,New,Simple,205,NA
L01-4,MA20,15,FALSE,f,2112044,19,New,Simple,205,NA
L01-4,MA20,16,FALSE,r,2296173,23,New,Complex,207,2161
L01-4,MA20,16,FALSE,f,2322616,13,New,Complex,208,NA
L01-4,MA20,17,TRUE,f,2452579,6,New,Simple,209,NA
L01-4,MA20,17,TRUE,r,2452566,6,New,Simple,209,NA
L01-4,MA20,18,TRUE,f,2560165,30,New,Complex,NA,NA
L01-4,MA20,18,TRUE,r,2561753,24,New,Complex,211,NA
L01-4,MA20,19,TRUE,f,2751918,17,New,Simple,213,NA
L01-4,MA20,19,TRUE,r,2751905,17,New,Simple,213,NA
L01-4,MA20,20,FALSE,r,2965165,9,New,Simple,NA,NA
L01-4,MA20,20,FALSE,f,2965152,9,New,Simple,NA,NA
L01-4,MA20,21,FALSE,r,3214053,5,New,Simple,NA,NA
L01-4,MA20,21,FALSE,f,3214041,5,New,Simple,NA,NA
L01-4,MA20,22,FALSE,r,3351010,26,New,Complex,NA,NA
L01-4,MA20,22,FALSE,f,3358681,18,New,Complex,215,2163
L01-4,MA20,23,TRUE,f,3459566,15,New,Complex,217,NA
L01-4,MA20,23,TRUE,r,3460969,16,New,Complex,NA,NA
L01-4,MA20,24,TRUE,f,3848148,7,New,Complex,NA,NA
L01-4,MA20,24,TRUE,r,3848463,22,New,Complex,219,2165
L01-4,MA20,25,TRUE,f,3943022,28,New,Complex,221,2167
L01-4,MA20,25,TRUE,r,3945327,12,New,Complex,222,2168
L02-1,FACS,0,FALSE,r,1272612,15,Preexisting,Complex,NA,81
L02-1,FACS,0,FALSE,f,1275700,10,Preexisting,Complex,NA,82
L02-1,FACS,1,FALSE,r,1515877,7,New,Simple,NA,83
L02-1,FACS,1,FALSE,f,1515864,7,New,Simple,NA,83
L02-1,FACS,2,FALSE,r,1661301,13,New,Simple,NA,85
L02-1,FACS,2,FALSE,f,1661289,13,New,Simple,NA,85
L02-1,FACS,3,FALSE,r,2297828,12,New,Simple,NA,87
L02-1,FACS,3,FALSE,f,2297815,12,New,Simple,NA,87
L02-1,FACS,4,FALSE,r,2390414,11,New,Simple,NA,89
L02-1,FACS,4,FALSE,f,2390402,11,New,Simple,NA,89
L02-1,FACS,5,TRUE,f,2666984,5,New,Simple,NA,91
L02-1,FACS,5,TRUE,r,2666971,5,New,Simple,NA,91
L02-1,FACS,6,TRUE,f,2903858,8,New,Simple,NA,93
L02-1,FACS,6,TRUE,r,2903845,8,New,Simple,NA,93
L02-1,FACS,7,FALSE,r,3042424,6,New,Simple,NA,95
L02-1,FACS,7,FALSE,f,3042411,6,New,Simple,NA,95
L02-1,FACS,8,TRUE,f,3351600,9,New,Simple,NA,97
L02-1,FACS,8,TRUE,r,3351587,9,New,Simple,NA,97
L02-1,FACS,9,TRUE,f,3472976,3,New,Simple,NA,99
L02-1,FACS,9,TRUE,r,3472963,3,New,Simple,NA,99
L02-1,FACS,10,FALSE,r,3670035,4,New,Simple,NA,101
L02-1,FACS,10,FALSE,f,3670022,4,New,Simple,NA,101
L02-1,FACS,11,FALSE,r,3779339,2,New,Simple,NA,103
L02-1,FACS,11,FALSE,f,3779326,2,New,Simple,NA,103
L02-1,FACS,12,FALSE,r,3795832,1,New,Simple,NA,105
L02-1,FACS,12,FALSE,f,3795819,1,New,Simple,NA,105
L02-1,FACS,13,TRUE,f,3856639,14,New,Simple,NA,107
L02-1,FACS,13,TRUE,r,3856627,14,New,Simple,NA,107
L02-1,FACS,14,FALSE,r,3955239,0,New,Simple,NA,109
L02-1,FACS,14,FALSE,f,3955226,0,New,Simple,NA,109
L02-1,MA08,0,FALSE,r,584149,0,New,Simple,NA,NA
L02-1,MA08,0,FALSE,f,584136,0,New,Simple,NA,NA
L02-1,MA08,1,FALSE,r,1232047,15,New,Complex,NA,NA
L02-1,MA08,1,FALSE,f,1232459,28,New,Complex,NA,NA
L02-1,MA08,2,FALSE,r,1272612,5,Preexisting,Complex,223,1125
L02-1,MA08,2,FALSE,f,1275700,11,Preexisting,Complex,224,1126
L02-1,MA08,3,FALSE,r,1515877,17,New,Simple,225,1127
L02-1,MA08,3,FALSE,f,1515864,17,New,Simple,225,1127
L02-1,MA08,4,FALSE,r,1661301,16,New,Simple,227,1129
L02-1,MA08,4,FALSE,f,1661289,16,New,Simple,227,1129
L02-1,MA08,5,TRUE,f,1744926,8,New,Simple,NA,NA
L02-1,MA08,5,TRUE,r,1744913,8,New,Simple,NA,NA
L02-1,MA08,6,FALSE,r,1813227,20,New,Complex,NA,NA
L02-1,MA08,6,FALSE,f,1848010,19,New,Complex,NA,NA
L02-1,MA08,7,FALSE,r,2133345,7,New,Simple,NA,NA
L02-1,MA08,7,FALSE,f,2133332,7,New,Simple,NA,NA
L02-1,MA08,8,FALSE,r,2297828,3,New,Simple,229,1131
L02-1,MA08,8,FALSE,f,2297815,3,New,Simple,229,1131
L02-1,MA08,9,FALSE,r,2390414,9,New,Simple,231,1133
L02-1,MA08,9,FALSE,f,2390402,9,New,Simple,231,1133
L02-1,MA08,10,TRUE,f,2666984,13,New,Simple,233,1135
L02-1,MA08,10,TRUE,r,2666971,13,New,Simple,233,1135
L02-1,MA08,11,TRUE,f,2903858,10,New,Simple,235,1137
L02-1,MA08,11,TRUE,r,2903845,10,New,Simple,235,1137
L02-1,MA08,12,FALSE,r,3041482,27,New,Complex,NA,NA
L02-1,MA08,12,FALSE,f,3042411,24,New,Complex,237,1139
L02-1,MA08,13,TRUE,f,3351600,23,New,Complex,239,1141
L02-1,MA08,13,TRUE,r,3361630,18,New,Complex,NA,NA
L02-1,MA08,14,TRUE,f,3472976,6,New,Simple,241,1143
L02-1,MA08,14,TRUE,r,3472963,6,New,Simple,241,1143
L02-1,MA08,15,FALSE,r,3565749,22,New,Simple,NA,NA
L02-1,MA08,15,FALSE,f,3565737,22,New,Simple,NA,NA
L02-1,MA08,16,FALSE,r,3670035,2,New,Simple,243,1145
L02-1,MA08,16,FALSE,f,3670022,2,New,Simple,243,1145
L02-1,MA08,17,FALSE,r,3779339,4,New,Simple,245,1147
L02-1,MA08,17,FALSE,f,3779326,4,New,Simple,245,1147
L02-1,MA08,18,FALSE,r,3795832,1,New,Simple,247,1149
L02-1,MA08,18,FALSE,f,3795819,1,New,Simple,247,1149
L02-1,MA08,19,FALSE,r,3814980,21,New,Complex,NA,NA
L02-1,MA08,19,FALSE,f,3795819,1,New,Simple,247,1149
L02-1,MA08,20,FALSE,r,3814980,21,New,Complex,NA,NA
L02-1,MA08,20,FALSE,f,3795819,1,New,Simple,247,1149
L02-1,MA08,21,FALSE,r,3814980,21,New,Complex,NA,NA
L02-1,MA08,21,FALSE,f,3795819,1,New,Simple,247,1149
L02-1,MA08,22,TRUE,f,3854240,25,New,Complex,NA,NA
L02-1,MA08,22,TRUE,r,3856625,26,New,Complex,249,1151
L02-1,MA08,23,FALSE,r,3954087,12,New,Complex,NA,NA
L02-1,MA08,23,FALSE,f,3955226,14,New,Complex,251,1153
L02-1,MA20,0,FALSE,r,80929,11,New,Simple,NA,NA
L02-1,MA20,0,FALSE,f,80917,11,New,Simple,NA,NA
L02-1,MA20,1,FALSE,r,442822,13,New,Simple,NA,NA
L02-1,MA20,1,FALSE,f,442809,13,New,Simple,NA,NA
L02-1,MA20,2,FALSE,r,584149,10,New,Simple,253,NA
L02-1,MA20,2,FALSE,f,584136,10,New,Simple,253,NA
L02-1,MA20,3,FALSE,r,930057,19,New,Simple,NA,NA
L02-1,MA20,3,FALSE,f,930044,19,New,Simple,NA,NA
L02-1,MA20,4,TRUE,f,1223013,0,New,Simple,NA,NA
L02-1,MA20,4,TRUE,r,1222999,0,New,Simple,NA,NA
L02-1,MA20,5,FALSE,r,1232047,22,New,Complex,255,NA
L02-1,MA20,5,FALSE,f,1275700,12,Preexisting,Complex,258,2170
L02-1,MA20,6,TRUE,f,1474074,23,New,Simple,NA,NA
L02-1,MA20,6,TRUE,r,1474062,23,New,Simple,NA,NA
L02-1,MA20,7,FALSE,r,1515877,16,New,Simple,259,2171
L02-1,MA20,7,FALSE,f,1515864,16,New,Simple,259,2171
L02-1,MA20,8,FALSE,r,1659919,36,New,Complex,NA,NA
L02-1,MA20,8,FALSE,f,1661289,26,New,Complex,261,2173
L02-1,MA20,9,TRUE,f,1744926,20,New,Simple,263,NA
L02-1,MA20,9,TRUE,r,1744913,20,New,Simple,263,NA
L02-1,MA20,10,FALSE,r,1813227,25,New,Complex,265,NA
L02-1,MA20,10,FALSE,f,1848010,29,New,Complex,266,NA
L02-1,MA20,11,TRUE,f,1859308,14,New,Simple,NA,NA
L02-1,MA20,11,TRUE,r,1859295,14,New,Simple,NA,NA
L02-1,MA20,12,FALSE,r,2286248,28,New,Complex,NA,NA
L02-1,MA20,12,FALSE,f,2297815,37,New,Complex,269,2175
L02-1,MA20,13,FALSE,r,2390414,21,New,Simple,271,2177
L02-1,MA20,13,FALSE,f,2390402,21,New,Simple,271,2177
L02-1,MA20,14,TRUE,f,2455716,9,New,Simple,NA,NA
L02-1,MA20,14,TRUE,r,2455703,9,New,Simple,NA,NA
L02-1,MA20,15,TRUE,f,2659992,7,New,Simple,NA,NA
L02-1,MA20,15,TRUE,r,2659980,7,New,Simple,NA,NA
L02-1,MA20,16,TRUE,f,2666984,6,New,Simple,273,2179
L02-1,MA20,16,TRUE,r,2666971,6,New,Simple,273,2179
L02-1,MA20,17,TRUE,f,2903858,5,New,Simple,275,2181
L02-1,MA20,17,TRUE,r,2903845,5,New,Simple,275,2181
L02-1,MA20,18,FALSE,r,3041482,38,New,Complex,277,NA
L02-1,MA20,18,FALSE,f,3042411,32,New,Complex,278,2183
L02-1,MA20,19,TRUE,f,3278093,4,New,Simple,NA,NA
L02-1,MA20,19,TRUE,r,3278080,4,New,Simple,NA,NA
L02-1,MA20,20,TRUE,f,3351600,30,New,Complex,279,2185
L02-1,MA20,20,TRUE,r,3361630,24,New,Complex,280,NA
L02-1,MA20,21,TRUE,f,3472976,3,New,Complex,281,2187
L02-1,MA20,21,FALSE,r,1515876,16,New,Simple,259,2171
L02-1,MA20,22,TRUE,r,1474061,23,New,Simple,NA,NA
L02-1,MA20,22,TRUE,f,1474073,23,New,Simple,NA,NA
L02-1,MA20,23,FALSE,f,1275699,12,Preexisting,Complex,258,2170
L02-1,MA20,23,FALSE,r,1272611,33,Preexisting,Complex,257,2169
L02-1,MA20,24,FALSE,f,1232458,18,New,Complex,256,NA
L02-1,MA20,24,TRUE,r,3472963,3,New,Complex,281,2187
L02-1,MA20,25,FALSE,r,3565749,8,New,Simple,283,NA
L02-1,MA20,25,FALSE,f,3565737,8,New,Simple,283,NA
L02-1,MA20,26,FALSE,r,3670035,2,New,Simple,285,2189
L02-1,MA20,26,FALSE,f,3670022,2,New,Simple,285,2189
L02-1,MA20,27,FALSE,r,3695183,31,New,Complex,NA,NA
L02-1,MA20,27,FALSE,f,3779326,27,New,Complex,287,2191
L02-1,MA20,28,FALSE,r,3795832,1,New,Simple,289,2193
L02-1,MA20,28,FALSE,f,3795819,1,New,Simple,289,2193
L02-1,MA20,29,TRUE,f,3854240,35,New,Complex,297,NA
L02-1,MA20,29,TRUE,r,3856625,17,New,Complex,298,2195
L02-1,MA20,30,FALSE,r,3954087,34,New,Complex,299,NA
L02-1,MA20,30,FALSE,f,3956736,15,New,Complex,NA,NA
L02-2,FACS,0,FALSE,r,1272612,15,Preexisting,Complex,NA,111
L02-2,FACS,0,FALSE,f,1275700,10,Preexisting,Complex,NA,112
L02-2,FACS,1,FALSE,r,1515877,7,New,Simple,NA,113
L02-2,FACS,1,FALSE,f,1515864,7,New,Simple,NA,113
L02-2,FACS,2,FALSE,r,1661301,13,New,Simple,NA,115
L02-2,FACS,2,FALSE,f,1661289,13,New,Simple,NA,115
L02-2,FACS,3,FALSE,r,2297828,12,New,Simple,NA,117
L02-2,FACS,3,FALSE,f,2297815,12,New,Simple,NA,117
L02-2,FACS,4,FALSE,r,2390414,11,New,Simple,NA,119
L02-2,FACS,4,FALSE,f,2390402,11,New,Simple,NA,119
L02-2,FACS,5,TRUE,f,2666984,5,New,Simple,NA,121
L02-2,FACS,5,TRUE,r,2666971,5,New,Simple,NA,121
L02-2,FACS,6,TRUE,f,2903858,8,New,Simple,NA,123
L02-2,FACS,6,TRUE,r,2903845,8,New,Simple,NA,123
L02-2,FACS,7,FALSE,r,3042424,6,New,Simple,NA,125
L02-2,FACS,7,FALSE,f,3042411,6,New,Simple,NA,125
L02-2,FACS,8,TRUE,f,3351600,9,New,Simple,NA,127
L02-2,FACS,8,TRUE,r,3351587,9,New,Simple,NA,127
L02-2,FACS,9,TRUE,f,3472976,3,New,Simple,NA,129
L02-2,FACS,9,TRUE,r,3472963,3,New,Simple,NA,129
L02-2,FACS,10,FALSE,r,3670035,4,New,Simple,NA,131
L02-2,FACS,10,FALSE,f,3670022,4,New,Simple,NA,131
L02-2,FACS,11,FALSE,r,3779339,2,New,Simple,NA,133
L02-2,FACS,11,FALSE,f,3779326,2,New,Simple,NA,133
L02-2,FACS,12,FALSE,r,3795832,1,New,Simple,NA,135
L02-2,FACS,12,FALSE,f,3795819,1,New,Simple,NA,135
L02-2,FACS,13,TRUE,f,3856639,14,New,Simple,NA,137
L02-2,FACS,13,TRUE,r,3856627,14,New,Simple,NA,137
L02-2,FACS,14,FALSE,r,3955239,0,New,Simple,NA,139
L02-2,FACS,14,FALSE,f,3955226,0,New,Simple,NA,139
L02-2,MA08,0,FALSE,r,554076,19,New,Complex,NA,NA
L02-2,MA08,0,FALSE,f,554754,29,New,Complex,NA,NA
L02-2,MA08,1,TRUE,f,766952,11,New,Simple,NA,NA
L02-2,MA08,1,TRUE,r,766939,11,New,Simple,NA,NA
L02-2,MA08,2,FALSE,r,1009662,4,New,Simple,NA,NA
L02-2,MA08,2,FALSE,f,1009649,4,New,Simple,NA,NA
L02-2,MA08,3,FALSE,r,1272612,13,Preexisting,Complex,301,1155
L02-2,MA08,3,FALSE,f,1275700,27,Preexisting,Complex,302,1156
L02-2,MA08,4,FALSE,r,1331981,18,New,Simple,NA,NA
L02-2,MA08,4,FALSE,f,1331968,18,New,Simple,NA,NA
L02-2,MA08,5,FALSE,r,1515877,9,New,Simple,303,1157
L02-2,MA08,5,FALSE,f,1515864,9,New,Simple,303,1157
L02-2,MA08,6,FALSE,r,1661301,10,New,Simple,305,1159
L02-2,MA08,6,FALSE,f,1661289,10,New,Simple,305,1159
L02-2,MA08,7,FALSE,r,1805419,15,New,Simple,NA,NA
L02-2,MA08,7,FALSE,f,1805406,15,New,Simple,NA,NA
L02-2,MA08,8,FALSE,r,2297828,7,New,Simple,307,1161
L02-2,MA08,8,FALSE,f,2297815,7,New,Simple,307,1161
L02-2,MA08,9,FALSE,r,2386320,26,New,Complex,NA,NA
L02-2,MA08,9,FALSE,f,2390402,21,New,Complex,309,1163
L02-2,MA08,10,FALSE,r,2455699,17,New,Simple,NA,NA
L02-2,MA08,10,FALSE,f,2455686,17,New,Simple,NA,NA
L02-2,MA08,11,TRUE,f,2666984,12,New,Simple,311,1165
L02-2,MA08,11,TRUE,r,2666971,12,New,Simple,311,1165
L02-2,MA08,12,TRUE,f,2800758,6,New,Simple,NA,NA
L02-2,MA08,12,TRUE,r,2800745,6,New,Simple,NA,NA
L02-2,MA08,13,TRUE,f,2903858,8,New,Simple,313,1167
L02-2,MA08,13,TRUE,r,2903845,8,New,Simple,313,1167
L02-2,MA08,14,FALSE,r,3022883,22,New,Complex,NA,NA
L02-2,MA08,14,FALSE,f,3042411,20,New,Complex,315,1169
L02-2,MA08,15,TRUE,f,3351600,5,New,Simple,317,1171
L02-2,MA08,15,TRUE,r,3351587,5,New,Simple,317,1171
L02-2,MA08,16,TRUE,f,3472976,3,New,Simple,319,1173
L02-2,MA08,16,TRUE,r,3472963,3,New,Simple,319,1173
L02-2,MA08,17,FALSE,r,3670035,1,New,Complex,321,1175
L02-2,MA08,17,TRUE,f,3702659,24,New,Complex,NA,NA
L02-2,MA08,18,FALSE,f,3670021,1,New,Complex,321,1175
L02-2,MA08,18,TRUE,r,3717637,16,New,Complex,NA,NA
L02-2,MA08,19,FALSE,r,3779339,2,New,Simple,323,1177
L02-2,MA08,19,FALSE,f,3779326,2,New,Simple,323,1177
L02-2,MA08,20,FALSE,r,3795832,0,New,Complex,325,1179
L02-2,MA08,20,FALSE,f,3779326,2,New,Simple,323,1177
L02-2,MA08,21,FALSE,r,3795832,0,New,Complex,325,1179
L02-2,MA08,21,TRUE,f,3845865,25,New,Complex,NA,NA
L02-2,MA08,22,FALSE,f,3795818,0,New,Complex,325,1179
L02-2,MA08,22,TRUE,r,3845853,25,New,Complex,NA,NA
L02-2,MA08,23,TRUE,f,3856639,30,New,Complex,327,1181
L02-2,MA08,23,TRUE,r,3857076,23,New,Complex,NA,NA
L02-2,MA08,24,FALSE,r,3955239,28,New,Complex,329,1183
L02-2,MA08,24,FALSE,f,3955972,14,New,Complex,NA,NA
L02-2,MA20,0,FALSE,r,554076,27,New,Complex,331,NA
L02-2,MA20,0,FALSE,f,554754,32,New,Complex,332,NA
L02-2,MA20,1,TRUE,f,766952,11,New,Simple,333,NA
L02-2,MA20,1,TRUE,r,766939,11,New,Simple,333,NA
L02-2,MA20,2,FALSE,r,1009662,9,New,Simple,335,NA
L02-2,MA20,2,FALSE,f,1009649,9,New,Simple,335,NA
L02-2,MA20,3,FALSE,r,1272612,29,Preexisting,Complex,337,2199
L02-2,MA20,3,FALSE,f,1275700,18,Preexisting,Complex,338,2200
L02-2,MA20,4,FALSE,r,1331981,8,New,Simple,339,NA
L02-2,MA20,4,FALSE,f,1331968,8,New,Simple,339,NA
L02-2,MA20,5,FALSE,r,1515877,19,New,Simple,341,2201
L02-2,MA20,5,FALSE,f,1515864,19,New,Simple,341,2201
L02-2,MA20,6,FALSE,r,1661301,21,New,Simple,343,2203
L02-2,MA20,6,FALSE,f,1661289,21,New,Simple,343,2203
L02-2,MA20,7,FALSE,r,1805419,7,New,Simple,345,NA
L02-2,MA20,7,FALSE,f,1805406,7,New,Simple,345,NA
L02-2,MA20,8,FALSE,r,2178604,0,New,Complex,NA,NA
L02-2,MA20,8,FALSE,f,2428409,23,New,Simple,NA,NA
L02-2,MA20,9,FALSE,r,2455699,14,New,Simple,351,NA
L02-2,MA20,9,FALSE,f,2455686,14,New,Simple,351,NA
L02-2,MA20,10,TRUE,f,2666984,5,New,Simple,353,2209
L02-2,MA20,10,TRUE,r,2666971,5,New,Simple,353,2209
L02-2,MA20,11,TRUE,f,2800758,3,New,Simple,355,NA
L02-2,MA20,11,TRUE,r,2178588,0,New,Complex,NA,NA
L02-2,MA20,12,FALSE,r,2297828,30,New,Complex,347,2205
L02-2,MA20,12,FALSE,f,2299466,20,New,Complex,NA,NA
L02-2,MA20,13,FALSE,r,2386321,28,New,Complex,349,NA
L02-2,MA20,13,FALSE,f,2390402,33,New,Complex,350,2207
L02-2,MA20,14,FALSE,r,2428421,23,New,Simple,NA,NA
L02-2,MA20,14,FALSE,f,2428409,23,New,Simple,NA,NA
L02-2,MA20,15,FALSE,r,2455699,14,New,Simple,351,NA
L02-2,MA20,15,FALSE,f,2455686,14,New,Simple,351,NA
L02-2,MA20,16,TRUE,f,2666984,5,New,Simple,353,2209
L02-2,MA20,16,TRUE,r,2666971,5,New,Simple,353,2209
L02-2,MA20,17,TRUE,f,2800758,3,New,Simple,355,NA
L02-2,MA20,17,TRUE,r,2800745,3,New,Simple,355,NA
L02-2,MA20,18,TRUE,f,2903858,1,New,Complex,357,2211
L02-2,MA20,18,FALSE,r,3795831,4,New,Complex,371,2223
L02-2,MA20,19,FALSE,f,3779325,2,New,Simple,369,2221
L02-2,MA20,19,FALSE,r,3779338,2,New,Simple,369,2221
L02-2,MA20,20,TRUE,r,3719796,17,New,Complex,NA,NA
L02-2,MA20,20,FALSE,f,3670022,10,New,Complex,365,2219
L02-2,MA20,21,TRUE,f,3702660,25,New,Complex,366,NA
L02-2,MA20,21,FALSE,r,3670034,10,New,Complex,365,2219
L02-2,MA20,22,TRUE,r,3472962,6,New,Simple,363,2217
L02-2,MA20,22,TRUE,f,3472975,6,New,Simple,363,2217
L02-2,MA20,23,TRUE,r,3352266,31,New,Complex,NA,NA
L02-2,MA20,23,TRUE,f,3351599,34,New,Complex,361,2215
L02-2,MA20,24,FALSE,f,3042410,22,New,Complex,360,2213
L02-2,MA20,24,FALSE,r,3022882,24,New,Complex,359,NA
L02-2,MA20,25,TRUE,r,2903844,1,New,Complex,357,2211
L02-2,MA20,25,TRUE,f,3845865,13,New,Complex,374,NA
L02-2,MA20,26,FALSE,f,3795818,4,New,Complex,371,2223
L02-2,MA20,26,TRUE,r,3845853,13,New,Complex,374,NA
L02-2,MA20,27,TRUE,f,3856639,16,New,Complex,377,2225
L02-2,MA20,27,TRUE,r,3857076,26,New,Complex,378,NA
L02-2,MA20,28,FALSE,r,3955239,15,New,Complex,379,2227
L02-2,MA20,28,FALSE,f,3955972,12,New,Complex,380,NA
L02-3,FACS,0,FALSE,r,1272612,15,Preexisting,Complex,NA,141
L02-3,FACS,0,FALSE,f,1275700,10,Preexisting,Complex,NA,142
L02-3,FACS,1,FALSE,r,1515877,7,New,Simple,NA,143
L02-3,FACS,1,FALSE,f,1515864,7,New,Simple,NA,143
L02-3,FACS,2,FALSE,r,1661301,13,New,Simple,NA,145
L02-3,FACS,2,FALSE,f,1661289,13,New,Simple,NA,145
L02-3,FACS,3,FALSE,r,2297828,12,New,Simple,NA,147
L02-3,FACS,3,FALSE,f,2297815,12,New,Simple,NA,147
L02-3,FACS,4,FALSE,r,2390414,11,New,Simple,NA,149
L02-3,FACS,4,FALSE,f,2390402,11,New,Simple,NA,149
L02-3,FACS,5,TRUE,f,2666984,5,New,Simple,NA,151
L02-3,FACS,5,TRUE,r,2666971,5,New,Simple,NA,151
L02-3,FACS,6,TRUE,f,2903858,8,New,Simple,NA,153
L02-3,FACS,6,TRUE,r,2903845,8,New,Simple,NA,153
L02-3,FACS,7,FALSE,r,3042424,6,New,Simple,NA,155
L02-3,FACS,7,FALSE,f,3042411,6,New,Simple,NA,155
L02-3,FACS,8,TRUE,f,3351600,9,New,Simple,NA,157
L02-3,FACS,8,TRUE,r,3351587,9,New,Simple,NA,157
L02-3,FACS,9,TRUE,f,3472976,3,New,Simple,NA,159
L02-3,FACS,9,TRUE,r,3472963,3,New,Simple,NA,159
L02-3,FACS,10,FALSE,r,3670035,4,New,Simple,NA,161
L02-3,FACS,10,FALSE,f,3670022,4,New,Simple,NA,161
L02-3,FACS,11,FALSE,r,3779339,2,New,Simple,NA,163
L02-3,FACS,11,FALSE,f,3779326,2,New,Simple,NA,163
L02-3,FACS,12,FALSE,r,3795832,1,New,Simple,NA,165
L02-3,FACS,12,FALSE,f,3795819,1,New,Simple,NA,165
L02-3,FACS,13,TRUE,f,3856639,14,New,Simple,NA,167
L02-3,FACS,13,TRUE,r,3856627,14,New,Simple,NA,167
L02-3,FACS,14,FALSE,r,3955239,0,New,Simple,NA,169
L02-3,FACS,14,FALSE,f,3955226,0,New,Simple,NA,169
L02-3,MA08,0,TRUE,f,1045278,12,New,Simple,NA,NA
L02-3,MA08,0,TRUE,r,1045265,12,New,Simple,NA,NA
L02-3,MA08,1,TRUE,f,1113768,14,New,Simple,NA,NA
L02-3,MA08,1,TRUE,r,1113755,14,New,Simple,NA,NA
L02-3,MA08,2,FALSE,r,1214038,24,New,Complex,NA,NA
L02-3,MA08,2,FALSE,f,1232065,25,New,Complex,NA,NA
L02-3,MA08,3,FALSE,r,1272612,13,Preexisting,Complex,381,1185
L02-3,MA08,3,FALSE,f,1275700,19,Preexisting,Complex,382,1186
L02-3,MA08,4,FALSE,r,1326178,17,New,Simple,NA,NA
L02-3,MA08,4,FALSE,f,1326165,17,New,Simple,NA,NA
L02-3,MA08,5,FALSE,r,1515877,6,New,Simple,383,1187
L02-3,MA08,5,FALSE,f,1515864,6,New,Simple,383,1187
L02-3,MA08,6,FALSE,r,1661301,30,New,Complex,385,1189
L02-3,MA08,6,FALSE,f,1661851,22,New,Complex,NA,NA
L02-3,MA08,7,FALSE,r,2269711,10,New,Simple,NA,NA
L02-3,MA08,7,FALSE,f,2269699,10,New,Simple,NA,NA
L02-3,MA08,8,FALSE,r,2297828,18,New,Simple,387,1191
L02-3,MA08,8,FALSE,f,2297815,18,New,Simple,387,1191
L02-3,MA08,9,FALSE,r,2349354,9,New,Simple,NA,NA
L02-3,MA08,9,FALSE,f,2349341,9,New,Simple,NA,NA
L02-3,MA08,10,FALSE,r,2390414,29,New,Complex,389,1193
L02-3,MA08,10,FALSE,f,2392203,21,New,Complex,NA,NA
L02-3,MA08,11,TRUE,f,2560236,26,New,Complex,NA,NA
L02-3,MA08,11,TRUE,r,2577880,23,New,Complex,NA,NA
L02-3,MA08,12,TRUE,f,2666984,4,New,Simple,391,1195
L02-3,MA08,12,TRUE,r,2666971,4,New,Simple,391,1195
L02-3,MA08,13,TRUE,f,2702966,8,New,Simple,NA,NA
L02-3,MA08,13,TRUE,r,2702953,8,New,Simple,NA,NA
L02-3,MA08,14,TRUE,f,2903858,7,New,Simple,393,1197
L02-3,MA08,14,TRUE,r,2903845,7,New,Simple,393,1197
L02-3,MA08,15,FALSE,r,3042424,5,New,Simple,395,1199
L02-3,MA08,15,FALSE,f,3042411,5,New,Simple,395,1199
L02-3,MA08,16,TRUE,f,3351600,31,New,Complex,397,1201
L02-3,MA08,16,TRUE,r,3352094,28,New,Complex,NA,NA
L02-3,MA08,17,TRUE,f,3472976,3,New,Simple,399,1203
L02-3,MA08,17,TRUE,r,3472963,3,New,Simple,399,1203
L02-3,MA08,18,TRUE,f,3610218,15,New,Simple,NA,NA
L02-3,MA08,18,TRUE,r,3610206,15,New,Simple,NA,NA
L02-3,MA08,19,FALSE,r,3670035,2,New,Simple,401,1205
L02-3,MA08,19,FALSE,f,3670022,2,New,Simple,401,1205
L02-3,MA08,20,FALSE,r,3759980,11,New,Complex,NA,NA
L02-3,MA08,20,FALSE,f,3779326,27,New,Complex,403,1207
L02-3,MA08,21,FALSE,r,3795832,1,New,Simple,405,1209
L02-3,MA08,21,FALSE,f,3795819,1,New,Simple,405,1209
L02-3,MA08,22,FALSE,r,3814980,20,New,Complex,NA,NA
L02-3,MA08,22,FALSE,f,3795819,1,New,Simple,405,1209
L02-3,MA08,23,TRUE,f,3856639,16,New,Simple,407,1211
L02-3,MA08,23,TRUE,r,3856627,16,New,Simple,407,1211
L02-3,MA08,24,FALSE,r,3955239,0,New,Simple,409,1213
L02-3,MA08,24,FALSE,f,3955226,0,New,Simple,409,1213
L02-3,MA20,0,TRUE,f,1045278,0,New,Complex,411,NA
L02-3,MA20,0,FALSE,r,1214037,24,New,Complex,415,NA
L02-3,MA20,1,TRUE,r,1155857,9,New,Simple,NA,NA
L02-3,MA20,1,TRUE,f,1155869,9,New,Simple,NA,NA
L02-3,MA20,2,TRUE,r,1113754,30,New,Complex,413,NA
L02-3,MA20,2,TRUE,f,1098834,33,New,Complex,NA,NA
L02-3,MA20,3,TRUE,r,1045264,0,New,Complex,411,NA
L02-3,MA20,3,FALSE,f,1232065,26,New,Complex,416,NA
L02-3,MA20,4,FALSE,r,1272612,31,Preexisting,Complex,417,2229
L02-3,MA20,4,FALSE,f,1275700,19,Preexisting,Complex,418,2230
L02-3,MA20,5,FALSE,r,1485799,4,New,Complex,NA,NA
L02-3,MA20,5,TRUE,f,2666983,10,New,Simple,435,2239
L02-3,MA20,6,TRUE,r,2577879,12,New,Complex,434,NA
L02-3,MA20,6,TRUE,f,2560235,27,New,Complex,433,NA
L02-3,MA20,7,FALSE,f,2392202,29,New,Complex,432,NA
L02-3,MA20,7,TRUE,r,1485786,4,New,Complex,NA,NA
L02-3,MA20,8,FALSE,r,1515877,18,New,Simple,421,2231
L02-3,MA20,8,FALSE,f,1515864,18,New,Simple,421,2231
L02-3,MA20,9,FALSE,r,1661301,34,New,Complex,423,2233
L02-3,MA20,9,FALSE,f,1661851,21,New,Complex,424,NA
L02-3,MA20,10,FALSE,r,2196972,13,New,Simple,NA,NA
L02-3,MA20,10,FALSE,f,2196960,13,New,Simple,NA,NA
L02-3,MA20,11,FALSE,r,2269711,11,New,Simple,425,NA
L02-3,MA20,11,FALSE,f,2269699,11,New,Simple,425,NA
L02-3,MA20,12,FALSE,r,2297828,17,New,Simple,427,2235
L02-3,MA20,12,FALSE,f,2297815,17,New,Simple,427,2235
L02-3,MA20,13,FALSE,r,2349354,14,New,Simple,429,NA
L02-3,MA20,13,FALSE,f,2349341,14,New,Simple,429,NA
L02-3,MA20,14,FALSE,r,2365487,20,New,Complex,NA,NA
L02-3,MA20,14,FALSE,f,2392203,29,New,Complex,432,NA
L02-3,MA20,15,TRUE,f,2560236,27,New,Complex,433,NA
L02-3,MA20,15,TRUE,r,2577880,12,New,Complex,434,NA
L02-3,MA20,16,TRUE,f,2666984,10,New,Simple,435,2239
L02-3,MA20,16,TRUE,r,2666971,10,New,Simple,435,2239
L02-3,MA20,17,TRUE,f,2702966,6,New,Simple,437,NA
L02-3,MA20,17,TRUE,r,2702953,6,New,Simple,437,NA
L02-3,MA20,18,TRUE,f,2903858,7,New,Simple,439,2241
L02-3,MA20,18,TRUE,r,2903845,7,New,Simple,439,2241
L02-3,MA20,19,FALSE,r,3042424,8,New,Simple,441,2243
L02-3,MA20,19,FALSE,f,3042411,8,New,Simple,441,2243
L02-3,MA20,20,TRUE,f,3351600,16,New,Complex,443,2245
L02-3,MA20,20,TRUE,r,3352094,23,New,Complex,444,NA
L02-3,MA20,21,TRUE,f,3472976,3,New,Simple,445,2247
L02-3,MA20,21,TRUE,r,3472963,3,New,Simple,445,2247
L02-3,MA20,22,TRUE,f,3610218,15,New,Simple,447,NA
L02-3,MA20,22,TRUE,r,3610206,15,New,Simple,447,NA
L02-3,MA20,23,FALSE,r,3670035,1,New,Simple,449,2249
L02-3,MA20,23,FALSE,f,3670022,1,New,Simple,449,2249
L02-3,MA20,24,FALSE,r,3759980,25,New,Complex,451,NA
L02-3,MA20,24,FALSE,f,3779326,28,New,Complex,452,2251
L02-3,MA20,25,FALSE,r,3795832,2,New,Simple,453,2253
L02-3,MA20,25,FALSE,f,3795819,2,New,Simple,453,2253
L02-3,MA20,26,TRUE,f,3856639,5,New,Simple,457,2255
L02-3,MA20,26,TRUE,r,3856627,5,New,Simple,457,2255
L02-3,MA20,27,FALSE,r,3955239,32,New,Complex,459,2257
L02-3,MA20,27,FALSE,f,3957233,22,New,Complex,NA,NA
L02-4,FACS,0,FALSE,r,1272612,15,Preexisting,Complex,NA,171
L02-4,FACS,0,FALSE,f,1275700,10,Preexisting,Complex,NA,172
L02-4,FACS,1,FALSE,r,1515877,7,New,Simple,NA,173
L02-4,FACS,1,FALSE,f,1515864,7,New,Simple,NA,173
L02-4,FACS,2,FALSE,r,1661301,13,New,Simple,NA,175
L02-4,FACS,2,FALSE,f,1661289,13,New,Simple,NA,175
L02-4,FACS,3,FALSE,r,2297828,12,New,Simple,NA,177
L02-4,FACS,3,FALSE,f,2297815,12,New,Simple,NA,177
L02-4,FACS,4,FALSE,r,2390414,11,New,Simple,NA,179
L02-4,FACS,4,FALSE,f,2390402,11,New,Simple,NA,179
L02-4,FACS,5,TRUE,f,2666984,5,New,Simple,NA,181
L02-4,FACS,5,TRUE,r,2666971,5,New,Simple,NA,181
L02-4,FACS,6,TRUE,f,2903858,8,New,Simple,NA,183
L02-4,FACS,6,TRUE,r,2903845,8,New,Simple,NA,183
L02-4,FACS,7,FALSE,r,3042424,6,New,Simple,NA,185
L02-4,FACS,7,FALSE,f,3042411,6,New,Simple,NA,185
L02-4,FACS,8,TRUE,f,3351600,9,New,Simple,NA,187
L02-4,FACS,8,TRUE,r,3351587,9,New,Simple,NA,187
L02-4,FACS,9,TRUE,f,3472976,3,New,Simple,NA,189
L02-4,FACS,9,TRUE,r,3472963,3,New,Simple,NA,189
L02-4,FACS,10,FALSE,r,3670035,4,New,Simple,NA,191
L02-4,FACS,10,FALSE,f,3670022,4,New,Simple,NA,191
L02-4,FACS,11,FALSE,r,3779339,2,New,Simple,NA,193
L02-4,FACS,11,FALSE,f,3779326,2,New,Simple,NA,193
L02-4,FACS,12,FALSE,r,3795832,1,New,Simple,NA,195
L02-4,FACS,12,FALSE,f,3795819,1,New,Simple,NA,195
L02-4,FACS,13,TRUE,f,3856639,14,New,Simple,NA,197
L02-4,FACS,13,TRUE,r,3856627,14,New,Simple,NA,197
L02-4,FACS,14,FALSE,r,3955239,0,New,Simple,NA,199
L02-4,FACS,14,FALSE,f,3955226,0,New,Simple,NA,199
L02-4,MA08,0,TRUE,f,137386,0,New,Simple,NA,NA
L02-4,MA08,0,TRUE,r,137373,0,New,Simple,NA,NA
L02-4,MA08,1,TRUE,f,144235,2,New,Simple,NA,NA
L02-4,MA08,1,TRUE,r,144222,2,New,Simple,NA,NA
L02-4,MA08,2,FALSE,r,1272612,30,Preexisting,Complex,461,1215
L02-4,MA08,2,FALSE,f,1275700,22,Preexisting,Complex,462,1216
L02-4,MA08,3,FALSE,r,1515877,26,New,Simple,463,1217
L02-4,MA08,3,FALSE,f,1515864,26,New,Simple,463,1217
L02-4,MA08,4,FALSE,r,1544566,8,New,Simple,NA,NA
L02-4,MA08,4,FALSE,f,1544554,8,New,Simple,NA,NA
L02-4,MA08,5,FALSE,r,1661301,15,New,Simple,465,1219
L02-4,MA08,5,FALSE,f,1661289,15,New,Simple,465,1219
L02-4,MA08,6,TRUE,f,1730216,29,New,Simple,NA,NA
L02-4,MA08,6,TRUE,r,1730203,29,New,Simple,NA,NA
L02-4,MA08,7,FALSE,r,2151050,20,New,Simple,NA,NA
L02-4,MA08,7,FALSE,f,2151038,20,New,Simple,NA,NA
L02-4,MA08,8,FALSE,r,2191307,9,New,Simple,NA,NA
L02-4,MA08,8,FALSE,f,2191295,9,New,Simple,NA,NA
L02-4,MA08,9,FALSE,r,2297828,4,New,Simple,467,1221
L02-4,MA08,9,FALSE,f,2297815,4,New,Simple,467,1221
L02-4,MA08,10,FALSE,r,2332120,19,New,Complex,NA,NA
L02-4,MA08,10,TRUE,f,2472731,25,New,Complex,NA,NA
L02-4,MA08,11,FALSE,f,2390401,23,New,Complex,469,1223
L02-4,MA08,11,TRUE,r,2472720,25,New,Complex,NA,NA
L02-4,MA08,12,FALSE,r,2602711,7,New,Simple,NA,NA
L02-4,MA08,12,FALSE,f,2602698,7,New,Simple,NA,NA
L02-4,MA08,13,TRUE,f,2666984,28,New,Simple,471,1225
L02-4,MA08,13,TRUE,r,2666971,28,New,Simple,471,1225
L02-4,MA08,14,TRUE,f,2903858,3,New,Simple,473,1227
L02-4,MA08,14,TRUE,r,2903845,3,New,Simple,473,1227
L02-4,MA08,15,FALSE,r,3042424,13,New,Simple,475,1229
L02-4,MA08,15,FALSE,f,3042411,13,New,Simple,475,1229
L02-4,MA08,16,TRUE,f,3138427,27,New,Complex,NA,NA
L02-4,MA08,16,TRUE,r,3147905,17,New,Complex,NA,NA
L02-4,MA08,17,TRUE,f,3333814,24,New,Complex,NA,NA
L02-4,MA08,17,FALSE,r,3792860,31,New,Complex,NA,NA
L02-4,MA08,18,FALSE,f,3779325,5,New,Simple,483,1237
L02-4,MA08,18,FALSE,r,3779338,5,New,Simple,483,1237
L02-4,MA08,19,FALSE,f,3670021,1,New,Simple,481,1235
L02-4,MA08,19,FALSE,r,3670034,1,New,Simple,481,1235
L02-4,MA08,20,FALSE,f,3506994,11,New,Simple,NA,NA
L02-4,MA08,20,FALSE,r,3507006,11,New,Simple,NA,NA
L02-4,MA08,21,TRUE,r,3472962,12,New,Simple,479,1233
L02-4,MA08,21,TRUE,f,3472975,12,New,Simple,479,1233
L02-4,MA08,22,TRUE,r,3365234,18,New,Complex,NA,NA
L02-4,MA08,22,FALSE,f,3795819,16,New,Complex,485,1239
L02-4,MA08,23,TRUE,f,3856639,10,New,Simple,487,1241
L02-4,MA08,23,TRUE,r,3856627,10,New,Simple,487,1241
L02-4,MA08,24,FALSE,r,3892623,14,New,Simple,NA,NA
L02-4,MA08,24,FALSE,f,3892610,14,New,Simple,NA,NA
L02-4,MA08,25,FALSE,r,3897638,32,New,Complex,NA,NA
L02-4,MA08,25,FALSE,f,3898710,21,New,Complex,NA,NA
L02-4,MA08,26,FALSE,r,3955239,6,New,Simple,489,1243
L02-4,MA08,26,FALSE,f,3955226,6,New,Simple,489,1243
L02-4,MA20,0,TRUE,f,137386,29,New,Complex,491,NA
L02-4,MA20,0,TRUE,r,144383,36,New,Complex,NA,NA
L02-4,MA20,1,TRUE,f,187272,0,New,Simple,NA,NA
L02-4,MA20,1,TRUE,r,187259,0,New,Simple,NA,NA
L02-4,MA20,2,TRUE,f,600414,11,New,Simple,NA,NA
L02-4,MA20,2,TRUE,r,600402,11,New,Simple,NA,NA
L02-4,MA20,3,FALSE,r,1272612,20,Preexisting,Complex,495,2259
L02-4,MA20,3,FALSE,f,1275700,33,Preexisting,Complex,496,2260
L02-4,MA20,4,FALSE,r,1515877,13,New,Simple,497,2261
L02-4,MA20,4,FALSE,f,1515864,13,New,Simple,497,2261
L02-4,MA20,5,FALSE,r,1544566,15,New,Simple,499,NA
L02-4,MA20,5,FALSE,f,1544554,15,New,Simple,499,NA
L02-4,MA20,6,FALSE,r,1661301,19,New,Simple,501,2263
L02-4,MA20,6,FALSE,f,1661289,19,New,Simple,501,2263
L02-4,MA20,7,TRUE,f,1730216,16,New,Simple,503,NA
L02-4,MA20,7,TRUE,r,1730203,16,New,Simple,503,NA
L02-4,MA20,8,FALSE,r,1812395,5,New,Simple,NA,NA
L02-4,MA20,8,FALSE,f,1812382,5,New,Simple,NA,NA
L02-4,MA20,9,TRUE,f,1906616,14,New,Simple,NA,NA
L02-4,MA20,9,TRUE,r,1906603,14,New,Simple,NA,NA
L02-4,MA20,10,TRUE,f,2177346,35,New,Complex,NA,NA
L02-4,MA20,10,TRUE,r,2186455,40,New,Complex,NA,NA
L02-4,MA20,11,FALSE,r,2191307,10,New,Simple,507,NA
L02-4,MA20,11,FALSE,f,2191295,10,New,Simple,507,NA
L02-4,MA20,12,FALSE,r,2297828,37,New,Complex,509,2265
L02-4,MA20,12,FALSE,f,2304278,23,New,Complex,NA,NA
L02-4,MA20,13,FALSE,r,2332120,26,New,Complex,511,NA
L02-4,MA20,13,TRUE,f,2472731,27,New,Complex,512,NA
L02-4,MA20,14,FALSE,f,2390400,43,New,Complex,513,2267
L02-4,MA20,14,FALSE,r,3670036,8,New,Complex,529,2279
L02-4,MA20,15,FALSE,f,3577601,28,New,Complex,NA,NA
L02-4,MA20,15,TRUE,r,2472720,27,New,Complex,512,NA
L02-4,MA20,16,FALSE,r,2602711,4,New,Simple,515,NA
L02-4,MA20,16,FALSE,f,2602698,4,New,Simple,515,NA
L02-4,MA20,17,TRUE,f,2666984,18,New,Simple,517,2269
L02-4,MA20,17,TRUE,r,2666971,18,New,Simple,517,2269
L02-4,MA20,18,TRUE,f,2903858,7,New,Simple,519,2271
L02-4,MA20,18,TRUE,r,2903845,7,New,Simple,519,2271
L02-4,MA20,19,FALSE,r,3042424,3,New,Simple,521,2273
L02-4,MA20,19,FALSE,f,3042411,3,New,Simple,521,2273
L02-4,MA20,20,FALSE,r,3122205,41,New,Complex,NA,NA
L02-4,MA20,20,TRUE,f,2666983,18,New,Simple,517,2269
L02-4,MA20,21,FALSE,f,2602697,4,New,Simple,515,NA
L02-4,MA20,21,TRUE,r,3126969,45,New,Complex,NA,NA
L02-4,MA20,22,TRUE,f,3137240,30,New,Complex,NA,NA
L02-4,MA20,22,TRUE,r,3147905,32,New,Complex,524,NA
L02-4,MA20,23,TRUE,f,3333814,25,New,Complex,525,NA
L02-4,MA20,23,FALSE,r,3792860,44,New,Complex,526,NA
L02-4,MA20,24,FALSE,f,3779325,1,New,Simple,527,2281
L02-4,MA20,24,FALSE,r,3779338,1,New,Simple,527,2281
L02-4,MA20,25,FALSE,f,3670024,8,New,Complex,529,2279
L02-4,MA20,25,FALSE,r,3576696,21,New,Complex,NA,NA
L02-4,MA20,26,TRUE,r,3472962,6,New,Simple,533,2277
L02-4,MA20,26,TRUE,f,3472975,6,New,Simple,533,2277
L02-4,MA20,27,TRUE,r,3365234,24,New,Complex,535,NA
L02-4,MA20,27,FALSE,f,3795819,31,New,Complex,536,2283
L02-4,MA20,28,TRUE,f,3817018,2,New,Simple,NA,NA
L02-4,MA20,28,TRUE,r,3817005,2,New,Simple,NA,NA
L02-4,MA20,29,TRUE,f,3845806,46,New,Complex,NA,NA
L02-4,MA20,29,FALSE,r,3892622,38,New,Complex,539,NA
L02-4,MA20,30,TRUE,r,3856626,9,New,Simple,537,2285
L02-4,MA20,30,TRUE,f,3856638,9,New,Simple,537,2285
L02-4,MA20,31,TRUE,r,3845990,17,New,Complex,NA,NA
L02-4,MA20,31,FALSE,f,3898710,12,New,Complex,542,NA
L02-4,MA20,32,TRUE,f,3915223,22,New,Complex,NA,NA
L02-4,MA20,32,TRUE,r,3915874,42,New,Complex,NA,NA
L02-4,MA20,33,FALSE,r,3954980,39,New,Complex,NA,NA
L02-4,MA20,33,FALSE,f,3960786,34,New,Complex,NA,NA
L03-1,FACS,0,TRUE,f,207976,0,New,Simple,NA,201
L03-1,FACS,0,TRUE,r,207963,0,New,Simple,NA,201
L03-1,FACS,1,FALSE,r,1106913,2,New,Simple,NA,203
L03-1,FACS,1,FALSE,f,1106900,2,New,Simple,NA,203
L03-1,FACS,2,FALSE,r,1272612,4,Preexisting,Complex,NA,205
L03-1,FACS,2,FALSE,f,1275700,6,Preexisting,Complex,NA,206
L03-1,FACS,3,FALSE,r,1659926,11,New,Complex,NA,207
L03-1,FACS,3,FALSE,f,1661450,7,New,Complex,NA,208
L03-1,FACS,4,FALSE,r,1865180,9,New,Complex,NA,209
L03-1,FACS,4,FALSE,f,1922622,8,New,Complex,NA,210
L03-1,FACS,5,FALSE,r,2560918,13,New,Complex,NA,211
L03-1,FACS,5,FALSE,f,2561812,12,New,Complex,NA,212
L03-1,FACS,6,TRUE,f,2620907,14,New,Complex,NA,213
L03-1,FACS,6,TRUE,r,2621055,10,New,Complex,NA,214
L03-1,FACS,7,TRUE,f,3459894,5,New,Complex,NA,215
L03-1,FACS,7,FALSE,r,3921592,1,New,Complex,NA,216
L03-1,FACS,8,TRUE,r,3461121,3,New,Complex,NA,217
L03-1,FACS,8,FALSE,f,3921581,1,New,Complex,NA,216
L03-1,MA08,0,TRUE,f,207976,0,New,Simple,545,1245
L03-1,MA08,0,TRUE,r,207963,0,New,Simple,545,1245
L03-1,MA08,1,FALSE,r,1106913,5,New,Simple,547,1247
L03-1,MA08,1,FALSE,f,1106900,5,New,Simple,547,1247
L03-1,MA08,2,FALSE,r,1272612,15,Preexisting,Complex,549,1249
L03-1,MA08,2,FALSE,f,1275700,13,Preexisting,Complex,550,1250
L03-1,MA08,3,TRUE,f,1337453,4,New,Simple,NA,NA
L03-1,MA08,3,TRUE,r,1337440,4,New,Simple,NA,NA
L03-1,MA08,4,FALSE,r,1474704,6,New,Simple,NA,NA
L03-1,MA08,4,FALSE,f,1474691,6,New,Simple,NA,NA
L03-1,MA08,5,FALSE,r,1659926,16,New,Complex,551,1251
L03-1,MA08,5,FALSE,f,1661450,19,New,Complex,552,1252
L03-1,MA08,6,FALSE,r,1865180,14,New,Complex,553,1253
L03-1,MA08,6,FALSE,f,1922622,12,New,Complex,554,1254
L03-1,MA08,7,TRUE,f,2085647,3,New,Simple,NA,NA
L03-1,MA08,7,TRUE,r,2085635,3,New,Simple,NA,NA
L03-1,MA08,8,FALSE,r,2433831,2,New,Simple,NA,NA
L03-1,MA08,8,FALSE,f,2433818,2,New,Simple,NA,NA
L03-1,MA08,9,FALSE,r,2560918,18,New,Complex,555,1255
L03-1,MA08,9,FALSE,f,2561812,17,New,Complex,556,1256
L03-1,MA08,10,TRUE,f,2620907,9,New,Complex,557,1257
L03-1,MA08,10,TRUE,r,2621055,10,New,Complex,558,1258
L03-1,MA08,11,TRUE,f,3459894,8,New,Complex,559,1259
L03-1,MA08,11,FALSE,r,3921592,7,New,Complex,560,1260
L03-1,MA08,12,TRUE,r,3782556,1,New,Simple,NA,NA
L03-1,MA08,12,TRUE,f,3782569,1,New,Simple,NA,NA
L03-1,MA08,13,TRUE,r,3461115,11,New,Complex,561,1261
L03-1,MA08,13,FALSE,f,3921581,7,New,Complex,560,1260
L03-1,MA20,0,TRUE,f,207976,0,New,Simple,563,2289
L03-1,MA20,0,TRUE,r,207963,0,New,Simple,563,2289
L03-1,MA20,1,FALSE,r,452190,2,New,Simple,NA,NA
L03-1,MA20,1,FALSE,f,452177,2,New,Simple,NA,NA
L03-1,MA20,2,TRUE,f,1028852,16,New,Complex,NA,NA
L03-1,MA20,2,TRUE,r,1044862,20,New,Complex,NA,NA
L03-1,MA20,3,FALSE,r,1106913,6,New,Simple,565,2291
L03-1,MA20,3,FALSE,f,1106900,6,New,Simple,565,2291
L03-1,MA20,4,FALSE,r,1272612,11,Preexisting,Complex,567,2293
L03-1,MA20,4,FALSE,f,1275700,8,Preexisting,Complex,568,2294
L03-1,MA20,5,TRUE,f,1337067,21,New,Complex,NA,NA
L03-1,MA20,5,TRUE,r,1348502,25,New,Complex,NA,NA
L03-1,MA20,6,FALSE,r,1474704,1,New,Simple,571,NA
L03-1,MA20,6,FALSE,f,1474691,1,New,Simple,571,NA
L03-1,MA20,7,FALSE,r,1659926,24,New,Complex,573,2295
L03-1,MA20,7,FALSE,f,1661450,27,New,Complex,574,2296
L03-1,MA20,8,FALSE,r,1864820,17,New,Complex,NA,NA
L03-1,MA20,8,TRUE,f,1980311,4,New,Complex,NA,NA
L03-1,MA20,9,FALSE,f,1922621,18,New,Complex,576,2298
L03-1,MA20,9,TRUE,r,1980300,4,New,Complex,NA,NA
L03-1,MA20,10,TRUE,f,2085647,22,New,Complex,577,NA
L03-1,MA20,10,TRUE,r,2090564,15,New,Complex,NA,NA
L03-1,MA20,11,FALSE,r,2433605,28,New,Complex,NA,NA
L03-1,MA20,11,FALSE,f,2433818,14,New,Complex,579,NA
L03-1,MA20,12,FALSE,r,2560918,26,New,Complex,581,2299
L03-1,MA20,12,FALSE,f,2561812,10,New,Complex,582,2300
L03-1,MA20,13,TRUE,f,2620907,13,New,Complex,583,2301
L03-1,MA20,13,TRUE,r,2621055,7,New,Complex,584,2302
L03-1,MA20,14,TRUE,f,3017499,3,New,Simple,NA,NA
L03-1,MA20,14,TRUE,r,3017487,3,New,Simple,NA,NA
L03-1,MA20,15,TRUE,f,3459894,12,New,Complex,585,2303
L03-1,MA20,15,FALSE,r,3902231,19,New,Complex,NA,NA
L03-1,MA20,16,TRUE,r,3782556,5,New,Simple,587,NA
L03-1,MA20,16,TRUE,f,3782569,5,New,Simple,587,NA
L03-1,MA20,17,TRUE,r,3461115,9,New,Complex,589,2305
L03-1,MA20,17,FALSE,f,3921581,23,New,Complex,586,2304
L03-2,FACS,0,TRUE,f,207976,0,New,Simple,NA,219
L03-2,FACS,0,TRUE,r,207963,0,New,Simple,NA,219
L03-2,FACS,1,FALSE,r,1106913,2,New,Simple,NA,221
L03-2,FACS,1,FALSE,f,1106900,2,New,Simple,NA,221
L03-2,FACS,2,FALSE,r,1272612,4,Preexisting,Complex,NA,223
L03-2,FACS,2,FALSE,f,1275700,6,Preexisting,Complex,NA,224
L03-2,FACS,3,FALSE,r,1659926,11,New,Complex,NA,225
L03-2,FACS,3,FALSE,f,1661450,7,New,Complex,NA,226
L03-2,FACS,4,FALSE,r,1865180,9,New,Complex,NA,227
L03-2,FACS,4,FALSE,f,1922622,8,New,Complex,NA,228
L03-2,FACS,5,FALSE,r,2560918,13,New,Complex,NA,229
L03-2,FACS,5,FALSE,f,2561812,12,New,Complex,NA,230
L03-2,FACS,6,TRUE,f,2620907,14,New,Complex,NA,231
L03-2,FACS,6,TRUE,r,2621055,10,New,Complex,NA,232
L03-2,FACS,7,TRUE,f,3459894,5,New,Complex,NA,233
L03-2,FACS,7,FALSE,r,3921592,1,New,Complex,NA,234
L03-2,FACS,8,TRUE,r,3461121,3,New,Complex,NA,235
L03-2,FACS,8,FALSE,f,3921581,1,New,Complex,NA,234
L03-2,MA08,0,TRUE,f,207976,2,New,Simple,591,1263
L03-2,MA08,0,TRUE,r,207963,2,New,Simple,591,1263
L03-2,MA08,1,FALSE,r,294554,10,New,Simple,NA,NA
L03-2,MA08,1,FALSE,f,294541,10,New,Simple,NA,NA
L03-2,MA08,2,TRUE,f,310152,3,New,Simple,NA,NA
L03-2,MA08,2,TRUE,r,310139,3,New,Simple,NA,NA
L03-2,MA08,3,TRUE,f,408906,6,New,Simple,NA,NA
L03-2,MA08,3,TRUE,r,408893,6,New,Simple,NA,NA
L03-2,MA08,4,FALSE,r,847826,0,New,Simple,NA,NA
L03-2,MA08,4,FALSE,f,847812,0,New,Simple,NA,NA
L03-2,MA08,5,FALSE,r,849308,22,New,Simple,NA,NA
L03-2,MA08,5,FALSE,f,849295,22,New,Simple,NA,NA
L03-2,MA08,6,FALSE,r,1106913,27,New,Complex,593,1265
L03-2,MA08,6,FALSE,f,1107261,26,New,Complex,NA,NA
L03-2,MA08,7,FALSE,r,1272612,9,Preexisting,Complex,595,1267
L03-2,MA08,7,FALSE,f,1275700,7,Preexisting,Complex,596,1268
L03-2,MA08,8,FALSE,r,1659926,21,New,Complex,597,1269
L03-2,MA08,8,FALSE,f,1661450,14,New,Complex,598,1270
L03-2,MA08,9,FALSE,r,1865180,17,New,Complex,599,1271
L03-2,MA08,9,FALSE,f,1922622,23,New,Complex,600,1272
L03-2,MA08,10,TRUE,f,2066120,19,New,Complex,NA,NA
L03-2,MA08,10,TRUE,r,2071844,16,New,Complex,NA,NA
L03-2,MA08,11,FALSE,r,2362553,25,New,Complex,NA,NA
L03-2,MA08,11,FALSE,f,2363282,18,New,Complex,NA,NA
L03-2,MA08,12,FALSE,r,2560918,24,New,Complex,601,1273
L03-2,MA08,12,FALSE,f,2561812,15,New,Complex,602,1274
L03-2,MA08,13,TRUE,f,2620907,13,New,Complex,603,1275
L03-2,MA08,13,TRUE,r,2621055,12,New,Complex,604,1276
L03-2,MA08,14,TRUE,f,3164089,4,New,Simple,NA,NA
L03-2,MA08,14,TRUE,r,3164076,4,New,Simple,NA,NA
L03-2,MA08,15,TRUE,f,3459894,11,New,Complex,605,1277
L03-2,MA08,15,TRUE,r,3720212,5,New,Complex,NA,NA
L03-2,MA08,16,FALSE,r,3852857,1,New,Simple,NA,NA
L03-2,MA08,16,FALSE,f,3852844,1,New,Simple,NA,NA
L03-2,MA08,17,FALSE,r,3921593,8,New,Complex,606,1278
L03-2,MA08,17,TRUE,f,3720224,5,New,Complex,NA,NA
L03-2,MA08,18,TRUE,r,3461121,20,New,Complex,607,1279
L03-2,MA08,18,FALSE,f,3921581,8,New,Complex,606,1278
L03-2,MA20,0,TRUE,f,207976,10,New,Simple,609,2307
L03-2,MA20,0,TRUE,r,207963,10,New,Simple,609,2307
L03-2,MA20,1,FALSE,r,294554,5,New,Simple,611,NA
L03-2,MA20,1,FALSE,f,294541,5,New,Simple,611,NA
L03-2,MA20,2,TRUE,f,309822,24,New,Complex,NA,NA
L03-2,MA20,2,TRUE,r,310139,31,New,Complex,613,NA
L03-2,MA20,3,TRUE,f,408906,6,New,Simple,615,NA
L03-2,MA20,3,TRUE,r,408893,6,New,Simple,615,NA
L03-2,MA20,4,FALSE,r,847825,12,New,Simple,617,NA
L03-2,MA20,4,FALSE,f,847812,12,New,Simple,617,NA
L03-2,MA20,5,FALSE,r,849308,26,New,Simple,619,NA
L03-2,MA20,5,FALSE,f,849295,26,New,Simple,619,NA
L03-2,MA20,6,FALSE,r,1106913,19,New,Complex,621,2309
L03-2,MA20,6,FALSE,f,1107261,30,New,Complex,622,NA
L03-2,MA20,7,FALSE,r,1272612,11,Preexisting,Complex,623,2311
L03-2,MA20,7,FALSE,f,1275700,7,Preexisting,Complex,624,2312
L03-2,MA20,8,FALSE,r,1308851,9,New,Simple,NA,NA
L03-2,MA20,8,FALSE,f,1308839,9,New,Simple,NA,NA
L03-2,MA20,9,FALSE,r,1659926,25,New,Complex,625,2313
L03-2,MA20,9,FALSE,f,1661450,18,New,Complex,626,2314
L03-2,MA20,10,FALSE,r,1865180,17,New,Complex,627,2315
L03-2,MA20,10,FALSE,f,1922622,29,New,Complex,628,2316
L03-2,MA20,11,TRUE,f,2066120,23,New,Complex,629,NA
L03-2,MA20,11,TRUE,r,2071844,16,New,Complex,630,NA
L03-2,MA20,12,TRUE,f,2298272,3,New,Simple,NA,NA
L03-2,MA20,12,TRUE,r,2298259,3,New,Simple,NA,NA
L03-2,MA20,13,FALSE,r,2362387,28,New,Complex,NA,NA
L03-2,MA20,13,FALSE,f,2363282,8,New,Complex,632,NA
L03-2,MA20,14,FALSE,r,2560918,14,New,Complex,633,2317
L03-2,MA20,14,FALSE,f,2561812,20,New,Complex,634,2318
L03-2,MA20,15,TRUE,f,2620907,32,New,Complex,635,2319
L03-2,MA20,15,TRUE,r,2621055,15,New,Complex,636,2320
L03-2,MA20,16,TRUE,f,3164089,4,New,Simple,637,NA
L03-2,MA20,16,TRUE,r,3164076,4,New,Simple,637,NA
L03-2,MA20,17,TRUE,f,3459894,27,New,Complex,639,2321
L03-2,MA20,17,TRUE,r,3720212,2,New,Complex,640,NA
L03-2,MA20,18,FALSE,r,3852857,1,New,Simple,641,NA
L03-2,MA20,18,FALSE,f,3852844,1,New,Simple,641,NA
L03-2,MA20,19,FALSE,r,3901250,0,New,Simple,NA,NA
L03-2,MA20,19,TRUE,f,3930613,21,New,Complex,NA,NA
L03-2,MA20,20,FALSE,f,3921580,22,New,Complex,643,2322
L03-2,MA20,20,TRUE,r,3461122,13,New,Complex,645,2323
L03-2,MA20,21,TRUE,f,3720225,2,New,Complex,640,NA
L03-2,MA20,21,FALSE,r,3921592,22,New,Complex,643,2322
L03-2,MA20,22,FALSE,f,3901236,0,New,Simple,NA,NA
L03-2,MA20,22,FALSE,r,3901249,0,New,Simple,NA,NA
L03-2,MA20,23,FALSE,f,3852843,1,New,Simple,641,NA
L03-2,MA20,23,TRUE,r,3930601,21,New,Complex,NA,NA
L03-3,FACS,0,TRUE,f,207976,0,New,Simple,NA,237
L03-3,FACS,0,TRUE,r,207963,0,New,Simple,NA,237
L03-3,FACS,1,FALSE,r,1106913,2,New,Simple,NA,239
L03-3,FACS,1,FALSE,f,1106900,2,New,Simple,NA,239
L03-3,FACS,2,FALSE,r,1272612,4,Preexisting,Complex,NA,241
L03-3,FACS,2,FALSE,f,1275700,6,Preexisting,Complex,NA,242
L03-3,FACS,3,FALSE,r,1659926,11,New,Complex,NA,243
L03-3,FACS,3,FALSE,f,1661450,7,New,Complex,NA,244
L03-3,FACS,4,FALSE,r,1865180,9,New,Complex,NA,245
L03-3,FACS,4,FALSE,f,1922622,8,New,Complex,NA,246
L03-3,FACS,5,FALSE,r,2560918,13,New,Complex,NA,247
L03-3,FACS,5,FALSE,f,2561812,12,New,Complex,NA,248
L03-3,FACS,6,TRUE,f,2620907,14,New,Complex,NA,249
L03-3,FACS,6,TRUE,r,2621055,10,New,Complex,NA,250
L03-3,FACS,7,TRUE,f,3459894,5,New,Complex,NA,251
L03-3,FACS,7,FALSE,r,3921592,1,New,Complex,NA,252
L03-3,FACS,8,TRUE,r,3461121,3,New,Complex,NA,253
L03-3,FACS,8,FALSE,f,3921581,1,New,Complex,NA,252
L03-3,MA08,0,TRUE,f,207976,0,New,Simple,647,1281
L03-3,MA08,0,TRUE,r,207963,0,New,Simple,647,1281
L03-3,MA08,1,FALSE,r,342982,2,New,Simple,NA,NA
L03-3,MA08,1,FALSE,f,342969,2,New,Simple,NA,NA
L03-3,MA08,2,FALSE,r,1106913,3,New,Simple,649,1283
L03-3,MA08,2,FALSE,f,1106900,3,New,Simple,649,1283
L03-3,MA08,3,FALSE,r,1272612,11,Preexisting,Complex,651,1285
L03-3,MA08,3,FALSE,f,1275700,15,Preexisting,Complex,652,1286
L03-3,MA08,4,FALSE,r,1435107,6,New,Simple,NA,NA
L03-3,MA08,4,FALSE,f,1435094,6,New,Simple,NA,NA
L03-3,MA08,5,FALSE,r,1530921,4,New,Simple,NA,NA
L03-3,MA08,5,FALSE,f,1530908,4,New,Simple,NA,NA
L03-3,MA08,6,TRUE,f,1571962,7,New,Simple,NA,NA
L03-3,MA08,6,TRUE,r,1571949,7,New,Simple,NA,NA
L03-3,MA08,7,FALSE,r,1659926,21,New,Complex,653,1287
L03-3,MA08,7,FALSE,f,1684185,19,New,Complex,NA,NA
L03-3,MA08,8,TRUE,f,1864939,18,New,Complex,NA,NA
L03-3,MA08,8,FALSE,r,1954946,23,New,Complex,NA,NA
L03-3,MA08,9,TRUE,r,1922621,9,New,Complex,656,1290
L03-3,MA08,9,FALSE,f,1922622,9,New,Complex,656,1290
L03-3,MA08,10,TRUE,f,2128004,13,New,Simple,NA,NA
L03-3,MA08,10,TRUE,r,2127992,13,New,Simple,NA,NA
L03-3,MA08,11,TRUE,f,2437419,14,New,Simple,NA,NA
L03-3,MA08,11,TRUE,r,2437407,14,New,Simple,NA,NA
L03-3,MA08,12,FALSE,r,2560918,25,New,Complex,657,1291
L03-3,MA08,12,FALSE,f,2561812,17,New,Complex,658,1292
L03-3,MA08,13,TRUE,f,2620907,27,New,Complex,659,1293
L03-3,MA08,13,TRUE,r,2621055,20,New,Complex,660,1294
L03-3,MA08,14,TRUE,f,2869002,1,New,Simple,NA,NA
L03-3,MA08,14,TRUE,r,2868989,1,New,Simple,NA,NA
L03-3,MA08,15,FALSE,r,3021029,12,New,Simple,NA,NA
L03-3,MA08,15,FALSE,f,3021016,12,New,Simple,NA,NA
L03-3,MA08,16,TRUE,f,3149810,5,New,Simple,NA,NA
L03-3,MA08,16,TRUE,r,3149797,5,New,Simple,NA,NA
L03-3,MA08,17,TRUE,f,3459458,24,New,Complex,NA,NA
L03-3,MA08,17,FALSE,r,3919314,22,New,Complex,NA,NA
L03-3,MA08,18,FALSE,f,3852355,10,New,Complex,NA,NA
L03-3,MA08,18,FALSE,r,3851648,26,New,Complex,NA,NA
L03-3,MA08,19,TRUE,r,3461121,16,New,Complex,663,1297
L03-3,MA08,19,FALSE,f,3924354,8,New,Complex,NA,NA
L03-3,MA20,0,TRUE,f,207976,1,New,Simple,665,2325
L03-3,MA20,0,TRUE,r,207963,1,New,Simple,665,2325
L03-3,MA20,1,FALSE,r,342982,6,New,Simple,667,NA
L03-3,MA20,1,FALSE,f,342969,6,New,Simple,667,NA
L03-3,MA20,2,FALSE,r,567574,5,New,Simple,NA,NA
L03-3,MA20,2,FALSE,f,567561,5,New,Simple,NA,NA
L03-3,MA20,3,FALSE,r,687426,3,New,Simple,NA,NA
L03-3,MA20,3,FALSE,f,687413,3,New,Simple,NA,NA
L03-3,MA20,4,TRUE,f,892467,15,New,Simple,NA,NA
L03-3,MA20,4,TRUE,r,892455,15,New,Simple,NA,NA
L03-3,MA20,5,FALSE,r,1106913,4,New,Simple,669,2327
L03-3,MA20,5,FALSE,f,1106900,4,New,Simple,669,2327
L03-3,MA20,6,FALSE,r,1272612,16,Preexisting,Complex,671,2329
L03-3,MA20,6,FALSE,f,1275700,14,Preexisting,Complex,672,2330
L03-3,MA20,7,FALSE,r,1435107,12,New,Simple,673,NA
L03-3,MA20,7,FALSE,f,1435094,12,New,Simple,673,NA
L03-3,MA20,8,FALSE,r,1474356,8,New,Complex,NA,NA
L03-3,MA20,8,FALSE,f,3021016,21,New,Complex,695,NA
L03-3,MA20,9,TRUE,f,3035364,37,New,Complex,NA,NA
L03-3,MA20,9,TRUE,r,1474343,8,New,Complex,NA,NA
L03-3,MA20,10,FALSE,r,1530921,7,New,Simple,675,NA
L03-3,MA20,10,FALSE,f,1530908,7,New,Simple,675,NA
L03-3,MA20,11,FALSE,r,1659926,28,New,Complex,679,2331
L03-3,MA20,11,FALSE,f,1684185,24,New,Complex,680,NA
L03-3,MA20,12,TRUE,f,1864939,22,New,Complex,681,NA
L03-3,MA20,12,TRUE,r,1922622,29,New,Complex,683,2334
L03-3,MA20,13,TRUE,f,2128004,13,New,Simple,685,NA
L03-3,MA20,13,TRUE,r,2127992,13,New,Simple,685,NA
L03-3,MA20,14,TRUE,f,2437419,35,New,Complex,687,NA
L03-3,MA20,14,TRUE,r,2438964,10,New,Complex,NA,NA
L03-3,MA20,15,FALSE,r,2560918,36,New,Complex,689,2335
L03-3,MA20,15,FALSE,f,2561812,23,New,Complex,690,2336
L03-3,MA20,16,TRUE,f,2620907,40,New,Complex,691,2337
L03-3,MA20,16,TRUE,r,2621055,11,New,Complex,692,2338
L03-3,MA20,17,TRUE,f,2645908,9,New,Simple,NA,NA
L03-3,MA20,17,TRUE,r,2645896,9,New,Simple,NA,NA
L03-3,MA20,18,TRUE,f,2869002,2,New,Simple,693,NA
L03-3,MA20,18,TRUE,r,2868989,2,New,Simple,693,NA
L03-3,MA20,19,FALSE,r,3008929,31,New,Complex,NA,NA
L03-3,MA20,19,FALSE,f,3036166,20,New,Complex,NA,NA
L03-3,MA20,20,TRUE,f,3132213,30,New,Complex,NA,NA
L03-3,MA20,20,TRUE,r,3149797,33,New,Complex,697,NA
L03-3,MA20,21,FALSE,r,3304278,39,New,Complex,NA,NA
L03-3,MA20,21,FALSE,f,3304653,25,New,Complex,NA,NA
L03-3,MA20,22,FALSE,r,3351530,0,New,Simple,NA,NA
L03-3,MA20,22,FALSE,f,3351517,0,New,Simple,NA,NA
L03-3,MA20,23,TRUE,f,3459458,34,New,Complex,699,NA
L03-3,MA20,23,FALSE,r,3919314,32,New,Complex,700,NA
L03-3,MA20,24,FALSE,f,3852355,27,New,Complex,701,NA
L03-3,MA20,24,FALSE,r,3851648,38,New,Complex,702,NA
L03-3,MA20,25,FALSE,f,3730480,17,New,Complex,NA,NA
L03-3,MA20,25,FALSE,r,3701440,26,New,Complex,NA,NA
L03-3,MA20,26,TRUE,r,3461121,19,New,Complex,703,2341
L03-3,MA20,26,FALSE,f,3924346,18,New,Complex,704,NA
L03-4,FACS,0,TRUE,f,207976,0,New,Simple,NA,255
L03-4,FACS,0,TRUE,r,207963,0,New,Simple,NA,255
L03-4,FACS,1,FALSE,r,1106913,2,New,Simple,NA,257
L03-4,FACS,1,FALSE,f,1106900,2,New,Simple,NA,257
L03-4,FACS,2,FALSE,r,1272612,4,Preexisting,Complex,NA,259
L03-4,FACS,2,FALSE,f,1275700,6,Preexisting,Complex,NA,260
L03-4,FACS,3,FALSE,r,1659926,11,New,Complex,NA,261
L03-4,FACS,3,FALSE,f,1661450,7,New,Complex,NA,262
L03-4,FACS,4,FALSE,r,1865180,9,New,Complex,NA,263
L03-4,FACS,4,FALSE,f,1922622,8,New,Complex,NA,264
L03-4,FACS,5,FALSE,r,2560918,13,New,Complex,NA,265
L03-4,FACS,5,FALSE,f,2561812,12,New,Complex,NA,266
L03-4,FACS,6,TRUE,f,2620907,14,New,Complex,NA,267
L03-4,FACS,6,TRUE,r,2621055,10,New,Complex,NA,268
L03-4,FACS,7,TRUE,f,3459894,5,New,Complex,NA,269
L03-4,FACS,7,FALSE,r,3921592,1,New,Complex,NA,270
L03-4,FACS,8,TRUE,r,3461121,3,New,Complex,NA,271
L03-4,FACS,8,FALSE,f,3921581,1,New,Complex,NA,270
L03-4,MA08,0,FALSE,r,26901,6,New,Simple,NA,NA
L03-4,MA08,0,FALSE,f,26889,6,New,Simple,NA,NA
L03-4,MA08,1,TRUE,f,207976,0,New,Simple,705,1299
L03-4,MA08,1,TRUE,r,207963,0,New,Simple,705,1299
L03-4,MA08,2,TRUE,f,349695,1,New,Simple,NA,NA
L03-4,MA08,2,TRUE,r,349682,1,New,Simple,NA,NA
L03-4,MA08,3,FALSE,r,1106913,15,New,Simple,707,1301
L03-4,MA08,3,FALSE,f,1106900,15,New,Simple,707,1301
L03-4,MA08,4,FALSE,r,1145157,19,New,Simple,NA,NA
L03-4,MA08,4,FALSE,f,1145144,19,New,Simple,NA,NA
L03-4,MA08,5,FALSE,r,1272612,22,Preexisting,Complex,709,1303
L03-4,MA08,5,FALSE,f,1275700,12,Preexisting,Complex,710,1304
L03-4,MA08,6,FALSE,r,1659926,23,New,Complex,711,1305
L03-4,MA08,6,FALSE,f,1661450,18,New,Complex,712,1306
L03-4,MA08,7,FALSE,r,1723753,21,New,Simple,NA,NA
L03-4,MA08,7,FALSE,f,1723740,21,New,Simple,NA,NA
L03-4,MA08,8,FALSE,r,1865180,17,New,Complex,713,1307
L03-4,MA08,8,FALSE,f,1922622,14,New,Complex,714,1308
L03-4,MA08,9,TRUE,f,1980331,7,New,Simple,NA,NA
L03-4,MA08,9,TRUE,r,1980318,7,New,Simple,NA,NA
L03-4,MA08,10,FALSE,r,2051960,9,New,Simple,NA,NA
L03-4,MA08,10,FALSE,f,2051947,9,New,Simple,NA,NA
L03-4,MA08,11,TRUE,f,2075161,10,New,Simple,NA,NA
L03-4,MA08,11,TRUE,r,2075148,10,New,Simple,NA,NA
L03-4,MA08,12,TRUE,f,2086042,13,New,Simple,NA,NA
L03-4,MA08,12,TRUE,r,2086030,13,New,Simple,NA,NA
L03-4,MA08,13,FALSE,r,2263648,3,New,Simple,NA,NA
L03-4,MA08,13,FALSE,f,2263635,3,New,Simple,NA,NA
L03-4,MA08,14,FALSE,r,2560918,25,New,Complex,715,1309
L03-4,MA08,14,FALSE,f,2561812,8,New,Complex,716,1310
L03-4,MA08,15,TRUE,f,2620907,26,New,Complex,717,1311
L03-4,MA08,15,TRUE,r,2621055,20,New,Complex,718,1312
L03-4,MA08,16,TRUE,f,2668359,4,New,Simple,NA,NA
L03-4,MA08,16,TRUE,r,2621055,20,New,Complex,718,1312
L03-4,MA08,17,TRUE,f,2668359,4,New,Simple,NA,NA
L03-4,MA08,17,TRUE,r,2668346,4,New,Simple,NA,NA
L03-4,MA08,18,TRUE,f,3004036,5,New,Simple,NA,NA
L03-4,MA08,18,TRUE,r,3004023,5,New,Simple,NA,NA
L03-4,MA08,19,FALSE,r,3324419,2,New,Simple,NA,NA
L03-4,MA08,19,FALSE,f,3324406,2,New,Simple,NA,NA
L03-4,MA08,20,TRUE,f,3459894,24,New,Complex,719,1313
L03-4,MA08,20,FALSE,r,3921592,11,New,Complex,720,1314
L03-4,MA08,21,TRUE,r,3461121,16,New,Complex,721,1315
L03-4,MA08,21,FALSE,f,3921581,11,New,Complex,720,1314
L03-4,MA20,0,FALSE,r,26901,27,New,Simple,723,NA
L03-4,MA20,0,FALSE,f,26889,27,New,Simple,723,NA
L03-4,MA20,1,TRUE,f,207976,8,New,Simple,725,2343
L03-4,MA20,1,TRUE,r,207963,8,New,Simple,725,2343
L03-4,MA20,2,TRUE,f,349695,12,New,Simple,727,NA
L03-4,MA20,2,TRUE,r,349682,12,New,Simple,727,NA
L03-4,MA20,3,TRUE,f,578140,19,New,Simple,NA,NA
L03-4,MA20,3,TRUE,r,578127,19,New,Simple,NA,NA
L03-4,MA20,4,TRUE,f,791250,11,New,Simple,NA,NA
L03-4,MA20,4,TRUE,r,791237,11,New,Simple,NA,NA
L03-4,MA20,5,FALSE,r,1145157,15,New,Simple,731,NA
L03-4,MA20,5,FALSE,f,1145144,15,New,Simple,731,NA
L03-4,MA20,6,FALSE,r,1272612,29,Preexisting,Complex,733,2347
L03-4,MA20,6,FALSE,f,1275700,22,Preexisting,Complex,734,2348
L03-4,MA20,7,FALSE,r,1659926,30,New,Complex,735,2349
L03-4,MA20,7,FALSE,f,1661450,26,New,Complex,736,2350
L03-4,MA20,8,FALSE,r,1723753,20,New,Simple,737,NA
L03-4,MA20,8,FALSE,f,1723740,20,New,Simple,737,NA
L03-4,MA20,9,FALSE,r,1803741,33,New,Complex,NA,NA
L03-4,MA20,9,FALSE,f,1922622,24,New,Complex,740,2352
L03-4,MA20,10,TRUE,f,1980331,9,New,Simple,741,NA
L03-4,MA20,10,TRUE,r,1980318,9,New,Simple,741,NA
L03-4,MA20,11,FALSE,r,2051960,5,New,Simple,743,NA
L03-4,MA20,11,FALSE,f,2051947,5,New,Simple,743,NA
L03-4,MA20,12,TRUE,f,2075161,28,New,Simple,745,NA
L03-4,MA20,12,TRUE,r,2075148,28,New,Simple,745,NA
L03-4,MA20,13,TRUE,f,2086042,14,New,Simple,747,NA
L03-4,MA20,13,TRUE,r,2086031,14,New,Simple,747,NA
L03-4,MA20,14,FALSE,r,2263648,7,New,Simple,749,NA
L03-4,MA20,14,FALSE,f,2263635,7,New,Simple,749,NA
L03-4,MA20,15,FALSE,r,2379105,3,New,Simple,NA,NA
L03-4,MA20,15,FALSE,f,2379092,3,New,Simple,NA,NA
L03-4,MA20,16,TRUE,f,2477024,18,New,Simple,NA,NA
L03-4,MA20,16,TRUE,r,2477012,18,New,Simple,NA,NA
L03-4,MA20,17,FALSE,r,2560918,32,New,Complex,751,2353
L03-4,MA20,17,FALSE,f,2561812,25,New,Complex,752,2354
L03-4,MA20,18,TRUE,f,2620907,16,New,Complex,753,2355
L03-4,MA20,18,TRUE,r,2621055,17,New,Complex,754,2356
L03-4,MA20,19,TRUE,f,2668359,0,New,Simple,755,NA
L03-4,MA20,19,TRUE,r,2621055,17,New,Complex,754,2356
L03-4,MA20,20,TRUE,f,2668359,0,New,Simple,755,NA
L03-4,MA20,20,TRUE,r,2621055,17,New,Complex,754,2356
L03-4,MA20,21,TRUE,f,2668359,0,New,Simple,755,NA
L03-4,MA20,21,TRUE,r,2668343,0,New,Simple,755,NA
L03-4,MA20,22,TRUE,f,2871714,4,New,Simple,NA,NA
L03-4,MA20,22,TRUE,r,2871701,4,New,Simple,NA,NA
L03-4,MA20,23,TRUE,f,2941394,1,New,Simple,NA,NA
L03-4,MA20,23,TRUE,r,2941381,1,New,Simple,NA,NA
L03-4,MA20,24,FALSE,r,3141506,13,New,Simple,NA,NA
L03-4,MA20,24,FALSE,f,3141493,13,New,Simple,NA,NA
L03-4,MA20,25,FALSE,r,3157115,10,New,Simple,NA,NA
L03-4,MA20,25,FALSE,f,3157103,10,New,Simple,NA,NA
L03-4,MA20,26,FALSE,r,3324419,6,New,Simple,761,NA
L03-4,MA20,26,FALSE,f,3324406,6,New,Simple,761,NA
L03-4,MA20,27,TRUE,f,3459894,31,New,Complex,763,2357
L03-4,MA20,27,FALSE,r,3921592,21,New,Complex,764,2358
L03-4,MA20,28,TRUE,r,3781189,2,New,Simple,NA,NA
L03-4,MA20,28,TRUE,f,3781202,2,New,Simple,NA,NA
L03-4,MA20,29,TRUE,r,3461121,23,New,Complex,765,2359
L03-4,MA20,29,FALSE,f,3921581,21,New,Complex,764,2358
L04-1,FACS,0,TRUE,f,118472,4,New,Simple,NA,273
L04-1,FACS,0,TRUE,r,118460,4,New,Simple,NA,273
L04-1,FACS,1,FALSE,r,357369,10,New,Complex,NA,275
L04-1,FACS,1,FALSE,f,384723,14,New,Complex,NA,276
L04-1,FACS,2,FALSE,r,512116,9,New,Complex,NA,277
L04-1,FACS,2,FALSE,f,512507,16,New,Complex,NA,278
L04-1,FACS,3,FALSE,r,617006,5,New,Simple,NA,279
L04-1,FACS,3,FALSE,f,616993,5,New,Simple,NA,279
L04-1,FACS,4,FALSE,r,789918,3,New,Simple,NA,281
L04-1,FACS,4,FALSE,f,789905,3,New,Simple,NA,281
L04-1,FACS,5,FALSE,r,1085726,6,New,Simple,NA,283
L04-1,FACS,5,FALSE,f,1085713,6,New,Simple,NA,283
L04-1,FACS,6,FALSE,r,1272612,15,Preexisting,Complex,NA,285
L04-1,FACS,6,FALSE,f,1275700,12,Preexisting,Complex,NA,286
L04-1,FACS,7,TRUE,f,1438513,8,New,Simple,NA,287
L04-1,FACS,7,TRUE,r,1438500,8,New,Simple,NA,287
L04-1,FACS,8,TRUE,f,1957374,2,New,Simple,NA,289
L04-1,FACS,8,TRUE,r,1957361,2,New,Simple,NA,289
L04-1,FACS,9,TRUE,f,2243180,13,New,Simple,NA,291
L04-1,FACS,9,TRUE,r,2243168,13,New,Simple,NA,291
L04-1,FACS,10,FALSE,r,2318681,1,New,Simple,NA,293
L04-1,FACS,10,FALSE,f,2318668,1,New,Simple,NA,293
L04-1,FACS,11,TRUE,f,2430725,0,New,Simple,NA,295
L04-1,FACS,11,TRUE,r,2430712,0,New,Simple,NA,295
L04-1,FACS,12,FALSE,r,3037901,11,New,Simple,NA,297
L04-1,FACS,12,FALSE,f,3037889,11,New,Simple,NA,297
L04-1,FACS,13,TRUE,f,3617417,7,New,Simple,NA,299
L04-1,FACS,13,TRUE,r,3617413,7,New,Simple,NA,299
L04-1,MA08,0,TRUE,f,59448,9,New,Simple,NA,NA
L04-1,MA08,0,FALSE,r,3944671,7,New,Complex,NA,NA
L04-1,MA08,1,FALSE,f,3688026,1,New,Simple,NA,NA
L04-1,MA08,1,FALSE,r,3688039,1,New,Simple,NA,NA
L04-1,MA08,2,TRUE,r,3671509,2,New,Simple,NA,NA
L04-1,MA08,2,TRUE,f,3671522,2,New,Simple,NA,NA
L04-1,MA08,3,TRUE,r,3617412,15,New,Complex,793,1343
L04-1,MA08,3,TRUE,f,3613951,24,New,Complex,NA,NA
L04-1,MA08,4,FALSE,f,3211678,23,New,Complex,NA,NA
L04-1,MA08,4,FALSE,r,3210787,27,New,Complex,NA,NA
L04-1,MA08,5,FALSE,f,3037888,11,New,Complex,791,1341
L04-1,MA08,5,FALSE,r,3014785,22,New,Complex,NA,NA
L04-1,MA08,6,FALSE,f,2669042,4,New,Simple,NA,NA
L04-1,MA08,6,FALSE,r,2669055,4,New,Simple,NA,NA
L04-1,MA08,7,TRUE,r,2430711,6,New,Simple,789,1339
L04-1,MA08,7,TRUE,f,2430724,6,New,Simple,789,1339
L04-1,MA08,8,FALSE,f,2318667,0,New,Complex,787,1337
L04-1,MA08,8,TRUE,r,2243168,16,New,Complex,785,1335
L04-1,MA08,9,FALSE,r,2318681,0,New,Complex,787,1337
L04-1,MA08,9,TRUE,f,2243179,16,New,Complex,785,1335
L04-1,MA08,10,TRUE,r,2078399,5,New,Simple,NA,NA
L04-1,MA08,10,TRUE,f,2078412,5,New,Simple,NA,NA
L04-1,MA08,11,TRUE,r,1957360,14,New,Complex,783,1333
L04-1,MA08,11,TRUE,f,1956198,26,New,Complex,NA,NA
L04-1,MA08,12,TRUE,r,1438499,10,New,Simple,781,1331
L04-1,MA08,12,TRUE,f,1438512,10,New,Simple,781,1331
L04-1,MA08,13,FALSE,f,1275699,13,Preexisting,Complex,780,1330
L04-1,MA08,13,FALSE,r,1272611,25,Preexisting,Complex,779,1329
L04-1,MA08,14,FALSE,f,789904,8,New,Simple,775,1325
L04-1,MA08,14,FALSE,r,789917,8,New,Simple,775,1325
L04-1,MA08,15,FALSE,f,735577,12,New,Simple,NA,NA
L04-1,MA08,15,FALSE,r,735590,12,New,Simple,NA,NA
L04-1,MA08,16,FALSE,f,616992,3,New,Simple,773,1323
L04-1,MA08,16,FALSE,r,617005,3,New,Simple,773,1323
L04-1,MA08,17,FALSE,f,512506,28,New,Complex,772,1322
L04-1,MA08,17,FALSE,r,512115,20,New,Complex,771,1321
L04-1,MA08,18,FALSE,f,384722,21,New,Complex,770,1320
L04-1,MA08,18,FALSE,r,356715,19,New,Complex,NA,NA
L04-1,MA08,19,TRUE,r,118459,17,New,Simple,767,1317
L04-1,MA08,19,TRUE,f,118471,17,New,Simple,767,1317
L04-1,MA08,20,TRUE,r,59434,9,New,Simple,NA,NA
L04-1,MA08,20,TRUE,f,59447,9,New,Simple,NA,NA
L04-1,MA08,21,TRUE,r,24529,18,New,Complex,NA,NA
L04-1,MA08,21,FALSE,f,3944659,7,New,Complex,NA,NA
L04-1,MA20,0,TRUE,f,118472,24,New,Complex,833,2361
L04-1,MA20,0,TRUE,r,118820,34,New,Complex,NA,NA
L04-1,MA20,1,FALSE,r,355983,22,New,Complex,NA,NA
L04-1,MA20,1,FALSE,f,384723,23,New,Complex,831,2364
L04-1,MA20,2,FALSE,r,509883,26,New,Complex,NA,NA
L04-1,MA20,2,FALSE,f,512507,30,New,Complex,829,2366
L04-1,MA20,3,FALSE,r,617006,7,New,Simple,827,2367
L04-1,MA20,3,FALSE,f,616993,7,New,Simple,827,2367
L04-1,MA20,4,FALSE,r,735591,2,New,Simple,825,NA
L04-1,MA20,4,FALSE,f,735578,2,New,Simple,825,NA
L04-1,MA20,5,FALSE,r,789918,10,New,Simple,823,2369
L04-1,MA20,5,FALSE,f,789905,10,New,Simple,823,2369
L04-1,MA20,6,TRUE,f,868564,9,New,Simple,NA,NA
L04-1,MA20,6,TRUE,r,868551,9,New,Simple,NA,NA
L04-1,MA20,7,FALSE,r,1085725,15,New,Simple,NA,2371
L04-1,MA20,7,FALSE,f,1085713,15,New,Simple,NA,2371
L04-1,MA20,8,FALSE,r,1272612,14,Preexisting,Complex,822,2373
L04-1,MA20,8,FALSE,f,1275700,16,Preexisting,Complex,821,2374
L04-1,MA20,9,TRUE,f,1438513,21,New,Simple,819,2375
L04-1,MA20,9,TRUE,r,1438500,21,New,Simple,819,2375
L04-1,MA20,10,TRUE,f,1576634,6,New,Simple,NA,NA
L04-1,MA20,10,TRUE,r,1576621,6,New,Simple,NA,NA
L04-1,MA20,11,TRUE,f,1956199,31,New,Complex,818,NA
L04-1,MA20,11,TRUE,r,1957361,19,New,Complex,817,2377
L04-1,MA20,12,TRUE,f,1976709,13,New,Complex,NA,NA
L04-1,MA20,12,TRUE,r,1957361,19,New,Complex,817,2377
L04-1,MA20,13,TRUE,f,1976709,13,New,Complex,NA,NA
L04-1,MA20,13,TRUE,r,1957361,19,New,Complex,817,2377
L04-1,MA20,14,TRUE,f,1976709,13,New,Complex,NA,NA
L04-1,MA20,14,TRUE,r,1980660,17,New,Complex,NA,NA
L04-1,MA20,15,TRUE,f,2078413,0,New,Simple,815,NA
L04-1,MA20,15,TRUE,r,2078399,0,New,Simple,815,NA
L04-1,MA20,16,TRUE,f,2243180,4,New,Complex,812,2379
L04-1,MA20,16,FALSE,r,2301509,25,New,Complex,NA,NA
L04-1,MA20,17,TRUE,r,2243167,4,New,Complex,812,2379
L04-1,MA20,17,FALSE,f,2318668,29,New,Complex,811,2381
L04-1,MA20,18,TRUE,f,2430725,3,New,Simple,809,2383
L04-1,MA20,18,TRUE,r,2430712,3,New,Simple,809,2383
L04-1,MA20,19,FALSE,r,2669056,33,New,Complex,807,NA
L04-1,MA20,19,FALSE,f,2669627,27,New,Complex,NA,NA
L04-1,MA20,20,FALSE,r,3037901,8,New,Simple,805,2385
L04-1,MA20,20,FALSE,f,3037889,8,New,Simple,805,2385
L04-1,MA20,21,TRUE,f,3119378,12,New,Complex,NA,NA
L04-1,MA20,21,TRUE,r,3124571,11,New,Complex,NA,NA
L04-1,MA20,22,FALSE,r,3210787,32,New,Complex,804,NA
L04-1,MA20,22,FALSE,f,3211679,18,New,Complex,803,NA
L04-1,MA20,23,TRUE,f,3326821,1,New,Simple,NA,NA
L04-1,MA20,23,TRUE,r,3326808,1,New,Simple,NA,NA
L04-1,MA20,24,TRUE,f,3613952,28,New,Complex,802,NA
L04-1,MA20,24,TRUE,r,3617413,20,New,Complex,801,2387
L04-1,MA20,25,TRUE,f,3653890,5,New,Simple,NA,NA
L04-1,MA20,25,TRUE,r,3653878,5,New,Simple,NA,NA
L04-2,FACS,0,TRUE,f,118472,4,New,Simple,NA,301
L04-2,FACS,0,TRUE,r,118460,4,New,Simple,NA,301
L04-2,FACS,1,FALSE,r,357369,10,New,Complex,NA,303
L04-2,FACS,1,FALSE,f,384723,14,New,Complex,NA,304
L04-2,FACS,2,FALSE,r,512116,9,New,Complex,NA,305
L04-2,FACS,2,FALSE,f,512507,16,New,Complex,NA,306
L04-2,FACS,3,FALSE,r,617006,5,New,Simple,NA,307
L04-2,FACS,3,FALSE,f,616993,5,New,Simple,NA,307
L04-2,FACS,4,FALSE,r,789918,3,New,Simple,NA,309
L04-2,FACS,4,FALSE,f,789905,3,New,Simple,NA,309
L04-2,FACS,5,FALSE,r,1085726,6,New,Simple,NA,311
L04-2,FACS,5,FALSE,f,1085713,6,New,Simple,NA,311
L04-2,FACS,6,FALSE,r,1272612,15,Preexisting,Complex,NA,313
L04-2,FACS,6,FALSE,f,1275700,12,Preexisting,Complex,NA,314
L04-2,FACS,7,TRUE,f,1438513,8,New,Simple,NA,315
L04-2,FACS,7,TRUE,r,1438500,8,New,Simple,NA,315
L04-2,FACS,8,TRUE,f,1957374,2,New,Simple,NA,317
L04-2,FACS,8,TRUE,r,1957361,2,New,Simple,NA,317
L04-2,FACS,9,TRUE,f,2243180,13,New,Simple,NA,319
L04-2,FACS,9,TRUE,r,2243168,13,New,Simple,NA,319
L04-2,FACS,10,FALSE,r,2318681,1,New,Simple,NA,321
L04-2,FACS,10,FALSE,f,2318668,1,New,Simple,NA,321
L04-2,FACS,11,TRUE,f,2430725,0,New,Simple,NA,323
L04-2,FACS,11,TRUE,r,2430712,0,New,Simple,NA,323
L04-2,FACS,12,FALSE,r,3037901,11,New,Simple,NA,325
L04-2,FACS,12,FALSE,f,3037889,11,New,Simple,NA,325
L04-2,FACS,13,TRUE,f,3617417,7,New,Simple,NA,327
L04-2,FACS,13,TRUE,r,3617413,7,New,Simple,NA,327
L04-2,MA08,0,TRUE,f,116148,18,New,Complex,NA,NA
L04-2,MA08,0,TRUE,r,118460,23,New,Complex,839,1345
L04-2,MA08,1,FALSE,r,357369,14,New,Complex,841,1347
L04-2,MA08,1,FALSE,f,384723,17,New,Complex,842,1348
L04-2,MA08,2,FALSE,r,511582,19,New,Complex,NA,NA
L04-2,MA08,2,FALSE,f,512507,25,New,Complex,844,1350
L04-2,MA08,3,FALSE,r,617006,2,New,Simple,845,1351
L04-2,MA08,3,FALSE,f,616993,2,New,Simple,845,1351
L04-2,MA08,4,FALSE,r,789918,22,New,Complex,847,1353
L04-2,MA08,4,FALSE,f,790319,27,New,Complex,NA,NA
L04-2,MA08,5,FALSE,r,1085726,4,New,Simple,849,1355
L04-2,MA08,5,FALSE,f,1085713,4,New,Simple,849,1355
L04-2,MA08,6,TRUE,f,1253519,5,New,Simple,NA,NA
L04-2,MA08,6,TRUE,r,1253506,5,New,Simple,NA,NA
L04-2,MA08,7,FALSE,r,1272612,10,Preexisting,Complex,851,1357
L04-2,MA08,7,FALSE,f,1275700,16,Preexisting,Complex,852,1358
L04-2,MA08,8,TRUE,f,1438513,9,New,Simple,853,1359
L04-2,MA08,8,TRUE,r,1438500,9,New,Simple,853,1359
L04-2,MA08,9,FALSE,r,1710617,6,New,Simple,NA,NA
L04-2,MA08,9,FALSE,f,1710604,6,New,Simple,NA,NA
L04-2,MA08,10,TRUE,f,1957374,7,New,Simple,855,1361
L04-2,MA08,10,TRUE,r,1957361,7,New,Simple,855,1361
L04-2,MA08,11,FALSE,r,2213147,26,New,Complex,NA,NA
L04-2,MA08,11,FALSE,f,2213686,15,New,Complex,NA,NA
L04-2,MA08,12,TRUE,f,2243180,11,New,Simple,857,1363
L04-2,MA08,12,TRUE,r,2243168,11,New,Simple,857,1363
L04-2,MA08,13,FALSE,r,2318681,3,New,Simple,859,1365
L04-2,MA08,13,FALSE,f,2318668,3,New,Simple,859,1365
L04-2,MA08,14,FALSE,r,2420940,1,New,Simple,NA,NA
L04-2,MA08,14,FALSE,f,2420927,1,New,Simple,NA,NA
L04-2,MA08,15,TRUE,f,2430725,24,New,Complex,861,1367
L04-2,MA08,15,TRUE,r,2431654,13,New,Complex,NA,NA
L04-2,MA08,16,FALSE,r,3037901,21,New,Complex,863,1369
L04-2,MA08,16,FALSE,f,3041968,8,New,Complex,NA,NA
L04-2,MA08,17,TRUE,f,3364068,0,New,Simple,NA,NA
L04-2,MA08,17,TRUE,r,3364055,0,New,Simple,NA,NA
L04-2,MA08,18,TRUE,f,3607878,20,New,Complex,NA,NA
L04-2,MA08,18,TRUE,r,3617413,12,New,Complex,865,1371
L04-2,MA20,0,TRUE,f,116148,39,New,Complex,867,NA
L04-2,MA20,0,TRUE,r,118460,37,New,Complex,868,2389
L04-2,MA20,1,TRUE,f,296550,33,New,Complex,NA,NA
L04-2,MA20,1,TRUE,r,326270,22,New,Complex,NA,NA
L04-2,MA20,2,FALSE,r,349923,28,New,Complex,NA,NA
L04-2,MA20,2,FALSE,f,386087,23,New,Complex,NA,NA
L04-2,MA20,3,FALSE,r,511582,24,New,Complex,871,NA
L04-2,MA20,3,FALSE,f,512507,40,New,Complex,872,2394
L04-2,MA20,4,FALSE,r,617006,3,New,Simple,873,2395
L04-2,MA20,4,FALSE,f,616993,3,New,Simple,873,2395
L04-2,MA20,5,FALSE,r,789918,38,New,Complex,875,2397
L04-2,MA20,5,FALSE,f,790319,42,New,Complex,876,NA
L04-2,MA20,6,FALSE,r,1082546,27,New,Complex,NA,NA
L04-2,MA20,6,FALSE,f,1085713,35,New,Complex,877,2399
L04-2,MA20,7,FALSE,r,1209758,13,New,Complex,NA,NA
L04-2,MA20,7,FALSE,f,1211245,18,New,Complex,NA,NA
L04-2,MA20,8,TRUE,f,1253519,12,New,Simple,879,NA
L04-2,MA20,8,TRUE,r,1253506,12,New,Simple,879,NA
L04-2,MA20,9,FALSE,r,1272612,36,Preexisting,Complex,881,2401
L04-2,MA20,9,TRUE,f,1438512,17,New,Complex,883,2403
L04-2,MA20,10,FALSE,f,1275699,21,Preexisting,Complex,882,2402
L04-2,MA20,10,TRUE,r,1438500,17,New,Complex,883,2403
L04-2,MA20,11,FALSE,r,1710617,9,New,Simple,885,NA
L04-2,MA20,11,FALSE,f,1710604,9,New,Simple,885,NA
L04-2,MA20,12,TRUE,f,1957374,7,New,Simple,887,2405
L04-2,MA20,12,TRUE,r,1957361,7,New,Simple,887,2405
L04-2,MA20,13,TRUE,f,2152009,10,New,Simple,NA,NA
L04-2,MA20,13,TRUE,r,2151996,10,New,Simple,NA,NA
L04-2,MA20,14,FALSE,r,2213147,19,New,Complex,889,NA
L04-2,MA20,14,FALSE,f,2213686,26,New,Complex,890,NA
L04-2,MA20,15,TRUE,f,2243180,41,New,Complex,891,2407
L04-2,MA20,15,FALSE,r,2318680,20,New,Complex,893,2409
L04-2,MA20,16,TRUE,r,2243713,31,New,Complex,NA,NA
L04-2,MA20,16,FALSE,f,2318668,20,New,Complex,893,2409
L04-2,MA20,17,FALSE,r,2420940,0,New,Complex,895,NA
L04-2,MA20,17,TRUE,f,2430724,32,New,Complex,897,2411
L04-2,MA20,18,FALSE,f,2420926,0,New,Complex,895,NA
L04-2,MA20,18,TRUE,r,2440498,30,New,Complex,NA,NA
L04-2,MA20,19,FALSE,r,2673345,4,New,Simple,NA,NA
L04-2,MA20,19,FALSE,f,2673332,4,New,Simple,NA,NA
L04-2,MA20,20,TRUE,f,2762145,8,New,Simple,NA,NA
L04-2,MA20,20,TRUE,r,2762132,8,New,Simple,NA,NA
L04-2,MA20,21,FALSE,r,2992045,5,New,Simple,NA,NA
L04-2,MA20,21,FALSE,f,2992032,5,New,Simple,NA,NA
L04-2,MA20,22,TRUE,f,3022586,29,New,Complex,NA,NA
L04-2,MA20,22,TRUE,r,3041968,15,New,Complex,900,NA
L04-2,MA20,23,TRUE,f,3364068,1,New,Simple,901,NA
L04-2,MA20,23,TRUE,r,3364055,1,New,Simple,901,NA
L04-2,MA20,24,FALSE,r,3469259,2,New,Simple,NA,NA
L04-2,MA20,24,FALSE,f,3469246,2,New,Simple,NA,NA
L04-2,MA20,25,TRUE,f,3607878,34,New,Complex,903,NA
L04-2,MA20,25,TRUE,r,3617413,14,New,Complex,904,2415
L04-2,MA20,26,TRUE,f,3761095,16,New,Complex,NA,NA
L04-2,MA20,26,TRUE,r,3765227,6,New,Complex,NA,NA
L04-2,MA20,27,TRUE,f,3897639,11,New,Complex,NA,NA
L04-2,MA20,27,TRUE,r,3930466,25,New,Complex,NA,NA
L04-3,FACS,0,TRUE,f,118472,4,New,Simple,NA,329
L04-3,FACS,0,TRUE,r,118460,4,New,Simple,NA,329
L04-3,FACS,1,FALSE,r,357369,10,New,Complex,NA,331
L04-3,FACS,1,FALSE,f,384723,14,New,Complex,NA,332
L04-3,FACS,2,FALSE,r,512116,9,New,Complex,NA,333
L04-3,FACS,2,FALSE,f,512507,16,New,Complex,NA,334
L04-3,FACS,3,FALSE,r,617006,5,New,Simple,NA,335
L04-3,FACS,3,FALSE,f,616993,5,New,Simple,NA,335
L04-3,FACS,4,FALSE,r,789918,3,New,Simple,NA,337
L04-3,FACS,4,FALSE,f,789905,3,New,Simple,NA,337
L04-3,FACS,5,FALSE,r,1085726,6,New,Simple,NA,339
L04-3,FACS,5,FALSE,f,1085713,6,New,Simple,NA,339
L04-3,FACS,6,FALSE,r,1272612,15,Preexisting,Complex,NA,341
L04-3,FACS,6,FALSE,f,1275700,12,Preexisting,Complex,NA,342
L04-3,FACS,7,TRUE,f,1438513,8,New,Simple,NA,343
L04-3,FACS,7,TRUE,r,1438500,8,New,Simple,NA,343
L04-3,FACS,8,TRUE,f,1957374,2,New,Simple,NA,345
L04-3,FACS,8,TRUE,r,1957361,2,New,Simple,NA,345
L04-3,FACS,9,TRUE,f,2243180,13,New,Simple,NA,347
L04-3,FACS,9,TRUE,r,2243168,13,New,Simple,NA,347
L04-3,FACS,10,FALSE,r,2318681,1,New,Simple,NA,349
L04-3,FACS,10,FALSE,f,2318668,1,New,Simple,NA,349
L04-3,FACS,11,TRUE,f,2430725,0,New,Simple,NA,351
L04-3,FACS,11,TRUE,r,2430712,0,New,Simple,NA,351
L04-3,FACS,12,FALSE,r,3037901,11,New,Simple,NA,353
L04-3,FACS,12,FALSE,f,3037889,11,New,Simple,NA,353
L04-3,FACS,13,TRUE,f,3617417,7,New,Simple,NA,355
L04-3,FACS,13,TRUE,r,3617413,7,New,Simple,NA,355
L04-3,MA08,0,FALSE,r,42401,14,New,Simple,NA,NA
L04-3,MA08,0,FALSE,f,42388,14,New,Simple,NA,NA
L04-3,MA08,1,TRUE,f,118472,16,New,Simple,905,1373
L04-3,MA08,1,TRUE,r,118460,16,New,Simple,905,1373
L04-3,MA08,2,FALSE,r,349528,25,New,Complex,NA,NA
L04-3,MA08,2,FALSE,f,426371,15,New,Complex,NA,NA
L04-3,MA08,3,FALSE,r,512116,17,New,Complex,909,1377
L04-3,MA08,3,FALSE,f,512507,28,New,Complex,910,1378
L04-3,MA08,4,FALSE,r,617006,11,New,Simple,911,1379
L04-3,MA08,4,FALSE,f,616993,11,New,Simple,911,1379
L04-3,MA08,5,FALSE,r,675377,9,New,Simple,NA,NA
L04-3,MA08,5,FALSE,f,675364,9,New,Simple,NA,NA
L04-3,MA08,6,FALSE,r,789918,23,New,Simple,913,1381
L04-3,MA08,6,FALSE,f,789905,23,New,Simple,913,1381
L04-3,MA08,7,FALSE,r,841365,20,New,Simple,NA,NA
L04-3,MA08,7,FALSE,f,841353,20,New,Simple,NA,NA
L04-3,MA08,8,FALSE,r,1085726,7,New,Simple,915,1383
L04-3,MA08,8,FALSE,f,1085713,7,New,Simple,915,1383
L04-3,MA08,9,FALSE,r,1272612,24,Preexisting,Complex,917,1385
L04-3,MA08,9,FALSE,f,1275700,21,Preexisting,Complex,918,1386
L04-3,MA08,10,TRUE,f,1438513,8,New,Simple,919,1387
L04-3,MA08,10,TRUE,r,1438500,8,New,Simple,919,1387
L04-3,MA08,11,FALSE,r,1955553,5,New,Complex,NA,NA
L04-3,MA08,11,TRUE,f,1438512,8,New,Simple,919,1387
L04-3,MA08,12,FALSE,f,1275699,21,Preexisting,Complex,918,1386
L04-3,MA08,12,TRUE,r,1955540,5,New,Complex,NA,NA
L04-3,MA08,13,TRUE,f,1957374,13,New,Simple,921,1389
L04-3,MA08,13,TRUE,r,1957361,13,New,Simple,921,1389
L04-3,MA08,14,FALSE,r,2078987,3,New,Complex,NA,NA
L04-3,MA08,14,FALSE,f,3037889,0,New,Simple,929,1397
L04-3,MA08,15,TRUE,f,3209221,27,New,Complex,NA,NA
L04-3,MA08,15,TRUE,r,2078974,3,New,Complex,NA,NA
L04-3,MA08,16,FALSE,r,2151717,4,New,Simple,NA,NA
L04-3,MA08,16,FALSE,f,2151704,4,New,Simple,NA,NA
L04-3,MA08,17,TRUE,f,2200165,22,New,Simple,NA,NA
L04-3,MA08,17,TRUE,r,2200153,22,New,Simple,NA,NA
L04-3,MA08,18,TRUE,f,2243180,10,New,Simple,923,1391
L04-3,MA08,18,TRUE,r,2243168,10,New,Simple,923,1391
L04-3,MA08,19,FALSE,r,2318681,1,New,Simple,925,1393
L04-3,MA08,19,FALSE,f,2318668,1,New,Simple,925,1393
L04-3,MA08,20,TRUE,f,2430725,6,New,Simple,927,1395
L04-3,MA08,20,TRUE,r,2430712,6,New,Simple,927,1395
L04-3,MA08,21,FALSE,r,2709521,2,New,Simple,NA,NA
L04-3,MA08,21,FALSE,f,2709508,2,New,Simple,NA,NA
L04-3,MA08,22,TRUE,f,2747056,19,New,Simple,NA,NA
L04-3,MA08,22,TRUE,r,2747044,19,New,Simple,NA,NA
L04-3,MA08,23,FALSE,r,3037902,0,New,Simple,929,1397
L04-3,MA08,23,FALSE,f,3037889,0,New,Simple,929,1397
L04-3,MA08,24,TRUE,f,3209221,27,New,Complex,NA,NA
L04-3,MA08,24,TRUE,r,3209670,26,New,Complex,NA,NA
L04-3,MA08,25,TRUE,f,3616635,12,New,Complex,NA,NA
L04-3,MA08,25,TRUE,r,3617412,18,New,Complex,931,1399
L04-3,MA20,0,FALSE,r,42401,16,New,Simple,933,NA
L04-3,MA20,0,FALSE,f,42388,16,New,Simple,933,NA
L04-3,MA20,1,TRUE,f,118472,9,New,Simple,935,2417
L04-3,MA20,1,TRUE,r,118460,9,New,Simple,935,2417
L04-3,MA20,2,FALSE,r,198871,8,New,Simple,NA,NA
L04-3,MA20,2,FALSE,f,198858,8,New,Simple,NA,NA
L04-3,MA20,3,FALSE,r,349528,29,New,Complex,937,NA
L04-3,MA20,3,FALSE,f,426371,19,New,Complex,938,NA
L04-3,MA20,4,FALSE,r,512116,24,New,Complex,939,2421
L04-3,MA20,4,FALSE,f,512507,32,New,Complex,940,2422
L04-3,MA20,5,FALSE,r,617006,5,New,Simple,941,2423
L04-3,MA20,5,FALSE,f,616993,5,New,Simple,941,2423
L04-3,MA20,6,FALSE,r,675377,12,New,Simple,943,NA
L04-3,MA20,6,FALSE,f,675364,12,New,Simple,943,NA
L04-3,MA20,7,FALSE,r,789918,11,New,Simple,945,2425
L04-3,MA20,7,FALSE,f,789905,11,New,Simple,945,2425
L04-3,MA20,8,FALSE,r,841365,26,New,Simple,947,NA
L04-3,MA20,8,FALSE,f,841353,26,New,Simple,947,NA
L04-3,MA20,9,FALSE,r,1085726,17,New,Simple,949,2427
L04-3,MA20,9,FALSE,f,1085713,17,New,Simple,949,2427
L04-3,MA20,10,FALSE,r,1156128,0,New,Complex,NA,NA
L04-3,MA20,10,TRUE,f,1438512,15,New,Complex,953,2431
L04-3,MA20,11,FALSE,f,1275699,18,Preexisting,Complex,952,2430
L04-3,MA20,11,FALSE,r,1272611,14,Preexisting,Complex,951,2429
L04-3,MA20,12,FALSE,f,1156114,0,New,Complex,NA,NA
L04-3,MA20,12,TRUE,r,1438500,15,New,Complex,953,2431
L04-3,MA20,13,FALSE,r,1787444,13,New,Simple,NA,NA
L04-3,MA20,13,FALSE,f,1787431,13,New,Simple,NA,NA
L04-3,MA20,14,FALSE,r,1957374,4,New,Simple,959,2433
L04-3,MA20,14,FALSE,f,1957361,4,New,Simple,959,2433
L04-3,MA20,15,FALSE,r,2078987,22,New,Complex,961,NA
L04-3,MA20,15,FALSE,f,3037889,27,New,Simple,962,2441
L04-3,MA20,16,TRUE,f,3148169,2,New,Simple,NA,NA
L04-3,MA20,16,TRUE,r,3148156,2,New,Simple,NA,NA
L04-3,MA20,17,TRUE,f,3209221,31,New,Complex,963,NA
L04-3,MA20,17,TRUE,r,2078975,22,New,Complex,961,NA
L04-3,MA20,18,FALSE,r,2151717,7,New,Simple,965,NA
L04-3,MA20,18,FALSE,f,2151704,7,New,Simple,965,NA
L04-3,MA20,19,TRUE,f,2243180,21,New,Simple,969,2435
L04-3,MA20,19,TRUE,r,2243168,21,New,Simple,969,2435
L04-3,MA20,20,FALSE,r,2318681,3,New,Simple,971,2437
L04-3,MA20,20,FALSE,f,2318668,3,New,Simple,971,2437
L04-3,MA20,21,TRUE,f,2430725,1,New,Simple,973,2439
L04-3,MA20,21,TRUE,r,2430712,1,New,Simple,973,2439
L04-3,MA20,22,FALSE,r,2709521,6,New,Simple,975,NA
L04-3,MA20,22,FALSE,f,2709508,6,New,Simple,975,NA
L04-3,MA20,23,TRUE,f,2747056,10,New,Simple,977,NA
L04-3,MA20,23,TRUE,r,2747044,10,New,Simple,977,NA
L04-3,MA20,24,FALSE,r,3037901,27,New,Simple,962,2441
L04-3,MA20,24,FALSE,f,3037889,27,New,Simple,962,2441
L04-3,MA20,25,TRUE,f,3148169,2,New,Simple,NA,NA
L04-3,MA20,25,TRUE,r,3148156,2,New,Simple,NA,NA
L04-3,MA20,26,TRUE,f,3209221,31,New,Complex,963,NA
L04-3,MA20,26,TRUE,r,3209668,20,New,Complex,982,NA
L04-3,MA20,27,FALSE,r,3591982,28,New,Simple,NA,NA
L04-3,MA20,27,FALSE,f,3591970,28,New,Simple,NA,NA
L04-3,MA20,28,TRUE,f,3616635,30,New,Complex,983,NA
L04-3,MA20,28,TRUE,r,3617412,23,New,Complex,984,2443
L04-3,MA20,29,TRUE,f,3719277,25,New,Simple,NA,NA
L04-3,MA20,29,TRUE,r,3719265,25,New,Simple,NA,NA
L04-4,FACS,0,TRUE,f,118472,4,New,Simple,NA,357
L04-4,FACS,0,TRUE,r,118460,4,New,Simple,NA,357
L04-4,FACS,1,FALSE,r,357369,10,New,Complex,NA,359
L04-4,FACS,1,FALSE,f,384723,14,New,Complex,NA,360
L04-4,FACS,2,FALSE,r,512116,9,New,Complex,NA,361
L04-4,FACS,2,FALSE,f,512507,16,New,Complex,NA,362
L04-4,FACS,3,FALSE,r,617006,5,New,Simple,NA,363
L04-4,FACS,3,FALSE,f,616993,5,New,Simple,NA,363
L04-4,FACS,4,FALSE,r,789918,3,New,Simple,NA,365
L04-4,FACS,4,FALSE,f,789905,3,New,Simple,NA,365
L04-4,FACS,5,FALSE,r,1085726,6,New,Simple,NA,367
L04-4,FACS,5,FALSE,f,1085713,6,New,Simple,NA,367
L04-4,FACS,6,FALSE,r,1272612,15,Preexisting,Complex,NA,369
L04-4,FACS,6,FALSE,f,1275700,12,Preexisting,Complex,NA,370
L04-4,FACS,7,TRUE,f,1438513,8,New,Simple,NA,371
L04-4,FACS,7,TRUE,r,1438500,8,New,Simple,NA,371
L04-4,FACS,8,TRUE,f,1957374,2,New,Simple,NA,373
L04-4,FACS,8,TRUE,r,1957361,2,New,Simple,NA,373
L04-4,FACS,9,TRUE,f,2243180,13,New,Simple,NA,375
L04-4,FACS,9,TRUE,r,2243168,13,New,Simple,NA,375
L04-4,FACS,10,FALSE,r,2318681,1,New,Simple,NA,377
L04-4,FACS,10,FALSE,f,2318668,1,New,Simple,NA,377
L04-4,FACS,11,TRUE,f,2430725,0,New,Simple,NA,379
L04-4,FACS,11,TRUE,r,2430712,0,New,Simple,NA,379
L04-4,FACS,12,FALSE,r,3037901,11,New,Simple,NA,381
L04-4,FACS,12,FALSE,f,3037889,11,New,Simple,NA,381
L04-4,FACS,13,TRUE,f,3617417,7,New,Simple,NA,383
L04-4,FACS,13,TRUE,r,3617413,7,New,Simple,NA,383
L04-4,MA08,0,TRUE,f,118472,7,New,Simple,985,1401
L04-4,MA08,0,TRUE,r,118460,7,New,Simple,985,1401
L04-4,MA08,1,FALSE,r,357265,21,New,Complex,NA,NA
L04-4,MA08,1,FALSE,f,386469,22,New,Complex,NA,NA
L04-4,MA08,2,FALSE,r,501575,20,New,Complex,NA,NA
L04-4,MA08,2,FALSE,f,512507,24,New,Complex,990,1406
L04-4,MA08,3,FALSE,r,617006,3,New,Simple,991,1407
L04-4,MA08,3,FALSE,f,616993,3,New,Simple,991,1407
L04-4,MA08,4,FALSE,r,789918,4,New,Simple,993,1409
L04-4,MA08,4,FALSE,f,789905,4,New,Simple,993,1409
L04-4,MA08,5,FALSE,r,1085726,18,New,Simple,995,1411
L04-4,MA08,5,FALSE,f,1085713,18,New,Simple,995,1411
L04-4,MA08,6,FALSE,r,1272612,6,Preexisting,Complex,997,1413
L04-4,MA08,6,FALSE,f,1275700,15,Preexisting,Complex,998,1414
L04-4,MA08,7,TRUE,f,1438513,17,New,Simple,999,1415
L04-4,MA08,7,TRUE,r,1438500,17,New,Simple,999,1415
L04-4,MA08,8,TRUE,f,1497580,19,New,Simple,NA,NA
L04-4,MA08,8,TRUE,r,1497568,19,New,Simple,NA,NA
L04-4,MA08,9,FALSE,r,1543610,28,New,Complex,NA,NA
L04-4,MA08,9,FALSE,f,1545291,27,New,Complex,NA,NA
L04-4,MA08,10,FALSE,r,1744934,11,New,Complex,NA,NA
L04-4,MA08,10,TRUE,f,2430724,9,New,Simple,1007,1423
L04-4,MA08,11,FALSE,f,2389302,14,New,Complex,NA,NA
L04-4,MA08,11,TRUE,r,1744940,11,New,Complex,NA,NA
L04-4,MA08,12,TRUE,f,1910560,25,New,Complex,NA,NA
L04-4,MA08,12,TRUE,r,1916521,26,New,Complex,NA,NA
L04-4,MA08,13,TRUE,f,1957374,2,New,Simple,1001,1417
L04-4,MA08,13,TRUE,r,1957361,2,New,Simple,1001,1417
L04-4,MA08,14,TRUE,f,2132657,29,New,Complex,NA,NA
L04-4,MA08,14,TRUE,r,2133107,10,New,Complex,NA,NA
L04-4,MA08,15,TRUE,f,2243180,16,New,Simple,1003,1419
L04-4,MA08,15,TRUE,r,2243168,16,New,Simple,1003,1419
L04-4,MA08,16,FALSE,r,2318681,8,New,Simple,1005,1421
L04-4,MA08,16,FALSE,f,2318668,8,New,Simple,1005,1421
L04-4,MA08,17,FALSE,r,2376886,23,New,Complex,NA,NA
L04-4,MA08,17,FALSE,f,2389303,14,New,Complex,NA,NA
L04-4,MA08,18,TRUE,f,2430725,9,New,Simple,1007,1423
L04-4,MA08,18,TRUE,r,2430712,9,New,Simple,1007,1423
L04-4,MA08,19,FALSE,r,3037901,5,New,Simple,1009,1425
L04-4,MA08,19,FALSE,f,3037889,5,New,Simple,1009,1425
L04-4,MA08,20,FALSE,r,3367538,1,New,Simple,NA,NA
L04-4,MA08,20,FALSE,f,3367525,1,New,Simple,NA,NA
L04-4,MA08,21,TRUE,f,3613996,12,New,Complex,NA,NA
L04-4,MA08,21,TRUE,r,3617620,13,New,Complex,NA,NA
L04-4,MA08,22,FALSE,r,3854518,0,New,Simple,NA,NA
L04-4,MA08,22,FALSE,f,3854505,0,New,Simple,NA,NA
L04-4,MA20,0,TRUE,f,118472,11,New,Simple,1013,2445
L04-4,MA20,0,TRUE,r,118460,11,New,Simple,1013,2445
L04-4,MA20,1,FALSE,r,349673,26,New,Complex,NA,NA
L04-4,MA20,1,FALSE,f,386468,28,New,Complex,1016,NA
L04-4,MA20,2,FALSE,r,501214,31,New,Complex,NA,NA
L04-4,MA20,2,FALSE,f,512507,34,New,Complex,1018,2450
L04-4,MA20,3,FALSE,r,617006,3,New,Simple,1019,2451
L04-4,MA20,3,FALSE,f,616993,3,New,Simple,1019,2451
L04-4,MA20,4,FALSE,r,789918,7,New,Simple,1021,2453
L04-4,MA20,4,FALSE,f,789905,7,New,Simple,1021,2453
L04-4,MA20,5,FALSE,r,1085726,8,New,Simple,1023,2455
L04-4,MA20,5,FALSE,f,1085713,8,New,Simple,1023,2455
L04-4,MA20,6,FALSE,r,1233986,10,New,Simple,NA,NA
L04-4,MA20,6,FALSE,f,1233973,10,New,Simple,NA,NA
L04-4,MA20,7,FALSE,r,1272612,38,Preexisting,Complex,1025,2457
L04-4,MA20,7,FALSE,f,1275700,21,Preexisting,Complex,1026,2458
L04-4,MA20,8,TRUE,f,1438513,4,New,Simple,1027,2459
L04-4,MA20,8,TRUE,r,1438500,4,New,Simple,1027,2459
L04-4,MA20,9,TRUE,f,1497580,24,New,Simple,1029,NA
L04-4,MA20,9,TRUE,r,1497568,24,New,Simple,1029,NA
L04-4,MA20,10,FALSE,r,1543610,39,New,Complex,1031,NA
L04-4,MA20,10,FALSE,f,1545291,36,New,Complex,1032,NA
L04-4,MA20,11,FALSE,r,1744934,9,New,Complex,1033,NA
L04-4,MA20,11,TRUE,f,2430724,17,New,Simple,1034,2467
L04-4,MA20,12,FALSE,f,2389302,12,New,Complex,1035,NA
L04-4,MA20,12,TRUE,r,1744922,9,New,Complex,1033,NA
L04-4,MA20,13,TRUE,f,1825429,40,New,Complex,NA,NA
L04-4,MA20,13,TRUE,r,1910547,23,New,Complex,1037,NA
L04-4,MA20,14,TRUE,f,1957374,13,New,Simple,1039,2461
L04-4,MA20,14,TRUE,r,1957361,13,New,Simple,1039,2461
L04-4,MA20,15,TRUE,f,2132657,42,New,Complex,1041,NA
L04-4,MA20,15,TRUE,r,2133107,22,New,Complex,1042,NA
L04-4,MA20,16,TRUE,f,2243180,30,New,Simple,1043,2463
L04-4,MA20,16,TRUE,r,2243168,30,New,Simple,1043,2463
L04-4,MA20,17,FALSE,r,2268038,35,New,Complex,NA,NA
L04-4,MA20,17,TRUE,f,2430724,17,New,Simple,1034,2467
L04-4,MA20,18,FALSE,f,2389302,12,New,Complex,1035,NA
L04-4,MA20,18,FALSE,r,2376885,33,New,Complex,1047,NA
L04-4,MA20,19,FALSE,f,2318667,6,New,Simple,1045,2465
L04-4,MA20,19,FALSE,r,2318680,6,New,Simple,1045,2465
L04-4,MA20,20,FALSE,f,2298233,15,New,Simple,NA,NA
L04-4,MA20,20,FALSE,r,2298246,15,New,Simple,NA,NA
L04-4,MA20,21,FALSE,f,2274703,41,New,Complex,NA,NA
L04-4,MA20,21,TRUE,r,2389303,12,New,Complex,1035,NA
L04-4,MA20,22,TRUE,f,2430725,17,New,Simple,1034,2467
L04-4,MA20,22,TRUE,r,2430712,17,New,Simple,1034,2467
L04-4,MA20,23,FALSE,r,2581541,19,New,Complex,NA,NA
L04-4,MA20,23,TRUE,f,2430724,17,New,Simple,1034,2467
L04-4,MA20,24,FALSE,f,2389302,12,New,Complex,1035,NA
L04-4,MA20,24,TRUE,r,2582775,32,New,Complex,NA,NA
L04-4,MA20,25,FALSE,r,2926776,14,New,Complex,NA,NA
L04-4,MA20,25,FALSE,f,3037889,18,New,Simple,1051,2469
L04-4,MA20,26,TRUE,f,3127985,29,New,Complex,NA,NA
L04-4,MA20,26,TRUE,r,2926764,14,New,Complex,NA,NA
L04-4,MA20,27,FALSE,r,3037901,18,New,Simple,1051,2469
L04-4,MA20,27,FALSE,f,3037889,18,New,Simple,1051,2469
L04-4,MA20,28,TRUE,f,3127985,29,New,Complex,NA,NA
L04-4,MA20,28,TRUE,r,3161549,16,New,Complex,NA,NA
L04-4,MA20,29,TRUE,f,3289236,5,New,Simple,NA,NA
L04-4,MA20,29,TRUE,r,3289223,5,New,Simple,NA,NA
L04-4,MA20,30,TRUE,f,3576675,2,New,Simple,NA,NA
L04-4,MA20,30,TRUE,r,3576662,2,New,Simple,NA,NA
L04-4,MA20,31,TRUE,f,3613996,37,New,Complex,1055,NA
L04-4,MA20,31,TRUE,r,3617620,27,New,Complex,1056,NA
L04-4,MA20,32,TRUE,f,3716935,1,New,Simple,NA,NA
L04-4,MA20,32,TRUE,r,3716922,1,New,Simple,NA,NA
L04-4,MA20,33,TRUE,f,3717864,20,New,Complex,NA,NA
L04-4,MA20,33,TRUE,r,3721710,25,New,Complex,NA,NA
L04-4,MA20,34,FALSE,r,3854518,0,New,Simple,1057,NA
L04-4,MA20,34,FALSE,f,3854505,0,New,Simple,1057,NA
L05-1,FACS,0,FALSE,r,847283,4,New,Simple,NA,385
L05-1,FACS,0,FALSE,f,847270,4,New,Simple,NA,385
L05-1,FACS,1,FALSE,r,1235415,15,New,Complex,NA,387
L05-1,FACS,1,FALSE,f,1235790,14,New,Complex,NA,388
L05-1,FACS,2,FALSE,r,1272612,2,Preexisting,Complex,NA,389
L05-1,FACS,2,FALSE,f,1275700,6,Preexisting,Complex,NA,390
L05-1,FACS,3,FALSE,r,1853610,9,New,Complex,NA,391
L05-1,FACS,3,FALSE,f,1902960,8,New,Complex,NA,392
L05-1,FACS,4,TRUE,f,1978276,1,New,Simple,NA,393
L05-1,FACS,4,TRUE,r,1978263,1,New,Simple,NA,393
L05-1,FACS,5,TRUE,f,2098696,7,New,Complex,NA,395
L05-1,FACS,5,TRUE,r,2098831,11,New,Complex,NA,396
L05-1,FACS,6,TRUE,f,2560129,3,New,Simple,NA,397
L05-1,FACS,6,TRUE,r,2560125,3,New,Simple,NA,397
L05-1,FACS,7,TRUE,f,3012357,13,New,Complex,NA,399
L05-1,FACS,7,TRUE,r,3012791,12,New,Complex,NA,400
L05-1,FACS,8,TRUE,f,3242004,5,New,Complex,NA,401
L05-1,FACS,8,TRUE,r,3252547,10,New,Complex,NA,402
L05-1,FACS,9,FALSE,r,3511765,0,New,Simple,NA,403
L05-1,FACS,9,FALSE,f,3511752,0,New,Simple,NA,403
L05-1,MA08,0,TRUE,f,143407,27,New,Complex,NA,NA
L05-1,MA08,0,TRUE,r,144168,25,New,Complex,NA,NA
L05-1,MA08,1,FALSE,r,847283,0,New,Simple,1059,1429
L05-1,MA08,1,FALSE,f,847270,0,New,Simple,1059,1429
L05-1,MA08,2,FALSE,r,1235415,26,New,Complex,1061,1431
L05-1,MA08,2,FALSE,f,1235790,28,New,Complex,1062,1432
L05-1,MA08,3,FALSE,r,1272612,10,Preexisting,Complex,1063,1433
L05-1,MA08,3,FALSE,f,1275700,16,Preexisting,Complex,1064,1434
L05-1,MA08,4,FALSE,r,1485996,15,New,Simple,NA,NA
L05-1,MA08,4,FALSE,f,1485983,15,New,Simple,NA,NA
L05-1,MA08,5,FALSE,r,1853609,14,New,Complex,1065,1435
L05-1,MA08,5,FALSE,f,1902960,20,New,Complex,1066,1436
L05-1,MA08,6,TRUE,f,1911812,7,New,Simple,NA,NA
L05-1,MA08,6,TRUE,r,1911799,7,New,Simple,NA,NA
L05-1,MA08,7,FALSE,r,1963610,18,New,Simple,NA,NA
L05-1,MA08,7,FALSE,f,1963597,18,New,Simple,NA,NA
L05-1,MA08,8,TRUE,f,1978276,4,New,Simple,1067,1437
L05-1,MA08,8,TRUE,r,1978263,4,New,Simple,1067,1437
L05-1,MA08,9,TRUE,f,2098696,12,New,Complex,1069,1439
L05-1,MA08,9,TRUE,r,2099138,13,New,Complex,NA,NA
L05-1,MA08,10,FALSE,r,2277797,23,New,Complex,NA,NA
L05-1,MA08,10,FALSE,f,2279737,24,New,Complex,NA,NA
L05-1,MA08,11,FALSE,r,2410787,8,New,Simple,NA,NA
L05-1,MA08,11,FALSE,f,2410774,8,New,Simple,NA,NA
L05-1,MA08,12,TRUE,f,2429438,2,New,Simple,NA,NA
L05-1,MA08,12,TRUE,r,2429425,2,New,Simple,NA,NA
L05-1,MA08,13,TRUE,f,2560129,11,New,Complex,1071,1441
L05-1,MA08,13,TRUE,r,2561742,17,New,Complex,NA,NA
L05-1,MA08,14,FALSE,r,2686117,3,New,Simple,NA,NA
L05-1,MA08,14,FALSE,f,2686104,3,New,Simple,NA,NA
L05-1,MA08,15,TRUE,f,3012357,6,New,Complex,1073,1443
L05-1,MA08,15,TRUE,r,3012791,5,New,Complex,1074,1444
L05-1,MA08,16,TRUE,f,3242004,19,New,Complex,1075,1445
L05-1,MA08,16,TRUE,r,3252547,9,New,Complex,1076,1446
L05-1,MA08,17,FALSE,r,3277575,1,New,Simple,NA,NA
L05-1,MA08,17,FALSE,f,3277562,1,New,Simple,NA,NA
L05-1,MA08,18,FALSE,r,3503989,21,New,Complex,NA,NA
L05-1,MA08,18,FALSE,f,3511933,22,New,Complex,NA,NA
L05-1,MA20,0,TRUE,f,143407,0,New,Simple,1079,NA
L05-1,MA20,0,TRUE,r,143394,0,New,Simple,1079,NA
L05-1,MA20,1,TRUE,f,790040,2,New,Simple,NA,NA
L05-1,MA20,1,TRUE,r,790027,2,New,Simple,NA,NA
L05-1,MA20,2,FALSE,r,847283,1,New,Simple,1081,2473
L05-1,MA20,2,FALSE,f,847270,1,New,Simple,1081,2473
L05-1,MA20,3,FALSE,r,1235415,33,New,Complex,1083,2475
L05-1,MA20,3,FALSE,f,1235790,16,New,Complex,1084,2476
L05-1,MA20,4,FALSE,r,1272612,12,Preexisting,Complex,1085,2477
L05-1,MA20,4,FALSE,f,1275700,26,Preexisting,Complex,1086,2478
L05-1,MA20,5,FALSE,r,1485996,8,New,Simple,1087,NA
L05-1,MA20,5,FALSE,f,1485983,8,New,Simple,1087,NA
L05-1,MA20,6,FALSE,r,1853610,17,New,Complex,1089,2479
L05-1,MA20,6,FALSE,f,1902960,24,New,Complex,1090,2480
L05-1,MA20,7,TRUE,f,1910707,30,New,Complex,NA,NA
L05-1,MA20,7,TRUE,r,1911799,29,New,Complex,1091,NA
L05-1,MA20,8,TRUE,f,1966618,22,New,Complex,NA,NA
L05-1,MA20,8,TRUE,r,1978263,18,New,Complex,1095,2481
L05-1,MA20,9,TRUE,f,2098696,31,New,Complex,1097,2483
L05-1,MA20,9,TRUE,r,2099138,14,New,Complex,1098,NA
L05-1,MA20,10,TRUE,f,2213726,27,New,Complex,NA,NA
L05-1,MA20,10,TRUE,r,2215829,23,New,Complex,NA,NA
L05-1,MA20,11,FALSE,r,2277797,28,New,Complex,1099,NA
L05-1,MA20,11,FALSE,f,2279737,13,New,Complex,1100,NA
L05-1,MA20,12,FALSE,r,2405403,25,New,Complex,NA,NA
L05-1,MA20,12,FALSE,f,2410774,32,New,Complex,1101,NA
L05-1,MA20,13,TRUE,f,2429438,3,New,Simple,1103,NA
L05-1,MA20,13,TRUE,r,2429425,3,New,Simple,1103,NA
L05-1,MA20,14,TRUE,f,2560129,6,New,Complex,1105,2485
L05-1,MA20,14,TRUE,r,2561742,20,New,Complex,1106,NA
L05-1,MA20,15,FALSE,r,2686117,10,New,Simple,1107,NA
L05-1,MA20,15,FALSE,f,2686104,10,New,Simple,1107,NA
L05-1,MA20,16,TRUE,f,3012357,15,New,Complex,1109,2487
L05-1,MA20,16,TRUE,r,3012791,7,New,Complex,1110,2488
L05-1,MA20,17,TRUE,f,3242004,19,New,Complex,1111,2489
L05-1,MA20,17,TRUE,r,3264252,21,New,Complex,NA,NA
L05-1,MA20,18,FALSE,r,3277575,4,New,Simple,1113,NA
L05-1,MA20,18,FALSE,f,3277562,4,New,Simple,1113,NA
L05-1,MA20,19,FALSE,r,3503989,11,New,Complex,1115,NA
L05-1,MA20,19,FALSE,f,3511933,9,New,Complex,1116,NA
L05-1,MA20,20,FALSE,r,3761344,5,New,Simple,NA,NA
L05-1,MA20,20,FALSE,f,3761331,5,New,Simple,NA,NA
L05-2,FACS,0,FALSE,r,847283,4,New,Simple,NA,405
L05-2,FACS,0,FALSE,f,847270,4,New,Simple,NA,405
L05-2,FACS,1,FALSE,r,1235803,2,New,Simple,NA,407
L05-2,FACS,1,FALSE,f,1235790,2,New,Simple,NA,407
L05-2,FACS,2,FALSE,r,1272612,5,Preexisting,Complex,NA,409
L05-2,FACS,2,FALSE,f,1275700,12,Preexisting,Complex,NA,410
L05-2,FACS,3,FALSE,r,1853610,9,New,Complex,NA,411
L05-2,FACS,3,FALSE,f,1902960,8,New,Complex,NA,412
L05-2,FACS,4,TRUE,f,1978276,1,New,Simple,NA,413
L05-2,FACS,4,TRUE,r,1978263,1,New,Simple,NA,413
L05-2,FACS,5,TRUE,f,2098696,14,New,Complex,NA,415
L05-2,FACS,5,TRUE,r,2098831,13,New,Complex,NA,416
L05-2,FACS,6,TRUE,f,2560129,3,New,Simple,NA,417
L05-2,FACS,6,TRUE,r,2560125,3,New,Simple,NA,417
L05-2,FACS,7,TRUE,f,3012357,6,New,Complex,NA,419
L05-2,FACS,7,TRUE,r,3012791,7,New,Complex,NA,420
L05-2,FACS,8,TRUE,f,3242004,11,New,Complex,NA,421
L05-2,FACS,8,TRUE,r,3252547,10,New,Complex,NA,422
L05-2,FACS,9,FALSE,r,3511765,0,New,Simple,NA,423
L05-2,FACS,9,FALSE,f,3511752,0,New,Simple,NA,423
L05-2,MA08,0,FALSE,r,118245,29,New,Complex,NA,NA
L05-2,MA08,0,FALSE,f,120262,28,New,Complex,NA,NA
L05-2,MA08,1,TRUE,f,484702,3,New,Simple,NA,NA
L05-2,MA08,1,TRUE,r,484690,3,New,Simple,NA,NA
L05-2,MA08,2,FALSE,r,847283,17,New,Complex,1117,1449
L05-2,MA08,2,FALSE,f,848736,30,New,Complex,NA,NA
L05-2,MA08,3,FALSE,r,1066052,27,New,Complex,NA,NA
L05-2,MA08,3,FALSE,f,1066490,33,New,Complex,NA,NA
L05-2,MA08,4,FALSE,r,1272613,6,Preexisting,Complex,1121,1453
L05-2,MA08,4,TRUE,f,1960266,22,New,Complex,NA,NA
L05-2,MA08,5,TRUE,r,1948193,5,New,Simple,NA,NA
L05-2,MA08,5,TRUE,f,1948206,5,New,Simple,NA,NA
L05-2,MA08,6,FALSE,f,1902959,19,New,Complex,1124,1456
L05-2,MA08,6,FALSE,r,1853609,18,New,Complex,1123,1455
L05-2,MA08,7,FALSE,f,1626482,11,New,Simple,NA,NA
L05-2,MA08,7,FALSE,r,1626495,11,New,Simple,NA,NA
L05-2,MA08,8,FALSE,f,1347566,4,New,Simple,NA,NA
L05-2,MA08,8,FALSE,r,1347579,4,New,Simple,NA,NA
L05-2,MA08,9,FALSE,f,1275699,13,Preexisting,Complex,1122,1454
L05-2,MA08,9,TRUE,r,1959705,7,New,Complex,NA,NA
L05-2,MA08,10,TRUE,f,1978276,10,New,Complex,1125,1457
L05-2,MA08,10,TRUE,r,1959705,7,New,Complex,NA,NA
L05-2,MA08,11,TRUE,f,1978276,10,New,Complex,1125,1457
L05-2,MA08,11,TRUE,r,1959705,7,New,Complex,NA,NA
L05-2,MA08,12,TRUE,f,1978276,10,New,Complex,1125,1457
L05-2,MA08,12,TRUE,r,1990254,21,New,Complex,NA,NA
L05-2,MA08,13,TRUE,f,2098696,14,New,Complex,1127,1459
L05-2,MA08,13,TRUE,r,2099324,16,New,Complex,NA,NA
L05-2,MA08,14,FALSE,r,2177580,32,New,Complex,NA,NA
L05-2,MA08,14,FALSE,f,2178096,20,New,Complex,NA,NA
L05-2,MA08,15,TRUE,f,2275332,2,New,Simple,NA,NA
L05-2,MA08,15,TRUE,r,2275319,2,New,Simple,NA,NA
L05-2,MA08,16,FALSE,r,2407543,1,New,Simple,NA,NA
L05-2,MA08,16,FALSE,f,2407530,1,New,Simple,NA,NA
L05-2,MA08,17,TRUE,f,2560129,9,New,Complex,1129,1461
L05-2,MA08,17,TRUE,r,2585750,8,New,Complex,NA,NA
L05-2,MA08,18,TRUE,f,3012357,26,New,Complex,1131,1463
L05-2,MA08,18,FALSE,r,3510953,25,New,Complex,NA,NA
L05-2,MA08,19,FALSE,f,3316785,0,New,Complex,NA,NA
L05-2,MA08,19,TRUE,r,3015475,31,New,Complex,NA,NA
L05-2,MA08,20,TRUE,f,3131778,12,New,Simple,NA,NA
L05-2,MA08,20,TRUE,r,3131767,12,New,Simple,NA,NA
L05-2,MA08,21,TRUE,f,3242004,24,New,Complex,1133,1465
L05-2,MA08,21,TRUE,r,3252547,15,New,Complex,1134,1466
L05-2,MA08,22,FALSE,r,3316799,0,New,Complex,NA,NA
L05-2,MA08,22,FALSE,f,3515914,23,New,Complex,NA,NA
L05-2,MA20,0,FALSE,r,118245,37,New,Complex,1137,NA
L05-2,MA20,0,FALSE,f,120262,41,New,Complex,1138,NA
L05-2,MA20,1,FALSE,r,135138,1,New,Simple,NA,NA
L05-2,MA20,1,FALSE,f,135125,1,New,Simple,NA,NA
L05-2,MA20,2,TRUE,f,484702,11,New,Simple,1139,NA
L05-2,MA20,2,TRUE,r,484690,11,New,Simple,1139,NA
L05-2,MA20,3,FALSE,r,847283,36,New,Complex,1141,2493
L05-2,MA20,3,FALSE,f,848736,43,New,Complex,1142,NA
L05-2,MA20,4,FALSE,r,879075,0,New,Complex,NA,NA
L05-2,MA20,4,TRUE,f,3242003,38,New,Complex,1179,2509
L05-2,MA20,5,FALSE,f,3230309,31,New,Complex,NA,NA
L05-2,MA20,5,FALSE,r,3230116,49,New,Complex,NA,NA
L05-2,MA20,6,TRUE,r,3131765,15,New,Simple,1177,NA
L05-2,MA20,6,TRUE,f,3131777,15,New,Simple,1177,NA
L05-2,MA20,7,TRUE,r,3023717,30,New,Complex,NA,NA
L05-2,MA20,7,FALSE,f,3316786,12,New,Complex,1175,NA
L05-2,MA20,8,FALSE,r,3356955,5,New,Simple,NA,NA
L05-2,MA20,8,FALSE,f,3356942,5,New,Simple,NA,NA
L05-2,MA20,9,FALSE,r,3510954,39,New,Complex,1174,NA
L05-2,MA20,9,TRUE,f,3012356,35,New,Complex,1173,2507
L05-2,MA20,10,FALSE,f,2668280,17,New,Complex,NA,NA
L05-2,MA20,10,FALSE,r,2668081,48,New,Complex,NA,NA
L05-2,MA20,11,TRUE,r,2585749,29,New,Complex,1172,NA
L05-2,MA20,11,TRUE,f,2560128,28,New,Complex,1171,2505
L05-2,MA20,12,FALSE,f,2407529,10,New,Simple,1169,NA
L05-2,MA20,12,FALSE,r,2407542,10,New,Simple,1169,NA
L05-2,MA20,13,TRUE,r,2275682,27,New,Complex,NA,NA
L05-2,MA20,13,TRUE,f,2275331,46,New,Complex,1167,NA
L05-2,MA20,14,FALSE,f,2178094,14,New,Complex,1166,NA
L05-2,MA20,14,FALSE,r,2176458,42,New,Complex,NA,NA
L05-2,MA20,15,TRUE,r,2147800,6,New,Simple,NA,NA
L05-2,MA20,15,TRUE,f,2147813,6,New,Simple,NA,NA
L05-2,MA20,16,TRUE,r,2099323,47,New,Complex,1164,NA
L05-2,MA20,16,TRUE,f,2098695,44,New,Complex,1163,2503
L05-2,MA20,17,FALSE,f,2077478,26,New,Complex,NA,NA
L05-2,MA20,17,FALSE,r,2066373,18,New,Complex,NA,NA
L05-2,MA20,18,TRUE,r,1990253,8,New,Complex,1162,NA
L05-2,MA20,18,TRUE,f,1978275,33,New,Complex,1157,2501
L05-2,MA20,19,TRUE,r,1959704,45,New,Complex,1156,NA
L05-2,MA20,19,FALSE,f,1275700,25,Preexisting,Complex,1155,2498
L05-2,MA20,20,FALSE,r,1347580,32,New,Complex,1153,NA
L05-2,MA20,20,FALSE,f,1360683,20,New,Complex,NA,NA
L05-2,MA20,21,FALSE,r,1626496,3,New,Simple,1151,NA
L05-2,MA20,21,FALSE,f,1626483,3,New,Simple,1151,NA
L05-2,MA20,22,FALSE,r,1724392,9,New,Simple,NA,NA
L05-2,MA20,22,FALSE,f,1724379,9,New,Simple,NA,NA
L05-2,MA20,23,FALSE,r,1853610,22,New,Complex,1150,2499
L05-2,MA20,23,FALSE,f,1902960,50,New,Complex,1149,2500
L05-2,MA20,24,TRUE,f,1948207,24,New,Complex,1147,NA
L05-2,MA20,24,TRUE,r,1948393,34,New,Complex,NA,NA
L05-2,MA20,25,TRUE,f,1960267,16,New,Complex,1146,NA
L05-2,MA20,25,FALSE,r,1272611,19,Preexisting,Complex,1145,2497
L05-2,MA20,26,FALSE,f,1174023,7,New,Simple,NA,NA
L05-2,MA20,26,FALSE,r,1174036,7,New,Simple,NA,NA
L05-2,MA20,27,FALSE,f,1066489,13,New,Simple,1144,NA
L05-2,MA20,27,FALSE,r,1066502,13,New,Simple,1144,NA
L05-2,MA20,28,TRUE,r,879324,23,New,Simple,NA,NA
L05-2,MA20,28,TRUE,f,879336,23,New,Simple,NA,NA
L05-2,MA20,29,FALSE,f,879061,0,New,Complex,NA,NA
L05-2,MA20,29,FALSE,r,3316798,12,New,Complex,1175,NA
L05-2,MA20,30,TRUE,r,3252546,21,New,Complex,1180,2510
L05-2,MA20,30,FALSE,f,3515914,40,New,Complex,1182,NA
L05-2,MA20,31,FALSE,r,3730462,4,New,Simple,NA,NA
L05-2,MA20,31,FALSE,f,3730449,4,New,Simple,NA,NA
L05-2,MA20,32,FALSE,r,3956395,2,New,Simple,NA,NA
L05-2,MA20,32,FALSE,f,3956382,2,New,Simple,NA,NA
L05-3,FACS,0,FALSE,r,847283,4,New,Simple,NA,425
L05-3,FACS,0,FALSE,f,847270,4,New,Simple,NA,425
L05-3,FACS,1,FALSE,r,1235803,2,New,Simple,NA,427
L05-3,FACS,1,FALSE,f,1235790,2,New,Simple,NA,427
L05-3,FACS,2,FALSE,r,1272612,5,Preexisting,Complex,NA,429
L05-3,FACS,2,FALSE,f,1275700,12,Preexisting,Complex,NA,430
L05-3,FACS,3,FALSE,r,1853610,9,New,Complex,NA,431
L05-3,FACS,3,FALSE,f,1902960,8,New,Complex,NA,432
L05-3,FACS,4,TRUE,f,1978276,1,New,Simple,NA,433
L05-3,FACS,4,TRUE,r,1978263,1,New,Simple,NA,433
L05-3,FACS,5,TRUE,f,2098696,14,New,Complex,NA,435
L05-3,FACS,5,TRUE,r,2098831,13,New,Complex,NA,436
L05-3,FACS,6,TRUE,f,2560129,3,New,Simple,NA,437
L05-3,FACS,6,TRUE,r,2560125,3,New,Simple,NA,437
L05-3,FACS,7,TRUE,f,3012357,6,New,Complex,NA,439
L05-3,FACS,7,TRUE,r,3012791,7,New,Complex,NA,440
L05-3,FACS,8,TRUE,f,3242004,11,New,Complex,NA,441
L05-3,FACS,8,TRUE,r,3252547,10,New,Complex,NA,442
L05-3,FACS,9,FALSE,r,3511765,0,New,Simple,NA,443
L05-3,FACS,9,FALSE,f,3511752,0,New,Simple,NA,443
L05-3,MA08,0,TRUE,f,48389,2,New,Simple,NA,NA
L05-3,MA08,0,TRUE,r,48376,2,New,Simple,NA,NA
L05-3,MA08,1,FALSE,r,447811,1,New,Simple,NA,NA
L05-3,MA08,1,FALSE,f,447798,1,New,Simple,NA,NA
L05-3,MA08,2,FALSE,r,847283,4,New,Simple,1183,1469
L05-3,MA08,2,FALSE,f,847270,4,New,Simple,1183,1469
L05-3,MA08,3,FALSE,r,1235803,3,New,Simple,1185,1471
L05-3,MA08,3,FALSE,f,1235790,3,New,Simple,1185,1471
L05-3,MA08,4,FALSE,r,1272612,25,Preexisting,Complex,1187,1473
L05-3,MA08,4,FALSE,f,1275700,11,Preexisting,Complex,1188,1474
L05-3,MA08,5,FALSE,r,1658341,12,New,Simple,NA,NA
L05-3,MA08,5,FALSE,f,1658328,12,New,Simple,NA,NA
L05-3,MA08,6,FALSE,r,1801690,14,New,Complex,NA,NA
L05-3,MA08,6,TRUE,f,1978275,20,New,Complex,1191,1477
L05-3,MA08,7,TRUE,r,1939064,15,New,Complex,NA,NA
L05-3,MA08,7,TRUE,f,1938438,26,New,Complex,NA,NA
L05-3,MA08,8,FALSE,f,1902959,19,New,Complex,1190,1476
L05-3,MA08,8,TRUE,r,2000090,16,New,Complex,NA,NA
L05-3,MA08,9,TRUE,f,2094776,24,New,Complex,NA,NA
L05-3,MA08,9,TRUE,r,2099277,18,New,Complex,NA,NA
L05-3,MA08,10,FALSE,r,2275496,5,New,Simple,NA,NA
L05-3,MA08,10,FALSE,f,2275483,5,New,Simple,NA,NA
L05-3,MA08,11,FALSE,r,2437849,6,New,Simple,NA,NA
L05-3,MA08,11,FALSE,f,2437836,6,New,Simple,NA,NA
L05-3,MA08,12,TRUE,f,2560129,21,New,Complex,1195,1481
L05-3,MA08,12,TRUE,r,2581601,27,New,Complex,NA,NA
L05-3,MA08,13,TRUE,f,3012357,13,New,Complex,1197,1483
L05-3,MA08,13,TRUE,r,3012791,17,New,Complex,1198,1484
L05-3,MA08,14,TRUE,f,3059529,10,New,Simple,NA,NA
L05-3,MA08,14,TRUE,r,3059517,10,New,Simple,NA,NA
L05-3,MA08,15,TRUE,f,3242004,22,New,Complex,1199,1485
L05-3,MA08,15,TRUE,r,3252547,8,New,Complex,1200,1486
L05-3,MA08,16,FALSE,r,3505850,23,New,Complex,NA,NA
L05-3,MA08,16,FALSE,f,3512685,7,New,Complex,NA,NA
L05-3,MA08,17,TRUE,f,3751747,9,New,Simple,NA,NA
L05-3,MA08,17,TRUE,r,3751735,9,New,Simple,NA,NA
L05-3,MA08,18,FALSE,r,3930675,0,New,Simple,NA,NA
L05-3,MA08,18,FALSE,f,3930662,0,New,Simple,NA,NA
L05-3,MA20,0,TRUE,f,48389,1,New,Simple,1203,NA
L05-3,MA20,0,TRUE,r,48376,1,New,Simple,1203,NA
L05-3,MA20,1,TRUE,f,105811,23,New,Complex,NA,NA
L05-3,MA20,1,TRUE,r,106018,36,New,Complex,NA,NA
L05-3,MA20,2,TRUE,f,137413,24,New,Complex,NA,NA
L05-3,MA20,2,TRUE,r,154028,25,New,Complex,NA,NA
L05-3,MA20,3,FALSE,r,447811,2,New,Simple,1205,NA
L05-3,MA20,3,FALSE,f,447798,2,New,Simple,1205,NA
L05-3,MA20,4,FALSE,r,847283,35,New,Complex,1207,2513
L05-3,MA20,4,FALSE,f,849054,33,New,Complex,NA,NA
L05-3,MA20,5,FALSE,r,1235803,28,New,Complex,1209,2515
L05-3,MA20,5,FALSE,f,1237152,34,New,Complex,NA,NA
L05-3,MA20,6,FALSE,r,1272612,7,Preexisting,Complex,1211,2517
L05-3,MA20,6,FALSE,f,1275700,6,Preexisting,Complex,1212,2518
L05-3,MA20,7,FALSE,r,1658341,12,New,Simple,1213,NA
L05-3,MA20,7,FALSE,f,1658328,12,New,Simple,1213,NA
L05-3,MA20,8,FALSE,r,1801690,29,New,Complex,1215,NA
L05-3,MA20,8,TRUE,f,1938438,19,New,Complex,1218,NA
L05-3,MA20,9,TRUE,r,1914144,31,New,Complex,NA,NA
L05-3,MA20,9,TRUE,f,1904042,18,New,Complex,NA,NA
L05-3,MA20,10,FALSE,f,1902959,17,New,Complex,1219,2520
L05-3,MA20,10,TRUE,r,2000090,21,New,Complex,1220,NA
L05-3,MA20,11,TRUE,f,2094776,30,New,Complex,1221,NA
L05-3,MA20,11,TRUE,r,2099277,16,New,Complex,1222,NA
L05-3,MA20,12,FALSE,r,2275496,32,New,Complex,1223,NA
L05-3,MA20,12,FALSE,f,2277725,22,New,Complex,NA,NA
L05-3,MA20,13,FALSE,r,2437849,5,New,Simple,1225,NA
L05-3,MA20,13,FALSE,f,2437836,5,New,Simple,1225,NA
L05-3,MA20,14,TRUE,f,2458082,4,New,Simple,NA,NA
L05-3,MA20,14,TRUE,r,2458069,4,New,Simple,NA,NA
L05-3,MA20,15,TRUE,f,2560129,11,New,Complex,1227,2525
L05-3,MA20,15,TRUE,r,2581601,27,New,Complex,1228,NA
L05-3,MA20,16,TRUE,f,3012357,20,New,Complex,1229,2527
L05-3,MA20,16,TRUE,r,3036925,10,New,Complex,NA,NA
L05-3,MA20,17,TRUE,f,3059529,13,New,Complex,1231,NA
L05-3,MA20,17,TRUE,r,3067403,8,New,Complex,NA,NA
L05-3,MA20,18,TRUE,f,3242004,26,New,Complex,1233,2529
L05-3,MA20,18,TRUE,r,3252547,9,New,Complex,1234,2530
L05-3,MA20,19,FALSE,r,3505850,14,New,Complex,1235,NA
L05-3,MA20,19,FALSE,f,3512685,15,New,Complex,1236,NA
L05-3,MA20,20,TRUE,f,3751747,3,New,Simple,1237,NA
L05-3,MA20,20,TRUE,r,3751735,3,New,Simple,1237,NA
L05-3,MA20,21,FALSE,r,3930675,0,New,Simple,1239,NA
L05-3,MA20,21,FALSE,f,3930662,0,New,Simple,1239,NA
L05-4,FACS,0,FALSE,r,847283,4,New,Simple,NA,445
L05-4,FACS,0,FALSE,f,847270,4,New,Simple,NA,445
L05-4,FACS,1,FALSE,r,1235415,15,New,Complex,NA,447
L05-4,FACS,1,FALSE,f,1235790,14,New,Complex,NA,448
L05-4,FACS,2,FALSE,r,1272612,2,Preexisting,Complex,NA,449
L05-4,FACS,2,FALSE,f,1275700,6,Preexisting,Complex,NA,450
L05-4,FACS,3,FALSE,r,1853610,9,New,Complex,NA,451
L05-4,FACS,3,FALSE,f,1902960,8,New,Complex,NA,452
L05-4,FACS,4,TRUE,f,1978276,1,New,Simple,NA,453
L05-4,FACS,4,TRUE,r,1978263,1,New,Simple,NA,453
L05-4,FACS,5,TRUE,f,2098696,7,New,Complex,NA,455
L05-4,FACS,5,TRUE,r,2098831,11,New,Complex,NA,456
L05-4,FACS,6,TRUE,f,2560129,3,New,Simple,NA,457
L05-4,FACS,6,TRUE,r,2560125,3,New,Simple,NA,457
L05-4,FACS,7,TRUE,f,3012357,13,New,Complex,NA,459
L05-4,FACS,7,TRUE,r,3012791,12,New,Complex,NA,460
L05-4,FACS,8,TRUE,f,3242004,5,New,Complex,NA,461
L05-4,FACS,8,TRUE,r,3252547,10,New,Complex,NA,462
L05-4,FACS,9,FALSE,r,3511765,0,New,Simple,NA,463
L05-4,FACS,9,FALSE,f,3511752,0,New,Simple,NA,463
L05-4,MA08,0,FALSE,r,378857,0,New,Complex,NA,NA
L05-4,MA08,0,FALSE,f,3210814,3,New,Complex,NA,NA
L05-4,MA08,1,TRUE,f,3242004,9,New,Complex,1257,1505
L05-4,MA08,1,FALSE,r,3210825,3,New,Complex,NA,NA
L05-4,MA08,2,TRUE,r,3036689,17,New,Complex,NA,NA
L05-4,MA08,2,TRUE,f,3012356,19,New,Complex,1255,1503
L05-4,MA08,3,TRUE,r,2933584,18,New,Complex,NA,NA
L05-4,MA08,3,TRUE,f,2932936,28,New,Complex,NA,NA
L05-4,MA08,4,TRUE,r,2561063,8,New,Complex,NA,NA
L05-4,MA08,4,TRUE,f,2560128,26,New,Complex,1253,1501
L05-4,MA08,5,FALSE,f,2333689,1,New,Simple,NA,NA
L05-4,MA08,5,FALSE,r,2333702,1,New,Simple,NA,NA
L05-4,MA08,6,TRUE,r,2147480,2,New,Simple,NA,NA
L05-4,MA08,6,TRUE,f,2147493,2,New,Simple,NA,NA
L05-4,MA08,7,TRUE,r,2098830,29,New,Complex,1252,1500
L05-4,MA08,7,TRUE,f,2098695,14,New,Complex,1251,1499
L05-4,MA08,8,TRUE,r,1978262,6,New,Simple,1249,1497
L05-4,MA08,8,TRUE,f,1978275,6,New,Simple,1249,1497
L05-4,MA08,9,TRUE,r,1912947,20,New,Complex,NA,NA
L05-4,MA08,9,FALSE,f,1902960,21,New,Complex,1248,1496
L05-4,MA08,10,TRUE,f,1910451,11,New,Simple,NA,NA
L05-4,MA08,10,TRUE,r,1910439,11,New,Simple,NA,NA
L05-4,MA08,11,TRUE,f,1978276,6,New,Simple,1249,1497
L05-4,MA08,11,FALSE,r,1851889,16,New,Complex,NA,NA
L05-4,MA08,12,FALSE,f,1813391,22,New,Complex,NA,NA
L05-4,MA08,12,FALSE,r,1851889,16,New,Complex,NA,NA
L05-4,MA08,13,FALSE,f,1813391,22,New,Complex,NA,NA
L05-4,MA08,13,FALSE,r,1811223,24,New,Complex,NA,NA
L05-4,MA08,14,FALSE,f,1275699,7,Preexisting,Complex,1246,1494
L05-4,MA08,14,FALSE,r,1272611,10,Preexisting,Complex,1245,1493
L05-4,MA08,15,FALSE,f,1236254,27,New,Complex,NA,NA
L05-4,MA08,15,FALSE,r,1235414,23,New,Complex,1243,1491
L05-4,MA08,16,TRUE,r,929323,5,New,Simple,NA,NA
L05-4,MA08,16,TRUE,f,929336,5,New,Simple,NA,NA
L05-4,MA08,17,FALSE,f,847269,4,New,Simple,1241,1489
L05-4,MA08,17,FALSE,r,847282,4,New,Simple,1241,1489
L05-4,MA08,18,TRUE,r,635481,13,New,Simple,NA,NA
L05-4,MA08,18,TRUE,f,635494,13,New,Simple,NA,NA
L05-4,MA08,19,TRUE,r,378843,0,New,Complex,NA,NA
L05-4,MA08,19,TRUE,f,3242003,9,New,Complex,1257,1505
L05-4,MA08,20,FALSE,f,3210813,3,New,Complex,NA,NA
L05-4,MA08,20,TRUE,r,3252547,15,New,Complex,1258,1506
L05-4,MA08,21,FALSE,r,3511387,25,New,Complex,NA,NA
L05-4,MA08,21,FALSE,f,3512873,12,New,Complex,NA,NA
L05-4,MA20,0,TRUE,f,120584,2,New,Simple,NA,NA
L05-4,MA20,0,TRUE,r,120571,2,New,Simple,NA,NA
L05-4,MA20,1,TRUE,f,384067,10,New,Simple,NA,NA
L05-4,MA20,1,TRUE,r,384055,10,New,Simple,NA,NA
L05-4,MA20,2,TRUE,f,454815,0,New,Simple,NA,NA
L05-4,MA20,2,TRUE,r,454801,0,New,Simple,NA,NA
L05-4,MA20,3,TRUE,f,635495,1,New,Simple,1297,NA
L05-4,MA20,3,TRUE,r,635482,1,New,Simple,1297,NA
L05-4,MA20,4,FALSE,r,847283,3,New,Simple,1295,2533
L05-4,MA20,4,FALSE,f,847270,3,New,Simple,1295,2533
L05-4,MA20,5,TRUE,f,929337,7,New,Simple,1293,NA
L05-4,MA20,5,TRUE,r,929324,7,New,Simple,1293,NA
L05-4,MA20,6,FALSE,r,1235415,24,New,Complex,1292,2535
L05-4,MA20,6,FALSE,f,1236255,40,New,Complex,1291,NA
L05-4,MA20,7,FALSE,r,1272612,8,Preexisting,Complex,1290,2537
L05-4,MA20,7,FALSE,f,1275700,31,Preexisting,Complex,1289,2538
L05-4,MA20,8,TRUE,f,1437185,5,New,Simple,NA,NA
L05-4,MA20,8,TRUE,r,1437172,5,New,Simple,NA,NA
L05-4,MA20,9,FALSE,r,1570384,35,New,Complex,NA,NA
L05-4,MA20,9,FALSE,f,1902960,32,New,Complex,1280,2540
L05-4,MA20,10,TRUE,f,1910451,11,New,Complex,1281,NA
L05-4,MA20,10,TRUE,r,1573709,29,New,Complex,NA,NA
L05-4,MA20,11,FALSE,r,1811224,37,New,Complex,1288,NA
L05-4,MA20,11,FALSE,f,1813392,26,New,Complex,1285,NA
L05-4,MA20,12,FALSE,r,1851890,39,New,Complex,1284,NA
L05-4,MA20,12,TRUE,f,2079349,38,New,Complex,NA,NA
L05-4,MA20,13,TRUE,r,1978262,4,New,Simple,1277,2541
L05-4,MA20,13,TRUE,f,1978275,4,New,Simple,1277,2541
L05-4,MA20,14,TRUE,r,1920758,43,New,Complex,NA,NA
L05-4,MA20,14,FALSE,f,1921225,42,New,Complex,NA,NA
L05-4,MA20,15,TRUE,f,1978276,4,New,Simple,1277,2541
L05-4,MA20,15,TRUE,r,2080969,30,New,Complex,NA,NA
L05-4,MA20,16,TRUE,f,2098696,41,New,Complex,1276,2543
L05-4,MA20,16,TRUE,r,2099510,36,New,Complex,NA,NA
L05-4,MA20,17,FALSE,r,2333703,15,New,Simple,1271,NA
L05-4,MA20,17,FALSE,f,2333690,15,New,Simple,1271,NA
L05-4,MA20,18,TRUE,f,2560129,28,New,Complex,1270,2545
L05-4,MA20,18,TRUE,r,2578643,27,New,Complex,NA,NA
L05-4,MA20,19,TRUE,f,2932937,20,New,Complex,1268,NA
L05-4,MA20,19,TRUE,r,2933585,34,New,Complex,1267,NA
L05-4,MA20,20,TRUE,f,3012357,25,New,Complex,1266,2547
L05-4,MA20,20,TRUE,r,3042432,17,New,Complex,NA,NA
L05-4,MA20,21,FALSE,r,3124686,12,New,Complex,NA,NA
L05-4,MA20,21,TRUE,f,1910450,11,New,Complex,1281,NA
L05-4,MA20,22,FALSE,f,1902959,32,New,Complex,1280,2540
L05-4,MA20,22,TRUE,r,3153128,22,New,Complex,NA,NA
L05-4,MA20,23,FALSE,r,3210826,19,New,Complex,1262,NA
L05-4,MA20,23,TRUE,f,3242003,14,New,Complex,1263,2549
L05-4,MA20,24,FALSE,f,3211886,13,New,Complex,NA,NA
L05-4,MA20,24,TRUE,r,3252692,18,New,Complex,NA,NA
L05-4,MA20,25,FALSE,r,3382638,33,New,Complex,NA,NA
L05-4,MA20,25,FALSE,f,1902960,32,New,Complex,1280,2540
L05-4,MA20,26,TRUE,f,1910451,11,New,Complex,1281,NA
L05-4,MA20,26,TRUE,r,3386438,23,New,Complex,NA,NA
L05-4,MA20,27,FALSE,r,3509376,16,New,Complex,NA,NA
L05-4,MA20,27,FALSE,f,3512873,9,New,Complex,1304,NA
L05-4,MA20,28,FALSE,r,3789768,6,New,Complex,NA,NA
L05-4,MA20,28,FALSE,f,1902960,32,New,Complex,1280,2540
L05-4,MA20,29,TRUE,f,1910451,11,New,Complex,1281,NA
L05-4,MA20,29,TRUE,r,3817464,21,New,Complex,NA,NA
L06-1,FACS,0,FALSE,r,442866,3,New,Simple,NA,465
L06-1,FACS,0,FALSE,f,442853,3,New,Simple,NA,465
L06-1,FACS,1,FALSE,r,880661,7,New,Complex,NA,467
L06-1,FACS,1,FALSE,f,884266,11,New,Complex,NA,468
L06-1,FACS,2,FALSE,r,1272612,5,Preexisting,Complex,NA,469
L06-1,FACS,2,FALSE,f,1275700,12,Preexisting,Complex,NA,470
L06-1,FACS,3,FALSE,r,1438014,13,New,Complex,NA,471
L06-1,FACS,3,FALSE,f,1438430,10,New,Complex,NA,472
L06-1,FACS,4,FALSE,r,1654820,4,New,Simple,NA,473
L06-1,FACS,4,FALSE,f,1654807,4,New,Simple,NA,473
L06-1,FACS,5,FALSE,r,2301624,2,New,Simple,NA,475
L06-1,FACS,5,FALSE,f,2301611,2,New,Simple,NA,475
L06-1,FACS,6,FALSE,r,3390253,8,New,Simple,NA,477
L06-1,FACS,6,FALSE,f,3390241,8,New,Simple,NA,477
L06-1,FACS,7,FALSE,r,3490615,1,New,Simple,NA,479
L06-1,FACS,7,FALSE,f,3490602,1,New,Simple,NA,479
L06-1,FACS,8,FALSE,r,3506504,0,New,Simple,NA,481
L06-1,FACS,8,FALSE,f,3506491,0,New,Simple,NA,481
L06-1,FACS,9,FALSE,r,3704727,9,New,Complex,NA,483
L06-1,FACS,9,FALSE,f,3730287,6,New,Complex,NA,484
L06-1,MA08,0,FALSE,r,310069,3,New,Simple,NA,NA
L06-1,MA08,0,FALSE,f,310056,3,New,Simple,NA,NA
L06-1,MA08,1,FALSE,r,411469,13,New,Complex,NA,NA
L06-1,MA08,1,TRUE,f,423143,9,New,Complex,NA,NA
L06-1,MA08,2,FALSE,f,411559,26,New,Complex,NA,NA
L06-1,MA08,2,TRUE,r,423131,9,New,Complex,NA,NA
L06-1,MA08,3,FALSE,r,442866,8,New,Simple,1305,1509
L06-1,MA08,3,FALSE,f,442853,8,New,Simple,1305,1509
L06-1,MA08,4,TRUE,f,501667,17,New,Complex,NA,NA
L06-1,MA08,4,FALSE,r,880660,15,New,Complex,1307,1511
L06-1,MA08,5,FALSE,f,772346,11,New,Simple,NA,NA
L06-1,MA08,5,FALSE,r,772358,11,New,Simple,NA,NA
L06-1,MA08,6,TRUE,r,502095,24,New,Complex,NA,NA
L06-1,MA08,6,FALSE,f,884266,22,New,Complex,1308,1512
L06-1,MA08,7,FALSE,r,1272612,23,Preexisting,Complex,1309,1513
L06-1,MA08,7,FALSE,f,1275700,18,Preexisting,Complex,1310,1514
L06-1,MA08,8,FALSE,r,1438014,25,New,Complex,1311,1515
L06-1,MA08,8,FALSE,f,1438430,14,New,Complex,1312,1516
L06-1,MA08,9,FALSE,r,1654820,7,New,Simple,1313,1517
L06-1,MA08,9,FALSE,f,1654807,7,New,Simple,1313,1517
L06-1,MA08,10,FALSE,r,2301624,4,New,Simple,1315,1519
L06-1,MA08,10,FALSE,f,2301611,4,New,Simple,1315,1519
L06-1,MA08,11,TRUE,f,2418776,0,New,Complex,NA,NA
L06-1,MA08,11,FALSE,r,3035174,21,New,Complex,NA,NA
L06-1,MA08,12,FALSE,f,2673689,2,New,Simple,NA,NA
L06-1,MA08,12,FALSE,r,2673702,2,New,Simple,NA,NA
L06-1,MA08,13,FALSE,f,2509059,5,New,Simple,NA,NA
L06-1,MA08,13,FALSE,r,2509072,5,New,Simple,NA,NA
L06-1,MA08,14,FALSE,f,2418762,0,New,Complex,NA,NA
L06-1,MA08,14,TRUE,r,3040806,12,New,Complex,NA,NA
L06-1,MA08,15,FALSE,r,3390253,6,New,Simple,1317,1521
L06-1,MA08,15,FALSE,f,3390241,6,New,Simple,1317,1521
L06-1,MA08,16,FALSE,r,3490615,1,New,Simple,1319,1523
L06-1,MA08,16,FALSE,f,3490602,1,New,Simple,1319,1523
L06-1,MA08,17,FALSE,r,3506504,20,New,Complex,1321,1525
L06-1,MA08,17,FALSE,f,3512367,10,New,Complex,NA,NA
L06-1,MA08,18,FALSE,r,3704727,16,New,Complex,1323,1527
L06-1,MA08,18,FALSE,f,3730287,19,New,Complex,1324,1528
L06-1,MA20,0,FALSE,r,307958,33,New,Complex,NA,NA
L06-1,MA20,0,FALSE,f,310056,32,New,Complex,1325,NA
L06-1,MA20,1,TRUE,f,350535,1,New,Complex,NA,NA
L06-1,MA20,1,FALSE,r,411468,26,New,Complex,1327,NA
L06-1,MA20,2,FALSE,f,350521,1,New,Complex,NA,NA
L06-1,MA20,2,TRUE,r,426441,27,New,Complex,NA,NA
L06-1,MA20,3,FALSE,r,442866,12,New,Simple,1331,2553
L06-1,MA20,3,FALSE,f,442853,12,New,Simple,1331,2553
L06-1,MA20,4,TRUE,f,501667,31,New,Complex,1333,NA
L06-1,MA20,4,FALSE,r,880660,22,New,Complex,1334,2555
L06-1,MA20,5,FALSE,f,848981,34,New,Complex,NA,NA
L06-1,MA20,5,FALSE,r,848195,15,New,Complex,NA,NA
L06-1,MA20,6,FALSE,f,773136,35,New,Complex,NA,NA
L06-1,MA20,6,FALSE,r,772359,24,New,Complex,1335,NA
L06-1,MA20,7,TRUE,r,502095,37,New,Complex,1337,NA
L06-1,MA20,7,FALSE,f,884266,30,New,Complex,1338,2556
L06-1,MA20,8,TRUE,f,1146434,8,New,Simple,NA,NA
L06-1,MA20,8,TRUE,r,1146421,8,New,Simple,NA,NA
L06-1,MA20,9,FALSE,r,1272612,7,Preexisting,Complex,1339,2557
L06-1,MA20,9,FALSE,f,1275700,13,Preexisting,Complex,1340,2558
L06-1,MA20,10,FALSE,r,1438014,38,New,Complex,1341,2559
L06-1,MA20,10,FALSE,f,1438430,19,New,Complex,1342,2560
L06-1,MA20,11,TRUE,f,1475028,9,New,Simple,NA,NA
L06-1,MA20,11,TRUE,r,1475015,9,New,Simple,NA,NA
L06-1,MA20,12,FALSE,r,1654820,6,New,Simple,1343,2561
L06-1,MA20,12,FALSE,f,1654807,6,New,Simple,1343,2561
L06-1,MA20,13,TRUE,f,2263494,4,New,Simple,NA,NA
L06-1,MA20,13,TRUE,r,2263481,4,New,Simple,NA,NA
L06-1,MA20,14,FALSE,r,2301623,25,New,Simple,1345,2563
L06-1,MA20,14,FALSE,f,2301611,25,New,Simple,1345,2563
L06-1,MA20,15,TRUE,f,2418776,11,New,Complex,1347,NA
L06-1,MA20,15,FALSE,r,3035174,29,New,Complex,1348,NA
L06-1,MA20,16,FALSE,f,2673689,5,New,Simple,1349,NA
L06-1,MA20,16,FALSE,r,2673702,5,New,Simple,1349,NA
L06-1,MA20,17,FALSE,f,2509059,0,New,Complex,1351,NA
L06-1,MA20,17,FALSE,r,3389747,36,New,Complex,NA,NA
L06-1,MA20,18,TRUE,r,3291731,3,New,Simple,NA,NA
L06-1,MA20,18,TRUE,f,3291744,3,New,Simple,NA,NA
L06-1,MA20,19,FALSE,f,3198809,14,New,Simple,NA,NA
L06-1,MA20,19,FALSE,r,3198821,14,New,Simple,NA,NA
L06-1,MA20,20,TRUE,r,3040805,21,New,Complex,1354,NA
L06-1,MA20,20,FALSE,f,2418763,11,New,Complex,1347,NA
L06-1,MA20,21,TRUE,f,2439012,16,New,Complex,NA,NA
L06-1,MA20,21,TRUE,r,2440023,17,New,Complex,NA,NA
L06-1,MA20,22,FALSE,r,2509073,0,New,Complex,1351,NA
L06-1,MA20,22,FALSE,f,3390241,20,New,Complex,1355,2565
L06-1,MA20,23,FALSE,r,3490615,2,New,Simple,1357,2567
L06-1,MA20,23,FALSE,f,3490602,2,New,Simple,1357,2567
L06-1,MA20,24,FALSE,r,3506504,28,New,Complex,1359,2569
L06-1,MA20,24,FALSE,f,3512367,10,New,Complex,1360,NA
L06-1,MA20,25,FALSE,r,3704727,23,New,Complex,1361,2571
L06-1,MA20,25,FALSE,f,3730287,18,New,Complex,1362,2572
L06-2,FACS,0,FALSE,r,442866,3,New,Simple,NA,485
L06-2,FACS,0,FALSE,f,442853,3,New,Simple,NA,485
L06-2,FACS,1,FALSE,r,880661,7,New,Complex,NA,487
L06-2,FACS,1,FALSE,f,884266,11,New,Complex,NA,488
L06-2,FACS,2,FALSE,r,1272612,5,Preexisting,Complex,NA,489
L06-2,FACS,2,FALSE,f,1275700,12,Preexisting,Complex,NA,490
L06-2,FACS,3,FALSE,r,1438014,13,New,Complex,NA,491
L06-2,FACS,3,FALSE,f,1438430,10,New,Complex,NA,492
L06-2,FACS,4,FALSE,r,1654820,4,New,Simple,NA,493
L06-2,FACS,4,FALSE,f,1654807,4,New,Simple,NA,493
L06-2,FACS,5,FALSE,r,2301624,2,New,Simple,NA,495
L06-2,FACS,5,FALSE,f,2301611,2,New,Simple,NA,495
L06-2,FACS,6,FALSE,r,3390253,8,New,Simple,NA,497
L06-2,FACS,6,FALSE,f,3390241,8,New,Simple,NA,497
L06-2,FACS,7,FALSE,r,3490615,1,New,Simple,NA,499
L06-2,FACS,7,FALSE,f,3490602,1,New,Simple,NA,499
L06-2,FACS,8,FALSE,r,3506504,0,New,Simple,NA,501
L06-2,FACS,8,FALSE,f,3506491,0,New,Simple,NA,501
L06-2,FACS,9,FALSE,r,3704727,9,New,Complex,NA,503
L06-2,FACS,9,FALSE,f,3730287,6,New,Complex,NA,504
L06-2,MA08,0,TRUE,f,76767,24,New,Complex,NA,NA
L06-2,MA08,0,TRUE,r,90732,25,New,Complex,NA,NA
L06-2,MA08,1,FALSE,r,442866,1,New,Simple,1363,1529
L06-2,MA08,1,FALSE,f,442853,1,New,Simple,1363,1529
L06-2,MA08,2,FALSE,r,880661,28,New,Complex,1365,1531
L06-2,MA08,2,FALSE,f,884266,29,New,Complex,1366,1532
L06-2,MA08,3,FALSE,r,1237175,18,New,Simple,NA,NA
L06-2,MA08,3,FALSE,f,1237163,18,New,Simple,NA,NA
L06-2,MA08,4,FALSE,r,1272612,14,Preexisting,Complex,1367,1533
L06-2,MA08,4,FALSE,f,1275700,11,Preexisting,Complex,1368,1534
L06-2,MA08,5,TRUE,f,1290397,7,New,Simple,NA,NA
L06-2,MA08,5,TRUE,r,1290384,7,New,Simple,NA,NA
L06-2,MA08,6,FALSE,r,1438014,34,New,Complex,1369,1535
L06-2,MA08,6,FALSE,f,1438430,31,New,Complex,1370,1536
L06-2,MA08,7,TRUE,f,1643248,26,New,Simple,NA,NA
L06-2,MA08,7,TRUE,r,1643235,26,New,Simple,NA,NA
L06-2,MA08,8,FALSE,r,1654196,32,New,Complex,NA,NA
L06-2,MA08,8,FALSE,f,1654807,35,New,Complex,1371,1537
L06-2,MA08,9,TRUE,f,1878073,36,New,Complex,NA,NA
L06-2,MA08,9,TRUE,r,1878345,23,New,Complex,NA,NA
L06-2,MA08,10,TRUE,f,2080214,13,New,Simple,NA,NA
L06-2,MA08,10,TRUE,r,2080201,13,New,Simple,NA,NA
L06-2,MA08,11,FALSE,r,2301624,15,New,Complex,1373,1539
L06-2,MA08,11,FALSE,f,2304127,20,New,Complex,NA,NA
L06-2,MA08,12,TRUE,f,2437428,10,New,Simple,NA,NA
L06-2,MA08,12,TRUE,r,2437415,10,New,Simple,NA,NA
L06-2,MA08,13,TRUE,f,2584592,12,New,Simple,NA,NA
L06-2,MA08,13,TRUE,r,2584579,12,New,Simple,NA,NA
L06-2,MA08,14,FALSE,r,2996431,6,New,Simple,NA,NA
L06-2,MA08,14,FALSE,f,2996418,6,New,Simple,NA,NA
L06-2,MA08,15,TRUE,f,3127433,3,New,Simple,NA,NA
L06-2,MA08,15,TRUE,r,3127420,3,New,Simple,NA,NA
L06-2,MA08,16,TRUE,f,3233535,27,New,Complex,NA,NA
L06-2,MA08,16,TRUE,r,3242350,33,New,Complex,NA,NA
L06-2,MA08,17,FALSE,r,3390253,8,New,Simple,1375,1541
L06-2,MA08,17,FALSE,f,3390241,8,New,Simple,1375,1541
L06-2,MA08,18,FALSE,r,3490615,5,New,Simple,1377,1543
L06-2,MA08,18,FALSE,f,3490602,5,New,Simple,1377,1543
L06-2,MA08,19,FALSE,r,3506504,17,New,Complex,1379,1545
L06-2,MA08,19,FALSE,f,3506877,22,New,Complex,NA,NA
L06-2,MA08,20,FALSE,r,3531254,4,New,Simple,NA,NA
L06-2,MA08,20,FALSE,f,3531241,4,New,Simple,NA,NA
L06-2,MA08,21,TRUE,f,3575150,2,New,Simple,NA,NA
L06-2,MA08,21,TRUE,r,3575137,2,New,Simple,NA,NA
L06-2,MA08,22,FALSE,r,3704727,21,New,Complex,1381,1547
L06-2,MA08,22,FALSE,f,3730287,19,New,Complex,1382,1548
L06-2,MA08,23,TRUE,f,3765685,9,New,Simple,NA,NA
L06-2,MA08,23,TRUE,r,3765673,9,New,Simple,NA,NA
L06-2,MA08,24,FALSE,r,3945585,0,New,Complex,NA,NA
L06-2,MA08,24,TRUE,f,3953360,16,New,Complex,NA,NA
L06-2,MA08,25,TRUE,r,3945571,0,New,Complex,NA,NA
L06-2,MA08,25,FALSE,f,3953895,30,New,Complex,NA,NA
L06-2,MA20,0,TRUE,f,76767,28,New,Complex,1383,NA
L06-2,MA20,0,TRUE,r,90732,29,New,Complex,1384,NA
L06-2,MA20,1,TRUE,f,161235,19,New,Simple,NA,NA
L06-2,MA20,1,TRUE,r,161223,19,New,Simple,NA,NA
L06-2,MA20,2,FALSE,r,442866,1,New,Simple,1385,2573
L06-2,MA20,2,FALSE,f,442853,1,New,Simple,1385,2573
L06-2,MA20,3,FALSE,r,874303,27,New,Complex,NA,NA
L06-2,MA20,3,FALSE,f,884266,31,New,Complex,1388,2576
L06-2,MA20,4,FALSE,r,1216674,30,New,Complex,NA,NA
L06-2,MA20,4,FALSE,f,1275700,13,Preexisting,Complex,1392,2578
L06-2,MA20,5,TRUE,f,1290397,12,New,Simple,1393,NA
L06-2,MA20,5,TRUE,r,1290384,12,New,Simple,1393,NA
L06-2,MA20,6,FALSE,r,1378452,9,New,Complex,NA,NA
L06-2,MA20,6,TRUE,f,1290396,12,New,Simple,1393,NA
L06-2,MA20,7,FALSE,f,1275699,13,Preexisting,Complex,1392,2578
L06-2,MA20,7,FALSE,r,1272611,17,Preexisting,Complex,1391,2577
L06-2,MA20,8,FALSE,f,1237162,26,New,Complex,1389,NA
L06-2,MA20,8,TRUE,r,1378439,9,New,Complex,NA,NA
L06-2,MA20,9,FALSE,r,1438014,39,New,Complex,1395,2579
L06-2,MA20,9,FALSE,f,1438430,35,New,Complex,1396,2580
L06-2,MA20,10,TRUE,f,1643248,14,New,Simple,1397,NA
L06-2,MA20,10,TRUE,r,1643235,14,New,Simple,1397,NA
L06-2,MA20,11,FALSE,r,1654196,38,New,Complex,1399,NA
L06-2,MA20,11,FALSE,f,1654807,37,New,Complex,1400,2581
L06-2,MA20,12,TRUE,f,1878073,41,New,Complex,1401,NA
L06-2,MA20,12,TRUE,r,1878345,21,New,Complex,1402,NA
L06-2,MA20,13,FALSE,r,2080214,18,New,Complex,1403,NA
L06-2,MA20,13,FALSE,f,2082619,33,New,Complex,NA,NA
L06-2,MA20,14,FALSE,r,2301624,36,New,Complex,1405,2583
L06-2,MA20,14,FALSE,f,2304127,23,New,Complex,1406,NA
L06-2,MA20,15,TRUE,f,2437428,10,New,Simple,1407,NA
L06-2,MA20,15,TRUE,r,2437415,10,New,Simple,1407,NA
L06-2,MA20,16,TRUE,f,2584592,5,New,Simple,1409,NA
L06-2,MA20,16,TRUE,r,2584579,5,New,Simple,1409,NA
L06-2,MA20,17,TRUE,f,2921847,0,New,Complex,NA,NA
L06-2,MA20,17,FALSE,r,2996430,8,New,Complex,1411,NA
L06-2,MA20,18,TRUE,r,2921833,0,New,Complex,NA,NA
L06-2,MA20,18,FALSE,f,2996418,8,New,Complex,1411,NA
L06-2,MA20,19,TRUE,f,3127433,34,New,Complex,1413,NA
L06-2,MA20,19,TRUE,r,3131572,25,New,Complex,NA,NA
L06-2,MA20,20,TRUE,f,3233535,32,New,Complex,1415,NA
L06-2,MA20,20,TRUE,r,3242350,15,New,Complex,1416,NA
L06-2,MA20,21,FALSE,r,3390253,3,New,Simple,1417,2585
L06-2,MA20,21,FALSE,f,3390241,3,New,Simple,1417,2585
L06-2,MA20,22,FALSE,r,3490615,6,New,Simple,1419,2587
L06-2,MA20,22,FALSE,f,3490602,6,New,Simple,1419,2587
L06-2,MA20,23,FALSE,r,3506504,40,New,Complex,1421,2589
L06-2,MA20,23,FALSE,f,3506877,16,New,Complex,1422,NA
L06-2,MA20,24,FALSE,r,3531254,2,New,Simple,1423,NA
L06-2,MA20,24,FALSE,f,3531241,2,New,Simple,1423,NA
L06-2,MA20,25,TRUE,f,3575150,4,New,Simple,1425,NA
L06-2,MA20,25,TRUE,r,3575137,4,New,Simple,1425,NA
L06-2,MA20,26,FALSE,r,3704727,24,New,Complex,1427,2591
L06-2,MA20,26,FALSE,f,3730287,22,New,Complex,1428,2592
L06-2,MA20,27,TRUE,f,3765685,11,New,Simple,1429,NA
L06-2,MA20,27,TRUE,r,3765673,11,New,Simple,1429,NA
L06-2,MA20,28,FALSE,r,3945585,7,New,Complex,1431,NA
L06-2,MA20,28,FALSE,f,3953895,20,New,Complex,1434,NA
L06-3,FACS,0,FALSE,r,442866,3,New,Simple,NA,505
L06-3,FACS,0,FALSE,f,442853,3,New,Simple,NA,505
L06-3,FACS,1,FALSE,r,880661,7,New,Complex,NA,507
L06-3,FACS,1,FALSE,f,884266,11,New,Complex,NA,508
L06-3,FACS,2,FALSE,r,1272612,5,Preexisting,Complex,NA,509
L06-3,FACS,2,FALSE,f,1275700,12,Preexisting,Complex,NA,510
L06-3,FACS,3,FALSE,r,1438014,13,New,Complex,NA,511
L06-3,FACS,3,FALSE,f,1438430,10,New,Complex,NA,512
L06-3,FACS,4,FALSE,r,1654820,4,New,Simple,NA,513
L06-3,FACS,4,FALSE,f,1654807,4,New,Simple,NA,513
L06-3,FACS,5,FALSE,r,2301624,2,New,Simple,NA,515
L06-3,FACS,5,FALSE,f,2301611,2,New,Simple,NA,515
L06-3,FACS,6,FALSE,r,3390253,8,New,Simple,NA,517
L06-3,FACS,6,FALSE,f,3390241,8,New,Simple,NA,517
L06-3,FACS,7,FALSE,r,3490615,1,New,Simple,NA,519
L06-3,FACS,7,FALSE,f,3490602,1,New,Simple,NA,519
L06-3,FACS,8,FALSE,r,3506504,0,New,Simple,NA,521
L06-3,FACS,8,FALSE,f,3506491,0,New,Simple,NA,521
L06-3,FACS,9,FALSE,r,3704727,9,New,Complex,NA,523
L06-3,FACS,9,FALSE,f,3730287,6,New,Complex,NA,524
L06-3,MA08,0,TRUE,f,398192,1,New,Simple,NA,NA
L06-3,MA08,0,TRUE,r,398179,1,New,Simple,NA,NA
L06-3,MA08,1,FALSE,r,442866,3,New,Simple,1435,1549
L06-3,MA08,1,FALSE,f,442853,3,New,Simple,1435,1549
L06-3,MA08,2,FALSE,r,879012,21,New,Complex,NA,NA
L06-3,MA08,2,TRUE,f,3134949,7,New,Complex,NA,NA
L06-3,MA08,3,TRUE,r,3016413,2,New,Simple,NA,NA
L06-3,MA08,3,TRUE,f,3016426,2,New,Simple,NA,NA
L06-3,MA08,4,TRUE,r,2548128,5,New,Simple,NA,NA
L06-3,MA08,4,TRUE,f,2548140,5,New,Simple,NA,NA
L06-3,MA08,5,TRUE,r,2422495,6,New,Simple,NA,NA
L06-3,MA08,5,TRUE,f,2422508,6,New,Simple,NA,NA
L06-3,MA08,6,TRUE,r,2383258,15,New,Complex,NA,NA
L06-3,MA08,6,TRUE,f,2362635,20,New,Complex,NA,NA
L06-3,MA08,7,FALSE,f,2301610,27,New,Complex,1445,1559
L06-3,MA08,7,FALSE,r,2286070,22,New,Complex,NA,NA
L06-3,MA08,8,TRUE,r,2154239,10,New,Complex,NA,NA
L06-3,MA08,8,TRUE,f,2151664,28,New,Complex,NA,NA
L06-3,MA08,9,FALSE,f,1855688,4,New,Simple,NA,NA
L06-3,MA08,9,FALSE,r,1855701,4,New,Simple,NA,NA
L06-3,MA08,10,FALSE,f,1654807,12,New,Simple,1443,1557
L06-3,MA08,10,FALSE,r,1654819,12,New,Simple,1443,1557
L06-3,MA08,11,TRUE,r,1588196,23,New,Complex,NA,NA
L06-3,MA08,11,TRUE,f,1576751,24,New,Complex,NA,NA
L06-3,MA08,12,FALSE,f,1438429,18,New,Complex,1442,1556
L06-3,MA08,12,FALSE,r,1438013,29,New,Complex,1441,1555
L06-3,MA08,13,FALSE,f,1275699,16,Preexisting,Complex,1440,1554
L06-3,MA08,13,FALSE,r,1272611,26,Preexisting,Complex,1439,1553
L06-3,MA08,14,FALSE,f,884265,25,New,Complex,1438,1552
L06-3,MA08,14,TRUE,r,3134937,7,New,Complex,NA,NA
L06-3,MA08,15,FALSE,r,3182992,14,New,Simple,NA,NA
L06-3,MA08,15,FALSE,f,3182980,14,New,Simple,NA,NA
L06-3,MA08,16,FALSE,r,3383864,11,New,Complex,NA,NA
L06-3,MA08,16,FALSE,f,3390241,17,New,Complex,1447,1561
L06-3,MA08,17,FALSE,r,3490615,0,New,Simple,1449,1563
L06-3,MA08,17,FALSE,f,3490602,0,New,Simple,1449,1563
L06-3,MA08,18,FALSE,r,3506504,13,New,Complex,1451,1565
L06-3,MA08,18,FALSE,f,3506944,19,New,Complex,NA,NA
L06-3,MA08,19,FALSE,r,3704727,9,New,Complex,1453,1567
L06-3,MA08,19,FALSE,f,3730287,8,New,Complex,1454,1568
L06-3,MA20,0,TRUE,f,398192,29,New,Complex,1455,NA
L06-3,MA20,0,TRUE,r,436367,33,New,Complex,NA,NA
L06-3,MA20,1,FALSE,r,442866,0,New,Simple,1457,2593
L06-3,MA20,1,FALSE,f,442853,0,New,Simple,1457,2593
L06-3,MA20,2,TRUE,f,502972,1,New,Simple,NA,NA
L06-3,MA20,2,TRUE,r,502959,1,New,Simple,NA,NA
L06-3,MA20,3,TRUE,f,701583,4,New,Simple,NA,NA
L06-3,MA20,3,TRUE,r,701570,4,New,Simple,NA,NA
L06-3,MA20,4,FALSE,r,879715,31,New,Complex,NA,NA
L06-3,MA20,4,TRUE,f,3134949,9,New,Complex,1460,NA
L06-3,MA20,5,TRUE,r,3016413,6,New,Simple,1461,NA
L06-3,MA20,5,TRUE,f,3016426,6,New,Simple,1461,NA
L06-3,MA20,6,FALSE,f,2795031,10,New,Simple,NA,NA
L06-3,MA20,6,FALSE,r,2795044,10,New,Simple,NA,NA
L06-3,MA20,7,TRUE,r,2702866,3,New,Complex,NA,NA
L06-3,MA20,7,TRUE,f,2548140,8,New,Complex,1463,NA
L06-3,MA20,8,TRUE,r,2383258,21,New,Complex,1467,NA
L06-3,MA20,8,TRUE,f,2362635,23,New,Complex,1468,NA
L06-3,MA20,9,FALSE,f,2301610,27,New,Complex,1469,2603
L06-3,MA20,9,FALSE,r,2702879,3,New,Complex,NA,NA
L06-3,MA20,10,TRUE,r,2548321,34,New,Complex,NA,NA
L06-3,MA20,10,TRUE,f,2548140,8,New,Complex,1463,NA
L06-3,MA20,11,TRUE,r,2383258,21,New,Complex,1467,NA
L06-3,MA20,11,TRUE,f,2315713,20,New,Complex,NA,NA
L06-3,MA20,12,FALSE,f,2301610,27,New,Complex,1469,2603
L06-3,MA20,12,FALSE,r,2284621,25,New,Complex,NA,NA
L06-3,MA20,13,TRUE,r,2154239,35,New,Complex,1471,NA
L06-3,MA20,13,TRUE,f,2151664,16,New,Complex,1472,NA
L06-3,MA20,14,FALSE,f,1855688,5,New,Simple,1473,NA
L06-3,MA20,14,FALSE,r,1855701,5,New,Simple,1473,NA
L06-3,MA20,15,FALSE,f,1654806,24,New,Complex,1475,2601
L06-3,MA20,15,FALSE,r,1654626,38,New,Complex,NA,NA
L06-3,MA20,16,TRUE,r,1588196,11,New,Complex,1477,NA
L06-3,MA20,16,TRUE,f,1576751,28,New,Complex,1478,NA
L06-3,MA20,17,FALSE,f,1438429,30,New,Complex,1479,2600
L06-3,MA20,17,FALSE,r,1438013,36,New,Complex,1480,2599
L06-3,MA20,18,FALSE,f,1275699,12,Preexisting,Complex,1481,2598
L06-3,MA20,18,FALSE,r,1272611,7,Preexisting,Complex,1482,2597
L06-3,MA20,19,FALSE,f,884265,32,New,Complex,1483,2596
L06-3,MA20,19,TRUE,r,3134937,9,New,Complex,1460,NA
L06-3,MA20,20,FALSE,r,3182992,13,New,Simple,1485,NA
L06-3,MA20,20,FALSE,f,3182980,13,New,Simple,1485,NA
L06-3,MA20,21,FALSE,r,3383864,15,New,Complex,1487,NA
L06-3,MA20,21,FALSE,f,3390241,19,New,Complex,1488,2605
L06-3,MA20,22,TRUE,f,3459977,14,New,Complex,NA,NA
L06-3,MA20,22,TRUE,r,3470183,37,New,Complex,NA,NA
L06-3,MA20,23,FALSE,r,3490615,2,New,Simple,1489,2607
L06-3,MA20,23,FALSE,f,3490602,2,New,Simple,1489,2607
L06-3,MA20,24,FALSE,r,3506504,17,New,Complex,1491,2609
L06-3,MA20,24,FALSE,f,3506944,26,New,Complex,1492,NA
L06-3,MA20,25,FALSE,r,3704727,22,New,Complex,1493,2611
L06-3,MA20,25,FALSE,f,3730287,18,New,Complex,1494,2612
L06-4,FACS,0,FALSE,r,442866,3,New,Simple,NA,525
L06-4,FACS,0,FALSE,f,442853,3,New,Simple,NA,525
L06-4,FACS,1,FALSE,r,880661,7,New,Complex,NA,527
L06-4,FACS,1,FALSE,f,884266,11,New,Complex,NA,528
L06-4,FACS,2,FALSE,r,1272612,5,Preexisting,Complex,NA,529
L06-4,FACS,2,FALSE,f,1275700,12,Preexisting,Complex,NA,530
L06-4,FACS,3,FALSE,r,1438014,13,New,Complex,NA,531
L06-4,FACS,3,FALSE,f,1438430,10,New,Complex,NA,532
L06-4,FACS,4,FALSE,r,1654820,4,New,Simple,NA,533
L06-4,FACS,4,FALSE,f,1654807,4,New,Simple,NA,533
L06-4,FACS,5,FALSE,r,2301624,2,New,Simple,NA,535
L06-4,FACS,5,FALSE,f,2301611,2,New,Simple,NA,535
L06-4,FACS,6,FALSE,r,3390253,8,New,Simple,NA,537
L06-4,FACS,6,FALSE,f,3390241,8,New,Simple,NA,537
L06-4,FACS,7,FALSE,r,3490615,1,New,Simple,NA,539
L06-4,FACS,7,FALSE,f,3490602,1,New,Simple,NA,539
L06-4,FACS,8,FALSE,r,3506504,0,New,Simple,NA,541
L06-4,FACS,8,FALSE,f,3506491,0,New,Simple,NA,541
L06-4,FACS,9,FALSE,r,3704727,9,New,Complex,NA,543
L06-4,FACS,9,FALSE,f,3730287,6,New,Complex,NA,544
L06-4,MA08,0,TRUE,f,305947,25,New,Complex,NA,NA
L06-4,MA08,0,TRUE,r,321103,22,New,Complex,NA,NA
L06-4,MA08,1,TRUE,f,437198,20,New,Complex,NA,NA
L06-4,MA08,1,TRUE,r,442853,24,New,Complex,1495,1569
L06-4,MA08,2,FALSE,r,880661,21,New,Complex,1497,1571
L06-4,MA08,2,FALSE,f,884266,26,New,Complex,1498,1572
L06-4,MA08,3,TRUE,f,1151498,13,New,Simple,NA,NA
L06-4,MA08,3,TRUE,r,1151485,13,New,Simple,NA,NA
L06-4,MA08,4,FALSE,r,1272612,27,Preexisting,Complex,1499,1573
L06-4,MA08,4,FALSE,f,1291921,29,New,Complex,NA,NA
L06-4,MA08,5,FALSE,r,1438014,14,New,Complex,1501,1575
L06-4,MA08,5,FALSE,f,1438430,17,New,Complex,1502,1576
L06-4,MA08,6,FALSE,r,1654820,7,New,Simple,1503,1577
L06-4,MA08,6,FALSE,f,1654807,7,New,Simple,1503,1577
L06-4,MA08,7,TRUE,f,1920207,23,New,Simple,NA,NA
L06-4,MA08,7,TRUE,r,1920194,23,New,Simple,NA,NA
L06-4,MA08,8,FALSE,r,2301624,0,New,Complex,1505,1579
L06-4,MA08,8,TRUE,f,2488408,8,New,Complex,NA,NA
L06-4,MA08,9,FALSE,f,2347785,10,New,Simple,NA,NA
L06-4,MA08,9,FALSE,r,2347798,10,New,Simple,NA,NA
L06-4,MA08,10,FALSE,f,2301610,0,New,Complex,1505,1579
L06-4,MA08,10,TRUE,r,2488396,8,New,Complex,NA,NA
L06-4,MA08,11,FALSE,r,3163118,15,New,Simple,NA,NA
L06-4,MA08,11,FALSE,f,3163106,15,New,Simple,NA,NA
L06-4,MA08,12,FALSE,r,3241202,3,New,Simple,NA,NA
L06-4,MA08,12,FALSE,f,3241189,3,New,Simple,NA,NA
L06-4,MA08,13,FALSE,r,3286230,11,New,Simple,NA,NA
L06-4,MA08,13,FALSE,f,3286217,11,New,Simple,NA,NA
L06-4,MA08,14,TRUE,f,3376773,5,New,Simple,NA,NA
L06-4,MA08,14,TRUE,r,3376760,5,New,Simple,NA,NA
L06-4,MA08,15,FALSE,r,3390253,28,New,Simple,1507,1581
L06-4,MA08,15,FALSE,f,3390241,28,New,Simple,1507,1581
L06-4,MA08,16,FALSE,r,3490615,4,New,Simple,1509,1583
L06-4,MA08,16,FALSE,f,3490602,4,New,Simple,1509,1583
L06-4,MA08,17,FALSE,r,3506504,12,New,Complex,1511,1585
L06-4,MA08,17,FALSE,f,3511808,19,New,Complex,NA,NA
L06-4,MA08,18,TRUE,f,3701913,6,New,Simple,NA,NA
L06-4,MA08,18,TRUE,r,3701900,6,New,Simple,NA,NA
L06-4,MA08,19,FALSE,r,3704727,18,New,Complex,1513,1587
L06-4,MA08,19,FALSE,f,3732738,9,New,Complex,NA,NA
L06-4,MA08,20,TRUE,f,3772127,1,New,Simple,NA,NA
L06-4,MA08,20,TRUE,r,3772114,1,New,Simple,NA,NA
L06-4,MA08,21,FALSE,r,3866707,2,New,Simple,NA,NA
L06-4,MA08,21,FALSE,f,3866694,2,New,Simple,NA,NA
L06-4,MA20,0,TRUE,f,305947,23,New,Complex,1515,NA
L06-4,MA20,0,TRUE,r,321103,24,New,Complex,1516,NA
L06-4,MA20,1,TRUE,f,437198,0,New,Complex,1517,NA
L06-4,MA20,1,FALSE,r,880660,17,New,Complex,1519,2615
L06-4,MA20,2,FALSE,f,442852,6,New,Simple,1518,2613
L06-4,MA20,2,FALSE,r,442865,6,New,Simple,1518,2613
L06-4,MA20,3,TRUE,r,437184,0,New,Complex,1517,NA
L06-4,MA20,3,FALSE,f,884266,29,New,Complex,1520,2616
L06-4,MA20,4,FALSE,r,1081833,8,New,Simple,NA,NA
L06-4,MA20,4,FALSE,f,1081820,8,New,Simple,NA,NA
L06-4,MA20,5,TRUE,f,1151498,18,New,Simple,1521,NA
L06-4,MA20,5,TRUE,r,1151485,18,New,Simple,1521,NA
L06-4,MA20,6,FALSE,r,1272612,14,Preexisting,Complex,1523,2617
L06-4,MA20,6,FALSE,f,1291921,27,New,Complex,1524,NA
L06-4,MA20,7,FALSE,r,1438014,31,New,Complex,1525,2619
L06-4,MA20,7,FALSE,f,1438430,21,New,Complex,1526,2620
L06-4,MA20,8,FALSE,r,1654820,11,New,Simple,1527,2621
L06-4,MA20,8,FALSE,f,1654807,11,New,Simple,1527,2621
L06-4,MA20,9,TRUE,f,1920207,10,New,Simple,1529,NA
L06-4,MA20,9,TRUE,r,1920194,10,New,Simple,1529,NA
L06-4,MA20,10,FALSE,r,2149275,26,New,Simple,NA,NA
L06-4,MA20,10,FALSE,f,2149262,26,New,Simple,NA,NA
L06-4,MA20,11,TRUE,f,2162276,13,New,Simple,NA,NA
L06-4,MA20,11,TRUE,r,2162264,13,New,Simple,NA,NA
L06-4,MA20,12,FALSE,r,2301624,1,New,Complex,1531,2623
L06-4,MA20,12,TRUE,f,2488408,19,New,Complex,1532,NA
L06-4,MA20,13,FALSE,f,2347785,3,New,Simple,1533,NA
L06-4,MA20,13,FALSE,r,2347798,3,New,Simple,1533,NA
L06-4,MA20,14,FALSE,f,2301610,1,New,Complex,1531,2623
L06-4,MA20,14,TRUE,r,2488396,19,New,Complex,1532,NA
L06-4,MA20,15,FALSE,r,3163118,7,New,Simple,1537,NA
L06-4,MA20,15,FALSE,f,3163106,7,New,Simple,1537,NA
L06-4,MA20,16,FALSE,r,3241202,9,New,Simple,1539,NA
L06-4,MA20,16,FALSE,f,3241189,9,New,Simple,1539,NA
L06-4,MA20,17,FALSE,r,3286230,25,New,Simple,1541,NA
L06-4,MA20,17,FALSE,f,3286217,25,New,Simple,1541,NA
L06-4,MA20,18,FALSE,r,3358188,4,New,Simple,NA,NA
L06-4,MA20,18,FALSE,f,3358175,4,New,Simple,NA,NA
L06-4,MA20,19,TRUE,f,3376773,12,New,Simple,1543,NA
L06-4,MA20,19,TRUE,r,3376760,12,New,Simple,1543,NA
L06-4,MA20,20,FALSE,r,3390253,22,New,Simple,1545,2625
L06-4,MA20,20,FALSE,f,3390241,22,New,Simple,1545,2625
L06-4,MA20,21,FALSE,r,3490615,5,New,Simple,1547,2627
L06-4,MA20,21,FALSE,f,3490602,5,New,Simple,1547,2627
L06-4,MA20,22,FALSE,r,3506504,28,New,Complex,1549,2629
L06-4,MA20,22,FALSE,f,3511808,20,New,Complex,1550,NA
L06-4,MA20,23,TRUE,f,3701913,30,New,Complex,1551,NA
L06-4,MA20,23,TRUE,r,3784694,15,New,Complex,NA,NA
L06-4,MA20,24,FALSE,r,3866707,2,New,Simple,1557,NA
L06-4,MA20,24,FALSE,f,3866694,2,New,Simple,1557,NA
L07-1,FACS,0,TRUE,f,33500,0,New,Simple,NA,545
L07-1,FACS,0,TRUE,r,33487,0,New,Simple,NA,545
L07-1,FACS,1,TRUE,f,847509,9,New,Complex,NA,547
L07-1,FACS,1,TRUE,r,848937,17,New,Complex,NA,548
L07-1,FACS,2,FALSE,r,1066751,11,New,Simple,NA,549
L07-1,FACS,2,FALSE,f,1066738,11,New,Simple,NA,549
L07-1,FACS,3,FALSE,r,1272612,7,Preexisting,Complex,NA,551
L07-1,FACS,3,FALSE,f,1275700,16,Preexisting,Complex,NA,552
L07-1,FACS,4,FALSE,r,1295667,3,New,Simple,NA,553
L07-1,FACS,4,FALSE,f,1295654,3,New,Simple,NA,553
L07-1,FACS,5,FALSE,r,1844429,13,New,Complex,NA,555
L07-1,FACS,5,FALSE,f,1865725,8,New,Complex,NA,556
L07-1,FACS,6,TRUE,f,2125582,12,New,Simple,NA,557
L07-1,FACS,6,TRUE,r,2125569,12,New,Simple,NA,557
L07-1,FACS,7,FALSE,r,2151052,6,New,Simple,NA,559
L07-1,FACS,7,FALSE,f,2151039,6,New,Simple,NA,559
L07-1,FACS,8,TRUE,f,2346376,10,New,Simple,NA,561
L07-1,FACS,8,TRUE,r,2346363,10,New,Simple,NA,561
L07-1,FACS,9,FALSE,r,2429285,4,New,Simple,NA,563
L07-1,FACS,9,FALSE,f,2429272,4,New,Simple,NA,563
L07-1,FACS,10,TRUE,f,2980768,5,New,Simple,NA,565
L07-1,FACS,10,TRUE,r,2980755,5,New,Simple,NA,565
L07-1,FACS,11,FALSE,r,3012261,15,New,Complex,NA,567
L07-1,FACS,11,FALSE,f,3023712,14,New,Complex,NA,568
L07-1,FACS,12,TRUE,f,3576806,2,New,Simple,NA,569
L07-1,FACS,12,TRUE,r,3576793,2,New,Simple,NA,569
L07-1,FACS,13,FALSE,r,3795950,1,New,Simple,NA,571
L07-1,FACS,13,FALSE,f,3795937,1,New,Simple,NA,571
L07-1,MA08,0,TRUE,f,33500,0,New,Simple,1559,1589
L07-1,MA08,0,TRUE,r,33487,0,New,Simple,1559,1589
L07-1,MA08,1,FALSE,r,160983,2,New,Simple,NA,NA
L07-1,MA08,1,FALSE,f,160970,2,New,Simple,NA,NA
L07-1,MA08,2,TRUE,f,847509,21,New,Complex,1561,1591
L07-1,MA08,2,TRUE,r,848937,22,New,Complex,1562,1592
L07-1,MA08,3,FALSE,r,1066751,5,New,Simple,1563,1593
L07-1,MA08,3,FALSE,f,1066738,5,New,Simple,1563,1593
L07-1,MA08,4,FALSE,r,1272612,19,Preexisting,Complex,1565,1595
L07-1,MA08,4,FALSE,f,1275700,8,Preexisting,Complex,1566,1596
L07-1,MA08,5,FALSE,r,1295119,23,New,Complex,NA,NA
L07-1,MA08,5,FALSE,f,1295654,24,New,Complex,1567,1597
L07-1,MA08,6,FALSE,r,1475307,9,New,Simple,NA,NA
L07-1,MA08,6,FALSE,f,1475294,9,New,Simple,NA,NA
L07-1,MA08,7,FALSE,r,1844429,16,New,Complex,1569,1599
L07-1,MA08,7,FALSE,f,1865725,13,New,Complex,1570,1600
L07-1,MA08,8,TRUE,f,2124642,20,New,Complex,NA,NA
L07-1,MA08,8,TRUE,r,2126514,12,New,Complex,NA,NA
L07-1,MA08,9,FALSE,r,2150759,11,New,Complex,NA,NA
L07-1,MA08,9,FALSE,f,2151039,15,New,Complex,1573,1603
L07-1,MA08,10,TRUE,f,2346376,10,New,Complex,1575,1605
L07-1,MA08,10,TRUE,r,2347863,17,New,Complex,NA,NA
L07-1,MA08,11,FALSE,r,2429285,4,New,Simple,1577,1607
L07-1,MA08,11,FALSE,f,2429272,4,New,Simple,1577,1607
L07-1,MA08,12,TRUE,f,2980768,14,New,Simple,1579,1609
L07-1,MA08,12,TRUE,r,2980755,14,New,Simple,1579,1609
L07-1,MA08,13,FALSE,r,3012261,18,New,Complex,1581,1611
L07-1,MA08,13,FALSE,f,3023712,7,New,Complex,1582,1612
L07-1,MA08,14,FALSE,r,3351525,6,New,Simple,NA,NA
L07-1,MA08,14,FALSE,f,3351512,6,New,Simple,NA,NA
L07-1,MA08,15,TRUE,f,3576806,3,New,Simple,1583,1613
L07-1,MA08,15,TRUE,r,3576793,3,New,Simple,1583,1613
L07-1,MA08,16,FALSE,r,3795950,1,New,Simple,1585,1615
L07-1,MA08,16,FALSE,f,3795937,1,New,Simple,1585,1615
L07-1,MA20,0,TRUE,f,33500,1,New,Simple,1587,2633
L07-1,MA20,0,TRUE,r,33487,1,New,Simple,1587,2633
L07-1,MA20,1,FALSE,r,160983,2,New,Simple,1589,NA
L07-1,MA20,1,FALSE,f,160970,2,New,Simple,1589,NA
L07-1,MA20,2,TRUE,f,847509,13,New,Complex,1591,2635
L07-1,MA20,2,TRUE,r,848937,24,New,Complex,1592,2636
L07-1,MA20,3,FALSE,r,1066751,5,New,Simple,1593,2637
L07-1,MA20,3,FALSE,f,1066738,5,New,Simple,1593,2637
L07-1,MA20,4,FALSE,r,1272612,10,Preexisting,Complex,1595,2639
L07-1,MA20,4,FALSE,f,1275700,8,Preexisting,Complex,1596,2640
L07-1,MA20,5,FALSE,r,1288396,20,New,Complex,NA,NA
L07-1,MA20,5,FALSE,f,1295654,16,New,Complex,1598,2641
L07-1,MA20,6,FALSE,r,1475307,9,New,Simple,1599,NA
L07-1,MA20,6,FALSE,f,1475295,9,New,Simple,1599,NA
L07-1,MA20,7,FALSE,r,1844429,17,New,Complex,1601,2643
L07-1,MA20,7,FALSE,f,1865725,14,New,Complex,1602,2644
L07-1,MA20,8,TRUE,f,2124642,22,New,Complex,1603,NA
L07-1,MA20,8,TRUE,r,2126514,25,New,Complex,1604,NA
L07-1,MA20,9,FALSE,r,2150759,12,New,Complex,1605,NA
L07-1,MA20,9,FALSE,f,2151039,23,New,Complex,1606,2647
L07-1,MA20,10,TRUE,f,2346376,11,New,Complex,1607,2649
L07-1,MA20,10,TRUE,r,2347863,21,New,Complex,1608,NA
L07-1,MA20,11,FALSE,r,2429285,4,New,Simple,1609,2651
L07-1,MA20,11,FALSE,f,2429272,4,New,Simple,1609,2651
L07-1,MA20,12,FALSE,r,2926325,0,New,Complex,NA,NA
L07-1,MA20,12,TRUE,f,2980767,15,New,Complex,1611,2653
L07-1,MA20,13,FALSE,f,2926310,0,New,Complex,NA,NA
L07-1,MA20,13,TRUE,r,2980755,15,New,Complex,1611,2653
L07-1,MA20,14,FALSE,r,3012261,19,New,Complex,1613,2655
L07-1,MA20,14,FALSE,f,3023712,18,New,Complex,1614,2656
L07-1,MA20,15,FALSE,r,3351525,6,New,Simple,1615,NA
L07-1,MA20,15,FALSE,f,3351512,6,New,Simple,1615,NA
L07-1,MA20,16,TRUE,f,3576806,7,New,Simple,1617,2657
L07-1,MA20,16,TRUE,r,3576793,7,New,Simple,1617,2657
L07-1,MA20,17,FALSE,r,3795950,3,New,Simple,1619,2659
L07-1,MA20,17,FALSE,f,3795937,3,New,Simple,1619,2659
L07-2,FACS,0,TRUE,f,33500,0,New,Simple,NA,573
L07-2,FACS,0,TRUE,r,33487,0,New,Simple,NA,573
L07-2,FACS,1,TRUE,f,847509,9,New,Complex,NA,575
L07-2,FACS,1,TRUE,r,848937,17,New,Complex,NA,576
L07-2,FACS,2,FALSE,r,1066751,11,New,Simple,NA,577
L07-2,FACS,2,FALSE,f,1066738,11,New,Simple,NA,577
L07-2,FACS,3,FALSE,r,1272612,7,Preexisting,Complex,NA,579
L07-2,FACS,3,FALSE,f,1275700,16,Preexisting,Complex,NA,580
L07-2,FACS,4,FALSE,r,1295667,3,New,Simple,NA,581
L07-2,FACS,4,FALSE,f,1295654,3,New,Simple,NA,581
L07-2,FACS,5,FALSE,r,1844429,13,New,Complex,NA,583
L07-2,FACS,5,FALSE,f,1865725,8,New,Complex,NA,584
L07-2,FACS,6,TRUE,f,2125582,12,New,Simple,NA,585
L07-2,FACS,6,TRUE,r,2125569,12,New,Simple,NA,585
L07-2,FACS,7,FALSE,r,2151052,6,New,Simple,NA,587
L07-2,FACS,7,FALSE,f,2151039,6,New,Simple,NA,587
L07-2,FACS,8,TRUE,f,2346376,10,New,Simple,NA,589
L07-2,FACS,8,TRUE,r,2346363,10,New,Simple,NA,589
L07-2,FACS,9,FALSE,r,2429285,4,New,Simple,NA,591
L07-2,FACS,9,FALSE,f,2429272,4,New,Simple,NA,591
L07-2,FACS,10,TRUE,f,2980768,5,New,Simple,NA,593
L07-2,FACS,10,TRUE,r,2980755,5,New,Simple,NA,593
L07-2,FACS,11,FALSE,r,3012261,15,New,Complex,NA,595
L07-2,FACS,11,FALSE,f,3023712,14,New,Complex,NA,596
L07-2,FACS,12,TRUE,f,3576806,2,New,Simple,NA,597
L07-2,FACS,12,TRUE,r,3576793,2,New,Simple,NA,597
L07-2,FACS,13,FALSE,r,3795950,1,New,Simple,NA,599
L07-2,FACS,13,FALSE,f,3795937,1,New,Simple,NA,599
L07-2,MA08,0,TRUE,f,33500,0,New,Simple,1621,1617
L07-2,MA08,0,TRUE,r,33487,0,New,Simple,1621,1617
L07-2,MA08,1,TRUE,f,847509,12,New,Complex,1623,1619
L07-2,MA08,1,TRUE,r,848937,21,New,Complex,1624,1620
L07-2,MA08,2,FALSE,r,1066751,13,New,Complex,1625,1621
L07-2,MA08,2,FALSE,f,1068431,20,New,Complex,NA,NA
L07-2,MA08,3,FALSE,r,1272612,9,Preexisting,Complex,1627,1623
L07-2,MA08,3,FALSE,f,1275700,14,Preexisting,Complex,1628,1624
L07-2,MA08,4,FALSE,r,1295667,7,New,Simple,1629,1625
L07-2,MA08,4,FALSE,f,1295654,7,New,Simple,1629,1625
L07-2,MA08,5,TRUE,f,1475209,8,New,Simple,NA,NA
L07-2,MA08,5,TRUE,r,1475196,8,New,Simple,NA,NA
L07-2,MA08,6,FALSE,r,1844429,15,New,Complex,1631,1627
L07-2,MA08,6,FALSE,f,1865725,19,New,Complex,1632,1628
L07-2,MA08,7,TRUE,f,1928936,4,New,Simple,NA,NA
L07-2,MA08,7,TRUE,r,1928923,4,New,Simple,NA,NA
L07-2,MA08,8,TRUE,f,2125582,22,New,Complex,1633,1629
L07-2,MA08,8,TRUE,r,2126368,10,New,Complex,NA,NA
L07-2,MA08,9,FALSE,r,2151052,5,New,Simple,1635,1631
L07-2,MA08,9,FALSE,f,2151039,5,New,Simple,1635,1631
L07-2,MA08,10,TRUE,f,2346376,18,New,Complex,1637,1633
L07-2,MA08,10,TRUE,r,2349615,16,New,Complex,NA,NA
L07-2,MA08,11,FALSE,r,2429285,3,New,Simple,1639,1635
L07-2,MA08,11,FALSE,f,2429272,3,New,Simple,1639,1635
L07-2,MA08,12,TRUE,f,2980768,6,New,Simple,1641,1637
L07-2,MA08,12,TRUE,r,2980755,6,New,Simple,1641,1637
L07-2,MA08,13,FALSE,r,3012261,17,New,Complex,1643,1639
L07-2,MA08,13,FALSE,f,3023712,11,New,Complex,1644,1640
L07-2,MA08,14,TRUE,f,3576806,2,New,Simple,1645,1641
L07-2,MA08,14,TRUE,r,3576793,2,New,Simple,1645,1641
L07-2,MA08,15,FALSE,r,3795950,1,New,Simple,1647,1643
L07-2,MA08,15,FALSE,f,3795937,1,New,Simple,1647,1643
L07-2,MA20,0,TRUE,f,33500,0,New,Simple,1649,2661
L07-2,MA20,0,TRUE,r,33487,0,New,Simple,1649,2661
L07-2,MA20,1,TRUE,f,847509,18,New,Complex,1651,2663
L07-2,MA20,1,TRUE,r,848937,25,New,Complex,1652,2664
L07-2,MA20,2,FALSE,r,1066751,23,New,Complex,1653,2665
L07-2,MA20,2,FALSE,f,1068431,24,New,Complex,1654,NA
L07-2,MA20,3,FALSE,r,1272612,5,Preexisting,Complex,1655,2667
L07-2,MA20,3,FALSE,f,1275700,15,Preexisting,Complex,1656,2668
L07-2,MA20,4,FALSE,r,1295667,14,New,Simple,1657,2669
L07-2,MA20,4,FALSE,f,1295654,14,New,Simple,1657,2669
L07-2,MA20,5,TRUE,f,1475209,13,New,Simple,1659,NA
L07-2,MA20,5,TRUE,r,1475197,13,New,Simple,1659,NA
L07-2,MA20,6,FALSE,r,1844429,16,New,Complex,1661,2671
L07-2,MA20,6,FALSE,f,1866463,21,New,Complex,NA,NA
L07-2,MA20,7,TRUE,f,1928936,7,New,Simple,1663,NA
L07-2,MA20,7,TRUE,r,1928923,7,New,Simple,1663,NA
L07-2,MA20,8,TRUE,f,2125582,26,New,Complex,1665,2673
L07-2,MA20,8,TRUE,r,2126368,17,New,Complex,1666,NA
L07-2,MA20,9,FALSE,r,2151052,3,New,Simple,1667,2675
L07-2,MA20,9,FALSE,f,2151039,3,New,Simple,1667,2675
L07-2,MA20,10,TRUE,f,2165810,4,New,Simple,NA,NA
L07-2,MA20,10,TRUE,r,2165797,4,New,Simple,NA,NA
L07-2,MA20,11,TRUE,f,2346376,22,New,Complex,1669,2677
L07-2,MA20,11,TRUE,r,2349615,20,New,Complex,1670,NA
L07-2,MA20,12,FALSE,r,2429285,1,New,Simple,1671,2679
L07-2,MA20,12,FALSE,f,2429272,1,New,Simple,1671,2679
L07-2,MA20,13,TRUE,f,2980768,6,New,Simple,1673,2681
L07-2,MA20,13,TRUE,r,2980755,6,New,Simple,1673,2681
L07-2,MA20,14,FALSE,r,3012261,19,New,Complex,1675,2683
L07-2,MA20,14,FALSE,f,3023712,8,New,Complex,1676,2684
L07-2,MA20,15,TRUE,f,3569789,9,New,Complex,NA,NA
L07-2,MA20,15,TRUE,r,3576793,12,New,Complex,1677,2685
L07-2,MA20,16,FALSE,r,3705621,2,New,Simple,NA,NA
L07-2,MA20,16,FALSE,f,3705608,2,New,Simple,NA,NA
L07-2,MA20,17,FALSE,r,3789916,10,New,Complex,NA,NA
L07-2,MA20,17,FALSE,f,3795937,11,New,Complex,1679,2687
L07-3,FACS,0,TRUE,f,33500,0,New,Simple,NA,601
L07-3,FACS,0,TRUE,r,33487,0,New,Simple,NA,601
L07-3,FACS,1,TRUE,f,847509,9,New,Complex,NA,603
L07-3,FACS,1,TRUE,r,848937,17,New,Complex,NA,604
L07-3,FACS,2,FALSE,r,1066751,11,New,Simple,NA,605
L07-3,FACS,2,FALSE,f,1066738,11,New,Simple,NA,605
L07-3,FACS,3,FALSE,r,1272612,7,Preexisting,Complex,NA,607
L07-3,FACS,3,FALSE,f,1275700,16,Preexisting,Complex,NA,608
L07-3,FACS,4,FALSE,r,1295667,3,New,Simple,NA,609
L07-3,FACS,4,FALSE,f,1295654,3,New,Simple,NA,609
L07-3,FACS,5,FALSE,r,1844429,13,New,Complex,NA,611
L07-3,FACS,5,FALSE,f,1865725,8,New,Complex,NA,612
L07-3,FACS,6,TRUE,f,2125582,12,New,Simple,NA,613
L07-3,FACS,6,TRUE,r,2125569,12,New,Simple,NA,613
L07-3,FACS,7,FALSE,r,2151052,6,New,Simple,NA,615
L07-3,FACS,7,FALSE,f,2151039,6,New,Simple,NA,615
L07-3,FACS,8,TRUE,f,2346376,10,New,Simple,NA,617
L07-3,FACS,8,TRUE,r,2346363,10,New,Simple,NA,617
L07-3,FACS,9,FALSE,r,2429285,4,New,Simple,NA,619
L07-3,FACS,9,FALSE,f,2429272,4,New,Simple,NA,619
L07-3,FACS,10,TRUE,f,2980768,5,New,Simple,NA,621
L07-3,FACS,10,TRUE,r,2980755,5,New,Simple,NA,621
L07-3,FACS,11,FALSE,r,3012261,15,New,Complex,NA,623
L07-3,FACS,11,FALSE,f,3023712,14,New,Complex,NA,624
L07-3,FACS,12,TRUE,f,3576806,2,New,Simple,NA,625
L07-3,FACS,12,TRUE,r,3576793,2,New,Simple,NA,625
L07-3,FACS,13,FALSE,r,3795950,1,New,Simple,NA,627
L07-3,FACS,13,FALSE,f,3795937,1,New,Simple,NA,627
L07-3,MA08,0,TRUE,f,33500,0,New,Simple,1681,1645
L07-3,MA08,0,TRUE,r,33487,0,New,Simple,1681,1645
L07-3,MA08,1,TRUE,f,847509,15,New,Complex,1683,1647
L07-3,MA08,1,TRUE,r,848937,21,New,Complex,1684,1648
L07-3,MA08,2,FALSE,r,1066751,3,New,Simple,1685,1649
L07-3,MA08,2,FALSE,f,1066738,3,New,Simple,1685,1649
L07-3,MA08,3,FALSE,r,1272612,9,Preexisting,Complex,1687,1651
L07-3,MA08,3,FALSE,f,1275700,12,Preexisting,Complex,1688,1652
L07-3,MA08,4,FALSE,r,1294556,22,New,Complex,NA,NA
L07-3,MA08,4,TRUE,f,1474685,13,New,Complex,NA,NA
L07-3,MA08,5,FALSE,f,1295653,16,New,Complex,1689,1653
L07-3,MA08,5,TRUE,r,1474673,13,New,Complex,NA,NA
L07-3,MA08,6,FALSE,r,1531154,8,New,Simple,NA,NA
L07-3,MA08,6,FALSE,f,1531141,8,New,Simple,NA,NA
L07-3,MA08,7,FALSE,r,1844429,7,New,Complex,1691,1655
L07-3,MA08,7,FALSE,f,1865725,14,New,Complex,1692,1656
L07-3,MA08,8,TRUE,f,2125582,23,New,Complex,1693,1657
L07-3,MA08,8,TRUE,r,2126398,24,New,Complex,NA,NA
L07-3,MA08,9,FALSE,r,2151052,5,New,Simple,1695,1659
L07-3,MA08,9,FALSE,f,2151039,5,New,Simple,1695,1659
L07-3,MA08,10,TRUE,f,2346376,11,New,Complex,1697,1661
L07-3,MA08,10,TRUE,r,2346511,20,New,Complex,NA,NA
L07-3,MA08,11,FALSE,r,2429285,4,New,Simple,1699,1663
L07-3,MA08,11,FALSE,f,2429272,4,New,Simple,1699,1663
L07-3,MA08,12,TRUE,f,2980768,6,New,Simple,1701,1665
L07-3,MA08,12,TRUE,r,2980755,6,New,Simple,1701,1665
L07-3,MA08,13,FALSE,r,3011803,19,New,Complex,NA,NA
L07-3,MA08,13,FALSE,f,3023712,18,New,Complex,1704,1668
L07-3,MA08,14,TRUE,f,3576806,1,New,Simple,1705,1669
L07-3,MA08,14,TRUE,r,3576793,1,New,Simple,1705,1669
L07-3,MA08,15,TRUE,f,3701816,17,New,Complex,NA,NA
L07-3,MA08,15,TRUE,r,3722532,10,New,Complex,NA,NA
L07-3,MA08,16,FALSE,r,3795950,2,New,Simple,1707,1671
L07-3,MA08,16,FALSE,f,3795937,2,New,Simple,1707,1671
L07-3,MA20,0,TRUE,f,33500,1,New,Simple,1709,2689
L07-3,MA20,0,TRUE,r,33487,1,New,Simple,1709,2689
L07-3,MA20,1,FALSE,r,66396,0,New,Simple,NA,NA
L07-3,MA20,1,FALSE,f,66382,0,New,Simple,NA,NA
L07-3,MA20,2,TRUE,f,847509,17,New,Complex,1711,2691
L07-3,MA20,2,TRUE,r,848937,23,New,Complex,1712,2692
L07-3,MA20,3,FALSE,r,1066751,7,New,Simple,1713,2693
L07-3,MA20,3,FALSE,f,1066738,7,New,Simple,1713,2693
L07-3,MA20,4,FALSE,r,1272612,22,Preexisting,Complex,1715,2695
L07-3,MA20,4,FALSE,f,1275700,12,Preexisting,Complex,1716,2696
L07-3,MA20,5,FALSE,r,1294556,24,New,Complex,1717,NA
L07-3,MA20,5,TRUE,f,1474685,14,New,Complex,1718,NA
L07-3,MA20,6,FALSE,f,1295653,16,New,Complex,1719,2697
L07-3,MA20,6,TRUE,r,1474673,14,New,Complex,1718,NA
L07-3,MA20,7,FALSE,r,1531154,8,New,Simple,1721,NA
L07-3,MA20,7,FALSE,f,1531141,8,New,Simple,1721,NA
L07-3,MA20,8,FALSE,r,1844429,18,New,Complex,1723,2699
L07-3,MA20,8,FALSE,f,1865725,13,New,Complex,1724,2700
L07-3,MA20,9,TRUE,f,2125582,25,New,Complex,1725,2701
L07-3,MA20,9,TRUE,r,2126398,11,New,Complex,1726,NA
L07-3,MA20,10,FALSE,r,2151052,6,New,Simple,1727,2703
L07-3,MA20,10,FALSE,f,2151040,6,New,Simple,1727,2703
L07-3,MA20,11,TRUE,f,2346376,26,New,Complex,1729,2705
L07-3,MA20,11,TRUE,r,2346511,15,New,Complex,1730,NA
L07-3,MA20,12,FALSE,r,2429285,10,New,Simple,1731,2707
L07-3,MA20,12,FALSE,f,2429272,10,New,Simple,1731,2707
L07-3,MA20,13,TRUE,f,2603258,5,New,Simple,NA,NA
L07-3,MA20,13,TRUE,r,2603246,5,New,Simple,NA,NA
L07-3,MA20,14,TRUE,f,2980768,3,New,Simple,1733,2709
L07-3,MA20,14,TRUE,r,2980755,3,New,Simple,1733,2709
L07-3,MA20,15,FALSE,r,3012261,21,New,Complex,NA,2711
L07-3,MA20,15,FALSE,f,3023712,20,New,Complex,1736,2712
L07-3,MA20,16,TRUE,f,3576806,2,New,Simple,1737,2713
L07-3,MA20,16,TRUE,r,3576793,2,New,Simple,1737,2713
L07-3,MA20,17,TRUE,f,3701816,19,New,Complex,1739,NA
L07-3,MA20,17,TRUE,r,3723012,9,New,Complex,NA,NA
L07-3,MA20,18,FALSE,r,3795950,4,New,Simple,1741,2715
L07-3,MA20,18,FALSE,f,3795937,4,New,Simple,1741,2715
L07-4,FACS,0,TRUE,f,33500,0,New,Simple,NA,629
L07-4,FACS,0,TRUE,r,33487,0,New,Simple,NA,629
L07-4,FACS,1,TRUE,f,848950,3,New,Simple,NA,631
L07-4,FACS,1,TRUE,r,848937,3,New,Simple,NA,631
L07-4,FACS,2,FALSE,r,1066751,11,New,Simple,NA,633
L07-4,FACS,2,FALSE,f,1066738,11,New,Simple,NA,633
L07-4,FACS,3,FALSE,r,1272612,7,Preexisting,Complex,NA,635
L07-4,FACS,3,FALSE,f,1275700,9,Preexisting,Complex,NA,636
L07-4,FACS,4,FALSE,r,1295667,14,New,Simple,NA,637
L07-4,FACS,4,FALSE,f,1295654,14,New,Simple,NA,637
L07-4,FACS,5,FALSE,r,1844429,13,New,Complex,NA,639
L07-4,FACS,5,FALSE,f,1865725,15,New,Complex,NA,640
L07-4,FACS,6,TRUE,f,2125582,12,New,Simple,NA,641
L07-4,FACS,6,TRUE,r,2125569,12,New,Simple,NA,641
L07-4,FACS,7,FALSE,r,2151052,6,New,Simple,NA,643
L07-4,FACS,7,FALSE,f,2151039,6,New,Simple,NA,643
L07-4,FACS,8,TRUE,f,2346376,10,New,Simple,NA,645
L07-4,FACS,8,TRUE,r,2346363,10,New,Simple,NA,645
L07-4,FACS,9,FALSE,r,2429285,4,New,Simple,NA,647
L07-4,FACS,9,FALSE,f,2429272,4,New,Simple,NA,647
L07-4,FACS,10,TRUE,f,2980768,5,New,Simple,NA,649
L07-4,FACS,10,TRUE,r,2980755,5,New,Simple,NA,649
L07-4,FACS,11,FALSE,r,3023724,8,New,Simple,NA,651
L07-4,FACS,11,FALSE,f,3023712,8,New,Simple,NA,651
L07-4,FACS,12,TRUE,f,3576806,2,New,Simple,NA,653
L07-4,FACS,12,TRUE,r,3576793,2,New,Simple,NA,653
L07-4,FACS,13,FALSE,r,3795950,1,New,Simple,NA,655
L07-4,FACS,13,FALSE,f,3795937,1,New,Simple,NA,655
L07-4,MA08,0,TRUE,f,33500,0,New,Simple,1743,1673
L07-4,MA08,0,TRUE,r,33487,0,New,Simple,1743,1673
L07-4,MA08,1,TRUE,f,846661,11,New,Complex,NA,NA
L07-4,MA08,1,TRUE,r,848937,18,New,Complex,1745,1675
L07-4,MA08,2,FALSE,r,1066751,9,New,Simple,1747,1677
L07-4,MA08,2,FALSE,f,1066738,9,New,Simple,1747,1677
L07-4,MA08,3,FALSE,r,1272612,8,Preexisting,Complex,1749,1679
L07-4,MA08,3,FALSE,f,1275700,13,Preexisting,Complex,1750,1680
L07-4,MA08,4,FALSE,r,1295667,3,New,Simple,1751,1681
L07-4,MA08,4,FALSE,f,1295654,3,New,Simple,1751,1681
L07-4,MA08,5,FALSE,r,1844429,14,New,Complex,1753,1683
L07-4,MA08,5,FALSE,f,1865725,15,New,Complex,1754,1684
L07-4,MA08,6,TRUE,f,2124952,19,New,Complex,NA,NA
L07-4,MA08,6,TRUE,r,2125570,16,New,Complex,1755,1685
L07-4,MA08,7,FALSE,r,2151052,6,New,Simple,1757,1687
L07-4,MA08,7,FALSE,f,2151039,6,New,Simple,1757,1687
L07-4,MA08,8,TRUE,f,2346376,10,New,Simple,1759,1689
L07-4,MA08,8,TRUE,r,2346363,10,New,Simple,1759,1689
L07-4,MA08,9,FALSE,r,2429285,4,New,Simple,1761,1691
L07-4,MA08,9,FALSE,f,2429272,4,New,Simple,1761,1691
L07-4,MA08,10,TRUE,f,2980768,12,New,Simple,1763,1693
L07-4,MA08,10,TRUE,r,2980755,12,New,Simple,1763,1693
L07-4,MA08,11,FALSE,r,3020016,7,New,Complex,NA,NA
L07-4,MA08,11,FALSE,f,3023712,17,New,Complex,1765,1695
L07-4,MA08,12,TRUE,f,3576806,5,New,Simple,1767,1697
L07-4,MA08,12,TRUE,r,3576793,5,New,Simple,1767,1697
L07-4,MA08,13,FALSE,r,3617331,1,New,Simple,NA,NA
L07-4,MA08,13,FALSE,f,3617318,1,New,Simple,NA,NA
L07-4,MA08,14,FALSE,r,3795950,2,New,Simple,1769,1699
L07-4,MA08,14,FALSE,f,3795937,2,New,Simple,1769,1699
L07-4,MA20,0,TRUE,f,33500,1,New,Simple,1771,2717
L07-4,MA20,0,TRUE,r,33487,1,New,Simple,1771,2717
L07-4,MA20,1,TRUE,f,705608,5,New,Simple,NA,NA
L07-4,MA20,1,TRUE,r,705595,5,New,Simple,NA,NA
L07-4,MA20,2,TRUE,f,847508,19,New,Complex,NA,NA
L07-4,MA20,2,TRUE,r,848937,27,New,Complex,1774,2719
L07-4,MA20,3,FALSE,r,1066044,16,New,Complex,NA,NA
L07-4,MA20,3,FALSE,f,1066738,28,New,Complex,1775,2721
L07-4,MA20,4,FALSE,r,1272612,25,Preexisting,Complex,1777,2723
L07-4,MA20,4,FALSE,f,1275700,22,Preexisting,Complex,1778,2724
L07-4,MA20,5,FALSE,r,1295667,0,New,Complex,1779,2725
L07-4,MA20,5,TRUE,f,1475026,12,New,Complex,NA,NA
L07-4,MA20,6,FALSE,f,1295653,0,New,Complex,1779,2725
L07-4,MA20,6,TRUE,r,1475014,12,New,Complex,NA,NA
L07-4,MA20,7,FALSE,r,1602457,13,New,Simple,NA,NA
L07-4,MA20,7,FALSE,f,1602445,13,New,Simple,NA,NA
L07-4,MA20,8,FALSE,r,1844429,21,New,Complex,1781,2727
L07-4,MA20,8,FALSE,f,1865725,15,New,Complex,1782,2728
L07-4,MA20,9,FALSE,r,1963619,10,New,Simple,NA,NA
L07-4,MA20,9,FALSE,f,1963606,10,New,Simple,NA,NA
L07-4,MA20,10,TRUE,f,2125582,20,New,Simple,1784,2729
L07-4,MA20,10,TRUE,r,2125570,20,New,Simple,1784,2729
L07-4,MA20,11,FALSE,r,2151052,6,New,Simple,1785,2731
L07-4,MA20,11,FALSE,f,2151039,6,New,Simple,1785,2731
L07-4,MA20,12,TRUE,f,2346376,26,New,Complex,1787,2733
L07-4,MA20,12,TRUE,r,2347950,14,New,Complex,NA,NA
L07-4,MA20,13,FALSE,r,2429285,9,New,Simple,1789,2735
L07-4,MA20,13,FALSE,f,2429272,9,New,Simple,1789,2735
L07-4,MA20,14,TRUE,f,2603133,23,New,Complex,NA,NA
L07-4,MA20,14,TRUE,r,2620424,24,New,Complex,NA,NA
L07-4,MA20,15,FALSE,r,2669040,8,New,Simple,NA,NA
L07-4,MA20,15,FALSE,f,2669027,8,New,Simple,NA,NA
L07-4,MA20,16,TRUE,f,2980768,4,New,Simple,1791,2737
L07-4,MA20,16,TRUE,r,2980755,4,New,Simple,1791,2737
L07-4,MA20,17,FALSE,r,3011141,11,New,Complex,NA,NA
L07-4,MA20,17,FALSE,f,3023712,7,New,Complex,1794,2739
L07-4,MA20,18,TRUE,f,3576806,2,New,Simple,1795,2741
L07-4,MA20,18,TRUE,r,3576793,2,New,Simple,1795,2741
L07-4,MA20,19,TRUE,f,3699460,18,New,Complex,NA,NA
L07-4,MA20,19,TRUE,r,3730287,17,New,Complex,NA,NA
L07-4,MA20,20,FALSE,r,3795950,3,New,Simple,1799,2743
L07-4,MA20,20,FALSE,f,3795937,3,New,Simple,1799,2743
L08-1,FACS,0,TRUE,f,33500,0,New,Simple,NA,657
L08-1,FACS,0,TRUE,r,33487,0,New,Simple,NA,657
L08-1,FACS,1,FALSE,r,66396,2,New,Simple,NA,659
L08-1,FACS,1,FALSE,f,66383,2,New,Simple,NA,659
L08-1,FACS,2,TRUE,f,848950,7,New,Simple,NA,661
L08-1,FACS,2,TRUE,r,848937,7,New,Simple,NA,661
L08-1,FACS,3,FALSE,r,1066751,11,New,Simple,NA,663
L08-1,FACS,3,FALSE,f,1066738,11,New,Simple,NA,663
L08-1,FACS,4,FALSE,r,1272612,16,Preexisting,Complex,NA,665
L08-1,FACS,4,FALSE,f,1275700,10,Preexisting,Complex,NA,666
L08-1,FACS,5,FALSE,r,1295667,15,New,Simple,NA,667
L08-1,FACS,5,FALSE,f,1295654,15,New,Simple,NA,667
L08-1,FACS,6,FALSE,r,1844429,14,New,Complex,NA,669
L08-1,FACS,6,FALSE,f,1865725,8,New,Complex,NA,670
L08-1,FACS,7,TRUE,f,2125582,13,New,Simple,NA,671
L08-1,FACS,7,TRUE,r,2125569,13,New,Simple,NA,671
L08-1,FACS,8,FALSE,r,2151052,12,New,Simple,NA,673
L08-1,FACS,8,FALSE,f,2151039,12,New,Simple,NA,673
L08-1,FACS,9,TRUE,f,2346376,4,New,Simple,NA,675
L08-1,FACS,9,TRUE,r,2346363,4,New,Simple,NA,675
L08-1,FACS,10,FALSE,r,2429285,3,New,Simple,NA,677
L08-1,FACS,10,FALSE,f,2429272,3,New,Simple,NA,677
L08-1,FACS,11,TRUE,f,2980768,5,New,Simple,NA,679
L08-1,FACS,11,TRUE,r,2980755,5,New,Simple,NA,679
L08-1,FACS,12,FALSE,r,3023724,9,New,Simple,NA,681
L08-1,FACS,12,FALSE,f,3023712,9,New,Simple,NA,681
L08-1,FACS,13,TRUE,f,3576806,6,New,Simple,NA,683
L08-1,FACS,13,TRUE,r,3576793,6,New,Simple,NA,683
L08-1,FACS,14,FALSE,r,3795950,1,New,Simple,NA,685
L08-1,FACS,14,FALSE,f,3795937,1,New,Simple,NA,685
L08-1,MA08,0,TRUE,f,33500,10,New,Simple,1801,1701
L08-1,MA08,0,TRUE,r,33487,10,New,Simple,1801,1701
L08-1,MA08,1,FALSE,r,66396,5,New,Simple,1803,1703
L08-1,MA08,1,FALSE,f,66383,5,New,Simple,1803,1703
L08-1,MA08,2,FALSE,r,510530,3,New,Simple,NA,NA
L08-1,MA08,2,FALSE,f,510517,3,New,Simple,NA,NA
L08-1,MA08,3,TRUE,f,846977,12,New,Complex,NA,NA
L08-1,MA08,3,TRUE,r,849128,21,New,Complex,NA,NA
L08-1,MA08,4,FALSE,r,1066751,9,New,Simple,1807,1707
L08-1,MA08,4,FALSE,f,1066738,9,New,Simple,1807,1707
L08-1,MA08,5,FALSE,r,1272612,20,Preexisting,Complex,1809,1709
L08-1,MA08,5,FALSE,f,1295654,11,New,Complex,1811,1711
L08-1,MA08,6,FALSE,r,1844429,15,New,Complex,1813,1713
L08-1,MA08,6,FALSE,f,1865725,17,New,Complex,1814,1714
L08-1,MA08,7,TRUE,f,2125582,22,New,Complex,1815,1715
L08-1,MA08,7,TRUE,r,2126356,14,New,Complex,NA,NA
L08-1,MA08,8,FALSE,r,2151052,2,New,Simple,1817,1717
L08-1,MA08,8,FALSE,f,2151039,2,New,Simple,1817,1717
L08-1,MA08,9,TRUE,f,2346376,18,New,Complex,1819,1719
L08-1,MA08,9,TRUE,r,2364691,13,New,Complex,NA,NA
L08-1,MA08,10,FALSE,r,2429285,4,New,Simple,1821,1721
L08-1,MA08,10,FALSE,f,2429272,4,New,Simple,1821,1721
L08-1,MA08,11,TRUE,f,2980768,6,New,Complex,1823,1723
L08-1,MA08,11,TRUE,r,3003609,8,New,Complex,NA,NA
L08-1,MA08,12,FALSE,r,3016872,19,New,Complex,NA,NA
L08-1,MA08,12,FALSE,f,3023712,7,New,Complex,1825,1725
L08-1,MA08,13,TRUE,f,3576806,1,New,Simple,1827,1727
L08-1,MA08,13,TRUE,r,3576793,1,New,Simple,1827,1727
L08-1,MA08,14,FALSE,r,3795950,0,New,Simple,1829,1729
L08-1,MA08,14,FALSE,f,3795937,0,New,Simple,1829,1729
L08-1,MA20,0,TRUE,f,33500,1,New,Simple,1831,2745
L08-1,MA20,0,TRUE,r,33487,1,New,Simple,1831,2745
L08-1,MA20,1,FALSE,r,66396,6,New,Simple,1833,2747
L08-1,MA20,1,FALSE,f,66383,6,New,Simple,1833,2747
L08-1,MA20,2,FALSE,r,510530,3,New,Simple,1835,NA
L08-1,MA20,2,FALSE,f,510517,3,New,Simple,1835,NA
L08-1,MA20,3,TRUE,f,846977,15,New,Complex,1837,NA
L08-1,MA20,3,TRUE,r,849128,23,New,Complex,1838,NA
L08-1,MA20,4,FALSE,r,1063405,17,New,Complex,NA,NA
L08-1,MA20,4,FALSE,f,1066738,21,New,Complex,1839,2751
L08-1,MA20,5,FALSE,r,1272612,4,Preexisting,Complex,1841,2753
L08-1,MA20,5,FALSE,f,1295654,25,New,Complex,1842,2755
L08-1,MA20,6,FALSE,r,1844429,16,New,Complex,1843,2757
L08-1,MA20,6,FALSE,f,1865725,22,New,Complex,1844,2758
L08-1,MA20,7,TRUE,f,2125582,12,New,Complex,1845,2759
L08-1,MA20,7,TRUE,r,2126356,10,New,Complex,1846,NA
L08-1,MA20,8,FALSE,r,2151052,2,New,Simple,1847,2761
L08-1,MA20,8,FALSE,f,2151039,2,New,Simple,1847,2761
L08-1,MA20,9,TRUE,f,2346376,24,New,Complex,1849,2763
L08-1,MA20,9,TRUE,r,2388066,11,New,Complex,NA,NA
L08-1,MA20,10,FALSE,r,2428422,5,New,Complex,NA,NA
L08-1,MA20,10,FALSE,f,2429272,13,New,Complex,1851,2765
L08-1,MA20,11,TRUE,f,2980768,7,New,Complex,1853,2767
L08-1,MA20,11,TRUE,r,3003609,18,New,Complex,1854,NA
L08-1,MA20,12,FALSE,r,3016872,19,New,Complex,1855,NA
L08-1,MA20,12,FALSE,f,3023712,14,New,Complex,1856,2769
L08-1,MA20,13,TRUE,f,3576806,0,New,Simple,1857,2771
L08-1,MA20,13,TRUE,r,3576793,0,New,Simple,1857,2771
L08-1,MA20,14,FALSE,r,3795950,9,New,Complex,1859,2773
L08-1,MA20,14,FALSE,f,3799942,8,New,Complex,NA,NA
L08-2,FACS,0,TRUE,f,33500,0,New,Simple,NA,687
L08-2,FACS,0,TRUE,r,33487,0,New,Simple,NA,687
L08-2,FACS,1,FALSE,r,66396,2,New,Simple,NA,689
L08-2,FACS,1,FALSE,f,66383,2,New,Simple,NA,689
L08-2,FACS,2,TRUE,f,848950,7,New,Simple,NA,691
L08-2,FACS,2,TRUE,r,848937,7,New,Simple,NA,691
L08-2,FACS,3,FALSE,r,1066751,11,New,Simple,NA,693
L08-2,FACS,3,FALSE,f,1066738,11,New,Simple,NA,693
L08-2,FACS,4,FALSE,r,1272612,16,Preexisting,Complex,NA,695
L08-2,FACS,4,FALSE,f,1275700,10,Preexisting,Complex,NA,696
L08-2,FACS,5,FALSE,r,1295667,15,New,Simple,NA,697
L08-2,FACS,5,FALSE,f,1295654,15,New,Simple,NA,697
L08-2,FACS,6,FALSE,r,1844429,14,New,Complex,NA,699
L08-2,FACS,6,FALSE,f,1865725,8,New,Complex,NA,700
L08-2,FACS,7,TRUE,f,2125582,13,New,Simple,NA,701
L08-2,FACS,7,TRUE,r,2125569,13,New,Simple,NA,701
L08-2,FACS,8,FALSE,r,2151052,12,New,Simple,NA,703
L08-2,FACS,8,FALSE,f,2151039,12,New,Simple,NA,703
L08-2,FACS,9,TRUE,f,2346376,4,New,Simple,NA,705
L08-2,FACS,9,TRUE,r,2346363,4,New,Simple,NA,705
L08-2,FACS,10,FALSE,r,2429285,3,New,Simple,NA,707
L08-2,FACS,10,FALSE,f,2429272,3,New,Simple,NA,707
L08-2,FACS,11,TRUE,f,2980768,5,New,Simple,NA,709
L08-2,FACS,11,TRUE,r,2980755,5,New,Simple,NA,709
L08-2,FACS,12,FALSE,r,3023724,9,New,Simple,NA,711
L08-2,FACS,12,FALSE,f,3023712,9,New,Simple,NA,711
L08-2,FACS,13,TRUE,f,3576806,6,New,Simple,NA,713
L08-2,FACS,13,TRUE,r,3576793,6,New,Simple,NA,713
L08-2,FACS,14,FALSE,r,3795950,1,New,Simple,NA,715
L08-2,FACS,14,FALSE,f,3795937,1,New,Simple,NA,715
L08-2,MA08,0,TRUE,f,33500,0,New,Simple,1861,1731
L08-2,MA08,0,TRUE,r,33487,0,New,Simple,1861,1731
L08-2,MA08,1,FALSE,r,66396,2,New,Simple,1863,1733
L08-2,MA08,1,FALSE,f,66383,2,New,Simple,1863,1733
L08-2,MA08,2,TRUE,f,848950,3,New,Simple,1865,1735
L08-2,MA08,2,TRUE,r,848937,3,New,Simple,1865,1735
L08-2,MA08,3,FALSE,r,1066751,11,New,Simple,1867,1737
L08-2,MA08,3,FALSE,f,1066738,11,New,Simple,1867,1737
L08-2,MA08,4,FALSE,r,1272612,17,Preexisting,Complex,1869,1739
L08-2,MA08,4,FALSE,f,1275700,7,Preexisting,Complex,1870,1740
L08-2,MA08,5,FALSE,r,1293609,18,New,Complex,NA,NA
L08-2,MA08,5,FALSE,f,1295654,16,New,Complex,1871,1741
L08-2,MA08,6,FALSE,r,1844429,15,New,Complex,1873,1743
L08-2,MA08,6,FALSE,f,1865725,19,New,Complex,1874,1744
L08-2,MA08,7,TRUE,f,2125582,14,New,Simple,1875,1745
L08-2,MA08,7,TRUE,r,2125570,14,New,Simple,1875,1745
L08-2,MA08,8,FALSE,r,2151052,13,New,Simple,1877,1747
L08-2,MA08,8,FALSE,f,2151039,13,New,Simple,1877,1747
L08-2,MA08,9,TRUE,f,2346376,10,New,Complex,1879,1749
L08-2,MA08,9,TRUE,r,2392122,12,New,Complex,NA,NA
L08-2,MA08,10,FALSE,r,2428422,9,New,Complex,NA,NA
L08-2,MA08,10,FALSE,f,2429272,4,New,Complex,1881,1751
L08-2,MA08,11,TRUE,f,2980768,5,New,Simple,1883,1753
L08-2,MA08,11,TRUE,r,2980755,5,New,Simple,1883,1753
L08-2,MA08,12,FALSE,r,3023724,8,New,Simple,1885,1755
L08-2,MA08,12,FALSE,f,3023712,8,New,Simple,1885,1755
L08-2,MA08,13,TRUE,f,3576806,6,New,Simple,1887,1757
L08-2,MA08,13,TRUE,r,3576793,6,New,Simple,1887,1757
L08-2,MA08,14,FALSE,r,3795950,1,New,Simple,1889,1759
L08-2,MA08,14,FALSE,f,3795937,1,New,Simple,1889,1759
L08-2,MA20,0,TRUE,f,33500,1,New,Simple,1891,2775
L08-2,MA20,0,TRUE,r,33487,1,New,Simple,1891,2775
L08-2,MA20,1,FALSE,r,66396,3,New,Simple,1893,2777
L08-2,MA20,1,FALSE,f,66383,3,New,Simple,1893,2777
L08-2,MA20,2,TRUE,f,848950,5,New,Simple,1895,2779
L08-2,MA20,2,TRUE,r,848937,5,New,Simple,1895,2779
L08-2,MA20,3,TRUE,f,891437,15,New,Simple,NA,NA
L08-2,MA20,3,TRUE,r,891424,15,New,Simple,NA,NA
L08-2,MA20,4,FALSE,r,1066751,26,New,Complex,1897,2781
L08-2,MA20,4,FALSE,f,1067186,31,New,Complex,NA,NA
L08-2,MA20,5,FALSE,r,1085519,11,New,Simple,NA,NA
L08-2,MA20,5,FALSE,f,1085506,11,New,Simple,NA,NA
L08-2,MA20,6,FALSE,r,1209980,13,New,Simple,NA,NA
L08-2,MA20,6,FALSE,f,1209967,13,New,Simple,NA,NA
L08-2,MA20,7,FALSE,r,1272612,27,Preexisting,Complex,1899,2783
L08-2,MA20,7,FALSE,f,1275700,19,Preexisting,Complex,1900,2784
L08-2,MA20,8,FALSE,r,1293610,28,New,Complex,1901,NA
L08-2,MA20,8,FALSE,f,1275700,19,Preexisting,Complex,1900,2784
L08-2,MA20,9,FALSE,r,1293610,28,New,Complex,1901,NA
L08-2,MA20,9,FALSE,f,1295654,17,New,Complex,1902,2785
L08-2,MA20,10,FALSE,r,1844429,21,New,Complex,1903,2787
L08-2,MA20,10,FALSE,f,1865725,18,New,Complex,1904,2788
L08-2,MA20,11,TRUE,f,2027683,22,New,Simple,NA,NA
L08-2,MA20,11,TRUE,r,2027670,22,New,Simple,NA,NA
L08-2,MA20,12,TRUE,f,2125582,30,New,Complex,1905,2789
L08-2,MA20,12,TRUE,r,2126381,23,New,Complex,NA,NA
L08-2,MA20,13,FALSE,r,2151052,7,New,Simple,1907,2791
L08-2,MA20,13,FALSE,f,2151039,7,New,Simple,1907,2791
L08-2,MA20,14,TRUE,f,2346376,29,New,Complex,1909,2793
L08-2,MA20,14,TRUE,r,2392122,16,New,Complex,1910,NA
L08-2,MA20,15,FALSE,r,2428422,14,New,Complex,1911,NA
L08-2,MA20,15,FALSE,f,2429272,8,New,Complex,1912,2795
L08-2,MA20,16,TRUE,f,2961837,10,New,Simple,NA,NA
L08-2,MA20,16,TRUE,r,2961824,10,New,Simple,NA,NA
L08-2,MA20,17,TRUE,f,2980768,20,New,Complex,1913,2797
L08-2,MA20,17,TRUE,r,3004121,25,New,Complex,NA,NA
L08-2,MA20,18,FALSE,r,3019543,12,New,Complex,NA,NA
L08-2,MA20,18,FALSE,f,3023712,24,New,Complex,1915,2799
L08-2,MA20,19,TRUE,f,3107602,9,New,Simple,NA,NA
L08-2,MA20,19,TRUE,r,3107589,9,New,Simple,NA,NA
L08-2,MA20,20,TRUE,f,3131167,0,New,Simple,NA,NA
L08-2,MA20,20,TRUE,r,3131153,0,New,Simple,NA,NA
L08-2,MA20,21,TRUE,f,3515758,6,New,Simple,NA,NA
L08-2,MA20,21,TRUE,r,3515745,6,New,Simple,NA,NA
L08-2,MA20,22,TRUE,f,3576806,2,New,Simple,1917,2801
L08-2,MA20,22,TRUE,r,3576793,2,New,Simple,1917,2801
L08-2,MA20,23,FALSE,r,3795950,4,New,Simple,1919,2803
L08-2,MA20,23,FALSE,f,3795937,4,New,Simple,1919,2803
L08-3,FACS,0,TRUE,f,33500,0,New,Simple,NA,717
L08-3,FACS,0,TRUE,r,33487,0,New,Simple,NA,717
L08-3,FACS,1,FALSE,r,66396,2,New,Simple,NA,719
L08-3,FACS,1,FALSE,f,66383,2,New,Simple,NA,719
L08-3,FACS,2,TRUE,f,848950,7,New,Simple,NA,721
L08-3,FACS,2,TRUE,r,848937,7,New,Simple,NA,721
L08-3,FACS,3,FALSE,r,1066751,11,New,Simple,NA,723
L08-3,FACS,3,FALSE,f,1066738,11,New,Simple,NA,723
L08-3,FACS,4,FALSE,r,1272612,16,Preexisting,Complex,NA,725
L08-3,FACS,4,FALSE,f,1275700,10,Preexisting,Complex,NA,726
L08-3,FACS,5,FALSE,r,1295667,15,New,Simple,NA,727
L08-3,FACS,5,FALSE,f,1295654,15,New,Simple,NA,727
L08-3,FACS,6,FALSE,r,1844429,14,New,Complex,NA,729
L08-3,FACS,6,FALSE,f,1865725,8,New,Complex,NA,730
L08-3,FACS,7,TRUE,f,2125582,13,New,Simple,NA,731
L08-3,FACS,7,TRUE,r,2125569,13,New,Simple,NA,731
L08-3,FACS,8,FALSE,r,2151052,12,New,Simple,NA,733
L08-3,FACS,8,FALSE,f,2151039,12,New,Simple,NA,733
L08-3,FACS,9,TRUE,f,2346376,4,New,Simple,NA,735
L08-3,FACS,9,TRUE,r,2346363,4,New,Simple,NA,735
L08-3,FACS,10,FALSE,r,2429285,3,New,Simple,NA,737
L08-3,FACS,10,FALSE,f,2429272,3,New,Simple,NA,737
L08-3,FACS,11,TRUE,f,2980768,5,New,Simple,NA,739
L08-3,FACS,11,TRUE,r,2980755,5,New,Simple,NA,739
L08-3,FACS,12,FALSE,r,3023724,9,New,Simple,NA,741
L08-3,FACS,12,FALSE,f,3023712,9,New,Simple,NA,741
L08-3,FACS,13,TRUE,f,3576806,6,New,Simple,NA,743
L08-3,FACS,13,TRUE,r,3576793,6,New,Simple,NA,743
L08-3,FACS,14,FALSE,r,3795950,1,New,Simple,NA,745
L08-3,FACS,14,FALSE,f,3795937,1,New,Simple,NA,745
L08-3,MA08,0,TRUE,f,33500,0,New,Simple,1921,1761
L08-3,MA08,0,TRUE,r,33487,0,New,Simple,1921,1761
L08-3,MA08,1,FALSE,r,66396,2,New,Simple,1923,1763
L08-3,MA08,1,FALSE,f,66383,2,New,Simple,1923,1763
L08-3,MA08,2,TRUE,f,848950,8,New,Simple,1925,1765
L08-3,MA08,2,TRUE,r,848937,8,New,Simple,1925,1765
L08-3,MA08,3,FALSE,r,1066751,6,New,Simple,1927,1767
L08-3,MA08,3,FALSE,f,1066738,6,New,Simple,1927,1767
L08-3,MA08,4,FALSE,r,1272612,9,Preexisting,Complex,1929,1769
L08-3,MA08,4,FALSE,f,1275700,15,Preexisting,Complex,1930,1770
L08-3,MA08,5,FALSE,r,1295667,17,New,Simple,1931,1771
L08-3,MA08,5,FALSE,f,1295654,17,New,Simple,1931,1771
L08-3,MA08,6,FALSE,r,1844429,16,New,Complex,1933,1773
L08-3,MA08,6,FALSE,f,1865725,10,New,Complex,1934,1774
L08-3,MA08,7,TRUE,f,2125582,20,New,Complex,1935,1775
L08-3,MA08,7,TRUE,r,2126545,12,New,Complex,NA,NA
L08-3,MA08,8,FALSE,r,2151052,5,New,Simple,1937,1777
L08-3,MA08,8,FALSE,f,2151039,5,New,Simple,1937,1777
L08-3,MA08,9,TRUE,f,2346376,13,New,Complex,1939,1779
L08-3,MA08,9,TRUE,r,2373701,19,New,Complex,NA,NA
L08-3,MA08,10,FALSE,r,2429285,4,New,Simple,1941,1781
L08-3,MA08,10,FALSE,f,2429272,4,New,Simple,1941,1781
L08-3,MA08,11,FALSE,r,2716251,11,New,Complex,NA,NA
L08-3,MA08,11,FALSE,f,2429272,4,New,Simple,1941,1781
L08-3,MA08,12,TRUE,f,2980768,14,New,Complex,1943,1783
L08-3,MA08,12,TRUE,r,3006929,18,New,Complex,NA,NA
L08-3,MA08,13,FALSE,r,3023724,7,New,Simple,1945,1785
L08-3,MA08,13,FALSE,f,3023712,7,New,Simple,1945,1785
L08-3,MA08,14,TRUE,f,3576806,3,New,Simple,1947,1787
L08-3,MA08,14,TRUE,r,3576793,3,New,Simple,1947,1787
L08-3,MA08,15,FALSE,r,3795950,1,New,Simple,1949,1789
L08-3,MA08,15,FALSE,f,3795937,1,New,Simple,1949,1789
L08-3,MA20,0,TRUE,f,33500,0,New,Simple,1951,2805
L08-3,MA20,0,TRUE,r,33487,0,New,Simple,1951,2805
L08-3,MA20,1,FALSE,r,66396,2,New,Simple,1953,2807
L08-3,MA20,1,FALSE,f,66383,2,New,Simple,1953,2807
L08-3,MA20,2,TRUE,f,848950,8,New,Simple,1955,2809
L08-3,MA20,2,TRUE,r,848937,8,New,Simple,1955,2809
L08-3,MA20,3,FALSE,r,1066751,6,New,Simple,1957,2811
L08-3,MA20,3,FALSE,f,1066738,6,New,Simple,1957,2811
L08-3,MA20,4,FALSE,r,1272612,4,Preexisting,Complex,1959,2813
L08-3,MA20,4,FALSE,f,1275700,9,Preexisting,Complex,1960,2814
L08-3,MA20,5,FALSE,r,1295667,18,New,Simple,1961,2815
L08-3,MA20,5,FALSE,f,1295654,18,New,Simple,1961,2815
L08-3,MA20,6,TRUE,f,1767138,12,New,Simple,NA,NA
L08-3,MA20,6,TRUE,r,1767126,12,New,Simple,NA,NA
L08-3,MA20,7,FALSE,r,1844429,17,New,Complex,1963,2817
L08-3,MA20,7,FALSE,f,1865724,19,New,Complex,1964,2818
L08-3,MA20,8,TRUE,f,2125582,21,New,Complex,1965,2819
L08-3,MA20,8,TRUE,r,2126545,16,New,Complex,1966,NA
L08-3,MA20,9,FALSE,r,2151032,14,New,Simple,1967,2821
L08-3,MA20,9,FALSE,f,2151039,14,New,Simple,1967,2821
L08-3,MA20,10,TRUE,f,2337199,13,New,Complex,NA,NA
L08-3,MA20,10,TRUE,r,2373701,10,New,Complex,1970,NA
L08-3,MA20,11,FALSE,r,2429285,5,New,Simple,1971,2825
L08-3,MA20,11,FALSE,f,2429272,5,New,Simple,1971,2825
L08-3,MA20,12,FALSE,r,2716251,11,New,Complex,1973,NA
L08-3,MA20,12,FALSE,f,2429272,5,New,Simple,1971,2825
L08-3,MA20,13,TRUE,f,2980768,15,New,Complex,1975,2827
L08-3,MA20,13,TRUE,r,3006929,20,New,Complex,1976,NA
L08-3,MA20,14,FALSE,r,3023724,7,New,Simple,1977,2829
L08-3,MA20,14,FALSE,f,3023712,7,New,Simple,1977,2829
L08-3,MA20,15,TRUE,f,3576806,3,New,Simple,1979,2831
L08-3,MA20,15,TRUE,r,3576793,3,New,Simple,1979,2831
L08-3,MA20,16,FALSE,r,3795950,1,New,Simple,1981,2833
L08-3,MA20,16,FALSE,f,3795937,1,New,Simple,1981,2833
L08-4,FACS,0,TRUE,f,33500,0,New,Simple,NA,747
L08-4,FACS,0,TRUE,r,33487,0,New,Simple,NA,747
L08-4,FACS,1,FALSE,r,66396,2,New,Simple,NA,749
L08-4,FACS,1,FALSE,f,66383,2,New,Simple,NA,749
L08-4,FACS,2,TRUE,f,848950,7,New,Simple,NA,751
L08-4,FACS,2,TRUE,r,848937,7,New,Simple,NA,751
L08-4,FACS,3,FALSE,r,1066751,11,New,Simple,NA,753
L08-4,FACS,3,FALSE,f,1066738,11,New,Simple,NA,753
L08-4,FACS,4,FALSE,r,1272612,16,Preexisting,Complex,NA,755
L08-4,FACS,4,FALSE,f,1275700,10,Preexisting,Complex,NA,756
L08-4,FACS,5,FALSE,r,1295667,15,New,Simple,NA,757
L08-4,FACS,5,FALSE,f,1295654,15,New,Simple,NA,757
L08-4,FACS,6,FALSE,r,1844429,14,New,Complex,NA,759
L08-4,FACS,6,FALSE,f,1865725,8,New,Complex,NA,760
L08-4,FACS,7,TRUE,f,2125582,13,New,Simple,NA,761
L08-4,FACS,7,TRUE,r,2125569,13,New,Simple,NA,761
L08-4,FACS,8,FALSE,r,2151052,12,New,Simple,NA,763
L08-4,FACS,8,FALSE,f,2151039,12,New,Simple,NA,763
L08-4,FACS,9,TRUE,f,2346376,4,New,Simple,NA,765
L08-4,FACS,9,TRUE,r,2346363,4,New,Simple,NA,765
L08-4,FACS,10,FALSE,r,2429285,3,New,Simple,NA,767
L08-4,FACS,10,FALSE,f,2429272,3,New,Simple,NA,767
L08-4,FACS,11,TRUE,f,2980768,5,New,Simple,NA,769
L08-4,FACS,11,TRUE,r,2980755,5,New,Simple,NA,769
L08-4,FACS,12,FALSE,r,3023724,9,New,Simple,NA,771
L08-4,FACS,12,FALSE,f,3023712,9,New,Simple,NA,771
L08-4,FACS,13,TRUE,f,3576806,6,New,Simple,NA,773
L08-4,FACS,13,TRUE,r,3576793,6,New,Simple,NA,773
L08-4,FACS,14,FALSE,r,3795950,1,New,Simple,NA,775
L08-4,FACS,14,FALSE,f,3795937,1,New,Simple,NA,775
L08-4,MA08,0,TRUE,f,33500,0,New,Simple,1983,1791
L08-4,MA08,0,TRUE,r,33487,0,New,Simple,1983,1791
L08-4,MA08,1,FALSE,r,66396,2,New,Simple,1985,1793
L08-4,MA08,1,FALSE,f,66383,2,New,Simple,1985,1793
L08-4,MA08,2,TRUE,f,846661,14,New,Complex,NA,NA
L08-4,MA08,2,TRUE,r,848937,19,New,Complex,1987,1795
L08-4,MA08,3,FALSE,r,1066751,9,New,Simple,1989,1797
L08-4,MA08,3,FALSE,f,1066738,9,New,Simple,1989,1797
L08-4,MA08,4,FALSE,r,1272612,8,Preexisting,Complex,1991,1799
L08-4,MA08,4,FALSE,f,1275700,13,Preexisting,Complex,1992,1800
L08-4,MA08,5,FALSE,r,1295667,3,New,Simple,1993,1801
L08-4,MA08,5,FALSE,f,1295654,3,New,Simple,1993,1801
L08-4,MA08,6,FALSE,r,1844429,15,New,Complex,1995,1803
L08-4,MA08,6,FALSE,f,1865725,16,New,Complex,1996,1804
L08-4,MA08,7,TRUE,f,2124952,20,New,Complex,NA,NA
L08-4,MA08,7,TRUE,r,2125570,7,New,Complex,1997,1805
L08-4,MA08,8,FALSE,r,2151052,6,New,Simple,1999,1807
L08-4,MA08,8,FALSE,f,2151039,6,New,Simple,1999,1807
L08-4,MA08,9,TRUE,f,2346376,10,New,Simple,2001,1809
L08-4,MA08,9,TRUE,r,2346363,10,New,Simple,2001,1809
L08-4,MA08,10,FALSE,r,2429285,4,New,Simple,2003,1811
L08-4,MA08,10,FALSE,f,2429272,4,New,Simple,2003,1811
L08-4,MA08,11,TRUE,f,2980768,12,New,Simple,2005,1813
L08-4,MA08,11,TRUE,r,2980755,12,New,Simple,2005,1813
L08-4,MA08,12,FALSE,r,3020016,17,New,Complex,NA,NA
L08-4,MA08,12,FALSE,f,3023712,18,New,Complex,2007,1815
L08-4,MA08,13,TRUE,f,3576806,11,New,Simple,2009,1817
L08-4,MA08,13,TRUE,r,3576793,11,New,Simple,2009,1817
L08-4,MA08,14,FALSE,r,3617331,1,New,Simple,NA,NA
L08-4,MA08,14,FALSE,f,3617318,1,New,Simple,NA,NA
L08-4,MA08,15,FALSE,r,3795950,5,New,Simple,2011,1819
L08-4,MA08,15,FALSE,f,3795937,5,New,Simple,2011,1819
L08-4,MA20,0,TRUE,f,33500,4,New,Simple,2013,2835
L08-4,MA20,0,TRUE,r,33487,4,New,Simple,2013,2835
L08-4,MA20,1,TRUE,f,512185,3,New,Simple,NA,NA
L08-4,MA20,1,TRUE,r,512172,3,New,Simple,NA,NA
L08-4,MA20,2,TRUE,f,846661,20,New,Complex,2017,NA
L08-4,MA20,2,TRUE,r,848937,21,New,Complex,2018,2839
L08-4,MA20,3,FALSE,r,1066751,8,New,Simple,2019,2841
L08-4,MA20,3,FALSE,f,1066738,8,New,Simple,2019,2841
L08-4,MA20,4,FALSE,r,1272612,9,Preexisting,Complex,2021,2843
L08-4,MA20,4,FALSE,f,1275700,7,Preexisting,Complex,2022,2844
L08-4,MA20,5,FALSE,r,1295667,12,New,Simple,2023,2845
L08-4,MA20,5,FALSE,f,1295654,12,New,Simple,2023,2845
L08-4,MA20,6,FALSE,r,1844429,16,New,Complex,2025,2847
L08-4,MA20,6,FALSE,f,1865725,22,New,Complex,2026,2848
L08-4,MA20,7,TRUE,f,2124952,10,New,Complex,2027,NA
L08-4,MA20,7,TRUE,r,2125570,13,New,Complex,2028,2849
L08-4,MA20,8,FALSE,r,2151052,6,New,Simple,2029,2851
L08-4,MA20,8,FALSE,f,2151039,6,New,Simple,2029,2851
L08-4,MA20,9,FALSE,r,2320016,14,New,Simple,NA,NA
L08-4,MA20,9,FALSE,f,2320004,14,New,Simple,NA,NA
L08-4,MA20,10,TRUE,f,2346376,1,New,Simple,2031,2853
L08-4,MA20,10,TRUE,r,2346363,1,New,Simple,2031,2853
L08-4,MA20,11,FALSE,r,2429285,11,New,Simple,2033,2855
L08-4,MA20,11,FALSE,f,2429272,11,New,Simple,2033,2855
L08-4,MA20,12,TRUE,f,2980768,5,New,Simple,2035,2857
L08-4,MA20,12,TRUE,r,2980755,5,New,Simple,2035,2857
L08-4,MA20,13,FALSE,r,3020016,19,New,Complex,2037,NA
L08-4,MA20,13,FALSE,f,3023712,15,New,Complex,2038,2859
L08-4,MA20,14,TRUE,f,3576806,18,New,Complex,2039,2861
L08-4,MA20,14,TRUE,r,3587156,17,New,Complex,NA,NA
L08-4,MA20,15,FALSE,r,3617331,2,New,Simple,2041,NA
L08-4,MA20,15,FALSE,f,3617318,2,New,Simple,2041,NA
L08-4,MA20,16,FALSE,r,3795950,0,New,Simple,2043,2863
L08-4,MA20,16,FALSE,f,3795937,0,New,Simple,2043,2863
L09-1,FACS,0,TRUE,f,390644,4,New,Simple,NA,777
L09-1,FACS,0,TRUE,r,390631,4,New,Simple,NA,777
L09-1,FACS,1,TRUE,f,763592,6,New,Simple,NA,779
L09-1,FACS,1,TRUE,r,763579,6,New,Simple,NA,779
L09-1,FACS,2,FALSE,r,1077715,7,New,Simple,NA,781
L09-1,FACS,2,FALSE,f,1077720,7,New,Simple,NA,781
L09-1,FACS,3,FALSE,r,1272612,13,Preexisting,Complex,NA,783
L09-1,FACS,3,FALSE,f,1275700,5,Preexisting,Complex,NA,784
L09-1,FACS,4,FALSE,r,1687576,2,New,Simple,NA,785
L09-1,FACS,4,FALSE,f,1687563,2,New,Simple,NA,785
L09-1,FACS,5,FALSE,r,1738661,3,New,Simple,NA,787
L09-1,FACS,5,FALSE,f,1738648,3,New,Simple,NA,787
L09-1,FACS,6,TRUE,f,2242137,15,New,Complex,NA,789
L09-1,FACS,6,TRUE,r,2242578,11,New,Complex,NA,790
L09-1,FACS,7,FALSE,r,2303369,1,New,Simple,NA,791
L09-1,FACS,7,FALSE,f,2303356,1,New,Simple,NA,791
L09-1,FACS,8,FALSE,r,3128931,14,New,Complex,NA,793
L09-1,FACS,8,FALSE,f,3129793,8,New,Complex,NA,794
L09-1,FACS,9,FALSE,r,3472529,9,New,Simple,NA,795
L09-1,FACS,9,FALSE,f,3472517,9,New,Simple,NA,795
L09-1,FACS,10,TRUE,f,3547157,0,New,Simple,NA,797
L09-1,FACS,10,TRUE,r,3547144,0,New,Simple,NA,797
L09-1,FACS,11,FALSE,r,3702511,12,New,Complex,NA,799
L09-1,FACS,11,FALSE,f,3729382,10,New,Complex,NA,800
L09-1,MA08,0,TRUE,f,42340,0,New,Simple,NA,NA
L09-1,MA08,0,TRUE,r,42326,0,New,Simple,NA,NA
L09-1,MA08,1,TRUE,f,390644,5,New,Simple,2045,1821
L09-1,MA08,1,TRUE,r,390631,5,New,Simple,2045,1821
L09-1,MA08,2,TRUE,f,763592,7,New,Simple,2047,1823
L09-1,MA08,2,TRUE,r,763579,7,New,Simple,2047,1823
L09-1,MA08,3,FALSE,r,1077715,8,New,Simple,2049,1825
L09-1,MA08,3,FALSE,f,1077720,8,New,Simple,2049,1825
L09-1,MA08,4,FALSE,r,1272612,17,Preexisting,Complex,2051,1827
L09-1,MA08,4,FALSE,f,1275700,13,Preexisting,Complex,2052,1828
L09-1,MA08,5,FALSE,r,1687575,12,New,Simple,2053,1829
L09-1,MA08,5,FALSE,f,1687563,12,New,Simple,2053,1829
L09-1,MA08,6,FALSE,r,1738661,6,New,Simple,2055,1831
L09-1,MA08,6,FALSE,f,1738648,6,New,Simple,2055,1831
L09-1,MA08,7,TRUE,f,2242137,19,New,Complex,2057,1833
L09-1,MA08,7,TRUE,r,2242578,9,New,Complex,2058,1834
L09-1,MA08,8,FALSE,r,2286191,3,New,Simple,NA,NA
L09-1,MA08,8,FALSE,f,2286178,3,New,Simple,NA,NA
L09-1,MA08,9,FALSE,r,2303369,4,New,Simple,2059,1835
L09-1,MA08,9,FALSE,f,2303356,4,New,Simple,2059,1835
L09-1,MA08,10,FALSE,r,3128931,18,New,Complex,2061,1837
L09-1,MA08,10,FALSE,f,3129793,11,New,Complex,2062,1838
L09-1,MA08,11,FALSE,r,3472529,2,New,Simple,2063,1839
L09-1,MA08,11,FALSE,f,3472516,2,New,Simple,2063,1839
L09-1,MA08,12,TRUE,f,3547157,1,New,Simple,2065,1841
L09-1,MA08,12,TRUE,r,3547144,1,New,Simple,2065,1841
L09-1,MA08,13,FALSE,r,3702511,14,New,Complex,2067,1843
L09-1,MA08,13,FALSE,f,3729382,15,New,Complex,2068,1844
L09-1,MA08,14,TRUE,f,3955457,16,New,Complex,NA,NA
L09-1,MA08,14,TRUE,r,3960771,10,New,Complex,NA,NA
L09-1,MA20,0,TRUE,f,42340,0,New,Simple,2069,NA
L09-1,MA20,0,TRUE,r,42326,0,New,Simple,2069,NA
L09-1,MA20,1,TRUE,f,390444,18,New,Complex,NA,NA
L09-1,MA20,1,TRUE,r,390631,25,New,Complex,2071,2865
L09-1,MA20,2,TRUE,f,763592,1,New,Simple,2073,2867
L09-1,MA20,2,TRUE,r,763579,1,New,Simple,2073,2867
L09-1,MA20,3,FALSE,r,1077715,13,New,Simple,2075,2869
L09-1,MA20,3,FALSE,f,1077720,13,New,Simple,2075,2869
L09-1,MA20,4,FALSE,r,1272612,4,Preexisting,Complex,2077,2871
L09-1,MA20,4,FALSE,f,1275700,8,Preexisting,Complex,2078,2872
L09-1,MA20,5,FALSE,r,1677666,19,New,Complex,NA,NA
L09-1,MA20,5,FALSE,f,1687563,15,New,Complex,2079,2873
L09-1,MA20,6,FALSE,r,1738661,11,New,Simple,2081,2875
L09-1,MA20,6,FALSE,f,1738648,11,New,Simple,2081,2875
L09-1,MA20,7,TRUE,f,2242137,22,New,Complex,2083,2877
L09-1,MA20,7,TRUE,r,2242578,16,New,Complex,2084,2878
L09-1,MA20,8,FALSE,r,2286191,3,New,Simple,2085,NA
L09-1,MA20,8,FALSE,f,2286179,3,New,Simple,2085,NA
L09-1,MA20,9,FALSE,r,2303369,5,New,Simple,2087,2879
L09-1,MA20,9,FALSE,f,2303356,5,New,Simple,2087,2879
L09-1,MA20,10,TRUE,f,2448337,2,New,Simple,NA,NA
L09-1,MA20,10,TRUE,r,2448324,2,New,Simple,NA,NA
L09-1,MA20,11,FALSE,r,2940998,23,New,Complex,NA,NA
L09-1,MA20,11,FALSE,f,2941342,20,New,Complex,NA,NA
L09-1,MA20,12,FALSE,r,3128931,21,New,Complex,2089,2881
L09-1,MA20,12,FALSE,f,3129793,9,New,Complex,2090,2882
L09-1,MA20,13,FALSE,r,3472529,6,New,Simple,2091,2883
L09-1,MA20,13,FALSE,f,3472517,6,New,Simple,2091,2883
L09-1,MA20,14,TRUE,f,3547157,24,New,Complex,2093,2885
L09-1,MA20,14,TRUE,r,3547492,12,New,Complex,NA,NA
L09-1,MA20,15,FALSE,r,3702511,7,New,Complex,2095,2887
L09-1,MA20,15,FALSE,f,3729382,10,New,Complex,2096,2888
L09-1,MA20,16,TRUE,f,3943179,17,New,Complex,NA,NA
L09-1,MA20,16,TRUE,r,3961395,14,New,Complex,NA,NA
L09-2,FACS,0,TRUE,f,390644,4,New,Simple,NA,801
L09-2,FACS,0,TRUE,r,390631,4,New,Simple,NA,801
L09-2,FACS,1,TRUE,f,763592,2,New,Simple,NA,803
L09-2,FACS,1,TRUE,r,763579,2,New,Simple,NA,803
L09-2,FACS,2,FALSE,r,1077715,7,New,Simple,NA,805
L09-2,FACS,2,FALSE,f,1077720,7,New,Simple,NA,805
L09-2,FACS,3,FALSE,r,1272612,5,Preexisting,Complex,NA,807
L09-2,FACS,3,FALSE,f,1275700,12,Preexisting,Complex,NA,808
L09-2,FACS,4,FALSE,r,1687576,3,New,Simple,NA,809
L09-2,FACS,4,FALSE,f,1687563,3,New,Simple,NA,809
L09-2,FACS,5,TRUE,f,2242137,14,New,Complex,NA,811
L09-2,FACS,5,TRUE,r,2242578,13,New,Complex,NA,812
L09-2,FACS,6,FALSE,r,2303369,1,New,Simple,NA,813
L09-2,FACS,6,FALSE,f,2303356,1,New,Simple,NA,813
L09-2,FACS,7,FALSE,r,3128931,6,New,Complex,NA,815
L09-2,FACS,7,FALSE,f,3129793,8,New,Complex,NA,816
L09-2,FACS,8,FALSE,r,3472529,9,New,Simple,NA,817
L09-2,FACS,8,FALSE,f,3472517,9,New,Simple,NA,817
L09-2,FACS,9,TRUE,f,3547157,0,New,Simple,NA,819
L09-2,FACS,9,TRUE,r,3547144,0,New,Simple,NA,819
L09-2,FACS,10,FALSE,r,3702511,11,New,Complex,NA,821
L09-2,FACS,10,FALSE,f,3729382,10,New,Complex,NA,822
L09-2,MA08,0,TRUE,f,763592,1,New,Simple,2101,1847
L09-2,MA08,0,TRUE,r,763579,1,New,Simple,2101,1847
L09-2,MA08,1,FALSE,r,1077715,6,New,Simple,2103,1849
L09-2,MA08,1,FALSE,f,1077720,6,New,Simple,2103,1849
L09-2,MA08,2,FALSE,r,1272612,7,Preexisting,Complex,2105,1851
L09-2,MA08,2,FALSE,f,1275700,8,Preexisting,Complex,2106,1852
L09-2,MA08,3,FALSE,r,1403174,3,New,Simple,NA,NA
L09-2,MA08,3,FALSE,f,1403161,3,New,Simple,NA,NA
L09-2,MA08,4,FALSE,r,1675902,14,New,Complex,NA,NA
L09-2,MA08,4,FALSE,f,1687563,15,New,Complex,2107,1853
L09-2,MA08,5,TRUE,f,2241802,17,New,Complex,NA,NA
L09-2,MA08,5,TRUE,r,2242578,10,New,Complex,2110,1856
L09-2,MA08,6,FALSE,r,2303369,2,New,Simple,2111,1857
L09-2,MA08,6,FALSE,f,2303356,2,New,Simple,2111,1857
L09-2,MA08,7,FALSE,r,3128931,16,New,Complex,2113,1859
L09-2,MA08,7,FALSE,f,3129793,11,New,Complex,2114,1860
L09-2,MA08,8,FALSE,r,3472529,4,New,Simple,2115,1861
L09-2,MA08,8,FALSE,f,3472517,4,New,Simple,2115,1861
L09-2,MA08,9,TRUE,f,3547157,0,New,Simple,2117,1863
L09-2,MA08,9,TRUE,r,3547144,0,New,Simple,2117,1863
L09-2,MA08,10,FALSE,r,3702511,12,New,Complex,2119,1865
L09-2,MA08,10,TRUE,f,3897909,13,New,Complex,NA,NA
L09-2,MA08,11,FALSE,f,3729381,9,New,Complex,2120,1866
L09-2,MA08,11,TRUE,r,3915030,5,New,Complex,NA,NA
L09-2,MA20,0,TRUE,f,763592,5,New,Simple,2121,2891
L09-2,MA20,0,TRUE,r,763579,5,New,Simple,2121,2891
L09-2,MA20,1,FALSE,r,1064884,4,New,Simple,NA,NA
L09-2,MA20,1,FALSE,f,1064871,4,New,Simple,NA,NA
L09-2,MA20,2,FALSE,r,1077715,3,New,Simple,2123,2893
L09-2,MA20,2,FALSE,f,1077720,3,New,Simple,2123,2893
L09-2,MA20,3,FALSE,r,1272612,8,Preexisting,Complex,2125,2895
L09-2,MA20,3,FALSE,f,1275700,7,Preexisting,Complex,2126,2896
L09-2,MA20,4,TRUE,f,1623533,2,New,Complex,NA,NA
L09-2,MA20,4,FALSE,r,1675901,16,New,Complex,2129,NA
L09-2,MA20,5,TRUE,r,1623519,2,New,Complex,NA,NA
L09-2,MA20,5,FALSE,f,1687563,14,New,Complex,2130,2897
L09-2,MA20,6,TRUE,f,2221383,13,New,Complex,NA,NA
L09-2,MA20,6,TRUE,r,2242578,17,New,Complex,2132,2900
L09-2,MA20,7,FALSE,r,2303370,0,New,Simple,2133,2901
L09-2,MA20,7,FALSE,f,2303356,0,New,Simple,2133,2901
L09-2,MA20,8,FALSE,r,3128931,18,New,Complex,2135,2903
L09-2,MA20,8,FALSE,f,3129793,11,New,Complex,2136,2904
L09-2,MA20,9,FALSE,r,3472529,1,New,Simple,2137,2905
L09-2,MA20,9,FALSE,f,3472516,1,New,Simple,2137,2905
L09-2,MA20,10,TRUE,f,3546954,19,New,Complex,NA,NA
L09-2,MA20,10,TRUE,r,3547422,9,New,Complex,NA,NA
L09-2,MA20,11,FALSE,r,3702511,12,New,Complex,2141,2909
L09-2,MA20,11,TRUE,f,3897909,6,New,Complex,2142,NA
L09-2,MA20,12,FALSE,f,3729381,15,New,Complex,2143,2910
L09-2,MA20,12,TRUE,r,3915030,10,New,Complex,2144,NA
L09-3,FACS,0,TRUE,f,390644,4,New,Simple,NA,823
L09-3,FACS,0,TRUE,r,390631,4,New,Simple,NA,823
L09-3,FACS,1,TRUE,f,763592,6,New,Simple,NA,825
L09-3,FACS,1,TRUE,r,763579,6,New,Simple,NA,825
L09-3,FACS,2,FALSE,r,1077715,7,New,Simple,NA,827
L09-3,FACS,2,FALSE,f,1077720,7,New,Simple,NA,827
L09-3,FACS,3,FALSE,r,1272612,13,Preexisting,Complex,NA,829
L09-3,FACS,3,FALSE,f,1275700,5,Preexisting,Complex,NA,830
L09-3,FACS,4,FALSE,r,1687576,2,New,Simple,NA,831
L09-3,FACS,4,FALSE,f,1687563,2,New,Simple,NA,831
L09-3,FACS,5,FALSE,r,1738661,3,New,Simple,NA,833
L09-3,FACS,5,FALSE,f,1738648,3,New,Simple,NA,833
L09-3,FACS,6,TRUE,f,2242137,15,New,Complex,NA,835
L09-3,FACS,6,TRUE,r,2242578,11,New,Complex,NA,836
L09-3,FACS,7,FALSE,r,2303369,1,New,Simple,NA,837
L09-3,FACS,7,FALSE,f,2303356,1,New,Simple,NA,837
L09-3,FACS,8,FALSE,r,3128931,14,New,Complex,NA,839
L09-3,FACS,8,FALSE,f,3129793,8,New,Complex,NA,840
L09-3,FACS,9,FALSE,r,3472529,9,New,Simple,NA,841
L09-3,FACS,9,FALSE,f,3472517,9,New,Simple,NA,841
L09-3,FACS,10,TRUE,f,3547157,0,New,Simple,NA,843
L09-3,FACS,10,TRUE,r,3547144,0,New,Simple,NA,843
L09-3,FACS,11,FALSE,r,3702511,12,New,Complex,NA,845
L09-3,FACS,11,FALSE,f,3729382,10,New,Complex,NA,846
L09-3,MA08,0,TRUE,f,157052,0,New,Simple,NA,NA
L09-3,MA08,0,TRUE,r,157039,0,New,Simple,NA,NA
L09-3,MA08,1,FALSE,r,370955,1,New,Simple,NA,NA
L09-3,MA08,1,FALSE,f,370942,1,New,Simple,NA,NA
L09-3,MA08,2,TRUE,f,390644,3,New,Simple,2145,1867
L09-3,MA08,2,TRUE,r,390631,3,New,Simple,2145,1867
L09-3,MA08,3,TRUE,f,763592,7,New,Simple,2147,1869
L09-3,MA08,3,TRUE,r,763579,7,New,Simple,2147,1869
L09-3,MA08,4,FALSE,r,1077715,11,New,Simple,2149,1871
L09-3,MA08,4,FALSE,f,1077720,11,New,Simple,2149,1871
L09-3,MA08,5,FALSE,r,1272612,9,Preexisting,Complex,2151,1873
L09-3,MA08,5,FALSE,f,1275700,13,Preexisting,Complex,2152,1874
L09-3,MA08,6,FALSE,r,1625615,6,New,Simple,NA,NA
L09-3,MA08,6,FALSE,f,1625602,6,New,Simple,NA,NA
L09-3,MA08,7,FALSE,r,1677778,18,New,Complex,NA,NA
L09-3,MA08,7,FALSE,f,1687563,21,New,Complex,2153,1875
L09-3,MA08,8,TRUE,f,1738677,2,New,Simple,2155,1877
L09-3,MA08,8,TRUE,r,1738664,2,New,Simple,2155,1877
L09-3,MA08,9,TRUE,f,1904749,4,New,Simple,NA,NA
L09-3,MA08,9,TRUE,r,1904736,4,New,Simple,NA,NA
L09-3,MA08,10,FALSE,r,2159928,20,New,Complex,NA,NA
L09-3,MA08,10,FALSE,f,2161607,19,New,Complex,NA,NA
L09-3,MA08,11,TRUE,f,2242137,22,New,Complex,2157,1879
L09-3,MA08,11,TRUE,r,2242578,17,New,Complex,2158,1880
L09-3,MA08,12,FALSE,r,2303369,8,New,Simple,2159,1881
L09-3,MA08,12,FALSE,f,2303356,8,New,Simple,2159,1881
L09-3,MA08,13,FALSE,r,3128931,10,New,Complex,2161,1883
L09-3,MA08,13,FALSE,f,3129793,14,New,Complex,2162,1884
L09-3,MA08,14,FALSE,r,3472529,5,New,Simple,2163,1885
L09-3,MA08,14,FALSE,f,3472517,5,New,Simple,2163,1885
L09-3,MA08,15,TRUE,f,3547157,23,New,Complex,2165,1887
L09-3,MA08,15,TRUE,r,3547373,12,New,Complex,NA,NA
L09-3,MA08,16,FALSE,r,3702511,16,New,Complex,2167,1889
L09-3,MA08,16,FALSE,f,3729382,15,New,Complex,2168,1890
L09-3,MA20,0,TRUE,f,157052,25,New,Complex,2169,NA
L09-3,MA20,0,TRUE,r,157183,32,New,Complex,NA,NA
L09-3,MA20,1,TRUE,f,390644,1,New,Simple,2173,2911
L09-3,MA20,1,TRUE,r,390631,1,New,Simple,2173,2911
L09-3,MA20,2,TRUE,f,763592,3,New,Simple,2175,2913
L09-3,MA20,2,TRUE,r,763579,3,New,Simple,2175,2913
L09-3,MA20,3,FALSE,r,1077715,17,New,Simple,2177,2915
L09-3,MA20,3,FALSE,f,1077720,17,New,Simple,2177,2915
L09-3,MA20,4,FALSE,r,1272612,5,Preexisting,Complex,2179,2917
L09-3,MA20,4,FALSE,f,1275700,19,Preexisting,Complex,2180,2918
L09-3,MA20,5,FALSE,r,1577414,9,New,Simple,NA,NA
L09-3,MA20,5,FALSE,f,1577401,9,New,Simple,NA,NA
L09-3,MA20,6,FALSE,r,1625615,6,New,Simple,2181,NA
L09-3,MA20,6,FALSE,f,1625602,6,New,Simple,2181,NA
L09-3,MA20,7,FALSE,r,1677778,23,New,Complex,2183,NA
L09-3,MA20,7,FALSE,f,1687563,22,New,Complex,2184,2919
L09-3,MA20,8,FALSE,r,1738841,29,New,Complex,NA,NA
L09-3,MA20,8,FALSE,f,1739368,31,New,Complex,NA,NA
L09-3,MA20,9,FALSE,r,1875883,20,New,Simple,NA,NA
L09-3,MA20,9,FALSE,f,1875871,20,New,Simple,NA,NA
L09-3,MA20,10,TRUE,f,1904073,24,New,Complex,NA,NA
L09-3,MA20,10,TRUE,r,1910310,21,New,Complex,NA,NA
L09-3,MA20,11,FALSE,r,2159928,26,New,Complex,2189,NA
L09-3,MA20,11,FALSE,f,2161607,16,New,Complex,2190,NA
L09-3,MA20,12,TRUE,f,2176774,8,New,Simple,NA,NA
L09-3,MA20,12,TRUE,r,2176761,8,New,Simple,NA,NA
L09-3,MA20,13,TRUE,f,2242137,30,New,Complex,2191,2923
L09-3,MA20,13,TRUE,r,2242578,27,New,Complex,2192,2924
L09-3,MA20,14,FALSE,r,2303369,2,New,Simple,2193,2925
L09-3,MA20,14,FALSE,f,2303356,2,New,Simple,2193,2925
L09-3,MA20,15,TRUE,f,2606672,4,New,Simple,NA,NA
L09-3,MA20,15,TRUE,r,2606659,4,New,Simple,NA,NA
L09-3,MA20,16,FALSE,r,3035828,28,New,Complex,NA,NA
L09-3,MA20,16,FALSE,f,3036477,15,New,Complex,NA,NA
L09-3,MA20,17,FALSE,r,3128931,13,New,Complex,2195,2927
L09-3,MA20,17,FALSE,f,3129793,11,New,Complex,2196,2928
L09-3,MA20,18,FALSE,r,3283517,0,New,Simple,NA,NA
L09-3,MA20,18,FALSE,f,3283504,0,New,Simple,NA,NA
L09-3,MA20,19,FALSE,r,3472529,14,New,Simple,2197,2929
L09-3,MA20,19,FALSE,f,3472517,14,New,Simple,2197,2929
L09-3,MA20,20,TRUE,f,3547157,7,New,Complex,2199,2931
L09-3,MA20,20,TRUE,r,3547373,12,New,Complex,2200,NA
L09-3,MA20,21,FALSE,r,3702511,10,New,Complex,2201,2933
L09-3,MA20,21,FALSE,f,3729382,18,New,Complex,2202,2934
L09-4,FACS,0,TRUE,f,390644,4,New,Simple,NA,847
L09-4,FACS,0,TRUE,r,390631,4,New,Simple,NA,847
L09-4,FACS,1,TRUE,f,763592,2,New,Simple,NA,849
L09-4,FACS,1,TRUE,r,763579,2,New,Simple,NA,849
L09-4,FACS,2,FALSE,r,1077715,7,New,Simple,NA,851
L09-4,FACS,2,FALSE,f,1077720,7,New,Simple,NA,851
L09-4,FACS,3,FALSE,r,1272612,5,Preexisting,Complex,NA,853
L09-4,FACS,3,FALSE,f,1275700,12,Preexisting,Complex,NA,854
L09-4,FACS,4,FALSE,r,1687576,3,New,Simple,NA,855
L09-4,FACS,4,FALSE,f,1687563,3,New,Simple,NA,855
L09-4,FACS,5,TRUE,f,2242137,14,New,Complex,NA,857
L09-4,FACS,5,TRUE,r,2242578,13,New,Complex,NA,858
L09-4,FACS,6,FALSE,r,2303369,1,New,Simple,NA,859
L09-4,FACS,6,FALSE,f,2303356,1,New,Simple,NA,859
L09-4,FACS,7,FALSE,r,3128931,6,New,Complex,NA,861
L09-4,FACS,7,FALSE,f,3129793,8,New,Complex,NA,862
L09-4,FACS,8,FALSE,r,3472529,9,New,Simple,NA,863
L09-4,FACS,8,FALSE,f,3472517,9,New,Simple,NA,863
L09-4,FACS,9,TRUE,f,3547157,0,New,Simple,NA,865
L09-4,FACS,9,TRUE,r,3547144,0,New,Simple,NA,865
L09-4,FACS,10,FALSE,r,3702511,11,New,Complex,NA,867
L09-4,FACS,10,FALSE,f,3729382,10,New,Complex,NA,868
L09-4,MA08,0,FALSE,r,152809,10,New,Complex,NA,NA
L09-4,MA08,0,FALSE,f,161278,14,New,Complex,NA,NA
L09-4,MA08,1,TRUE,f,390644,3,New,Simple,2203,1891
L09-4,MA08,1,TRUE,r,390631,3,New,Simple,2203,1891
L09-4,MA08,2,TRUE,f,763592,4,New,Simple,2205,1893
L09-4,MA08,2,TRUE,r,763579,4,New,Simple,2205,1893
L09-4,MA08,3,FALSE,r,1077715,8,New,Simple,2207,1895
L09-4,MA08,3,FALSE,f,1077720,8,New,Simple,2207,1895
L09-4,MA08,4,FALSE,r,1272612,15,Preexisting,Complex,2209,1897
L09-4,MA08,4,FALSE,f,1275700,5,Preexisting,Complex,2210,1898
L09-4,MA08,5,FALSE,r,1687575,7,New,Simple,2211,1899
L09-4,MA08,5,FALSE,f,1687563,7,New,Simple,2211,1899
L09-4,MA08,6,TRUE,f,2241851,17,New,Complex,NA,NA
L09-4,MA08,6,TRUE,r,2242578,9,New,Complex,2214,1902
L09-4,MA08,7,FALSE,r,2303369,1,New,Simple,2215,1903
L09-4,MA08,7,FALSE,f,2303356,1,New,Simple,2215,1903
L09-4,MA08,8,FALSE,r,3128931,16,New,Complex,2217,1905
L09-4,MA08,8,FALSE,f,3129793,13,New,Complex,2218,1906
L09-4,MA08,9,FALSE,r,3472529,2,New,Simple,2219,1907
L09-4,MA08,9,FALSE,f,3472517,2,New,Simple,2219,1907
L09-4,MA08,10,TRUE,f,3547157,0,New,Simple,2221,1909
L09-4,MA08,10,TRUE,r,3547144,0,New,Simple,2221,1909
L09-4,MA08,11,FALSE,r,3702511,6,New,Complex,2223,1911
L09-4,MA08,11,FALSE,f,3729382,12,New,Complex,2224,1912
L09-4,MA08,12,TRUE,f,3848019,18,New,Complex,NA,NA
L09-4,MA08,12,TRUE,r,3848097,11,New,Complex,NA,NA
L09-4,MA20,0,FALSE,r,152809,10,New,Complex,2225,NA
L09-4,MA20,0,FALSE,f,161278,14,New,Complex,2226,NA
L09-4,MA20,1,TRUE,f,390644,3,New,Simple,2227,2935
L09-4,MA20,1,TRUE,r,390631,3,New,Simple,2227,2935
L09-4,MA20,2,TRUE,f,763592,2,New,Simple,2229,2937
L09-4,MA20,2,TRUE,r,763579,2,New,Simple,2229,2937
L09-4,MA20,3,FALSE,r,1077715,8,New,Simple,2231,2939
L09-4,MA20,3,FALSE,f,1077720,8,New,Simple,2231,2939
L09-4,MA20,4,FALSE,r,1272612,7,Preexisting,Complex,2233,2941
L09-4,MA20,4,FALSE,f,1275700,11,Preexisting,Complex,2234,2942
L09-4,MA20,5,FALSE,r,1687575,9,New,Simple,2235,2943
L09-4,MA20,5,FALSE,f,1687563,9,New,Simple,2235,2943
L09-4,MA20,6,FALSE,r,2055425,4,New,Simple,NA,NA
L09-4,MA20,6,FALSE,f,2055412,4,New,Simple,NA,NA
L09-4,MA20,7,TRUE,f,2241851,17,New,Complex,2237,NA
L09-4,MA20,7,TRUE,r,2242578,15,New,Complex,2238,2946
L09-4,MA20,8,FALSE,r,2303369,1,New,Simple,2239,2947
L09-4,MA20,8,FALSE,f,2303356,1,New,Simple,2239,2947
L09-4,MA20,9,FALSE,r,3128931,16,New,Complex,2241,2949
L09-4,MA20,9,FALSE,f,3129793,13,New,Complex,2242,2950
L09-4,MA20,10,FALSE,r,3472529,5,New,Simple,2243,2951
L09-4,MA20,10,FALSE,f,3472517,5,New,Simple,2243,2951
L09-4,MA20,11,TRUE,f,3547157,0,New,Simple,2245,2953
L09-4,MA20,11,TRUE,r,3547144,0,New,Simple,2245,2953
L09-4,MA20,12,FALSE,r,3702511,6,New,Complex,2247,2955
L09-4,MA20,12,FALSE,f,3729382,12,New,Complex,2248,2956
L10-1,FACS,0,FALSE,r,120553,3,New,Simple,NA,869
L10-1,FACS,0,FALSE,f,120541,3,New,Simple,NA,869
L10-1,FACS,1,FALSE,r,1272612,11,Preexisting,Complex,NA,871
L10-1,FACS,1,FALSE,f,1275700,9,Preexisting,Complex,NA,872
L10-1,FACS,2,TRUE,f,1914252,12,New,Complex,NA,873
L10-1,FACS,2,TRUE,r,1916780,7,New,Complex,NA,874
L10-1,FACS,3,FALSE,r,2019926,4,New,Simple,NA,875
L10-1,FACS,3,FALSE,f,2019913,4,New,Simple,NA,875
L10-1,FACS,4,TRUE,f,2080380,13,New,Complex,NA,877
L10-1,FACS,4,TRUE,r,2080865,6,New,Complex,NA,878
L10-1,FACS,5,FALSE,r,2516257,5,New,Simple,NA,879
L10-1,FACS,5,FALSE,f,2516244,5,New,Simple,NA,879
L10-1,FACS,6,TRUE,f,2752068,2,New,Simple,NA,881
L10-1,FACS,6,TRUE,r,2752055,2,New,Simple,NA,881
L10-1,FACS,7,TRUE,f,3564844,1,New,Simple,NA,883
L10-1,FACS,7,TRUE,r,3564831,1,New,Simple,NA,883
L10-1,FACS,8,TRUE,f,3698369,10,New,Complex,NA,885
L10-1,FACS,8,TRUE,r,3723003,8,New,Complex,NA,886
L10-1,FACS,9,FALSE,r,3957119,0,New,Simple,NA,887
L10-1,FACS,9,FALSE,f,3957106,0,New,Simple,NA,887
L10-1,MA08,0,FALSE,r,120553,11,New,Simple,2251,1913
L10-1,MA08,0,FALSE,f,120541,11,New,Simple,2251,1913
L10-1,MA08,1,TRUE,f,847324,14,New,Complex,NA,NA
L10-1,MA08,1,TRUE,r,849390,16,New,Complex,NA,NA
L10-1,MA08,2,FALSE,r,1272612,6,Preexisting,Complex,2253,1915
L10-1,MA08,2,FALSE,f,1275700,7,Preexisting,Complex,2254,1916
L10-1,MA08,3,TRUE,f,1914252,15,New,Complex,2255,1917
L10-1,MA08,3,TRUE,r,1916780,17,New,Complex,2256,1918
L10-1,MA08,4,FALSE,r,2019926,12,New,Simple,2257,1919
L10-1,MA08,4,FALSE,f,2019913,12,New,Simple,2257,1919
L10-1,MA08,5,TRUE,f,2080380,8,New,Complex,2259,1921
L10-1,MA08,5,TRUE,r,2080865,9,New,Complex,2260,1922
L10-1,MA08,6,TRUE,f,2479967,5,New,Simple,NA,NA
L10-1,MA08,6,TRUE,r,2479954,5,New,Simple,NA,NA
L10-1,MA08,7,FALSE,r,2516257,2,New,Simple,2261,1923
L10-1,MA08,7,FALSE,f,2516244,2,New,Simple,2261,1923
L10-1,MA08,8,TRUE,f,2752068,4,New,Simple,2263,1925
L10-1,MA08,8,TRUE,r,2752055,4,New,Simple,2263,1925
L10-1,MA08,9,TRUE,f,3564844,3,New,Simple,2265,1927
L10-1,MA08,9,TRUE,r,3564831,3,New,Simple,2265,1927
L10-1,MA08,10,TRUE,f,3698369,13,New,Complex,2267,1929
L10-1,MA08,10,TRUE,r,3723003,10,New,Complex,2268,1930
L10-1,MA08,11,FALSE,r,3892226,1,New,Simple,NA,NA
L10-1,MA08,11,FALSE,f,3892213,1,New,Simple,NA,NA
L10-1,MA08,12,FALSE,r,3957119,0,New,Simple,2269,1931
L10-1,MA08,12,FALSE,f,3957106,0,New,Simple,2269,1931
L10-1,MA20,0,FALSE,r,120553,11,New,Simple,2271,2957
L10-1,MA20,0,FALSE,f,120541,11,New,Simple,2271,2957
L10-1,MA20,1,TRUE,f,847324,13,New,Complex,2273,NA
L10-1,MA20,1,TRUE,r,849390,22,New,Complex,2274,NA
L10-1,MA20,2,TRUE,f,1128407,15,New,Complex,NA,NA
L10-1,MA20,2,TRUE,r,1132389,19,New,Complex,NA,NA
L10-1,MA20,3,FALSE,r,1272612,4,Preexisting,Complex,2275,2959
L10-1,MA20,3,FALSE,f,1275946,20,New,Complex,NA,NA
L10-1,MA20,4,FALSE,r,1296284,3,New,Simple,NA,NA
L10-1,MA20,4,FALSE,f,1296271,3,New,Simple,NA,NA
L10-1,MA20,5,FALSE,r,1733511,8,New,Simple,NA,NA
L10-1,MA20,5,FALSE,f,1733499,8,New,Simple,NA,NA
L10-1,MA20,6,TRUE,f,1914252,21,New,Complex,2277,2961
L10-1,MA20,6,TRUE,r,1916780,17,New,Complex,2278,2962
L10-1,MA20,7,FALSE,r,2019926,5,New,Simple,2279,2963
L10-1,MA20,7,FALSE,f,2019913,5,New,Simple,2279,2963
L10-1,MA20,8,TRUE,f,2080380,24,New,Complex,2281,2965
L10-1,MA20,8,TRUE,r,2080865,14,New,Complex,2282,2966
L10-1,MA20,9,TRUE,f,2479967,2,New,Simple,2283,NA
L10-1,MA20,9,TRUE,r,2479954,2,New,Simple,2283,NA
L10-1,MA20,10,FALSE,r,2516257,23,New,Complex,2285,2967
L10-1,MA20,10,FALSE,f,2517200,12,New,Complex,NA,NA
L10-1,MA20,11,TRUE,f,2728693,16,New,Complex,NA,NA
L10-1,MA20,11,TRUE,r,2752055,10,New,Complex,2287,2969
L10-1,MA20,12,TRUE,f,3564844,1,New,Simple,2289,2971
L10-1,MA20,12,TRUE,r,3564831,1,New,Simple,2289,2971
L10-1,MA20,13,TRUE,f,3698369,6,New,Complex,2291,2973
L10-1,MA20,13,TRUE,r,3723003,9,New,Complex,2292,2974
L10-1,MA20,14,TRUE,f,3920244,0,New,Simple,NA,NA
L10-1,MA20,14,TRUE,r,3920231,0,New,Simple,NA,NA
L10-1,MA20,15,FALSE,r,3944752,18,New,Complex,NA,NA
L10-1,MA20,15,FALSE,f,3957106,7,New,Complex,2295,2975
L10-2,FACS,0,FALSE,r,120553,3,New,Simple,NA,889
L10-2,FACS,0,FALSE,f,120541,3,New,Simple,NA,889
L10-2,FACS,1,FALSE,r,1272612,11,Preexisting,Complex,NA,891
L10-2,FACS,1,FALSE,f,1275700,9,Preexisting,Complex,NA,892
L10-2,FACS,2,TRUE,f,1914252,12,New,Complex,NA,893
L10-2,FACS,2,TRUE,r,1916780,7,New,Complex,NA,894
L10-2,FACS,3,FALSE,r,2019926,4,New,Simple,NA,895
L10-2,FACS,3,FALSE,f,2019913,4,New,Simple,NA,895
L10-2,FACS,4,TRUE,f,2080380,13,New,Complex,NA,897
L10-2,FACS,4,TRUE,r,2080865,6,New,Complex,NA,898
L10-2,FACS,5,FALSE,r,2516257,5,New,Simple,NA,899
L10-2,FACS,5,FALSE,f,2516244,5,New,Simple,NA,899
L10-2,FACS,6,TRUE,f,2752068,2,New,Simple,NA,901
L10-2,FACS,6,TRUE,r,2752055,2,New,Simple,NA,901
L10-2,FACS,7,TRUE,f,3564844,1,New,Simple,NA,903
L10-2,FACS,7,TRUE,r,3564831,1,New,Simple,NA,903
L10-2,FACS,8,TRUE,f,3698369,10,New,Complex,NA,905
L10-2,FACS,8,TRUE,r,3723003,8,New,Complex,NA,906
L10-2,FACS,9,FALSE,r,3957119,0,New,Simple,NA,907
L10-2,FACS,9,FALSE,f,3957106,0,New,Simple,NA,907
L10-2,MA08,0,FALSE,r,120553,20,New,Simple,2297,1933
L10-2,MA08,0,FALSE,f,120541,20,New,Simple,2297,1933
L10-2,MA08,1,FALSE,r,136195,24,New,Complex,NA,NA
L10-2,MA08,1,FALSE,f,120541,20,New,Simple,2297,1933
L10-2,MA08,2,TRUE,f,125373,22,New,Simple,NA,NA
L10-2,MA08,2,TRUE,r,125361,22,New,Simple,NA,NA
L10-2,MA08,3,TRUE,f,135522,3,New,Simple,NA,NA
L10-2,MA08,3,TRUE,r,135509,3,New,Simple,NA,NA
L10-2,MA08,4,TRUE,f,173969,9,New,Simple,NA,NA
L10-2,MA08,4,TRUE,r,173956,9,New,Simple,NA,NA
L10-2,MA08,5,FALSE,r,207870,7,New,Simple,NA,NA
L10-2,MA08,5,FALSE,f,207857,7,New,Simple,NA,NA
L10-2,MA08,6,FALSE,r,661589,15,New,Simple,NA,NA
L10-2,MA08,6,FALSE,f,661576,15,New,Simple,NA,NA
L10-2,MA08,7,FALSE,r,1272612,11,Preexisting,Complex,2299,1935
L10-2,MA08,7,FALSE,f,1275700,21,Preexisting,Complex,2300,1936
L10-2,MA08,8,FALSE,r,1292786,8,New,Simple,NA,NA
L10-2,MA08,8,FALSE,f,1292773,8,New,Simple,NA,NA
L10-2,MA08,9,TRUE,f,1904838,18,New,Complex,NA,NA
L10-2,MA08,9,TRUE,r,1919661,14,New,Complex,NA,NA
L10-2,MA08,10,FALSE,r,2019926,5,New,Simple,2303,1939
L10-2,MA08,10,FALSE,f,2019913,5,New,Simple,2303,1939
L10-2,MA08,11,TRUE,f,2080380,25,New,Complex,2305,1941
L10-2,MA08,11,TRUE,r,2080865,26,New,Complex,2306,1942
L10-2,MA08,12,TRUE,f,2509209,10,New,Simple,NA,NA
L10-2,MA08,12,TRUE,r,2509196,10,New,Simple,NA,NA
L10-2,MA08,13,FALSE,r,2516257,6,New,Simple,2307,1943
L10-2,MA08,13,FALSE,f,2516244,6,New,Simple,2307,1943
L10-2,MA08,14,TRUE,f,2561009,4,New,Simple,NA,NA
L10-2,MA08,14,TRUE,r,2560996,4,New,Simple,NA,NA
L10-2,MA08,15,TRUE,f,2752068,1,New,Simple,2309,1945
L10-2,MA08,15,TRUE,r,2752055,1,New,Simple,2309,1945
L10-2,MA08,16,FALSE,r,3051227,12,New,Complex,NA,NA
L10-2,MA08,16,TRUE,f,125372,22,New,Simple,NA,NA
L10-2,MA08,17,FALSE,f,120540,20,New,Simple,2297,1933
L10-2,MA08,17,TRUE,r,3051610,17,New,Complex,NA,NA
L10-2,MA08,18,TRUE,f,3468028,2,New,Simple,NA,NA
L10-2,MA08,18,TRUE,r,3468015,2,New,Simple,NA,NA
L10-2,MA08,19,TRUE,f,3564844,0,New,Simple,2311,1947
L10-2,MA08,19,TRUE,r,3564831,0,New,Simple,2311,1947
L10-2,MA08,20,TRUE,f,3698369,16,New,Complex,2313,1949
L10-2,MA08,20,TRUE,r,3723003,23,New,Complex,2314,1950
L10-2,MA08,21,FALSE,r,3942961,19,New,Complex,NA,NA
L10-2,MA08,21,FALSE,f,3957106,13,New,Complex,2315,1951
L10-2,MA20,0,TRUE,f,116653,18,New,Complex,NA,NA
L10-2,MA20,0,TRUE,r,125361,11,New,Complex,2321,NA
L10-2,MA20,1,TRUE,f,135522,22,New,Simple,2323,NA
L10-2,MA20,1,TRUE,r,135509,22,New,Simple,2323,NA
L10-2,MA20,2,TRUE,f,173969,21,New,Simple,2325,NA
L10-2,MA20,2,TRUE,r,173956,21,New,Simple,2325,NA
L10-2,MA20,3,FALSE,r,207870,3,New,Simple,2327,NA
L10-2,MA20,3,FALSE,f,207857,3,New,Simple,2327,NA
L10-2,MA20,4,FALSE,r,661589,7,New,Simple,2329,NA
L10-2,MA20,4,FALSE,f,661576,7,New,Simple,2329,NA
L10-2,MA20,5,FALSE,r,1272612,12,Preexisting,Complex,2331,2979
L10-2,MA20,5,FALSE,f,1275700,15,Preexisting,Complex,2332,2980
L10-2,MA20,6,FALSE,r,1292786,8,New,Simple,2333,NA
L10-2,MA20,6,FALSE,f,1292773,8,New,Simple,2333,NA
L10-2,MA20,7,TRUE,f,1904838,19,New,Complex,2335,NA
L10-2,MA20,7,TRUE,r,1919661,14,New,Complex,2336,NA
L10-2,MA20,8,FALSE,r,2019926,5,New,Simple,2337,2983
L10-2,MA20,8,FALSE,f,2019913,5,New,Simple,2337,2983
L10-2,MA20,9,TRUE,f,2080380,26,New,Complex,2339,2985
L10-2,MA20,9,TRUE,r,2080865,27,New,Complex,2340,2986
L10-2,MA20,10,TRUE,f,2509209,10,New,Simple,2341,NA
L10-2,MA20,10,TRUE,r,2509196,10,New,Simple,2341,NA
L10-2,MA20,11,FALSE,r,2516257,6,New,Simple,2343,2987
L10-2,MA20,11,FALSE,f,2516244,6,New,Simple,2343,2987
L10-2,MA20,12,TRUE,f,2561009,4,New,Simple,2345,NA
L10-2,MA20,12,TRUE,r,2560996,4,New,Simple,2345,NA
L10-2,MA20,13,FALSE,r,2701815,0,New,Complex,NA,NA
L10-2,MA20,13,TRUE,f,2752067,9,New,Complex,2347,2989
L10-2,MA20,14,FALSE,f,2701801,0,New,Complex,NA,NA
L10-2,MA20,14,TRUE,r,2752055,9,New,Complex,2347,2989
L10-2,MA20,15,FALSE,r,3051227,13,New,Complex,2349,NA
L10-2,MA20,15,TRUE,f,125372,11,New,Complex,2321,NA
L10-2,MA20,16,FALSE,f,120540,24,New,Complex,2317,2977
L10-2,MA20,16,TRUE,r,3051610,25,New,Complex,2352,NA
L10-2,MA20,17,TRUE,f,3468028,2,New,Simple,2353,NA
L10-2,MA20,17,TRUE,r,3468015,2,New,Simple,2353,NA
L10-2,MA20,18,TRUE,f,3564844,1,New,Simple,2355,2991
L10-2,MA20,18,TRUE,r,3564831,1,New,Simple,2355,2991
L10-2,MA20,19,TRUE,f,3698369,17,New,Complex,2357,2993
L10-2,MA20,19,TRUE,r,3723003,23,New,Complex,2358,2994
L10-2,MA20,20,FALSE,r,3942961,20,New,Complex,2359,NA
L10-2,MA20,20,FALSE,f,3957106,16,New,Complex,2360,2995
L10-3,FACS,0,FALSE,r,120553,3,New,Simple,NA,909
L10-3,FACS,0,FALSE,f,120541,3,New,Simple,NA,909
L10-3,FACS,1,FALSE,r,1272612,11,Preexisting,Complex,NA,911
L10-3,FACS,1,FALSE,f,1275700,9,Preexisting,Complex,NA,912
L10-3,FACS,2,TRUE,f,1914252,12,New,Complex,NA,913
L10-3,FACS,2,TRUE,r,1916780,7,New,Complex,NA,914
L10-3,FACS,3,FALSE,r,2019926,4,New,Simple,NA,915
L10-3,FACS,3,FALSE,f,2019913,4,New,Simple,NA,915
L10-3,FACS,4,TRUE,f,2080380,13,New,Complex,NA,917
L10-3,FACS,4,TRUE,r,2080865,6,New,Complex,NA,918
L10-3,FACS,5,FALSE,r,2516257,5,New,Simple,NA,919
L10-3,FACS,5,FALSE,f,2516244,5,New,Simple,NA,919
L10-3,FACS,6,TRUE,f,2752068,2,New,Simple,NA,921
L10-3,FACS,6,TRUE,r,2752055,2,New,Simple,NA,921
L10-3,FACS,7,TRUE,f,3564844,1,New,Simple,NA,923
L10-3,FACS,7,TRUE,r,3564831,1,New,Simple,NA,923
L10-3,FACS,8,TRUE,f,3698369,10,New,Complex,NA,925
L10-3,FACS,8,TRUE,r,3723003,8,New,Complex,NA,926
L10-3,FACS,9,FALSE,r,3957119,0,New,Simple,NA,927
L10-3,FACS,9,FALSE,f,3957106,0,New,Simple,NA,927
L10-3,MA08,0,TRUE,f,117982,0,New,Complex,NA,NA
L10-3,MA08,0,FALSE,r,120158,19,New,Complex,NA,NA
L10-3,MA08,1,TRUE,r,117968,0,New,Complex,NA,NA
L10-3,MA08,1,FALSE,f,120541,20,New,Complex,2361,1953
L10-3,MA08,2,FALSE,r,376521,1,New,Simple,NA,NA
L10-3,MA08,2,FALSE,f,376508,1,New,Simple,NA,NA
L10-3,MA08,3,FALSE,r,1272612,7,Preexisting,Complex,2363,1955
L10-3,MA08,3,FALSE,f,1275700,11,Preexisting,Complex,2364,1956
L10-3,MA08,4,TRUE,f,1385597,14,New,Complex,NA,NA
L10-3,MA08,4,TRUE,r,1402942,15,New,Complex,NA,NA
L10-3,MA08,5,TRUE,f,1914252,16,New,Complex,2365,1957
L10-3,MA08,5,TRUE,r,1916780,17,New,Complex,2366,1958
L10-3,MA08,6,FALSE,r,2019926,5,New,Simple,2367,1959
L10-3,MA08,6,FALSE,f,2019913,5,New,Simple,2367,1959
L10-3,MA08,7,TRUE,f,2079109,18,New,Complex,NA,NA
L10-3,MA08,7,TRUE,r,2080865,12,New,Complex,2370,1962
L10-3,MA08,8,FALSE,r,2304505,3,New,Simple,NA,NA
L10-3,MA08,8,FALSE,f,2304492,3,New,Simple,NA,NA
L10-3,MA08,9,FALSE,r,2516257,6,New,Simple,2371,1963
L10-3,MA08,9,FALSE,f,2516244,6,New,Simple,2371,1963
L10-3,MA08,10,TRUE,f,2752068,2,New,Simple,2373,1965
L10-3,MA08,10,TRUE,r,2752055,2,New,Simple,2373,1965
L10-3,MA08,11,TRUE,f,3564844,4,New,Simple,2375,1967
L10-3,MA08,11,TRUE,r,3564831,4,New,Simple,2375,1967
L10-3,MA08,12,FALSE,r,3698369,13,New,Complex,2377,1969
L10-3,MA08,12,FALSE,f,3723003,10,New,Complex,2378,1970
L10-3,MA08,13,FALSE,r,3955861,9,New,Complex,NA,NA
L10-3,MA08,13,FALSE,f,3957106,8,New,Complex,2379,1971
L10-3,MA20,0,TRUE,f,117982,19,New,Complex,2381,NA
L10-3,MA20,0,TRUE,r,120541,25,New,Complex,2384,2997
L10-3,MA20,1,FALSE,r,376521,5,New,Simple,2385,NA
L10-3,MA20,1,FALSE,f,376508,5,New,Simple,2385,NA
L10-3,MA20,2,FALSE,r,442663,12,New,Simple,NA,NA
L10-3,MA20,2,FALSE,f,442650,12,New,Simple,NA,NA
L10-3,MA20,3,FALSE,r,1009179,15,New,Complex,NA,NA
L10-3,MA20,3,FALSE,f,1010130,28,New,Complex,NA,NA
L10-3,MA20,4,FALSE,r,1272612,24,Preexisting,Complex,2387,2999
L10-3,MA20,4,FALSE,f,1275700,16,Preexisting,Complex,2388,3000
L10-3,MA20,5,TRUE,f,1380544,21,New,Complex,NA,NA
L10-3,MA20,5,TRUE,r,1403999,17,New,Complex,NA,NA
L10-3,MA20,6,TRUE,f,1914252,26,New,Complex,2391,3001
L10-3,MA20,6,FALSE,r,1957021,20,New,Complex,NA,NA
L10-3,MA20,7,TRUE,r,1916779,18,New,Complex,2392,3002
L10-3,MA20,7,FALSE,f,1980720,8,New,Complex,NA,NA
L10-3,MA20,8,FALSE,r,2019926,11,New,Simple,2393,3003
L10-3,MA20,8,FALSE,f,2019913,11,New,Simple,2393,3003
L10-3,MA20,9,TRUE,f,2079109,27,New,Complex,2395,NA
L10-3,MA20,9,TRUE,r,2080865,13,New,Complex,2396,3006
L10-3,MA20,10,FALSE,r,2205535,6,New,Simple,NA,NA
L10-3,MA20,10,FALSE,f,2205522,6,New,Simple,NA,NA
L10-3,MA20,11,FALSE,r,2516257,3,New,Simple,2399,3007
L10-3,MA20,11,FALSE,f,2516244,3,New,Simple,2399,3007
L10-3,MA20,12,TRUE,f,2752068,4,New,Simple,2401,3009
L10-3,MA20,12,TRUE,r,2752055,4,New,Simple,2401,3009
L10-3,MA20,13,FALSE,r,3459965,0,New,Complex,NA,NA
L10-3,MA20,13,TRUE,f,3564843,7,New,Simple,2403,3011
L10-3,MA20,14,FALSE,f,3501489,14,New,Simple,NA,NA
L10-3,MA20,14,FALSE,r,3501502,14,New,Simple,NA,NA
L10-3,MA20,15,TRUE,r,3459951,0,New,Complex,NA,NA
L10-3,MA20,15,FALSE,f,3501490,14,New,Simple,NA,NA
L10-3,MA20,16,TRUE,f,3564844,7,New,Simple,2403,3011
L10-3,MA20,16,TRUE,r,3564831,7,New,Simple,2403,3011
L10-3,MA20,17,FALSE,r,3608759,2,New,Simple,NA,NA
L10-3,MA20,17,FALSE,f,3608746,2,New,Simple,NA,NA
L10-3,MA20,18,FALSE,r,3698369,9,New,Complex,2405,3013
L10-3,MA20,18,FALSE,f,3723003,23,New,Complex,2406,3014
L10-3,MA20,19,FALSE,r,3735612,1,New,Simple,NA,NA
L10-3,MA20,19,FALSE,f,3735599,1,New,Simple,NA,NA
L10-3,MA20,20,FALSE,r,3942916,22,New,Complex,NA,NA
L10-3,MA20,20,FALSE,f,3957106,10,New,Complex,2408,3015
L10-4,FACS,0,FALSE,r,120553,3,New,Simple,NA,929
L10-4,FACS,0,FALSE,f,120541,3,New,Simple,NA,929
L10-4,FACS,1,FALSE,r,1272612,11,Preexisting,Complex,NA,931
L10-4,FACS,1,FALSE,f,1275700,9,Preexisting,Complex,NA,932
L10-4,FACS,2,TRUE,f,1914252,12,New,Complex,NA,933
L10-4,FACS,2,TRUE,r,1916780,7,New,Complex,NA,934
L10-4,FACS,3,FALSE,r,2019926,4,New,Simple,NA,935
L10-4,FACS,3,FALSE,f,2019913,4,New,Simple,NA,935
L10-4,FACS,4,TRUE,f,2080380,13,New,Complex,NA,937
L10-4,FACS,4,TRUE,r,2080865,6,New,Complex,NA,938
L10-4,FACS,5,FALSE,r,2516257,5,New,Simple,NA,939
L10-4,FACS,5,FALSE,f,2516244,5,New,Simple,NA,939
L10-4,FACS,6,TRUE,f,2752068,2,New,Simple,NA,941
L10-4,FACS,6,TRUE,r,2752055,2,New,Simple,NA,941
L10-4,FACS,7,TRUE,f,3564844,1,New,Simple,NA,943
L10-4,FACS,7,TRUE,r,3564831,1,New,Simple,NA,943
L10-4,FACS,8,TRUE,f,3698369,10,New,Complex,NA,945
L10-4,FACS,8,TRUE,r,3723003,8,New,Complex,NA,946
L10-4,FACS,9,FALSE,r,3957119,0,New,Simple,NA,947
L10-4,FACS,9,FALSE,f,3957106,0,New,Simple,NA,947
L10-4,MA08,0,FALSE,r,118327,11,New,Complex,NA,NA
L10-4,MA08,0,FALSE,f,120896,16,New,Complex,NA,NA
L10-4,MA08,1,FALSE,r,1272612,15,Preexisting,Complex,2411,1975
L10-4,MA08,1,FALSE,f,1275700,4,Preexisting,Complex,2412,1976
L10-4,MA08,2,FALSE,r,1438443,2,New,Simple,NA,NA
L10-4,MA08,2,FALSE,f,1438429,2,New,Simple,NA,NA
L10-4,MA08,3,FALSE,r,1723355,7,New,Simple,NA,NA
L10-4,MA08,3,FALSE,f,1723342,7,New,Simple,NA,NA
L10-4,MA08,4,TRUE,f,1914252,17,New,Complex,2413,1977
L10-4,MA08,4,TRUE,r,1916780,13,New,Complex,2414,1978
L10-4,MA08,5,FALSE,r,2019926,6,New,Simple,2415,1979
L10-4,MA08,5,FALSE,f,2019913,6,New,Simple,2415,1979
L10-4,MA08,6,TRUE,f,2080380,18,New,Complex,2417,1981
L10-4,MA08,6,TRUE,r,2080865,19,New,Complex,2418,1982
L10-4,MA08,7,TRUE,f,2320560,0,New,Complex,NA,NA
L10-4,MA08,7,FALSE,r,2425294,12,New,Complex,NA,NA
L10-4,MA08,8,TRUE,r,2320546,0,New,Complex,NA,NA
L10-4,MA08,8,FALSE,f,2425283,12,New,Complex,NA,NA
L10-4,MA08,9,FALSE,r,2516257,3,New,Simple,2419,1983
L10-4,MA08,9,FALSE,f,2516244,3,New,Simple,2419,1983
L10-4,MA08,10,TRUE,f,2752068,5,New,Simple,2421,1985
L10-4,MA08,10,TRUE,r,2752055,5,New,Simple,2421,1985
L10-4,MA08,11,TRUE,f,3564844,1,New,Simple,2423,1987
L10-4,MA08,11,TRUE,r,3564831,1,New,Simple,2423,1987
L10-4,MA08,12,TRUE,f,3698369,14,New,Complex,2425,1989
L10-4,MA08,12,TRUE,r,3723003,8,New,Complex,2426,1990
L10-4,MA08,13,FALSE,r,3956950,9,New,Complex,NA,NA
L10-4,MA08,13,FALSE,f,3957106,10,New,Complex,2427,1991
L10-4,MA20,0,FALSE,r,43603,1,New,Simple,NA,NA
L10-4,MA20,0,FALSE,f,43590,1,New,Simple,NA,NA
L10-4,MA20,1,FALSE,r,118327,20,New,Complex,2429,NA
L10-4,MA20,1,FALSE,f,120896,27,New,Complex,2430,NA
L10-4,MA20,2,TRUE,f,790738,7,New,Simple,NA,NA
L10-4,MA20,2,TRUE,r,790725,7,New,Simple,NA,NA
L10-4,MA20,3,FALSE,r,1272612,12,Preexisting,Complex,2431,3019
L10-4,MA20,3,FALSE,f,1275936,23,New,Complex,NA,NA
L10-4,MA20,4,FALSE,r,1438443,13,New,Simple,2433,NA
L10-4,MA20,4,FALSE,f,1438430,13,New,Simple,2433,NA
L10-4,MA20,5,FALSE,r,1723355,19,New,Simple,2435,NA
L10-4,MA20,5,FALSE,f,1723343,19,New,Simple,2435,NA
L10-4,MA20,6,FALSE,r,1765150,6,New,Simple,NA,NA
L10-4,MA20,6,FALSE,f,1765137,6,New,Simple,NA,NA
L10-4,MA20,7,TRUE,f,1889045,11,New,Simple,NA,NA
L10-4,MA20,7,TRUE,r,1889033,11,New,Simple,NA,NA
L10-4,MA20,8,TRUE,f,1913922,26,New,Complex,NA,NA
L10-4,MA20,8,TRUE,r,1916780,17,New,Complex,2438,3022
L10-4,MA20,9,FALSE,r,2019926,16,New,Simple,2439,3023
L10-4,MA20,9,FALSE,f,2019913,16,New,Simple,2439,3023
L10-4,MA20,10,TRUE,f,2080380,28,New,Complex,2441,3025
L10-4,MA20,10,TRUE,r,2080865,24,New,Complex,2442,3026
L10-4,MA20,11,TRUE,f,2128050,9,New,Simple,NA,NA
L10-4,MA20,11,TRUE,r,2128037,9,New,Simple,NA,NA
L10-4,MA20,12,TRUE,f,2263941,10,New,Simple,NA,NA
L10-4,MA20,12,TRUE,r,2263928,10,New,Simple,NA,NA
L10-4,MA20,13,FALSE,r,2290662,15,New,Simple,NA,NA
L10-4,MA20,13,FALSE,f,2290650,15,New,Simple,NA,NA
L10-4,MA20,14,FALSE,r,2320559,0,New,Complex,2443,NA
L10-4,MA20,14,TRUE,f,2425294,14,New,Complex,2444,NA
L10-4,MA20,15,TRUE,r,2320545,0,New,Complex,2443,NA
L10-4,MA20,15,FALSE,f,2425283,14,New,Complex,2444,NA
L10-4,MA20,16,FALSE,r,2516257,4,New,Simple,2447,3027
L10-4,MA20,16,FALSE,f,2516244,4,New,Simple,2447,3027
L10-4,MA20,17,TRUE,f,2752068,5,New,Simple,2449,3029
L10-4,MA20,17,TRUE,r,2752055,5,New,Simple,2449,3029
L10-4,MA20,18,FALSE,r,3289312,8,New,Complex,NA,NA
L10-4,MA20,18,FALSE,f,2290650,15,New,Simple,NA,NA
L10-4,MA20,19,FALSE,f,3289299,8,New,Complex,NA,NA
L10-4,MA20,20,FALSE,r,3333515,21,New,Simple,NA,NA
L10-4,MA20,20,FALSE,f,3333503,21,New,Simple,NA,NA
L10-4,MA20,21,TRUE,f,3564844,2,New,Simple,2451,3031
L10-4,MA20,21,TRUE,r,3564831,2,New,Simple,2451,3031
L10-4,MA20,22,TRUE,f,3576940,3,New,Simple,NA,NA
L10-4,MA20,22,TRUE,r,3576927,3,New,Simple,NA,NA
L10-4,MA20,23,TRUE,f,3698103,22,New,Complex,NA,NA
L10-4,MA20,23,TRUE,r,3723003,25,New,Complex,2454,3034
L10-4,MA20,24,FALSE,r,3956950,30,New,Complex,2455,NA
L10-4,MA20,24,FALSE,f,3957106,18,New,Complex,2456,3035
L11-1,FACS,0,FALSE,r,76800,0,New,Simple,NA,949
L11-1,FACS,0,FALSE,f,76787,0,New,Simple,NA,949
L11-1,FACS,1,FALSE,r,161098,15,New,Complex,NA,951
L11-1,FACS,1,FALSE,f,162183,14,New,Complex,NA,952
L11-1,FACS,2,FALSE,r,382131,1,New,Simple,NA,953
L11-1,FACS,2,FALSE,f,382118,1,New,Simple,NA,953
L11-1,FACS,3,FALSE,r,1272612,13,Preexisting,Complex,NA,955
L11-1,FACS,3,FALSE,f,1275700,8,Preexisting,Complex,NA,956
L11-1,FACS,4,TRUE,f,1419260,9,New,Simple,NA,957
L11-1,FACS,4,TRUE,r,1419247,9,New,Simple,NA,957
L11-1,FACS,5,TRUE,f,1849678,6,New,Simple,NA,959
L11-1,FACS,5,TRUE,r,1849665,6,New,Simple,NA,959
L11-1,FACS,6,FALSE,r,2115205,2,New,Simple,NA,961
L11-1,FACS,6,FALSE,f,2115192,2,New,Simple,NA,961
L11-1,FACS,7,FALSE,r,2163340,4,New,Simple,NA,963
L11-1,FACS,7,FALSE,f,2163327,4,New,Simple,NA,963
L11-1,FACS,8,TRUE,f,2433236,5,New,Simple,NA,965
L11-1,FACS,8,TRUE,r,2433241,5,New,Simple,NA,965
L11-1,FACS,9,TRUE,f,2870991,7,New,Complex,NA,967
L11-1,FACS,9,TRUE,r,2871669,11,New,Complex,NA,968
L11-1,FACS,10,TRUE,f,3636009,3,New,Simple,NA,969
L11-1,FACS,10,TRUE,r,3635996,3,New,Simple,NA,969
L11-1,FACS,11,TRUE,f,3890676,12,New,Complex,NA,971
L11-1,FACS,11,TRUE,r,3898750,10,New,Complex,NA,972
L11-1,MA08,0,FALSE,r,76800,6,New,Simple,2457,1993
L11-1,MA08,0,FALSE,f,76787,6,New,Simple,2457,1993
L11-1,MA08,1,FALSE,r,161098,15,New,Complex,2459,1995
L11-1,MA08,1,FALSE,f,162183,19,New,Complex,2460,1996
L11-1,MA08,2,TRUE,f,187757,16,New,Simple,NA,NA
L11-1,MA08,2,TRUE,r,187745,16,New,Simple,NA,NA
L11-1,MA08,3,FALSE,r,382131,1,New,Simple,2461,1997
L11-1,MA08,3,FALSE,f,382118,1,New,Simple,2461,1997
L11-1,MA08,4,FALSE,r,990082,9,New,Simple,NA,NA
L11-1,MA08,4,FALSE,f,990070,9,New,Simple,NA,NA
L11-1,MA08,5,FALSE,r,1272612,8,Preexisting,Complex,2463,1999
L11-1,MA08,5,FALSE,f,1275700,18,Preexisting,Complex,2464,2000
L11-1,MA08,6,TRUE,f,1419260,7,New,Simple,2465,2001
L11-1,MA08,6,TRUE,r,1419247,7,New,Simple,2465,2001
L11-1,MA08,7,TRUE,f,1603082,4,New,Simple,NA,NA
L11-1,MA08,7,TRUE,r,1603069,4,New,Simple,NA,NA
L11-1,MA08,8,TRUE,f,1849678,13,New,Simple,2467,2003
L11-1,MA08,8,TRUE,r,1849665,13,New,Simple,2467,2003
L11-1,MA08,9,FALSE,r,2115205,3,New,Simple,2469,2005
L11-1,MA08,9,FALSE,f,2115192,3,New,Simple,2469,2005
L11-1,MA08,10,FALSE,r,2163340,5,New,Simple,2471,2007
L11-1,MA08,10,FALSE,f,2163327,5,New,Simple,2471,2007
L11-1,MA08,11,TRUE,f,2433236,11,New,Simple,2473,2009
L11-1,MA08,11,TRUE,r,2433241,11,New,Simple,2473,2009
L11-1,MA08,12,TRUE,f,2870991,20,New,Complex,2475,2011
L11-1,MA08,12,TRUE,r,2871669,12,New,Complex,2476,2012
L11-1,MA08,13,FALSE,r,3525344,2,New,Simple,NA,NA
L11-1,MA08,13,FALSE,f,3525331,2,New,Simple,NA,NA
L11-1,MA08,14,TRUE,f,3636009,0,New,Simple,2477,2013
L11-1,MA08,14,TRUE,r,3635996,0,New,Simple,2477,2013
L11-1,MA08,15,FALSE,r,3720466,10,New,Simple,NA,NA
L11-1,MA08,15,FALSE,f,3720454,10,New,Simple,NA,NA
L11-1,MA08,16,TRUE,f,3890676,17,New,Complex,2479,2015
L11-1,MA08,16,TRUE,r,3898750,14,New,Complex,2480,2016
L11-1,MA20,0,FALSE,r,76800,0,New,Simple,2481,3037
L11-1,MA20,0,FALSE,f,76787,0,New,Simple,2481,3037
L11-1,MA20,1,FALSE,r,161098,21,New,Complex,2483,3039
L11-1,MA20,1,FALSE,f,162379,24,New,Complex,NA,NA
L11-1,MA20,2,TRUE,f,187757,9,New,Simple,2485,NA
L11-1,MA20,2,TRUE,r,187745,9,New,Simple,2485,NA
L11-1,MA20,3,FALSE,r,382131,1,New,Simple,2487,3041
L11-1,MA20,3,FALSE,f,382118,1,New,Simple,2487,3041
L11-1,MA20,4,FALSE,r,990082,7,New,Simple,2489,NA
L11-1,MA20,4,FALSE,f,990070,7,New,Simple,2489,NA
L11-1,MA20,5,FALSE,r,1211967,18,New,Complex,NA,NA
L11-1,MA20,5,FALSE,f,1232620,20,New,Complex,NA,NA
L11-1,MA20,6,FALSE,r,1272612,23,Preexisting,Complex,2491,3043
L11-1,MA20,6,FALSE,f,1275700,14,Preexisting,Complex,2492,3044
L11-1,MA20,7,TRUE,f,1419260,4,New,Simple,2493,3045
L11-1,MA20,7,TRUE,r,1419247,4,New,Simple,2493,3045
L11-1,MA20,8,TRUE,f,1603082,11,New,Simple,2495,NA
L11-1,MA20,8,TRUE,r,1603069,11,New,Simple,2495,NA
L11-1,MA20,9,TRUE,f,1849678,13,New,Simple,2497,3047
L11-1,MA20,9,TRUE,r,1849665,13,New,Simple,2497,3047
L11-1,MA20,10,FALSE,r,2115205,3,New,Simple,2499,3049
L11-1,MA20,10,FALSE,f,2115192,3,New,Simple,2499,3049
L11-1,MA20,11,FALSE,r,2163340,6,New,Simple,2501,3051
L11-1,MA20,11,FALSE,f,2163327,6,New,Simple,2501,3051
L11-1,MA20,12,TRUE,f,2433236,19,New,Simple,2503,3053
L11-1,MA20,12,TRUE,r,2433241,19,New,Simple,2503,3053
L11-1,MA20,13,TRUE,f,2870991,25,New,Complex,2505,3055
L11-1,MA20,13,TRUE,r,2871669,17,New,Complex,2506,3056
L11-1,MA20,14,TRUE,f,2926421,12,New,Simple,NA,NA
L11-1,MA20,14,TRUE,r,2926408,12,New,Simple,NA,NA
L11-1,MA20,15,TRUE,f,3383138,5,New,Simple,NA,NA
L11-1,MA20,15,TRUE,r,3383125,5,New,Simple,NA,NA
L11-1,MA20,16,FALSE,r,3525344,2,New,Simple,2507,NA
L11-1,MA20,16,FALSE,f,3525331,2,New,Simple,2507,NA
L11-1,MA20,17,TRUE,f,3636009,22,New,Complex,2509,3057
L11-1,MA20,17,TRUE,r,3640234,15,New,Complex,NA,NA
L11-1,MA20,18,FALSE,r,3720290,26,New,Complex,NA,NA
L11-1,MA20,18,FALSE,f,3720454,8,New,Complex,2511,NA
L11-1,MA20,19,TRUE,f,3890676,10,New,Complex,2513,3059
L11-1,MA20,19,TRUE,r,3898750,16,New,Complex,2514,3060
L11-2,FACS,0,FALSE,r,76800,0,New,Simple,NA,973
L11-2,FACS,0,FALSE,f,76787,0,New,Simple,NA,973
L11-2,FACS,1,FALSE,r,161098,15,New,Complex,NA,975
L11-2,FACS,1,FALSE,f,162183,14,New,Complex,NA,976
L11-2,FACS,2,FALSE,r,382131,1,New,Simple,NA,977
L11-2,FACS,2,FALSE,f,382118,1,New,Simple,NA,977
L11-2,FACS,3,FALSE,r,1272612,13,Preexisting,Complex,NA,979
L11-2,FACS,3,FALSE,f,1275700,8,Preexisting,Complex,NA,980
L11-2,FACS,4,TRUE,f,1419260,9,New,Simple,NA,981
L11-2,FACS,4,TRUE,r,1419247,9,New,Simple,NA,981
L11-2,FACS,5,TRUE,f,1849678,6,New,Simple,NA,983
L11-2,FACS,5,TRUE,r,1849665,6,New,Simple,NA,983
L11-2,FACS,6,FALSE,r,2115205,2,New,Simple,NA,985
L11-2,FACS,6,FALSE,f,2115192,2,New,Simple,NA,985
L11-2,FACS,7,FALSE,r,2163340,4,New,Simple,NA,987
L11-2,FACS,7,FALSE,f,2163327,4,New,Simple,NA,987
L11-2,FACS,8,TRUE,f,2433236,5,New,Simple,NA,989
L11-2,FACS,8,TRUE,r,2433241,5,New,Simple,NA,989
L11-2,FACS,9,TRUE,f,2870991,7,New,Complex,NA,991
L11-2,FACS,9,TRUE,r,2871669,11,New,Complex,NA,992
L11-2,FACS,10,TRUE,f,3636009,3,New,Simple,NA,993
L11-2,FACS,10,TRUE,r,3635996,3,New,Simple,NA,993
L11-2,FACS,11,TRUE,f,3890676,12,New,Complex,NA,995
L11-2,FACS,11,TRUE,r,3898750,10,New,Complex,NA,996
L11-2,MA08,0,TRUE,f,42982,0,New,Simple,NA,NA
L11-2,MA08,0,TRUE,r,42969,0,New,Simple,NA,NA
L11-2,MA08,1,FALSE,r,76800,2,New,Simple,2515,2017
L11-2,MA08,1,FALSE,f,76787,2,New,Simple,2515,2017
L11-2,MA08,2,FALSE,r,161098,16,New,Complex,2517,2019
L11-2,MA08,2,FALSE,f,162183,21,New,Complex,2518,2020
L11-2,MA08,3,FALSE,r,382131,1,New,Simple,2519,2021
L11-2,MA08,3,FALSE,f,382118,1,New,Simple,2519,2021
L11-2,MA08,4,FALSE,r,1272612,20,Preexisting,Complex,2521,2023
L11-2,MA08,4,FALSE,f,1275700,12,Preexisting,Complex,2522,2024
L11-2,MA08,5,TRUE,f,1290316,8,New,Simple,NA,NA
L11-2,MA08,5,TRUE,r,1290303,8,New,Simple,NA,NA
L11-2,MA08,6,TRUE,f,1419260,15,New,Simple,2523,2025
L11-2,MA08,6,TRUE,r,1419247,15,New,Simple,2523,2025
L11-2,MA08,7,FALSE,r,1686911,7,New,Complex,NA,NA
L11-2,MA08,7,TRUE,f,1290315,8,New,Simple,NA,NA
L11-2,MA08,8,FALSE,f,1275699,12,Preexisting,Complex,2522,2024
L11-2,MA08,8,TRUE,r,1686898,7,New,Complex,NA,NA
L11-2,MA08,9,TRUE,f,1705851,14,New,Simple,NA,NA
L11-2,MA08,9,TRUE,r,1705838,14,New,Simple,NA,NA
L11-2,MA08,10,TRUE,f,1849678,6,New,Simple,2525,2027
L11-2,MA08,10,TRUE,r,1849665,6,New,Simple,2525,2027
L11-2,MA08,11,FALSE,r,2079001,4,New,Simple,NA,NA
L11-2,MA08,11,FALSE,f,2078988,4,New,Simple,NA,NA
L11-2,MA08,12,FALSE,r,2115205,3,New,Simple,2527,2029
L11-2,MA08,12,FALSE,f,2078988,4,New,Simple,NA,NA
L11-2,MA08,13,FALSE,r,2115205,3,New,Simple,2527,2029
L11-2,MA08,13,FALSE,f,2084035,19,New,Complex,NA,NA
L11-2,MA08,14,FALSE,r,2115205,3,New,Simple,2527,2029
L11-2,MA08,14,FALSE,f,2115192,3,New,Simple,2527,2029
L11-2,MA08,15,FALSE,r,2234242,10,New,Simple,NA,NA
L11-2,MA08,15,FALSE,f,2234230,10,New,Simple,NA,NA
L11-2,MA08,16,TRUE,f,2433236,9,New,Simple,2531,2033
L11-2,MA08,16,TRUE,r,2433241,9,New,Simple,2531,2033
L11-2,MA08,17,TRUE,f,2870991,22,New,Complex,2533,2035
L11-2,MA08,17,TRUE,r,2871669,13,New,Complex,2534,2036
L11-2,MA08,18,FALSE,r,3209679,11,New,Simple,NA,NA
L11-2,MA08,18,FALSE,f,3209666,11,New,Simple,NA,NA
L11-2,MA08,19,TRUE,f,3636009,5,New,Simple,2535,2037
L11-2,MA08,19,TRUE,r,3635996,5,New,Simple,2535,2037
L11-2,MA08,20,TRUE,f,3890676,18,New,Complex,2537,2039
L11-2,MA08,20,TRUE,r,3898750,17,New,Complex,2538,2040
L11-2,MA20,0,TRUE,f,42982,2,New,Simple,2539,NA
L11-2,MA20,0,TRUE,r,42969,2,New,Simple,2539,NA
L11-2,MA20,1,FALSE,r,76800,1,New,Simple,2541,3061
L11-2,MA20,1,FALSE,f,76787,1,New,Simple,2541,3061
L11-2,MA20,2,FALSE,r,161098,29,New,Complex,2543,3063
L11-2,MA20,2,FALSE,f,162183,26,New,Complex,2544,3064
L11-2,MA20,3,FALSE,r,382131,4,New,Simple,2545,3065
L11-2,MA20,3,FALSE,f,382118,4,New,Simple,2545,3065
L11-2,MA20,4,FALSE,r,435481,3,New,Simple,NA,NA
L11-2,MA20,4,FALSE,f,435468,3,New,Simple,NA,NA
L11-2,MA20,5,FALSE,r,1205550,0,New,Complex,NA,NA
L11-2,MA20,5,TRUE,f,1290315,14,New,Complex,2549,NA
L11-2,MA20,6,FALSE,f,1275699,12,Preexisting,Complex,2548,3068
L11-2,MA20,6,FALSE,r,1272611,25,Preexisting,Complex,2547,3067
L11-2,MA20,7,TRUE,r,1205536,0,New,Complex,NA,NA
L11-2,MA20,7,FALSE,f,1275700,12,Preexisting,Complex,2548,3068
L11-2,MA20,8,TRUE,f,1290316,14,New,Complex,2549,NA
L11-2,MA20,8,TRUE,r,1290384,17,New,Complex,NA,NA
L11-2,MA20,9,TRUE,f,1419260,8,New,Simple,2551,3069
L11-2,MA20,9,TRUE,r,1419247,8,New,Simple,2551,3069
L11-2,MA20,10,FALSE,r,1686911,20,New,Complex,2553,NA
L11-2,MA20,10,TRUE,f,1290315,14,New,Complex,2549,NA
L11-2,MA20,11,FALSE,f,1275699,12,Preexisting,Complex,2548,3068
L11-2,MA20,11,TRUE,r,1686898,20,New,Complex,2553,NA
L11-2,MA20,12,TRUE,f,1705851,11,New,Simple,2557,NA
L11-2,MA20,12,TRUE,r,1705838,11,New,Simple,2557,NA
L11-2,MA20,13,TRUE,f,1849678,28,New,Complex,2559,3071
L11-2,MA20,13,TRUE,r,1849857,27,New,Complex,NA,NA
L11-2,MA20,14,FALSE,r,2079001,5,New,Simple,2561,NA
L11-2,MA20,14,FALSE,f,2078988,5,New,Simple,2561,NA
L11-2,MA20,15,FALSE,r,2115205,9,New,Complex,2563,3073
L11-2,MA20,15,FALSE,f,2084041,21,New,Complex,2566,NA
L11-2,MA20,16,FALSE,r,2109976,23,New,Complex,NA,NA
L11-2,MA20,16,FALSE,f,2115192,9,New,Complex,2563,3073
L11-2,MA20,17,FALSE,r,2234242,15,New,Simple,2569,NA
L11-2,MA20,17,FALSE,f,2234230,15,New,Simple,2569,NA
L11-2,MA20,18,TRUE,f,2433236,19,New,Simple,2571,3077
L11-2,MA20,18,TRUE,r,2433241,19,New,Simple,2571,3077
L11-2,MA20,19,TRUE,f,2824432,16,New,Simple,NA,NA
L11-2,MA20,19,TRUE,r,2824419,16,New,Simple,NA,NA
L11-2,MA20,20,TRUE,f,2870991,13,New,Complex,2573,3079
L11-2,MA20,20,TRUE,r,2871669,24,New,Complex,2574,3080
L11-2,MA20,21,FALSE,r,3209679,7,New,Simple,2575,NA
L11-2,MA20,21,FALSE,f,3209666,7,New,Simple,2575,NA
L11-2,MA20,22,TRUE,f,3636009,10,New,Simple,2577,3081
L11-2,MA20,22,TRUE,r,3635996,10,New,Simple,2577,3081
L11-2,MA20,23,TRUE,f,3645437,6,New,Simple,NA,NA
L11-2,MA20,23,TRUE,r,3645424,6,New,Simple,NA,NA
L11-2,MA20,24,TRUE,f,3890676,22,New,Complex,2579,3083
L11-2,MA20,24,TRUE,r,3898750,18,New,Complex,2580,3084
L11-3,FACS,0,FALSE,r,76800,0,New,Simple,NA,997
L11-3,FACS,0,FALSE,f,76787,0,New,Simple,NA,997
L11-3,FACS,1,FALSE,r,161098,15,New,Complex,NA,999
L11-3,FACS,1,FALSE,f,162183,14,New,Complex,NA,1000
L11-3,FACS,2,FALSE,r,382131,1,New,Simple,NA,1001
L11-3,FACS,2,FALSE,f,382118,1,New,Simple,NA,1001
L11-3,FACS,3,FALSE,r,1272612,13,Preexisting,Complex,NA,1003
L11-3,FACS,3,FALSE,f,1275700,8,Preexisting,Complex,NA,1004
L11-3,FACS,4,TRUE,f,1419260,9,New,Simple,NA,1005
L11-3,FACS,4,TRUE,r,1419247,9,New,Simple,NA,1005
L11-3,FACS,5,TRUE,f,1849678,6,New,Simple,NA,1007
L11-3,FACS,5,TRUE,r,1849665,6,New,Simple,NA,1007
L11-3,FACS,6,FALSE,r,2115205,2,New,Simple,NA,1009
L11-3,FACS,6,FALSE,f,2115192,2,New,Simple,NA,1009
L11-3,FACS,7,FALSE,r,2163340,4,New,Simple,NA,1011
L11-3,FACS,7,FALSE,f,2163327,4,New,Simple,NA,1011
L11-3,FACS,8,TRUE,f,2433236,5,New,Simple,NA,1013
L11-3,FACS,8,TRUE,r,2433241,5,New,Simple,NA,1013
L11-3,FACS,9,TRUE,f,2870991,7,New,Complex,NA,1015
L11-3,FACS,9,TRUE,r,2871669,11,New,Complex,NA,1016
L11-3,FACS,10,TRUE,f,3636009,3,New,Simple,NA,1017
L11-3,FACS,10,TRUE,r,3635996,3,New,Simple,NA,1017
L11-3,FACS,11,TRUE,f,3890676,12,New,Complex,NA,1019
L11-3,FACS,11,TRUE,r,3898750,10,New,Complex,NA,1020
L11-3,MA08,0,FALSE,r,76800,0,New,Simple,2581,2041
L11-3,MA08,0,FALSE,f,76787,0,New,Simple,2581,2041
L11-3,MA08,1,FALSE,r,161098,15,New,Complex,2583,2043
L11-3,MA08,1,FALSE,f,162183,16,New,Complex,2584,2044
L11-3,MA08,2,FALSE,r,382131,1,New,Simple,2585,2045
L11-3,MA08,2,FALSE,f,382118,1,New,Simple,2585,2045
L11-3,MA08,3,FALSE,r,1272612,14,Preexisting,Complex,2587,2047
L11-3,MA08,3,FALSE,f,1275700,8,Preexisting,Complex,2588,2048
L11-3,MA08,4,TRUE,f,1419260,3,New,Simple,2589,2049
L11-3,MA08,4,TRUE,r,1419247,3,New,Simple,2589,2049
L11-3,MA08,5,TRUE,f,1849678,6,New,Simple,2591,2051
L11-3,MA08,5,TRUE,r,1849665,6,New,Simple,2591,2051
L11-3,MA08,6,FALSE,r,2115205,2,New,Simple,2593,2053
L11-3,MA08,6,FALSE,f,2115192,2,New,Simple,2593,2053
L11-3,MA08,7,FALSE,r,2163340,4,New,Simple,2595,2055
L11-3,MA08,7,FALSE,f,2163327,4,New,Simple,2595,2055
L11-3,MA08,8,TRUE,f,2433236,17,New,Complex,2597,2057
L11-3,MA08,8,TRUE,r,2433407,12,New,Complex,NA,NA
L11-3,MA08,9,TRUE,f,2870991,7,New,Complex,2599,2059
L11-3,MA08,9,TRUE,r,2871669,11,New,Complex,2600,2060
L11-3,MA08,10,TRUE,f,3609981,5,New,Complex,NA,NA
L11-3,MA08,10,TRUE,r,3638036,10,New,Complex,NA,NA
L11-3,MA08,11,TRUE,f,3890676,13,New,Complex,2603,2063
L11-3,MA08,11,TRUE,r,3898750,9,New,Complex,2604,2064
L11-3,MA20,0,FALSE,r,76800,3,New,Simple,2605,3085
L11-3,MA20,0,FALSE,f,76788,3,New,Simple,2605,3085
L11-3,MA20,1,FALSE,r,161098,19,New,Complex,2607,3087
L11-3,MA20,1,FALSE,f,162183,18,New,Complex,2608,3088
L11-3,MA20,2,FALSE,r,382131,0,New,Simple,2609,3089
L11-3,MA20,2,FALSE,f,382118,0,New,Simple,2609,3089
L11-3,MA20,3,TRUE,f,790975,2,New,Simple,NA,NA
L11-3,MA20,3,TRUE,r,790962,2,New,Simple,NA,NA
L11-3,MA20,4,FALSE,r,1272612,8,Preexisting,Complex,2611,3091
L11-3,MA20,4,FALSE,f,1275700,12,Preexisting,Complex,2612,3092
L11-3,MA20,5,FALSE,r,1369010,5,New,Simple,NA,NA
L11-3,MA20,5,FALSE,f,1368997,5,New,Simple,NA,NA
L11-3,MA20,6,TRUE,f,1419260,13,New,Simple,2613,3093
L11-3,MA20,6,TRUE,r,1419247,13,New,Simple,2613,3093
L11-3,MA20,7,TRUE,f,1849678,15,New,Complex,2615,3095
L11-3,MA20,7,TRUE,r,1872564,11,New,Complex,NA,NA
L11-3,MA20,8,FALSE,r,2115205,6,New,Simple,2617,3097
L11-3,MA20,8,FALSE,f,2115192,6,New,Simple,2617,3097
L11-3,MA20,9,FALSE,r,2163340,1,New,Simple,2619,3099
L11-3,MA20,9,FALSE,f,2163327,1,New,Simple,2619,3099
L11-3,MA20,10,TRUE,f,2433236,20,New,Complex,2621,3101
L11-3,MA20,10,TRUE,r,2433408,17,New,Complex,2622,NA
L11-3,MA20,11,TRUE,f,2870991,9,New,Complex,2623,3103
L11-3,MA20,11,TRUE,r,2871669,10,New,Complex,2624,3104
L11-3,MA20,12,TRUE,f,3609981,14,New,Complex,2625,NA
L11-3,MA20,12,TRUE,r,3638036,4,New,Complex,2626,NA
L11-3,MA20,13,TRUE,f,3890676,16,New,Complex,2627,3107
L11-3,MA20,13,TRUE,r,3898750,7,New,Complex,2628,3108
L11-4,FACS,0,FALSE,r,76800,0,New,Simple,NA,1021
L11-4,FACS,0,FALSE,f,76787,0,New,Simple,NA,1021
L11-4,FACS,1,FALSE,r,161098,15,New,Complex,NA,1023
L11-4,FACS,1,FALSE,f,162183,14,New,Complex,NA,1024
L11-4,FACS,2,FALSE,r,382131,1,New,Simple,NA,1025
L11-4,FACS,2,FALSE,f,382118,1,New,Simple,NA,1025
L11-4,FACS,3,FALSE,r,1272612,13,Preexisting,Complex,NA,1027
L11-4,FACS,3,FALSE,f,1275700,8,Preexisting,Complex,NA,1028
L11-4,FACS,4,TRUE,f,1419260,9,New,Simple,NA,1029
L11-4,FACS,4,TRUE,r,1419247,9,New,Simple,NA,1029
L11-4,FACS,5,TRUE,f,1849678,6,New,Simple,NA,1031
L11-4,FACS,5,TRUE,r,1849665,6,New,Simple,NA,1031
L11-4,FACS,6,FALSE,r,2115205,2,New,Simple,NA,1033
L11-4,FACS,6,FALSE,f,2115192,2,New,Simple,NA,1033
L11-4,FACS,7,FALSE,r,2163340,4,New,Simple,NA,1035
L11-4,FACS,7,FALSE,f,2163327,4,New,Simple,NA,1035
L11-4,FACS,8,TRUE,f,2433236,5,New,Simple,NA,1037
L11-4,FACS,8,TRUE,r,2433241,5,New,Simple,NA,1037
L11-4,FACS,9,TRUE,f,2870991,7,New,Complex,NA,1039
L11-4,FACS,9,TRUE,r,2871669,11,New,Complex,NA,1040
L11-4,FACS,10,TRUE,f,3636009,3,New,Simple,NA,1041
L11-4,FACS,10,TRUE,r,3635996,3,New,Simple,NA,1041
L11-4,FACS,11,TRUE,f,3890676,12,New,Complex,NA,1043
L11-4,FACS,11,TRUE,r,3898750,10,New,Complex,NA,1044
L11-4,MA08,0,FALSE,r,76800,0,New,Simple,2629,2065
L11-4,MA08,0,FALSE,f,76787,0,New,Simple,2629,2065
L11-4,MA08,1,FALSE,r,161098,21,New,Complex,2631,2067
L11-4,MA08,1,FALSE,f,162183,27,New,Complex,2632,2068
L11-4,MA08,2,TRUE,f,301137,1,New,Simple,NA,NA
L11-4,MA08,2,TRUE,r,301124,1,New,Simple,NA,NA
L11-4,MA08,3,FALSE,r,382131,3,New,Simple,2633,2069
L11-4,MA08,3,FALSE,f,382118,3,New,Simple,2633,2069
L11-4,MA08,4,TRUE,f,485733,2,New,Simple,NA,NA
L11-4,MA08,4,TRUE,r,485720,2,New,Simple,NA,NA
L11-4,MA08,5,FALSE,r,937481,11,New,Simple,NA,NA
L11-4,MA08,5,FALSE,f,937468,11,New,Simple,NA,NA
L11-4,MA08,6,FALSE,r,1272612,26,Preexisting,Complex,2635,2071
L11-4,MA08,6,FALSE,f,1275700,9,Preexisting,Complex,2636,2072
L11-4,MA08,7,TRUE,f,1419260,15,New,Simple,2637,2073
L11-4,MA08,7,TRUE,r,1419247,15,New,Simple,2637,2073
L11-4,MA08,8,TRUE,f,1792040,18,New,Simple,NA,NA
L11-4,MA08,8,TRUE,r,1792027,18,New,Simple,NA,NA
L11-4,MA08,9,TRUE,f,1849678,4,New,Simple,2639,2075
L11-4,MA08,9,TRUE,r,1849665,4,New,Simple,2639,2075
L11-4,MA08,10,FALSE,r,1982354,22,New,Complex,NA,NA
L11-4,MA08,10,FALSE,f,1999914,10,New,Complex,NA,NA
L11-4,MA08,11,FALSE,r,2115205,24,New,Complex,2641,2077
L11-4,MA08,11,FALSE,f,2120723,19,New,Complex,NA,NA
L11-4,MA08,12,FALSE,r,2163340,12,New,Simple,2643,2079
L11-4,MA08,12,FALSE,f,2163327,12,New,Simple,2643,2079
L11-4,MA08,13,FALSE,r,2433236,25,New,Complex,2645,2081
L11-4,MA08,13,TRUE,f,2603078,17,New,Complex,NA,NA
L11-4,MA08,14,FALSE,f,2438285,16,New,Complex,NA,NA
L11-4,MA08,14,TRUE,r,2603066,17,New,Complex,NA,NA
L11-4,MA08,15,TRUE,f,2800149,8,New,Simple,NA,NA
L11-4,MA08,15,TRUE,r,2800136,8,New,Simple,NA,NA
L11-4,MA08,16,TRUE,f,2870991,28,New,Complex,2647,2083
L11-4,MA08,16,TRUE,r,2871669,13,New,Complex,2648,2084
L11-4,MA08,17,FALSE,r,2926262,14,New,Simple,NA,NA
L11-4,MA08,17,FALSE,f,2926249,14,New,Simple,NA,NA
L11-4,MA08,18,TRUE,f,3364631,6,New,Simple,NA,NA
L11-4,MA08,18,TRUE,r,3364618,6,New,Simple,NA,NA
L11-4,MA08,19,TRUE,f,3636009,7,New,Simple,2649,2085
L11-4,MA08,19,TRUE,r,3635996,7,New,Simple,2649,2085
L11-4,MA08,20,TRUE,f,3890676,23,New,Complex,2651,2087
L11-4,MA08,20,TRUE,r,3898750,20,New,Complex,2652,2088
L11-4,MA08,21,TRUE,f,3956074,5,New,Simple,NA,NA
L11-4,MA08,21,TRUE,r,3956061,5,New,Simple,NA,NA
L11-4,MA20,0,FALSE,r,76800,0,New,Simple,2653,3109
L11-4,MA20,0,FALSE,f,76787,0,New,Simple,2653,3109
L11-4,MA20,1,FALSE,r,161098,30,New,Complex,2655,3111
L11-4,MA20,1,FALSE,f,162183,16,New,Complex,2656,3112
L11-4,MA20,2,TRUE,f,301137,21,New,Simple,2657,NA
L11-4,MA20,2,TRUE,r,301124,21,New,Simple,2657,NA
L11-4,MA20,3,FALSE,r,382131,1,New,Simple,2659,3113
L11-4,MA20,3,FALSE,f,382117,1,New,Simple,2659,3113
L11-4,MA20,4,TRUE,f,485733,2,New,Simple,2661,NA
L11-4,MA20,4,TRUE,r,485720,2,New,Simple,2661,NA
L11-4,MA20,5,FALSE,r,937481,11,New,Simple,2663,NA
L11-4,MA20,5,FALSE,f,937469,11,New,Simple,2663,NA
L11-4,MA20,6,FALSE,r,1226717,25,New,Simple,NA,NA
L11-4,MA20,6,FALSE,f,1226704,25,New,Simple,NA,NA
L11-4,MA20,7,FALSE,r,1272612,15,Preexisting,Complex,2665,3115
L11-4,MA20,7,FALSE,f,1275700,23,Preexisting,Complex,2666,3116
L11-4,MA20,8,TRUE,f,1419260,12,New,Simple,2667,3117
L11-4,MA20,8,TRUE,r,1419247,12,New,Simple,2667,3117
L11-4,MA20,9,TRUE,f,1555569,20,New,Simple,NA,NA
L11-4,MA20,9,TRUE,r,1555556,20,New,Simple,NA,NA
L11-4,MA20,10,TRUE,f,1792040,22,New,Simple,2669,NA
L11-4,MA20,10,TRUE,r,1792027,22,New,Simple,2669,NA
L11-4,MA20,11,TRUE,f,1849488,35,New,Complex,NA,NA
L11-4,MA20,11,TRUE,r,1849665,31,New,Complex,2671,3119
L11-4,MA20,12,FALSE,r,1982354,27,New,Complex,2673,NA
L11-4,MA20,12,FALSE,f,1999914,33,New,Complex,2674,NA
L11-4,MA20,13,TRUE,f,2060615,5,New,Simple,NA,NA
L11-4,MA20,13,TRUE,r,2060602,5,New,Simple,NA,NA
L11-4,MA20,14,FALSE,r,2115205,29,New,Complex,2675,3121
L11-4,MA20,14,FALSE,f,2120723,24,New,Complex,2676,NA
L11-4,MA20,15,FALSE,r,2163340,10,New,Simple,2677,3123
L11-4,MA20,15,FALSE,f,2163327,10,New,Simple,2677,3123
L11-4,MA20,16,TRUE,f,2352320,8,New,Simple,NA,NA
L11-4,MA20,16,TRUE,r,2352307,8,New,Simple,NA,NA
L11-4,MA20,17,FALSE,r,2433236,14,New,Complex,2679,3125
L11-4,MA20,17,TRUE,f,2603078,7,New,Complex,2680,NA
L11-4,MA20,18,FALSE,f,2438285,28,New,Complex,2681,NA
L11-4,MA20,18,TRUE,r,2603066,7,New,Complex,2680,NA
L11-4,MA20,19,TRUE,f,2800149,9,New,Simple,2683,NA
L11-4,MA20,19,TRUE,r,2800136,9,New,Simple,2683,NA
L11-4,MA20,20,TRUE,f,2870991,34,New,Complex,2685,3127
L11-4,MA20,20,TRUE,r,2871669,13,New,Complex,2686,3128
L11-4,MA20,21,FALSE,r,2926262,4,New,Simple,2687,NA
L11-4,MA20,21,FALSE,f,2926249,4,New,Simple,2687,NA
L11-4,MA20,22,TRUE,f,3364630,19,New,Simple,2689,NA
L11-4,MA20,22,TRUE,r,3364618,19,New,Simple,2689,NA
L11-4,MA20,23,TRUE,f,3636009,3,New,Simple,2691,3129
L11-4,MA20,23,TRUE,r,3635996,3,New,Simple,2691,3129
L11-4,MA20,24,TRUE,f,3727997,17,New,Complex,NA,NA
L11-4,MA20,24,FALSE,r,382130,1,New,Simple,2659,3113
L11-4,MA20,25,TRUE,r,301123,21,New,Simple,2657,NA
L11-4,MA20,25,TRUE,f,301136,21,New,Simple,2657,NA
L11-4,MA20,26,FALSE,f,162182,16,New,Complex,2656,3112
L11-4,MA20,26,TRUE,r,3727985,17,New,Complex,NA,NA
L11-4,MA20,27,TRUE,f,3890676,6,New,Complex,2693,3131
L11-4,MA20,27,TRUE,r,3898750,26,New,Complex,2694,3132
L11-4,MA20,28,TRUE,f,3954602,32,New,Complex,NA,NA
L11-4,MA20,28,TRUE,r,3956061,18,New,Complex,2695,NA
