,line,gen_id,prime_end,distance,initial_weight,factor,normalized_weight,cumulative_weight_rv
1869,L09-2,1,distance_5_prime,23,23,8,1.1834284513951141e-05,867.999999999997
1825,L09-1,1,distance_5_prime,23,23,8,1.0857144408163487e-05,867.9997278114532
1919,L09-3,2,distance_5_prime,23,23,12,9.988912307338854e-06,867.9994780971318
1838,L09-1,2,distance_5_prime,23,23,12,1.3485509819698733e-05,867.9992483521488
1968,L09-4,2,distance_5_prime,23,23,12,1.571309974937606e-05,867.998938185423
1956,L09-4,1,distance_5_prime,23,23,8,1.1834284513951141e-05,867.9985767841288
1905,L09-3,1,distance_5_prime,23,23,8,1.0857144408163487e-05,867.998304595585
1879,L09-2,2,distance_5_prime,23,23,12,1.4618903460416273e-05,867.9980548812636
4619,L11-2,1,distance_3_prime,45,45,8,8.909697983512604e-06,867.9977186464839
4676,L11-3,1,distance_3_prime,45,45,8,8.909697983512604e-06,867.9973177100746
4638,L11-2,2,distance_3_prime,45,45,12,8.291965638094397e-06,867.9969167736654
4585,L11-1,2,distance_3_prime,45,45,12,1.0670489072974586e-05,867.9965436352117
4688,L11-3,2,distance_3_prime,45,45,12,1.3801130312572599e-05,867.9960634632033
4714,L11-4,1,distance_3_prime,45,45,8,8.909697983512604e-06,867.9954424123392
4733,L11-4,2,distance_3_prime,45,45,12,7.172370593997801e-06,867.99504147593
4570,L11-1,1,distance_3_prime,45,45,8,8.909697983512604e-06,867.9947187192532
2764,L02-3,2,distance_3_prime,236,236,12,7.0366456779163085e-06,867.994317782844
2832,L02-4,2,distance_3_prime,236,236,12,8.349626702106193e-06,867.9926571344639
2694,L02-2,2,distance_3_prime,236,236,12,6.416817194503354e-06,867.9906866225622
2741,L02-3,1,distance_3_prime,236,236,8,9.06305050951337e-06,867.9891722537043
2809,L02-4,1,distance_3_prime,236,236,8,9.06305050951337e-06,867.987033373784
2602,L02-1,1,distance_3_prime,236,236,8,9.06305050951337e-06,867.9848944938637
2622,L02-1,2,distance_3_prime,236,236,12,6.2998409290165425e-06,867.9827556139435
2672,L02-2,1,distance_3_prime,236,236,8,9.06305050951337e-06,867.9812688514843
4522,L10-4,2,distance_3_prime,327,327,12,9.642031543906196e-06,867.979129971564
1405,L06-4,2,distance_5_prime,349,349,12,7.469756822066657e-06,867.9759770272492
2680,L02-2,2,distance_3_prime,374,374,12,6.416817194503354e-06,867.9733700821183
4138,L08-3,2,distance_3_prime,376,376,12,4.900401383710004e-06,867.9709701924876
862,L04-3,2,distance_5_prime,401,401,12,3.5793596227354955e-06,867.9691276415673
1835,L09-1,2,distance_5_prime,405,405,12,1.3485509819698733e-05,867.9676923183586
841,L04-3,2,distance_5_prime,466,466,12,3.5793596227354955e-06,867.9622306868815
3835,L07-1,2,distance_3_prime,493,493,12,9.170413799638686e-06,867.9605627052973
2397,L01-1,2,distance_3_prime,524,524,12,7.559159874971496e-06,867.9560416912941
1974,L09-4,2,distance_5_prime,554,554,12,1.571309974937606e-05,867.9520806915197
1912,L09-3,1,distance_5_prime,555,555,8,1.0857144408163487e-05,867.9433756342585
1929,L09-3,2,distance_5_prime,555,555,12,9.988912307338854e-06,867.937349919112
1962,L09-4,1,distance_5_prime,555,555,8,1.1834284513951141e-05,867.9318060727813
1886,L09-2,2,distance_5_prime,555,555,12,1.4618903460416273e-05,867.9252380448761
1832,L09-1,1,distance_5_prime,555,555,8,1.0857144408163487e-05,867.9171245534556
1875,L09-2,1,distance_5_prime,555,555,8,1.1834284513951141e-05,867.911098838309
1846,L09-1,2,distance_5_prime,555,555,12,1.3485509819698733e-05,867.9045308104038
1975,L09-4,2,distance_5_prime,563,563,12,1.571309974937606e-05,867.8970463524539
1963,L09-4,1,distance_5_prime,564,564,8,1.1834284513951141e-05,867.888199877295
1913,L09-3,1,distance_5_prime,564,564,8,1.0857144408163487e-05,867.8815253408292
1876,L09-2,1,distance_5_prime,564,564,8,1.1834284513951141e-05,867.8754019113829
1847,L09-1,2,distance_5_prime,564,564,12,1.3485509819698733e-05,867.8687273749171
1887,L09-2,2,distance_5_prime,564,564,12,1.4618903460416273e-05,867.8611215473787
1833,L09-1,1,distance_5_prime,564,564,8,1.0857144408163487e-05,867.8528764858271
1930,L09-3,2,distance_5_prime,565,565,12,9.988912307338854e-06,867.8467530563809
2553,L01-4,2,distance_3_prime,570,570,12,9.992630435054149e-06,867.8411093209272
3883,L07-2,2,distance_3_prime,591,591,12,8.52401677242367e-06,867.8354135215792
2202,L11-1,2,distance_5_prime,606,606,12,1.0670489072974586e-05,867.8303758276667
843,L04-3,2,distance_5_prime,608,608,12,3.5793596227354955e-06,867.8239095112884
3180,L04-2,2,distance_3_prime,679,679,12,8.78976636800994e-06,867.8217332606378
4375,L10-1,1,distance_3_prime,682,682,8,7.982948422170244e-06,867.8157650092738
4385,L10-1,2,distance_3_prime,682,682,12,1.005999951376669e-05,867.8103206384499
4467,L10-3,1,distance_3_prime,682,682,8,7.982948422170244e-06,867.8034597187815
4478,L10-3,2,distance_3_prime,682,682,12,8.534978118449848e-06,867.7980153479575
4414,L10-2,1,distance_3_prime,682,682,8,7.982948422170244e-06,867.7921944928808
4512,L10-4,1,distance_3_prime,682,682,8,7.982948422170244e-06,867.7867501220568
3286,L04-4,1,distance_3_prime,704,704,8,8.511951311638497e-06,867.7813057512328
3093,L04-1,1,distance_3_prime,704,704,8,8.511951311638497e-06,867.7753133375094
3300,L04-4,2,distance_3_prime,704,704,12,6.325244048999557e-06,867.7693209237859
3155,L04-2,1,distance_3_prime,704,704,8,8.511951311638497e-06,867.7648679519755
3169,L04-2,2,distance_3_prime,704,704,12,8.78976636800994e-06,867.758875538252
3233,L04-3,2,distance_3_prime,704,704,12,3.5793596227354955e-06,867.752687542729
3216,L04-3,1,distance_3_prime,704,704,8,8.511951311638497e-06,867.7501676735545
3789,L06-4,2,distance_3_prime,719,719,12,7.469756822066657e-06,867.7441752598311
2395,L01-1,2,distance_3_prime,754,754,12,7.559159874971496e-06,867.7388045046761
654,L03-4,2,distance_5_prime,775,775,12,5.468557390003386e-06,867.7331048981304
2500,L01-3,2,distance_3_prime,790,790,12,6.790137777553954e-06,867.7288667661531
4352,L09-4,2,distance_3_prime,848,848,12,1.571309974937606e-05,867.7235025573088
4222,L09-1,2,distance_3_prime,848,848,12,1.3485509819698733e-05,867.7101778487214
4289,L09-3,1,distance_3_prime,849,849,8,1.0857144408163487e-05,867.6987421363943
4209,L09-1,1,distance_3_prime,849,849,8,1.0857144408163487e-05,867.6895244207918
4263,L09-2,2,distance_3_prime,849,849,12,1.4618903460416273e-05,867.6803067051893
4303,L09-3,2,distance_3_prime,849,849,12,9.988912307338854e-06,867.6678952561514
4340,L09-4,1,distance_3_prime,849,849,8,1.1834284513951141e-05,867.6594146696025
4253,L09-2,1,distance_3_prime,849,849,8,1.1834284513951141e-05,867.6493673620502
3373,L05-1,2,distance_3_prime,929,929,12,6.6064779819852355e-06,867.6393200544978
3413,L05-2,2,distance_3_prime,961,961,12,4.967929942251954e-06,867.6331826364526
1096,L05-3,2,distance_5_prime,992,992,12,8.46067232732649e-06,867.6284084557781
382,L02-3,2,distance_5_prime,1001,1001,12,7.0366456779163085e-06,867.6200154688294
240,L02-1,2,distance_5_prime,1002,1002,12,6.2998409290165425e-06,867.6129717865058
312,L02-2,2,distance_5_prime,1002,1002,12,6.416817194503354e-06,867.606659345895
220,L02-1,1,distance_5_prime,1002,1002,8,9.06305050951337e-06,867.6002296950661
290,L02-2,1,distance_5_prime,1002,1002,8,9.06305050951337e-06,867.5911485184556
359,L02-3,1,distance_5_prime,1002,1002,8,9.06305050951337e-06,867.5820673418451
427,L02-4,1,distance_5_prime,1002,1002,8,9.06305050951337e-06,867.5729861652346
2238,L11-2,2,distance_5_prime,1047,1047,12,8.291965638094397e-06,867.5639049886241
2489,L01-3,1,distance_3_prime,1065,1065,8,1.0538407225131994e-05,867.555223300601
2385,L01-1,1,distance_3_prime,1065,1065,8,1.0538407225131994e-05,867.5439998969063
2442,L01-2,1,distance_3_prime,1065,1065,8,1.0538407225131994e-05,867.5327764932115
2543,L01-4,1,distance_3_prime,1065,1065,8,1.0538407225131994e-05,867.5215530895167
2891,L03-1,2,distance_3_prime,1096,1096,12,9.821333573410376e-06,867.510329685822
3784,L06-4,2,distance_3_prime,1105,1105,12,7.469756822066657e-06,867.4995655042255
3589,L06-1,1,distance_3_prime,1106,1106,8,1.0926468961316203e-05,867.4913114229372
3765,L06-4,1,distance_3_prime,1106,1106,8,1.0926468961316203e-05,867.479226748266
3665,L06-2,2,distance_3_prime,1106,1106,12,6.113419209891512e-06,867.4671420735948
3729,L06-3,2,distance_3_prime,1106,1106,12,7.982040409079571e-06,867.4603806319486
3709,L06-3,1,distance_3_prime,1106,1106,8,1.0926468961316203e-05,867.4515524952562
3608,L06-1,2,distance_3_prime,1106,1106,12,9.756978068752546e-06,867.439467820585
3644,L06-2,1,distance_3_prime,1106,1106,8,1.0926468961316203e-05,867.428676602841
3931,L07-3,2,distance_3_prime,1115,1115,12,9.662271406762302e-06,867.4165919281699
4342,L09-4,1,distance_3_prime,1263,1263,8,1.1834284513951141e-05,867.4058184955513
4255,L09-2,1,distance_3_prime,1263,1263,8,1.1834284513951141e-05,867.3908717942102
4306,L09-3,2,distance_3_prime,1263,1263,12,9.988912307338854e-06,867.375925092869
4354,L09-4,2,distance_3_prime,1263,1263,12,1.571309974937606e-05,867.3633090966248
4224,L09-1,2,distance_3_prime,1263,1263,12,1.3485509819698733e-05,867.3434634516414
4291,L09-3,1,distance_3_prime,1263,1263,8,1.0857144408163487e-05,867.3264312527391
4211,L09-1,1,distance_3_prime,1263,1263,8,1.0857144408163487e-05,867.3127186793516
4266,L09-2,2,distance_3_prime,1263,1263,12,1.4618903460416273e-05,867.2990061059642
913,L04-4,2,distance_5_prime,1361,1361,12,6.325244048999557e-06,867.2805424308937
1644,L08-1,2,distance_5_prime,1370,1370,12,1.2295863056874513e-05,867.271933773743
1791,L08-4,2,distance_5_prime,1371,1371,12,9.412872102600306e-06,867.255088441355
1629,L08-1,1,distance_5_prime,1371,1371,8,6.4710416840238876e-06,867.2421833937024
1674,L08-2,1,distance_5_prime,1371,1371,8,6.4710416840238876e-06,867.2333115955536
1743,L08-3,2,distance_5_prime,1371,1371,12,4.900401383710004e-06,867.2244397974048
1728,L08-3,1,distance_5_prime,1371,1371,8,6.4710416840238876e-06,867.2177213471077
1689,L08-2,2,distance_5_prime,1371,1371,12,1.0121747755924174e-05,867.2088495489589
1776,L08-4,1,distance_5_prime,1371,1371,8,6.4710416840238876e-06,867.1949726327856
2196,L11-1,2,distance_5_prime,1417,1417,12,1.0670489072974586e-05,867.1861008346368
4314,L09-3,2,distance_3_prime,1422,1422,12,9.988912307338854e-06,867.1709807516204
2838,L02-4,2,distance_3_prime,1428,1428,12,8.349626702106193e-06,867.1567765183194
1213,L06-1,2,distance_5_prime,1448,1448,12,9.756978068752546e-06,867.1448532513888
1212,L06-1,2,distance_5_prime,1453,1453,12,9.756978068752546e-06,867.1307251471452
3315,L04-4,2,distance_3_prime,1493,1493,12,6.325244048999557e-06,867.1165482580113
2990,L03-3,2,distance_3_prime,1518,1518,12,8.342573892610218e-06,867.1071046686462
2061,L10-2,2,distance_5_prime,1555,1555,12,5.704430631271309e-06,867.0944406414773
2454,L01-2,2,distance_3_prime,1615,1615,12,1.1707259964585538e-05,867.0855702518456
26,L01-1,2,distance_5_prime,1616,1616,12,7.559159874971496e-06,867.0666630270028
82,L01-2,2,distance_5_prime,1616,1616,12,1.1707259964585538e-05,867.0544474246449
184,L01-4,2,distance_5_prime,1616,1616,12,9.992630435054149e-06,867.0355284925421
134,L01-3,2,distance_5_prime,1616,1616,12,6.790137777553954e-06,867.019380401759
113,L01-3,1,distance_5_prime,1617,1617,8,1.0538407225131994e-05,867.0084075391105
167,L01-4,1,distance_5_prime,1617,1617,8,1.0538407225131994e-05,866.9913669346275
9,L01-1,1,distance_5_prime,1617,1617,8,1.0538407225131994e-05,866.9743263301445
66,L01-2,1,distance_5_prime,1617,1617,8,1.0538407225131994e-05,866.9572857256616
4347,L09-4,1,distance_3_prime,1651,1651,8,1.1834284513951141e-05,866.9402451211786
4231,L09-1,2,distance_3_prime,1651,1651,12,1.3485509819698733e-05,866.920706717446
4271,L09-2,2,distance_3_prime,1651,1651,12,1.4618903460416273e-05,866.8984421407337
4359,L09-4,2,distance_3_prime,1651,1651,12,1.571309974937606e-05,866.8743063311205
4297,L09-3,1,distance_3_prime,1651,1651,8,1.0857144408163487e-05,866.8483640034342
4260,L09-2,1,distance_3_prime,1651,1651,8,1.1834284513951141e-05,866.8304388580164
4217,L09-1,1,distance_3_prime,1651,1651,8,1.0857144408163487e-05,866.8109004542838
3380,L05-1,2,distance_3_prime,1661,1661,12,6.6064779819852355e-06,866.792975308866
662,L03-4,2,distance_5_prime,1664,1664,12,5.468557390003386e-06,866.7820019489378
4586,L11-1,2,distance_3_prime,1680,1680,12,1.0670489072974586e-05,866.7729022694408
3546,L05-4,2,distance_3_prime,1691,1691,12,3.7404151860856554e-06,866.7549758477982
3667,L06-2,2,distance_3_prime,1696,1696,12,6.113419209891512e-06,866.7486508057185
2759,L02-3,2,distance_3_prime,1713,1713,12,7.0366456779163085e-06,866.7382824467385
3497,L05-3,2,distance_3_prime,1726,1726,12,8.46067232732649e-06,866.7262286726922
4081,L08-2,2,distance_3_prime,1794,1794,12,1.0121747755924174e-05,866.7116255522552
2396,L01-1,2,distance_3_prime,1821,1821,12,7.559159874971496e-06,866.6934671367811
3606,L06-1,2,distance_3_prime,1841,1841,12,9.756978068752546e-06,866.6797019066488
798,L04-2,2,distance_5_prime,1877,1877,12,8.78976636800994e-06,866.6617393100242
4630,L11-2,2,distance_3_prime,1928,1928,12,8.291965638094397e-06,866.6452409185515
3758,L06-4,1,distance_3_prime,1980,1980,8,1.0926468961316203e-05,866.6292540088012
3769,L06-4,2,distance_3_prime,1980,1980,12,7.469756822066657e-06,866.6076196002579
3595,L06-1,2,distance_3_prime,1980,1980,12,9.756978068752546e-06,866.5928294817502
3648,L06-2,2,distance_3_prime,1980,1980,12,6.113419209891512e-06,866.573510665174
3702,L06-3,1,distance_3_prime,1980,1980,8,1.0926468961316203e-05,866.5614060951384
3713,L06-3,2,distance_3_prime,1980,1980,12,7.982040409079571e-06,866.539771686595
3582,L06-1,1,distance_3_prime,1980,1980,8,1.0926468961316203e-05,866.523967246585
3637,L06-2,1,distance_3_prime,1980,1980,8,1.0926468961316203e-05,866.5023328380416
2512,L01-3,2,distance_3_prime,2010,2010,12,6.790137777553954e-06,866.4806984294983
3049,L03-4,2,distance_3_prime,2041,2041,12,5.468557390003386e-06,866.4670502525654
3480,L05-3,2,distance_3_prime,2047,2047,12,8.46067232732649e-06,866.4558889269324
4565,L11-1,1,distance_3_prime,2178,2178,8,8.909697983512604e-06,866.4385699306783
4709,L11-4,1,distance_3_prime,2178,2178,8,8.909697983512604e-06,866.4191646084703
4628,L11-2,2,distance_3_prime,2178,2178,12,8.291965638094397e-06,866.3997592862622
4614,L11-2,1,distance_3_prime,2178,2178,8,8.909697983512604e-06,866.3816993851025
4683,L11-3,2,distance_3_prime,2178,2178,12,1.3801130312572599e-05,866.3622940628944
4671,L11-3,1,distance_3_prime,2178,2178,8,8.909697983512604e-06,866.3322352010737
4579,L11-1,2,distance_3_prime,2179,2179,12,1.0670489072974586e-05,866.3128298788656
4724,L11-4,2,distance_3_prime,2179,2179,12,7.172370593997801e-06,866.2895788831756
846,L04-3,2,distance_5_prime,2201,2201,12,3.5793596227354955e-06,866.2739502876514
372,L02-3,2,distance_5_prime,2299,2299,12,7.0366456779163085e-06,866.2660721171217
925,L04-4,2,distance_5_prime,2318,2318,12,6.325244048999557e-06,866.2498948687081
175,L01-4,2,distance_5_prime,2327,2327,12,9.992630435054149e-06,866.2352329530025
176,L01-4,2,distance_5_prime,2433,2433,12,9.992630435054149e-06,866.2119801019802
2624,L02-1,2,distance_3_prime,2558,2558,12,6.2998409290165425e-06,866.1876680321317
2766,L02-3,2,distance_3_prime,2558,2558,12,7.0366456779163085e-06,866.1715530390353
2696,L02-2,2,distance_3_prime,2558,2558,12,6.416817194503354e-06,866.1535532993912
2674,L02-2,1,distance_3_prime,2559,2559,8,9.06305050951337e-06,866.1371390810077
2604,L02-1,1,distance_3_prime,2559,2559,8,9.06305050951337e-06,866.1139467347539
2743,L02-3,1,distance_3_prime,2559,2559,8,9.06305050951337e-06,866.0907543885
2811,L02-4,1,distance_3_prime,2559,2559,8,9.06305050951337e-06,866.0675620422462
2994,L03-3,2,distance_3_prime,2725,2725,12,8.342573892610218e-06,866.0443696959924
3295,L04-4,2,distance_3_prime,2763,2763,12,6.325244048999557e-06,866.021636182135
3281,L04-4,1,distance_3_prime,2763,2763,8,8.511951311638497e-06,866.0041595328277
3226,L04-3,2,distance_3_prime,2763,2763,12,3.5793596227354955e-06,865.9806410113536
3211,L04-3,1,distance_3_prime,2763,2763,8,8.511951311638497e-06,865.9707512407159
3088,L04-1,1,distance_3_prime,2763,2763,8,8.511951311638497e-06,865.9472327192418
3164,L04-2,2,distance_3_prime,2763,2763,12,8.78976636800994e-06,865.9237141977677
3150,L04-2,1,distance_3_prime,2763,2763,8,8.511951311638497e-06,865.8994280732929
1283,L06-2,2,distance_5_prime,2770,2770,12,6.113419209891512e-06,865.8759095518188
108,L01-3,1,distance_5_prime,2854,2854,8,1.0538407225131994e-05,865.8589753806075
172,L01-4,2,distance_5_prime,2854,2854,12,9.992630435054149e-06,865.8288987663869
162,L01-4,1,distance_5_prime,2854,2854,8,1.0538407225131994e-05,865.8003797991253
4,L01-1,1,distance_5_prime,2854,2854,8,1.0538407225131994e-05,865.7703031849047
16,L01-1,2,distance_5_prime,2854,2854,12,7.559159874971496e-06,865.7402265706842
61,L01-2,1,distance_5_prime,2854,2854,8,1.0538407225131994e-05,865.718652728401
119,L01-3,2,distance_5_prime,2854,2854,12,6.790137777553954e-06,865.6885761141805
73,L01-2,2,distance_5_prime,2854,2854,12,1.1707259964585538e-05,865.6691970609634
770,L04-2,1,distance_5_prime,2859,2859,8,8.511951311638497e-06,865.6357845410245
901,L04-4,1,distance_5_prime,2859,2859,8,8.511951311638497e-06,865.6114488722245
831,L04-3,1,distance_5_prime,2859,2859,8,8.511951311638497e-06,865.5871132034246
847,L04-3,2,distance_5_prime,2859,2859,12,3.5793596227354955e-06,865.5627775346246
708,L04-1,1,distance_5_prime,2859,2859,8,8.511951311638497e-06,865.5525441454632
784,L04-2,2,distance_5_prime,2861,2861,12,8.78976636800994e-06,865.5282084766633
915,L04-4,2,distance_5_prime,2862,2862,12,6.325244048999557e-06,865.5030609550844
1164,L05-4,2,distance_5_prime,2929,2929,12,3.7404151860856554e-06,865.4849581066161
4133,L08-3,2,distance_3_prime,2964,2964,12,4.900401383710004e-06,865.4740024305361
1555,L07-3,2,distance_5_prime,2977,2977,12,9.662271406762302e-06,865.4594776408347
597,L03-3,2,distance_5_prime,2994,2994,12,8.342573892610218e-06,865.4307130588568
3837,L07-1,2,distance_3_prime,2996,2996,12,9.170413799638686e-06,865.4057353926223
4259,L09-2,1,distance_3_prime,3003,3003,8,1.1834284513951141e-05,865.3782608328786
4296,L09-3,1,distance_3_prime,3003,3003,8,1.0857144408163487e-05,865.3427224764832
4313,L09-3,2,distance_3_prime,3003,3003,12,9.988912307338854e-06,865.3101184718255
4216,L09-1,1,distance_3_prime,3003,3003,8,1.0857144408163487e-05,865.2801217681665
4346,L09-4,1,distance_3_prime,3003,3003,8,1.1834284513951141e-05,865.2475177635088
4270,L09-2,2,distance_3_prime,3004,3004,12,1.4618903460416273e-05,865.2119794071134
4358,L09-4,2,distance_3_prime,3004,3004,12,1.571309974937606e-05,865.1680642211184
233,L02-1,2,distance_5_prime,3005,3005,12,6.2998409290165425e-06,865.1208620694713
4230,L09-1,2,distance_3_prime,3005,3005,12,1.3485509819698733e-05,865.1019310474796
226,L02-1,2,distance_5_prime,3043,3043,12,6.2998409290165425e-06,865.0614070904714
4515,L10-4,1,distance_3_prime,3086,3086,8,7.982948422170244e-06,865.0422366745245
4470,L10-3,1,distance_3_prime,3086,3086,8,7.982948422170244e-06,865.0176012956937
4434,L10-2,2,distance_3_prime,3086,3086,12,5.704430631271309e-06,864.9929659168629
4417,L10-2,1,distance_3_prime,3086,3086,8,7.982948422170244e-06,864.9753620439348
4389,L10-1,2,distance_3_prime,3086,3086,12,1.005999951376669e-05,864.950726665104
4378,L10-1,1,distance_3_prime,3086,3086,8,7.982948422170244e-06,864.9196815066044
4527,L10-4,2,distance_3_prime,3087,3087,12,9.642031543906196e-06,864.8950461277736
4483,L10-3,2,distance_3_prime,3087,3087,12,8.534978118449848e-06,864.8652811763976
2762,L02-3,2,distance_3_prime,3094,3094,12,7.0366456779163085e-06,864.838933698946
1051,L05-2,2,distance_5_prime,3107,3107,12,4.967929942251954e-06,864.8171623172185
3934,L07-3,2,distance_3_prime,3112,3112,12,9.662271406762302e-06,864.8017269588879
4442,L10-2,2,distance_3_prime,3121,3121,12,5.704430631271309e-06,864.7716579702701
3886,L07-2,2,distance_3_prime,3142,3142,12,8.52401677242367e-06,864.7538544422699
4034,L08-1,2,distance_3_prime,3153,3153,12,1.2295863056874513e-05,864.7270719815709
2942,L03-2,2,distance_3_prime,3235,3235,12,7.594782890473104e-06,864.6883031253526
858,L04-3,2,distance_5_prime,3280,3280,12,3.5793596227354955e-06,864.663734002702
3054,L03-4,2,distance_3_prime,3282,3282,12,5.468557390003386e-06,864.6519937031394
3426,L05-2,2,distance_3_prime,3285,3285,12,4.967929942251954e-06,864.6340458977854
3781,L06-4,2,distance_3_prime,3314,3314,12,7.469756822066657e-06,864.6177262479251
3488,L05-3,2,distance_3_prime,3330,3330,12,8.46067232732649e-06,864.5929714738168
2626,L02-1,2,distance_3_prime,3393,3393,12,6.2998409290165425e-06,864.5647974349667
2744,L02-3,1,distance_3_prime,3393,3393,8,9.06305050951337e-06,864.5434220746946
2812,L02-4,1,distance_3_prime,3393,3393,8,9.06305050951337e-06,864.5126711443158
2768,L02-3,2,distance_3_prime,3393,3393,12,7.0366456779163085e-06,864.4819202139371
2675,L02-2,1,distance_3_prime,3393,3393,8,9.06305050951337e-06,864.4580448751519
2605,L02-1,1,distance_3_prime,3393,3393,8,9.06305050951337e-06,864.4272939447732
2831,L02-4,2,distance_3_prime,3395,3395,12,8.349626702106193e-06,864.3965430143944
2621,L02-1,2,distance_3_prime,3396,3396,12,6.2998409290165425e-06,864.3681960317408
2763,L02-3,2,distance_3_prime,3396,3396,12,7.0366456779163085e-06,864.3468017719458
2740,L02-3,1,distance_3_prime,3397,3397,8,9.06305050951337e-06,864.3229053232236
2808,L02-4,1,distance_3_prime,3397,3397,8,9.06305050951337e-06,864.2921181406427
2693,L02-2,2,distance_3_prime,3397,3397,12,6.416817194503354e-06,864.2613309580619
2601,L02-1,1,distance_3_prime,3397,3397,8,9.06305050951337e-06,864.2395330300521
2671,L02-2,1,distance_3_prime,3397,3397,8,9.06305050951337e-06,864.2087458474713
997,L05-1,2,distance_5_prime,3400,3400,12,6.6064779819852355e-06,864.1779586648904
1442,L07-1,1,distance_5_prime,3434,3434,8,6.7824142172966825e-06,864.1554966397516
1539,L07-3,1,distance_5_prime,3434,3434,8,6.7824142172966825e-06,864.1322058293295
1491,L07-2,1,distance_5_prime,3434,3434,8,6.7824142172966825e-06,864.1089150189073
1458,L07-1,2,distance_5_prime,3435,3435,12,9.170413799638686e-06,864.0856242084851
1507,L07-2,2,distance_5_prime,3435,3435,12,8.52401677242367e-06,864.0541238370834
2350,L11-4,2,distance_5_prime,3456,3456,12,7.172370593997801e-06,864.0248438394701
3372,L05-1,2,distance_3_prime,3470,3470,12,6.6064779819852355e-06,864.0000561266972
4580,L11-1,2,distance_3_prime,3500,3500,12,1.0670489072974586e-05,863.9771316480998
2806,L02-4,1,distance_3_prime,3514,3514,8,9.06305050951337e-06,863.9397849363444
2689,L02-2,2,distance_3_prime,3514,3514,12,6.416817194503354e-06,863.907937376854
2669,L02-2,1,distance_3_prime,3514,3514,8,9.06305050951337e-06,863.8853886812325
2738,L02-3,1,distance_3_prime,3514,3514,8,9.06305050951337e-06,863.8535411217421
2619,L02-1,2,distance_3_prime,3514,3514,12,6.2998409290165425e-06,863.8216935622517
2599,L02-1,1,distance_3_prime,3514,3514,8,9.06305050951337e-06,863.7995559212271
976,L05-1,1,distance_5_prime,3530,3530,8,7.056770839305861e-06,863.7677083617367
1143,L05-4,1,distance_5_prime,3530,3530,8,7.056770839305861e-06,863.742797960674
1092,L05-3,1,distance_5_prime,3530,3530,8,7.051943736066902e-06,863.7178875596113
1026,L05-2,1,distance_5_prime,3530,3530,8,7.051943736066902e-06,863.692994198223
1047,L05-2,2,distance_5_prime,3531,3531,12,4.967929942251954e-06,863.6681008368347
1108,L05-3,2,distance_5_prime,3531,3531,12,8.46067232732649e-06,863.6505590762087
994,L05-1,2,distance_5_prime,3531,3531,12,6.6064779819852355e-06,863.6206844422209
1271,L06-2,2,distance_5_prime,3581,3581,12,6.113419209891512e-06,863.5973569684664
454,L02-4,2,distance_5_prime,3624,3624,12,8.349626702106193e-06,863.5754648142758
4038,L08-1,2,distance_3_prime,3696,3696,12,1.2295863056874513e-05,863.5452057671074
3474,L05-3,1,distance_3_prime,3778,3778,8,7.051943736066902e-06,863.4997602572492
3525,L05-4,1,distance_3_prime,3778,3778,8,7.056770839305861e-06,863.4731180138144
3358,L05-1,1,distance_3_prime,3778,3778,8,7.056770839305861e-06,863.4464575335835
3408,L05-2,1,distance_3_prime,3778,3778,8,7.051943736066902e-06,863.4197970533526
3532,L05-4,2,distance_3_prime,3841,3841,12,3.7404151860856554e-06,863.3931548099177
76,L01-2,2,distance_5_prime,3916,3916,12,1.1707259964585538e-05,863.378787875188
4181,L08-4,2,distance_3_prime,3939,3939,12,9.412872102600306e-06,863.3329422451667
3982,L07-4,2,distance_3_prime,3940,3940,12,9.747918819332073e-06,863.2958649419545
4079,L08-2,2,distance_3_prime,3940,3940,12,1.0121747755924174e-05,863.2574581418063
4019,L08-1,1,distance_3_prime,3941,3941,8,6.4710416840238876e-06,863.217578455648
4166,L08-4,1,distance_3_prime,3941,3941,8,6.4710416840238876e-06,863.1920760803713
4064,L08-2,1,distance_3_prime,3941,3941,8,6.4710416840238876e-06,863.1665737050946
4118,L08-3,1,distance_3_prime,3941,3941,8,6.4710416840238876e-06,863.1410713298179
3870,L07-2,1,distance_3_prime,3941,3941,8,6.7824142172966825e-06,863.1155689545412
3918,L07-3,1,distance_3_prime,3941,3941,8,6.7824142172966825e-06,863.0888394601109
3968,L07-4,1,distance_3_prime,3941,3941,8,6.709022964985609e-06,863.0621099656805
3821,L07-1,1,distance_3_prime,3941,3941,8,6.7824142172966825e-06,863.0356697061756
2820,L02-4,2,distance_3_prime,3962,3962,12,8.349626702106193e-06,863.0089402117452
2754,L02-3,2,distance_3_prime,3962,3962,12,7.0366456779163085e-06,862.9758589907515
2613,L02-1,2,distance_3_prime,3962,3962,12,6.2998409290165425e-06,862.9479798005756
2735,L02-3,1,distance_3_prime,3963,3963,8,9.06305050951337e-06,862.9230198308148
2666,L02-2,1,distance_3_prime,3963,3963,8,9.06305050951337e-06,862.8871029616456
2803,L02-4,1,distance_3_prime,3963,3963,8,9.06305050951337e-06,862.8511860924764
2596,L02-1,1,distance_3_prime,3963,3963,8,9.06305050951337e-06,862.8152692233072
2685,L02-2,2,distance_3_prime,3963,3963,12,6.416817194503354e-06,862.7793523541379
2305,L11-3,2,distance_5_prime,3980,3980,12,1.3801130312572599e-05,862.7539225075961
4391,L10-1,2,distance_3_prime,4038,4038,12,1.005999951376669e-05,862.6989940089521
298,L02-2,2,distance_5_prime,4117,4117,12,6.416817194503354e-06,862.6583717309155
455,L02-4,2,distance_5_prime,4157,4157,12,8.349626702106193e-06,862.6319536945258
1287,L06-2,2,distance_5_prime,4179,4179,12,6.113419209891512e-06,862.5972442963251
1378,L06-4,1,distance_5_prime,4204,4204,8,1.0926468961316203e-05,862.571696317447
1217,L06-1,2,distance_5_prime,4204,4204,12,9.756978068752546e-06,862.5257614419337
1257,L06-2,1,distance_5_prime,4204,4204,8,1.0926468961316203e-05,862.4847431061327
1390,L06-4,2,distance_5_prime,4204,4204,12,7.469756822066657e-06,862.4388082306193
1202,L06-1,1,distance_5_prime,4204,4204,8,1.0926468961316203e-05,862.4074053729394
1322,L06-3,1,distance_5_prime,4204,4204,8,1.0926468961316203e-05,862.361470497426
3779,L06-4,2,distance_3_prime,4205,4205,12,7.469756822066657e-06,862.3155356219127
383,L02-3,2,distance_5_prime,4217,4217,12,7.0366456779163085e-06,862.2841252944759
314,L02-2,2,distance_5_prime,4246,4246,12,6.416817194503354e-06,862.254451759652
452,L02-4,2,distance_5_prime,4246,4246,12,8.349626702106193e-06,862.2272059538442
4430,L10-2,2,distance_3_prime,4311,4311,12,5.704430631271309e-06,862.1917534388671
4735,L11-4,2,distance_3_prime,4398,4398,12,7.172370593997801e-06,862.1671616384157
378,L02-3,2,distance_5_prime,4406,4406,12,7.0366456779163085e-06,862.1356175525433
3776,L06-4,2,distance_3_prime,4414,4414,12,7.469756822066657e-06,862.1046140916864
1843,L09-1,2,distance_5_prime,4521,4521,12,1.3485509819698733e-05,862.0716425850737
2299,L11-3,2,distance_5_prime,4613,4613,12,1.3801130312572599e-05,862.0106745951789
2340,L11-4,2,distance_5_prime,4613,4613,12,7.172370593997801e-06,861.947009981047
2244,L11-2,2,distance_5_prime,4613,4613,12,8.291965638094397e-06,861.9139238354969
2195,L11-1,2,distance_5_prime,4613,4613,12,1.0670489072974586e-05,861.8756729980084
2325,L11-4,1,distance_5_prime,4614,4614,8,8.909697983512604e-06,861.8264500319148
2181,L11-1,1,distance_5_prime,4614,4614,8,8.909697983512604e-06,861.7853406854189
2287,L11-3,1,distance_5_prime,4614,4614,8,8.909697983512604e-06,861.744231338923
2230,L11-2,1,distance_5_prime,4614,4614,8,8.909697983512604e-06,861.7031219924271
2987,L03-3,2,distance_3_prime,4641,4641,12,8.342573892610218e-06,861.6620126459312
68,L01-2,2,distance_5_prime,4726,4726,12,1.1707259964585538e-05,861.6232947604956
3293,L04-4,1,distance_3_prime,4757,4757,8,8.511951311638497e-06,861.567966249903
3100,L04-1,1,distance_3_prime,4757,4757,8,8.511951311638497e-06,861.5274748975135
3223,L04-3,1,distance_3_prime,4757,4757,8,8.511951311638497e-06,861.486983545124
3162,L04-2,1,distance_3_prime,4757,4757,8,8.511951311638497e-06,861.4464921927345
3314,L04-4,2,distance_3_prime,4758,4758,12,6.325244048999557e-06,861.406000840345
3490,L05-3,2,distance_3_prime,4764,4764,12,8.46067232732649e-06,861.3759053291599
515,L03-1,2,distance_5_prime,4772,4772,12,9.821333573410376e-06,861.3355986861925
1955,L09-4,1,distance_5_prime,4855,4855,8,1.1834284513951141e-05,861.2887312823801
1904,L09-3,1,distance_5_prime,4855,4855,8,1.0857144408163487e-05,861.2312758310649
1868,L09-2,1,distance_5_prime,4855,4855,8,1.1834284513951141e-05,861.1785643949632
1824,L09-1,1,distance_5_prime,4855,4855,8,1.0857144408163487e-05,861.121108943648
1837,L09-1,2,distance_5_prime,4856,4856,12,1.3485509819698733e-05,861.0683975075464
1878,L09-2,2,distance_5_prime,4856,4856,12,1.4618903460416273e-05,861.0029118718619
1918,L09-3,2,distance_5_prime,4856,4856,12,9.988912307338854e-06,860.9319224766581
1967,L09-4,2,distance_5_prime,4856,4856,12,1.571309974937606e-05,860.8834163184937
2825,L02-4,2,distance_3_prime,4891,4891,12,8.349626702106193e-06,860.8071135061107
3168,L04-2,2,distance_3_prime,4904,4904,12,8.78976636800994e-06,860.7662754819107
3716,L06-3,2,distance_3_prime,4918,4918,12,7.982040409079571e-06,860.723170467642
2255,L11-2,2,distance_5_prime,4928,4928,12,8.291965638094397e-06,860.6839147929102
3719,L06-3,2,distance_3_prime,4948,4948,12,7.982040409079571e-06,860.6430519862456
3181,L04-2,2,distance_3_prime,4963,4963,12,8.78976636800994e-06,860.6035568503015
2347,L11-4,2,distance_5_prime,4981,4981,12,7.172370593997801e-06,860.559933239817
1397,L06-4,2,distance_5_prime,5114,5114,12,7.469756822066657e-06,860.5242076618883
3489,L05-3,2,distance_3_prime,5182,5182,12,8.46067232732649e-06,860.4860073255003
3659,L06-2,2,distance_3_prime,5185,5185,12,6.113419209891512e-06,860.4421641215001
2991,L03-3,2,distance_3_prime,5193,5193,12,8.342573892610218e-06,860.4104660428968
79,L01-2,2,distance_5_prime,5235,5235,12,1.1707259964585538e-05,860.3671430566725
1111,L05-3,2,distance_5_prime,5262,5262,12,8.46067232732649e-06,860.3058555507579
114,L01-3,2,distance_5_prime,5308,5308,12,6.790137777553954e-06,860.2613354929715
3722,L06-3,2,distance_3_prime,5309,5309,12,7.982040409079571e-06,860.2252934416482
3231,L04-3,2,distance_3_prime,5317,5317,12,3.5793596227354955e-06,860.1829167891163
3092,L04-1,1,distance_3_prime,5318,5318,8,8.511951311638497e-06,860.1638853340023
3285,L04-4,1,distance_3_prime,5318,5318,8,8.511951311638497e-06,860.1186187769271
3215,L04-3,1,distance_3_prime,5318,5318,8,8.511951311638497e-06,860.0733522198518
3154,L04-2,1,distance_3_prime,5318,5318,8,8.511951311638497e-06,860.0280856627766
3299,L04-4,2,distance_3_prime,5318,5318,12,6.325244048999557e-06,859.9828191057013
3428,L05-2,2,distance_3_prime,5347,5347,12,4.967929942251954e-06,859.9491814578487
2981,L03-3,2,distance_3_prime,5413,5413,12,8.342573892610218e-06,859.9226179364474
2834,L02-4,2,distance_3_prime,5517,5517,12,8.349626702106193e-06,859.8774595839667
444,L02-4,2,distance_5_prime,5546,5546,12,8.349626702106193e-06,859.8313946934512
2056,L10-2,2,distance_5_prime,5555,5555,12,5.704430631271309e-06,859.7850876637614
2344,L11-4,2,distance_5_prime,5581,5581,12,7.172370593997801e-06,859.7533995516046
2251,L11-2,2,distance_5_prime,5581,5581,12,8.291965638094397e-06,859.7133705513195
2301,L11-3,2,distance_5_prime,5581,5581,12,1.3801130312572599e-05,859.6670930910933
2198,L11-1,2,distance_5_prime,5581,5581,12,1.0670489072974586e-05,859.5900689828188
2289,L11-3,1,distance_5_prime,5583,5583,8,8.909697983512604e-06,859.5305169833025
2232,L11-2,1,distance_5_prime,5583,5583,8,8.909697983512604e-06,859.4807741394606
2327,L11-4,1,distance_5_prime,5583,5583,8,8.909697983512604e-06,859.4310312956186
2183,L11-1,1,distance_5_prime,5583,5583,8,8.909697983512604e-06,859.3812884517766
652,L03-4,2,distance_5_prime,5610,5610,12,5.468557390003386e-06,859.3315456079347
507,L03-1,2,distance_5_prime,5714,5714,12,9.821333573410376e-06,859.3008670009767
4233,L09-1,2,distance_3_prime,5750,5750,12,1.3485509819698733e-05,859.2447479009383
117,L01-3,2,distance_5_prime,5840,5840,12,6.790137777553954e-06,859.167206219475
996,L05-1,2,distance_5_prime,5881,5881,12,6.6064779819852355e-06,859.1275518148541
1382,L06-4,1,distance_5_prime,5914,5914,8,1.0926468961316203e-05,859.088699117842
1346,L06-3,2,distance_5_prime,5914,5914,12,7.982040409079571e-06,859.0240799804047
1401,L06-4,2,distance_5_prime,5914,5914,12,7.469756822066657e-06,858.9768741934255
1282,L06-2,2,distance_5_prime,5914,5914,12,6.113419209891512e-06,858.9326980515798
1326,L06-3,1,distance_5_prime,5914,5914,8,1.0926468961316203e-05,858.8965432903725
1206,L06-1,1,distance_5_prime,5914,5914,8,1.0926468961316203e-05,858.8319241529352
1261,L06-2,1,distance_5_prime,5914,5914,8,1.0926468961316203e-05,858.767305015498
1225,L06-1,2,distance_5_prime,5915,5915,12,9.756978068752546e-06,858.7026858780607
2247,L11-2,2,distance_5_prime,5933,5933,12,8.291965638094397e-06,858.6449733527841
2676,L02-2,1,distance_3_prime,5935,5935,8,9.06305050951337e-06,858.5957771206532
2606,L02-1,1,distance_3_prime,5935,5935,8,9.06305050951337e-06,858.5419879158793
2813,L02-4,1,distance_3_prime,5935,5935,8,9.06305050951337e-06,858.4881987111054
2627,L02-1,2,distance_3_prime,5935,5935,12,6.2998409290165425e-06,858.4344095063315
2745,L02-3,1,distance_3_prime,5935,5935,8,9.06305050951337e-06,858.3970199504178
2769,L02-3,2,distance_3_prime,5936,5936,12,7.0366456779163085e-06,858.3432307456438
4477,L10-3,2,distance_3_prime,5961,5961,12,8.534978118449848e-06,858.3014612168997
2703,L02-2,2,distance_3_prime,6146,6146,12,6.416817194503354e-06,858.2505842123356
1153,L05-4,2,distance_5_prime,6165,6165,12,3.7404151860856554e-06,858.2111464538582
3768,L06-4,2,distance_3_prime,6170,6170,12,7.469756822066657e-06,858.188086794236
600,L03-3,2,distance_5_prime,6183,6183,12,8.342573892610218e-06,858.1419983946439
1499,L07-2,2,distance_5_prime,6219,6219,12,8.52401677242367e-06,858.0904162602659
2692,L02-2,2,distance_3_prime,6235,6235,12,6.416817194503354e-06,858.0374053999582
3654,L06-2,2,distance_3_prime,6273,6273,12,6.113419209891512e-06,857.9973965447505
832,L04-3,1,distance_5_prime,6289,6289,8,8.511951311638497e-06,857.9590470660469
849,L04-3,2,distance_5_prime,6289,6289,12,3.5793596227354955e-06,857.905515404248
916,L04-4,2,distance_5_prime,6289,6289,12,6.325244048999557e-06,857.8830048115807
902,L04-4,1,distance_5_prime,6289,6289,8,8.511951311638497e-06,857.8432253517566
771,L04-2,1,distance_5_prime,6289,6289,8,8.511951311638497e-06,857.7896936899577
709,L04-1,1,distance_5_prime,6289,6289,8,8.511951311638497e-06,857.7361620281589
785,L04-2,2,distance_5_prime,6289,6289,12,8.78976636800994e-06,857.6826303663601
1451,L07-1,2,distance_5_prime,6316,6316,12,9.170413799638686e-06,857.6273515256717
2681,L02-2,2,distance_3_prime,6378,6378,12,6.416817194503354e-06,857.5694311921131
1095,L05-3,2,distance_5_prime,6453,6453,12,8.46067232732649e-06,857.5285047320466
2941,L03-2,2,distance_3_prime,6455,6455,12,7.594782890473104e-06,857.4739080135183
2925,L03-2,1,distance_3_prime,6455,6455,8,1.009527414978863e-05,857.4248836899603
2993,L03-3,2,distance_3_prime,6455,6455,12,8.342573892610218e-06,857.3597186953234
3033,L03-4,1,distance_3_prime,6455,6455,8,1.009527414978863e-05,857.3058673808466
2884,L03-1,1,distance_3_prime,6455,6455,8,1.009527414978863e-05,857.2407023862097
2977,L03-3,1,distance_3_prime,6455,6455,8,1.009527414978863e-05,857.1755373915728
2897,L03-1,2,distance_3_prime,6455,6455,12,9.821333573410376e-06,857.1103723969359
3880,L07-2,2,distance_3_prime,6481,6481,12,8.52401677242367e-06,857.0469756887195
4712,L11-4,1,distance_3_prime,6496,6496,8,8.909697983512604e-06,856.9917315360174
4729,L11-4,2,distance_3_prime,6496,6496,12,7.172370593997801e-06,856.9338541379165
4674,L11-3,1,distance_3_prime,6496,6496,8,8.909697983512604e-06,856.8872624185378
4686,L11-3,2,distance_3_prime,6496,6496,12,1.3801130312572599e-05,856.8293850204369
4568,L11-1,1,distance_3_prime,6496,6496,8,8.909697983512604e-06,856.7397328779265
4617,L11-2,1,distance_3_prime,6496,6496,8,8.909697983512604e-06,856.6818554798256
4583,L11-1,2,distance_3_prime,6496,6496,12,1.0670489072974586e-05,856.6239780817247
3303,L04-4,2,distance_3_prime,6586,6586,12,6.325244048999557e-06,856.5546625847066
2815,L02-4,1,distance_3_prime,6594,6594,8,9.06305050951337e-06,856.5130045274
2608,L02-1,1,distance_3_prime,6594,6594,8,9.06305050951337e-06,856.4532427723402
2747,L02-3,1,distance_3_prime,6594,6594,8,9.06305050951337e-06,856.3934810172805
2772,L02-3,2,distance_3_prime,6594,6594,12,7.0366456779163085e-06,856.3337192622207
2678,L02-2,1,distance_3_prime,6594,6594,8,9.06305050951337e-06,856.2873196206206
2840,L02-4,2,distance_3_prime,6595,6595,12,8.349626702106193e-06,856.2275578655608
2632,L02-1,2,distance_3_prime,6597,6597,12,6.2998409290165425e-06,856.1724920774604
4305,L09-3,2,distance_3_prime,6666,6666,12,9.988912307338854e-06,856.1309320268517
780,L04-2,2,distance_5_prime,6736,6736,12,8.78976636800994e-06,856.064345937411
115,L01-3,2,distance_5_prime,6742,6742,12,6.790137777553954e-06,856.005138071156
57,L01-2,1,distance_5_prime,6742,6742,8,1.0538407225131994e-05,855.9593589622598
0,L01-1,1,distance_5_prime,6742,6742,8,1.0538407225131994e-05,855.8883090207479
67,L01-2,2,distance_5_prime,6742,6742,12,1.1707259964585538e-05,855.817259079236
104,L01-3,1,distance_5_prime,6742,6742,8,1.0538407225131994e-05,855.7383287325548
168,L01-4,2,distance_5_prime,6742,6742,12,9.992630435054149e-06,855.6672787910429
10,L01-1,2,distance_5_prime,6742,6742,12,7.559159874971496e-06,855.5999084766498
158,L01-4,1,distance_5_prime,6742,6742,8,1.0538407225131994e-05,855.5489446207728
1043,L05-2,2,distance_5_prime,6760,6760,12,4.967929942251954e-06,855.4778946792609
2045,L10-2,2,distance_5_prime,6801,6801,12,5.704430631271309e-06,855.4443114728513
4732,L11-4,2,distance_3_prime,6843,6843,12,7.172370593997801e-06,855.405515640128
503,L03-1,2,distance_5_prime,6907,6907,12,9.821333573410376e-06,855.3564351081533
494,L03-1,1,distance_5_prime,6907,6907,8,1.009527414978863e-05,855.2885991571617
535,L03-2,1,distance_5_prime,6907,6907,8,1.009527414978863e-05,855.218871098609
653,L03-4,2,distance_5_prime,6907,6907,12,5.468557390003386e-06,855.1491430400564
544,L03-2,2,distance_5_prime,6907,6907,12,7.594782890473104e-06,855.1113717141636
587,L03-3,1,distance_5_prime,6907,6907,8,1.009527414978863e-05,855.0589145487392
596,L03-3,2,distance_5_prime,6907,6907,12,8.342573892610218e-06,854.9891864901865
643,L03-4,1,distance_5_prime,6907,6907,8,1.009527414978863e-05,854.9315643323102
1036,L05-2,2,distance_5_prime,6983,6983,12,4.967929942251954e-06,854.8618362737576
3864,L07-2,1,distance_3_prime,7184,7184,8,6.7824142172966825e-06,854.8271452189708
3912,L07-3,1,distance_3_prime,7184,7184,8,6.7824142172966825e-06,854.7784203552337
4159,L08-4,1,distance_3_prime,7184,7184,8,6.4710416840238876e-06,854.7296954914966
3815,L07-1,1,distance_3_prime,7184,7184,8,6.7824142172966825e-06,854.6832075280386
4012,L08-1,1,distance_3_prime,7184,7184,8,6.4710416840238876e-06,854.6344826643015
4111,L08-3,1,distance_3_prime,7184,7184,8,6.4710416840238876e-06,854.5879947008434
4057,L08-2,1,distance_3_prime,7184,7184,8,6.4710416840238876e-06,854.5415067373854
3962,L07-4,1,distance_3_prime,7184,7184,8,6.709022964985609e-06,854.4950187739273
4027,L08-1,2,distance_3_prime,7185,7185,12,1.2295863056874513e-05,854.4468211529469
4126,L08-3,2,distance_3_prime,7186,7186,12,4.900401383710004e-06,854.3584753768832
4072,L08-2,2,distance_3_prime,7186,7186,12,1.0121747755924174e-05,854.3232610925398
3976,L07-4,2,distance_3_prime,7187,7187,12,9.747918819332073e-06,854.2505262131658
4174,L08-4,2,distance_3_prime,7187,7187,12,9.412872102600306e-06,854.1804679206112
3829,L07-1,2,distance_3_prime,7187,7187,12,9.170413799638686e-06,854.1128176088099
3878,L07-2,2,distance_3_prime,7187,7187,12,8.52401677242367e-06,854.0469098448319
3926,L07-3,2,distance_3_prime,7187,7187,12,9.662271406762302e-06,853.9856477362886
3531,L05-4,2,distance_3_prime,7237,7237,12,3.7404151860856554e-06,853.9162049916881
1148,L05-4,2,distance_5_prime,7256,7256,12,3.7404151860856554e-06,853.8891356069864
1398,L06-4,2,distance_5_prime,7377,7377,12,7.469756822066657e-06,853.8619951543961
2623,L02-1,2,distance_3_prime,7388,7388,12,6.2998409290165425e-06,853.8068907583198
665,L03-4,2,distance_5_prime,7508,7508,12,5.468557390003386e-06,853.7603475335362
293,L02-2,1,distance_5_prime,7579,7579,8,9.06305050951337e-06,853.7192896046521
362,L02-3,1,distance_5_prime,7579,7579,8,9.06305050951337e-06,853.6506007448405
223,L02-1,1,distance_5_prime,7579,7579,8,9.06305050951337e-06,853.581911885029
430,L02-4,1,distance_5_prime,7579,7579,8,9.06305050951337e-06,853.5132230252174
244,L02-1,2,distance_5_prime,7579,7579,12,6.2998409290165425e-06,853.4445341654058
386,L02-3,2,distance_5_prime,7579,7579,12,7.0366456779163085e-06,853.3967876710047
1461,L07-1,2,distance_5_prime,7693,7693,12,9.170413799638686e-06,853.3434569334119
1493,L07-2,1,distance_5_prime,7696,7696,8,6.7824142172966825e-06,853.2729089400513
1687,L08-2,1,distance_5_prime,7696,7696,8,6.4710416840238876e-06,853.220711480235
1642,L08-1,1,distance_5_prime,7696,7696,8,6.4710416840238876e-06,853.1709103434347
1805,L08-4,2,distance_5_prime,7696,7696,12,9.412872102600306e-06,853.1211092066344
1591,L07-4,1,distance_5_prime,7696,7696,8,6.709022964985609e-06,853.0486677429328
1757,L08-3,2,distance_5_prime,7696,7696,12,4.900401383710004e-06,852.9970351021943
1789,L08-4,1,distance_5_prime,7696,7696,8,6.4710416840238876e-06,852.9593216131453
1702,L08-2,2,distance_5_prime,7696,7696,12,1.0121747755924174e-05,852.909520476345
1444,L07-1,1,distance_5_prime,7696,7696,8,6.7824142172966825e-06,852.8316235056154
1541,L07-3,1,distance_5_prime,7696,7696,8,6.7824142172966825e-06,852.7794260457991
1741,L08-3,1,distance_5_prime,7696,7696,8,6.4710416840238876e-06,852.7272285859829
1558,L07-3,2,distance_5_prime,7697,7697,12,9.662271406762302e-06,852.6774274491826
1606,L07-4,2,distance_5_prime,7697,7697,12,9.747918819332073e-06,852.6030569461648
1509,L07-2,2,distance_5_prime,7697,7697,12,8.52401677242367e-06,852.5280272150123
1657,L08-1,2,distance_5_prime,7698,7698,12,1.2295863056874513e-05,852.4624178579149
1100,L05-3,2,distance_5_prime,7723,7723,12,8.46067232732649e-06,852.3677643041032
2837,L02-4,2,distance_3_prime,7765,7765,12,8.349626702106193e-06,852.3024225317192
1270,L06-2,2,distance_5_prime,7841,7841,12,6.113419209891512e-06,852.2375876803774
3715,L06-3,2,distance_3_prime,7910,7910,12,7.982040409079571e-06,852.1896523603526
1044,L05-2,2,distance_5_prime,7920,7920,12,4.967929942251954e-06,852.1265144207168
932,L04-4,2,distance_5_prime,7995,7995,12,6.325244048999557e-06,852.0871684155742
451,L02-4,2,distance_5_prime,8003,8003,12,8.349626702106193e-06,852.0365980894024
2999,L03-3,2,distance_3_prime,8033,8033,12,8.342573892610218e-06,851.9697760269055
1655,L08-1,2,distance_5_prime,8046,8046,12,1.2295863056874513e-05,851.9027601308262
1105,L05-3,2,distance_5_prime,8083,8083,12,8.46067232732649e-06,851.8038276166706
3928,L07-3,2,distance_3_prime,8173,8173,12,9.662271406762302e-06,851.7354400022488
4129,L08-3,2,distance_3_prime,8174,8174,12,4.900401383710004e-06,851.6564702580413
4075,L08-2,2,distance_3_prime,8174,8174,12,1.0121747755924174e-05,851.6164143771308
3978,L07-4,2,distance_3_prime,8174,8174,12,9.747918819332073e-06,851.5336792109739
4031,L08-1,2,distance_3_prime,8174,8174,12,1.2295863056874513e-05,851.4539997225447
3832,L07-1,2,distance_3_prime,8174,8174,12,9.170413799638686e-06,851.3534933379178
4177,L08-4,2,distance_3_prime,8174,8174,12,9.412872102600306e-06,851.2785343755196
4114,L08-3,1,distance_3_prime,8175,8175,8,6.4710416840238876e-06,851.2015935589529
4162,L08-4,1,distance_3_prime,8175,8175,8,6.4710416840238876e-06,851.148692793186
4060,L08-2,1,distance_3_prime,8175,8175,8,6.4710416840238876e-06,851.0957920274191
3866,L07-2,1,distance_3_prime,8175,8175,8,6.7824142172966825e-06,851.0428912616521
4015,L08-1,1,distance_3_prime,8175,8175,8,6.4710416840238876e-06,850.9874450254257
3964,L07-4,1,distance_3_prime,8175,8175,8,6.709022964985609e-06,850.9345442596588
3914,L07-3,1,distance_3_prime,8175,8175,8,6.7824142172966825e-06,850.87969799692
3817,L07-1,1,distance_3_prime,8175,8175,8,6.7824142172966825e-06,850.8242517606935
1279,L06-2,2,distance_5_prime,8196,8196,12,6.113419209891512e-06,850.7688055244671
4309,L09-3,2,distance_3_prime,8215,8215,12,9.988912307338854e-06,850.7186999406229
297,L02-2,2,distance_5_prime,8216,8216,12,6.416817194503354e-06,850.6366410260181
3435,L05-2,2,distance_3_prime,8249,8249,12,4.967929942251954e-06,850.583920455948
3479,L05-3,2,distance_3_prime,8256,8256,12,8.46067232732649e-06,850.5429400018544
912,L04-4,2,distance_5_prime,8345,8345,12,6.325244048999557e-06,850.47308869112
2498,L01-3,2,distance_3_prime,8399,8399,12,6.790137777553954e-06,850.4203045295311
3416,L05-2,2,distance_3_prime,8423,8423,12,4.967929942251954e-06,850.3632741623375
898,L04-4,1,distance_5_prime,8448,8448,8,8.511951311638497e-06,850.3214292884338
767,L04-2,1,distance_5_prime,8448,8448,8,8.511951311638497e-06,850.2495203237531
705,L04-1,1,distance_5_prime,8448,8448,8,8.511951311638497e-06,850.1776113590724
828,L04-3,1,distance_5_prime,8448,8448,8,8.511951311638497e-06,850.1057023943918
781,L04-2,2,distance_5_prime,8449,8449,12,8.78976636800994e-06,850.0337934297111
3771,L06-4,2,distance_3_prime,8471,8471,12,7.469756822066657e-06,849.9595286936677
2701,L02-2,2,distance_3_prime,8538,8538,12,6.416817194503354e-06,849.8962523836279
2093,L10-3,2,distance_5_prime,8569,8569,12,8.534978118449848e-06,849.8414655984212
71,L01-2,2,distance_5_prime,8676,8676,12,1.1707259964585538e-05,849.7683293709242
447,L02-4,2,distance_5_prime,8677,8677,12,8.349626702106193e-06,849.6667571834715
379,L02-3,2,distance_5_prime,8677,8677,12,7.0366456779163085e-06,849.5943074725774
287,L02-2,1,distance_5_prime,8678,8678,8,9.06305050951337e-06,849.5332504980302
217,L02-1,1,distance_5_prime,8678,8678,8,9.06305050951337e-06,849.4546013457086
356,L02-3,1,distance_5_prime,8678,8678,8,9.06305050951337e-06,849.3759521933871
237,L02-1,2,distance_5_prime,8678,8678,12,6.2998409290165425e-06,849.2973030410656
309,L02-2,2,distance_5_prime,8678,8678,12,6.416817194503354e-06,849.2426330214836
424,L02-4,1,distance_5_prime,8678,8678,8,9.06305050951337e-06,849.1869478818696
3317,L04-4,2,distance_3_prime,8717,8717,12,6.325244048999557e-06,849.1082987295481
2895,L03-1,2,distance_3_prime,8781,8781,12,9.821333573410376e-06,849.053161577173
4728,L11-4,2,distance_3_prime,8785,8785,12,7.172370593997801e-06,848.9669204470649
983,L05-1,2,distance_5_prime,8806,8806,12,6.6064779819852355e-06,848.9039111713967
24,L01-1,2,distance_5_prime,8820,8820,12,7.559159874971496e-06,848.8457345262873
1029,L05-2,2,distance_5_prime,8833,8833,12,4.967929942251954e-06,848.77906273619
2338,L11-4,2,distance_5_prime,8862,8862,12,7.172370593997801e-06,848.7351810110101
4575,L11-1,2,distance_3_prime,8892,8892,12,1.0670489072974586e-05,848.6716194628061
22,L01-1,2,distance_5_prime,8909,8909,12,7.559159874971496e-06,848.5767374739693
2138,L10-4,2,distance_5_prime,8915,8915,12,9.642031543906196e-06,848.5093929186431
367,L02-3,2,distance_5_prime,9002,9002,12,7.0366456779163085e-06,848.4234342074292
766,L04-2,1,distance_5_prime,9059,9059,8,8.511951311638497e-06,848.3600903230366
897,L04-4,1,distance_5_prime,9059,9059,8,8.511951311638497e-06,848.2829805561045
842,L04-3,2,distance_5_prime,9059,9059,12,3.5793596227354955e-06,848.2058707891723
827,L04-3,1,distance_5_prime,9059,9059,8,8.511951311638497e-06,848.1734453703499
704,L04-1,1,distance_5_prime,9059,9059,8,8.511951311638497e-06,848.0963356034177
911,L04-4,2,distance_5_prime,9060,9060,12,6.325244048999557e-06,848.0192258364856
1321,L06-3,1,distance_5_prime,9090,9090,8,1.0926468961316203e-05,847.9619191254017
1269,L06-2,2,distance_5_prime,9090,9090,12,6.113419209891512e-06,847.8625975225433
1377,L06-4,1,distance_5_prime,9090,9090,8,1.0926468961316203e-05,847.8070265419254
1201,L06-1,1,distance_5_prime,9090,9090,8,1.0926468961316203e-05,847.7077049390671
1256,L06-2,1,distance_5_prime,9090,9090,8,1.0926468961316203e-05,847.6083833362087
1216,L06-1,2,distance_5_prime,9090,9090,12,9.756978068752546e-06,847.5090617333503
1389,L06-4,2,distance_5_prime,9090,9090,12,7.469756822066657e-06,847.4203708027054
3249,L04-3,2,distance_3_prime,9162,9162,12,3.5793596227354955e-06,847.3524707131928
4639,L11-2,2,distance_3_prime,9166,9166,12,8.291965638094397e-06,847.3196766203293
4687,L11-3,2,distance_3_prime,9193,9193,12,1.3801130312572599e-05,847.2436724632905
538,L03-2,1,distance_5_prime,9309,9309,8,1.009527414978863e-05,847.116798672327
590,L03-3,1,distance_5_prime,9309,9309,8,1.009527414978863e-05,847.0228217652666
497,L03-1,1,distance_5_prime,9309,9309,8,1.009527414978863e-05,846.9288448582062
178,L01-4,2,distance_5_prime,9309,9309,12,9.992630435054149e-06,846.8348679511457
646,L03-4,1,distance_5_prime,9309,9309,8,1.009527414978863e-05,846.7418465544258
658,L03-4,2,distance_5_prime,9310,9310,12,5.468557390003386e-06,846.6478696473654
508,L03-1,2,distance_5_prime,9310,9310,12,9.821333573410376e-06,846.5969573780644
603,L03-3,2,distance_5_prime,9310,9310,12,8.342573892610218e-06,846.505520762496
552,L03-2,2,distance_5_prime,9311,9311,12,7.594782890473104e-06,846.4278513995557
4569,L11-1,1,distance_3_prime,9358,9358,8,8.909697983512604e-06,846.3571363760625
4675,L11-3,1,distance_3_prime,9358,9358,8,8.909697983512604e-06,846.2737594223328
4618,L11-2,1,distance_3_prime,9358,9358,8,8.909697983512604e-06,846.190382468603
4713,L11-4,1,distance_3_prime,9358,9358,8,8.909697983512604e-06,846.1070055148733
4584,L11-1,2,distance_3_prime,9359,9359,12,1.0670489072974586e-05,846.0236285611436
4637,L11-2,2,distance_3_prime,9359,9359,12,8.291965638094397e-06,845.9237634539096
4521,L10-4,1,distance_3_prime,9413,9413,8,7.982948422170244e-06,845.8461589475027
4423,L10-2,1,distance_3_prime,9413,9413,8,7.982948422170244e-06,845.7710154540048
4476,L10-3,1,distance_3_prime,9413,9413,8,7.982948422170244e-06,845.6958719605069
4384,L10-1,1,distance_3_prime,9413,9413,8,7.982948422170244e-06,845.620728467009
4535,L10-4,2,distance_3_prime,9414,9414,12,9.642031543906196e-06,845.5455849735112
4397,L10-1,2,distance_3_prime,9414,9414,12,1.005999951376669e-05,845.4548148885568
4445,L10-2,2,distance_3_prime,9415,9415,12,5.704430631271309e-06,845.3601100531342
4490,L10-3,2,distance_3_prime,9415,9415,12,8.534978118449848e-06,845.3064028387408
2140,L10-4,2,distance_5_prime,9519,9519,12,9.642031543906196e-06,845.2260460197556
904,L04-4,1,distance_5_prime,9589,9589,8,8.511951311638497e-06,845.1342635214892
918,L04-4,2,distance_5_prime,9589,9589,12,6.325244048999557e-06,845.0526424203618
773,L04-2,1,distance_5_prime,9589,9589,8,8.511951311638497e-06,844.991989655176
834,L04-3,1,distance_5_prime,9589,9589,8,8.511951311638497e-06,844.9103685540487
711,L04-1,1,distance_5_prime,9589,9589,8,8.511951311638497e-06,844.8287474529213
788,L04-2,2,distance_5_prime,9589,9589,12,8.78976636800994e-06,844.747126351794
1339,L06-3,2,distance_5_prime,9607,9607,12,7.982040409079571e-06,844.6628412820911
2455,L01-2,2,distance_3_prime,9654,9654,12,1.1707259964585538e-05,844.5861578198811
1977,L09-4,2,distance_5_prime,9673,9673,12,1.571309974937606e-05,844.473135932183
4351,L09-4,2,distance_3_prime,9736,9736,12,1.571309974937606e-05,844.3211431183073
4208,L09-1,1,distance_3_prime,9738,9738,8,1.0857144408163487e-05,844.1681603791474
4221,L09-1,2,distance_3_prime,9738,9738,12,1.3485509819698733e-05,844.0624335069007
4262,L09-2,2,distance_3_prime,9738,9738,12,1.4618903460416273e-05,843.9311116122765
4339,L09-4,1,distance_3_prime,9738,9738,8,1.1834284513951141e-05,843.788752730379
4288,L09-3,1,distance_3_prime,9738,9738,8,1.0857144408163487e-05,843.6735104677821
4252,L09-2,1,distance_3_prime,9738,9738,8,1.1834284513951141e-05,843.5677835955354
4302,L09-3,2,distance_3_prime,9738,9738,12,9.988912307338854e-06,843.4525413329385
80,L01-2,2,distance_5_prime,9989,9989,12,1.1707259964585538e-05,843.3552693048896
2515,L01-3,2,distance_3_prime,10036,10036,12,6.790137777553954e-06,843.2383254851034
17,L01-1,2,distance_5_prime,10065,10065,12,7.559159874971496e-06,843.1701796623678
25,L01-1,2,distance_5_prime,10129,10129,12,7.559159874971496e-06,843.0940967182262
132,L01-3,2,distance_5_prime,10130,10130,12,6.790137777553954e-06,843.0175299878526
183,L01-4,2,distance_5_prime,10130,10130,12,9.992630435054149e-06,842.948745892166
112,L01-3,1,distance_5_prime,10131,10131,8,1.0538407225131994e-05,842.847520545859
65,L01-2,1,distance_5_prime,10131,10131,8,1.0538407225131994e-05,842.7407559422611
8,L01-1,1,distance_5_prime,10131,10131,8,1.0538407225131994e-05,842.6339913386632
166,L01-4,1,distance_5_prime,10131,10131,8,1.0538407225131994e-05,842.5272267350654
3930,L07-3,2,distance_3_prime,10155,10155,12,9.662271406762302e-06,842.4204621314675
2348,L11-4,2,distance_5_prime,10228,10228,12,7.172370593997801e-06,842.3223417653319
1645,L08-1,2,distance_5_prime,10316,10316,12,1.2295863056874513e-05,842.2489827588964
2565,L01-4,2,distance_3_prime,10336,10336,12,9.992630435054149e-06,842.1221386356017
2462,L01-2,2,distance_3_prime,10336,10336,12,1.1707259964585538e-05,842.018854807425
2407,L01-1,2,distance_3_prime,10337,10337,12,7.559159874971496e-06,841.8978485684311
2514,L01-3,2,distance_3_prime,10338,10338,12,6.790137777553954e-06,841.8197095328035
2391,L01-1,1,distance_3_prime,10340,10340,8,1.0538407225131994e-05,841.7495130884591
2549,L01-4,1,distance_3_prime,10340,10340,8,1.0538407225131994e-05,841.6405459577513
2495,L01-3,1,distance_3_prime,10340,10340,8,1.0538407225131994e-05,841.5315788270435
2448,L01-2,1,distance_3_prime,10340,10340,8,1.0538407225131994e-05,841.4226116963357
2944,L03-2,2,distance_3_prime,10376,10376,12,7.594782890473104e-06,841.3136445656279
3724,L06-3,2,distance_3_prime,10381,10381,12,7.982040409079571e-06,841.2348410983564
989,L05-1,2,distance_5_prime,10384,10384,12,6.6064779819852355e-06,841.1519795368697
615,L03-3,2,distance_5_prime,10404,10404,12,8.342573892610218e-06,841.0833778695047
543,L03-2,1,distance_5_prime,10405,10405,8,1.009527414978863e-05,840.996581730726
562,L03-2,2,distance_5_prime,10405,10405,12,7.594782890473104e-06,840.8915404031975
502,L03-1,1,distance_5_prime,10405,10405,8,1.009527414978863e-05,840.8125166872221
595,L03-3,1,distance_5_prime,10405,10405,8,1.009527414978863e-05,840.7074753596936
651,L03-4,1,distance_5_prime,10405,10405,8,1.009527414978863e-05,840.6024340321651
673,L03-4,2,distance_5_prime,10406,10406,12,5.468557390003386e-06,840.4973927046366
516,L03-1,2,distance_5_prime,10411,10411,12,9.821333573410376e-06,840.4404868964363
4738,L11-4,2,distance_3_prime,10458,10458,12,7.172370593997801e-06,840.3382369926035
2704,L02-2,2,distance_3_prime,10549,10549,12,6.416817194503354e-06,840.2632283409314
866,L04-3,2,distance_5_prime,10633,10633,12,3.5793596227354955e-06,840.1955373363465
4420,L10-2,1,distance_3_prime,10645,10645,8,7.982948422170244e-06,840.157478005478
4473,L10-3,1,distance_3_prime,10645,10645,8,7.982948422170244e-06,840.072499519524
4381,L10-1,1,distance_3_prime,10645,10645,8,7.982948422170244e-06,839.9875210335699
4532,L10-4,2,distance_3_prime,10645,10645,12,9.642031543906196e-06,839.9025425476159
4518,L10-4,1,distance_3_prime,10645,10645,8,7.982948422170244e-06,839.799903121831
4393,L10-1,2,distance_3_prime,10646,10646,12,1.005999951376669e-05,839.714924635877
4439,L10-2,2,distance_3_prime,10646,10646,12,5.704430631271309e-06,839.6078258810534
4487,L10-3,2,distance_3_prime,10646,10646,12,8.534978118449848e-06,839.5470965125529
420,L02-4,1,distance_5_prime,10685,10685,8,9.06305050951337e-06,839.4562331355039
302,L02-2,2,distance_5_prime,10685,10685,12,6.416817194503354e-06,839.3593944408098
283,L02-2,1,distance_5_prime,10685,10685,8,9.06305050951337e-06,839.2908307490865
352,L02-3,1,distance_5_prime,10685,10685,8,9.06305050951337e-06,839.1939920543923
371,L02-3,2,distance_5_prime,10685,10685,12,7.0366456779163085e-06,839.0971533596982
213,L02-1,1,distance_5_prime,10685,10685,8,9.06305050951337e-06,839.0219668006296
438,L02-4,2,distance_5_prime,10685,10685,12,8.349626702106193e-06,838.9251281059354
230,L02-1,2,distance_5_prime,10685,10685,12,6.2998409290165425e-06,838.8359123446235
2554,L01-4,2,distance_3_prime,10698,10698,12,9.992630435054149e-06,838.7685985442969
789,L04-2,2,distance_5_prime,10699,10699,12,8.78976636800994e-06,838.6616973839027
671,L03-4,2,distance_5_prime,10727,10727,12,5.468557390003386e-06,838.5676556735314
2398,L01-1,2,distance_3_prime,10746,10746,12,7.559159874971496e-06,838.5089944584088
3228,L04-3,2,distance_3_prime,10760,10760,12,3.5793596227354955e-06,838.4277637263923
3297,L04-4,2,distance_3_prime,10760,10760,12,6.325244048999557e-06,838.3892498168517
3166,L04-2,2,distance_3_prime,10760,10760,12,8.78976636800994e-06,838.3211901908845
3283,L04-4,1,distance_3_prime,10761,10761,8,8.511951311638497e-06,838.2266123047648
3152,L04-2,1,distance_3_prime,10761,10761,8,8.511951311638497e-06,838.1350151967002
3213,L04-3,1,distance_3_prime,10761,10761,8,8.511951311638497e-06,838.0434180886357
3090,L04-1,1,distance_3_prime,10761,10761,8,8.511951311638497e-06,837.9518209805711
2564,L01-4,2,distance_3_prime,10796,10796,12,9.992630435054149e-06,837.8602238725066
1167,L05-4,2,distance_5_prime,10798,10798,12,3.7404151860856554e-06,837.7523434343298
2946,L03-2,2,distance_3_prime,10805,10805,12,7.594782890473104e-06,837.7119544311504
3035,L03-4,1,distance_3_prime,10806,10806,8,1.009527414978863e-05,837.6298928020188
2886,L03-1,1,distance_3_prime,10806,10806,8,1.009527414978863e-05,837.5208032695563
3057,L03-4,2,distance_3_prime,10806,10806,12,5.468557390003386e-06,837.4117137370937
2900,L03-1,2,distance_3_prime,10806,10806,12,9.821333573410376e-06,837.3526205059374
2927,L03-2,1,distance_3_prime,10806,10806,8,1.009527414978863e-05,837.2464911753431
2979,L03-3,1,distance_3_prime,10806,10806,8,1.009527414978863e-05,837.1374016428805
2460,L01-2,2,distance_3_prime,10814,10814,12,1.1707259964585538e-05,837.0283121104179
308,L02-2,2,distance_5_prime,10839,10839,12,6.416817194503354e-06,836.9017098011609
3661,L06-2,2,distance_3_prime,10886,10886,12,6.113419209891512e-06,836.8321579195897
3179,L04-2,2,distance_3_prime,10946,10946,12,8.78976636800994e-06,836.7656072380709
2756,L02-3,2,distance_3_prime,10966,10966,12,7.0366456779163085e-06,836.6693944554066
601,L03-3,2,distance_5_prime,11005,11005,12,8.342573892610218e-06,836.5922305989026
3533,L05-4,2,distance_3_prime,11008,11008,12,3.7404151860856554e-06,836.5004205732145
3377,L05-1,2,distance_3_prime,11035,11035,12,6.6064779819852355e-06,836.459246082846
2030,L10-2,1,distance_5_prime,11141,11141,8,7.982948422170244e-06,836.3863435983147
2083,L10-3,1,distance_5_prime,11141,11141,8,7.982948422170244e-06,836.2974055699433
2001,L10-1,2,distance_5_prime,11141,11141,12,1.005999951376669e-05,836.2084675415718
1991,L10-1,1,distance_5_prime,11141,11141,8,7.982948422170244e-06,836.096389086989
2128,L10-4,1,distance_5_prime,11141,11141,8,7.982948422170244e-06,836.0074510586176
170,L01-4,2,distance_5_prime,11142,11142,12,9.992630435054149e-06,835.9185130302461
14,L01-1,2,distance_5_prime,11143,11143,12,7.559159874971496e-06,835.8071751419387
2040,L10-2,2,distance_5_prime,11145,11145,12,5.704430631271309e-06,835.722943423452
978,L05-1,1,distance_5_prime,11174,11174,8,7.056770839305861e-06,835.6593675440664
1094,L05-3,1,distance_5_prime,11174,11174,8,7.051943736066902e-06,835.580515186708
1145,L05-4,1,distance_5_prime,11174,11174,8,7.056770839305861e-06,835.5017167674011
1028,L05-2,1,distance_5_prime,11174,11174,8,7.051943736066902e-06,835.4228644100427
1603,L07-4,2,distance_5_prime,11190,11190,12,9.747918819332073e-06,835.3440659907359
1802,L08-4,2,distance_5_prime,11190,11190,12,9.412872102600306e-06,835.2349867791476
3310,L04-4,2,distance_3_prime,11196,11196,12,6.325244048999557e-06,835.1296567403194
3243,L04-3,2,distance_3_prime,11196,11196,12,3.5793596227354955e-06,835.0588393079469
3220,L04-3,1,distance_3_prime,11197,11197,8,8.511951311638497e-06,835.0187647976107
3290,L04-4,1,distance_3_prime,11197,11197,8,8.511951311638497e-06,834.9234564787744
3159,L04-2,1,distance_3_prime,11197,11197,8,8.511951311638497e-06,834.828148159938
3097,L04-1,1,distance_3_prime,11197,11197,8,8.511951311638497e-06,834.7328398411016
3176,L04-2,2,distance_3_prime,11197,11197,12,8.78976636800994e-06,834.6375315222652
212,L02-1,1,distance_5_prime,11201,11201,8,9.06305050951337e-06,834.5391125082426
351,L02-3,1,distance_5_prime,11201,11201,8,9.06305050951337e-06,834.4375972794855
419,L02-4,1,distance_5_prime,11201,11201,8,9.06305050951337e-06,834.3360820507285
282,L02-2,1,distance_5_prime,11201,11201,8,9.06305050951337e-06,834.2345668219714
436,L02-4,2,distance_5_prime,11202,11202,12,8.349626702106193e-06,834.1330515932143
370,L02-3,2,distance_5_prime,11202,11202,12,7.0366456779163085e-06,834.0395190748973
229,L02-1,2,distance_5_prime,11202,11202,12,6.2998409290165425e-06,833.9606945700133
301,L02-2,2,distance_5_prime,11203,11203,12,6.416817194503354e-06,833.8901237519265
1548,L07-3,2,distance_5_prime,11238,11238,12,9.662271406762302e-06,833.8182361488964
4265,L09-2,2,distance_3_prime,11265,11265,12,1.4618903460416273e-05,833.7096515428273
2828,L02-4,2,distance_3_prime,11271,11271,12,8.349626702106193e-06,833.5449695953457
3551,L05-4,2,distance_3_prime,11291,11291,12,3.7404151860856554e-06,833.4508609527862
2843,L02-4,2,distance_3_prime,11294,11294,12,8.349626702106193e-06,833.4086279249201
2748,L02-3,1,distance_3_prime,11295,11295,8,9.06305050951337e-06,833.3143272409465
2773,L02-3,2,distance_3_prime,11295,11295,12,7.0366456779163085e-06,833.2119600854415
2633,L02-1,2,distance_3_prime,11295,11295,12,6.2998409290165425e-06,833.1324811725095
2816,L02-4,1,distance_3_prime,11295,11295,8,9.06305050951337e-06,833.0613244692163
2679,L02-2,1,distance_3_prime,11295,11295,8,9.06305050951337e-06,832.9589573137114
2609,L02-1,1,distance_3_prime,11295,11295,8,9.06305050951337e-06,832.8565901582065
2341,L11-4,2,distance_5_prime,11300,11300,12,7.172370593997801e-06,832.7542230027016
1804,L08-4,2,distance_5_prime,11330,11330,12,9.412872102600306e-06,832.6731752149894
1605,L07-4,2,distance_5_prime,11330,11330,12,9.747918819332073e-06,832.5665273740669
782,L04-2,2,distance_5_prime,11368,11368,12,8.78976636800994e-06,832.4560834538439
840,L04-3,1,distance_5_prime,11417,11417,8,8.511951311638497e-06,832.3561613897724
779,L04-2,1,distance_5_prime,11417,11417,8,8.511951311638497e-06,832.2589804416474
717,L04-1,1,distance_5_prime,11417,11417,8,8.511951311638497e-06,832.1617994935224
910,L04-4,1,distance_5_prime,11417,11417,8,8.511951311638497e-06,832.0646185453974
2682,L02-2,2,distance_3_prime,11425,11425,12,6.416817194503354e-06,831.9674375972724
3495,L05-3,2,distance_3_prime,11477,11477,12,8.46067232732649e-06,831.8941254608252
2353,L11-4,2,distance_5_prime,11484,11484,12,7.172370593997801e-06,831.7970223245245
2205,L11-1,2,distance_5_prime,11484,11484,12,1.0670489072974586e-05,831.7146548206231
4481,L10-3,2,distance_3_prime,11484,11484,12,8.534978118449848e-06,831.5921149241091
2306,L11-3,2,distance_5_prime,11484,11484,12,1.3801130312572599e-05,831.4940992353968
2257,L11-2,2,distance_5_prime,11484,11484,12,8.291965638094397e-06,831.3356070548872
2332,L11-4,1,distance_5_prime,11485,11485,8,8.909697983512604e-06,831.2403821214994
2294,L11-3,1,distance_5_prime,11485,11485,8,8.909697983512604e-06,831.1380542401587
2188,L11-1,1,distance_5_prime,11485,11485,8,8.909697983512604e-06,831.035726358818
2237,L11-2,1,distance_5_prime,11485,11485,8,8.909697983512604e-06,830.9333984774773
2566,L01-4,2,distance_3_prime,11583,11583,12,9.992630435054149e-06,830.8310705961367
1045,L05-2,2,distance_5_prime,11589,11589,12,4.967929942251954e-06,830.7153259578074
3218,L04-3,1,distance_3_prime,11697,11697,8,8.511951311638497e-06,830.6577526177067
3302,L04-4,2,distance_3_prime,11697,11697,12,6.325244048999557e-06,830.5581883232145
3288,L04-4,1,distance_3_prime,11697,11697,8,8.511951311638497e-06,830.4842019435733
3172,L04-2,2,distance_3_prime,11697,11697,12,8.78976636800994e-06,830.3846376490811
3157,L04-2,1,distance_3_prime,11697,11697,8,8.511951311638497e-06,830.2818237518745
3235,L04-3,2,distance_3_prime,11697,11697,12,3.5793596227354955e-06,830.1822594573823
3095,L04-1,1,distance_3_prime,11697,11697,8,8.511951311638497e-06,830.1403916878752
3431,L05-2,2,distance_3_prime,11712,11712,12,4.967929942251954e-06,830.040827393383
1263,L06-2,2,distance_5_prime,11740,11740,12,6.113419209891512e-06,829.9826429978993
3640,L06-2,1,distance_3_prime,11767,11767,8,1.0926468961316203e-05,829.9108714563753
3705,L06-3,1,distance_3_prime,11767,11767,8,1.0926468961316203e-05,829.7822996961074
3761,L06-4,1,distance_3_prime,11767,11767,8,1.0926468961316203e-05,829.6537279358396
4524,L10-4,2,distance_3_prime,11767,11767,12,9.642031543906196e-06,829.5251561755717
3600,L06-1,2,distance_3_prime,11767,11767,12,9.756978068752546e-06,829.4116983903946
3585,L06-1,1,distance_3_prime,11767,11767,8,1.0926468961316203e-05,829.2968880294595
3773,L06-4,2,distance_3_prime,11768,11768,12,7.469756822066657e-06,829.1683162691917
3653,L06-2,2,distance_3_prime,11768,11768,12,6.113419209891512e-06,829.0804121709097
2239,L11-2,2,distance_5_prime,11774,11774,12,8.291965638094397e-06,829.0084694536476
2333,L11-4,2,distance_5_prime,11775,11775,12,7.172370593997801e-06,828.9108398502248
2189,L11-1,2,distance_5_prime,11775,11775,12,1.0670489072974586e-05,828.8263851864805
2295,L11-3,2,distance_5_prime,11775,11775,12,1.3801130312572599e-05,828.7007401776463
2177,L11-1,1,distance_5_prime,11776,11776,8,8.909697983512604e-06,828.5382318682157
2321,L11-4,1,distance_5_prime,11776,11776,8,8.909697983512604e-06,828.4333112647619
2226,L11-2,1,distance_5_prime,11776,11776,8,8.909697983512604e-06,828.328390661308
2283,L11-3,1,distance_5_prime,11776,11776,8,8.909697983512604e-06,828.2234700578542
4343,L09-4,1,distance_3_prime,11783,11783,8,1.1834284513951141e-05,828.1185494544004
4256,L09-2,1,distance_3_prime,11783,11783,8,1.1834284513951141e-05,827.9791060799726
4293,L09-3,1,distance_3_prime,11783,11783,8,1.0857144408163487e-05,827.8396627055447
4213,L09-1,1,distance_3_prime,11783,11783,8,1.0857144408163487e-05,827.7117329729833
4226,L09-1,2,distance_3_prime,11786,11786,12,1.3485509819698733e-05,827.583803240422
4310,L09-3,2,distance_3_prime,11787,11787,12,9.988912307338854e-06,827.424863021687
4267,L09-2,2,distance_3_prime,11787,11787,12,1.4618903460416273e-05,827.3071237123204
4355,L09-4,2,distance_3_prime,11790,11790,12,1.571309974937606e-05,827.1348106972324
3609,L06-1,2,distance_3_prime,11796,11796,12,9.756978068752546e-06,826.9495532511872
3245,L04-3,2,distance_3_prime,11887,11887,12,3.5793596227354955e-06,826.8344599378883
3292,L04-4,1,distance_3_prime,11888,11888,8,8.511951311638497e-06,826.7919120900528
3222,L04-3,1,distance_3_prime,11888,11888,8,8.511951311638497e-06,826.6907220128601
3161,L04-2,1,distance_3_prime,11888,11888,8,8.511951311638497e-06,826.5895319356673
3099,L04-1,1,distance_3_prime,11888,11888,8,8.511951311638497e-06,826.4883418584745
3313,L04-4,2,distance_3_prime,11888,11888,12,6.325244048999557e-06,826.3871517812818
768,L04-2,1,distance_5_prime,11902,11902,8,8.511951311638497e-06,826.3119572800273
829,L04-3,1,distance_5_prime,11902,11902,8,8.511951311638497e-06,826.2106480355162
899,L04-4,1,distance_5_prime,11902,11902,8,8.511951311638497e-06,826.1093387910051
844,L04-3,2,distance_5_prime,11902,11902,12,3.5793596227354955e-06,826.0080295464941
706,L04-1,1,distance_5_prime,11902,11902,8,8.511951311638497e-06,825.9654280082643
2501,L01-3,2,distance_3_prime,11923,11923,12,6.790137777553954e-06,825.8641187637533
1921,L09-3,2,distance_5_prime,12005,12005,12,9.988912307338854e-06,825.7831599510315
106,L01-3,1,distance_5_prime,12060,12060,8,1.0538407225131994e-05,825.6632430587819
160,L01-4,1,distance_5_prime,12060,12060,8,1.0538407225131994e-05,825.5361498676467
59,L01-2,1,distance_5_prime,12060,12060,8,1.0538407225131994e-05,825.4090566765116
2,L01-1,1,distance_5_prime,12060,12060,8,1.0538407225131994e-05,825.2819634853764
70,L01-2,2,distance_5_prime,12069,12069,12,1.1707259964585538e-05,825.1548702942413
13,L01-1,2,distance_5_prime,12069,12069,12,7.559159874971496e-06,825.0135753737287
169,L01-4,2,distance_5_prime,12069,12069,12,9.992630435054149e-06,824.9223438731976
614,L03-3,2,distance_5_prime,12142,12142,12,8.342573892610218e-06,824.8017428164769
611,L03-3,2,distance_5_prime,12203,12203,12,8.342573892610218e-06,824.7004472842729
1445,L07-1,2,distance_5_prime,12206,12206,12,9.170413799638686e-06,824.5986428550614
1643,L08-1,2,distance_5_prime,12207,12207,12,1.2295863056874513e-05,824.486708784223
1628,L08-1,1,distance_5_prime,12208,12208,8,6.4710416840238876e-06,824.3366131838877
1578,L07-4,1,distance_5_prime,12208,12208,8,6.709022964985609e-06,824.2576147070091
1727,L08-3,1,distance_5_prime,12208,12208,8,6.4710416840238876e-06,824.1757109546526
1673,L08-2,1,distance_5_prime,12208,12208,8,6.4710416840238876e-06,824.096712477774
1592,L07-4,2,distance_5_prime,12208,12208,12,9.747918819332073e-06,824.0177140008954
1528,L07-3,1,distance_5_prime,12208,12208,8,6.7824142172966825e-06,823.8987114079489
1480,L07-2,1,distance_5_prime,12208,12208,8,6.7824142172966825e-06,823.8159116951841
1542,L07-3,2,distance_5_prime,12208,12208,12,9.662271406762302e-06,823.7331119824194
1790,L08-4,2,distance_5_prime,12208,12208,12,9.412872102600306e-06,823.6151549730856
1775,L08-4,1,distance_5_prime,12208,12208,8,6.4710416840238876e-06,823.500242630457
1431,L07-1,1,distance_5_prime,12208,12208,8,6.7824142172966825e-06,823.4212441535784
1494,L07-2,2,distance_5_prime,12208,12208,12,8.52401677242367e-06,823.3384444408136
1688,L08-2,2,distance_5_prime,12209,12209,12,1.0121747755924174e-05,823.234383244056
1742,L08-3,2,distance_5_prime,12209,12209,12,4.900401383710004e-06,823.1108068257039
3381,L05-1,2,distance_3_prime,12230,12230,12,6.6064779819852355e-06,823.0509778252102
3785,L06-4,2,distance_3_prime,12356,12356,12,7.469756822066657e-06,822.9701805994905
433,L02-4,2,distance_5_prime,12398,12398,12,8.349626702106193e-06,822.8778842841971
3362,L05-1,1,distance_3_prime,12411,12411,8,7.056770839305861e-06,822.7743656123444
3529,L05-4,1,distance_3_prime,12411,12411,8,7.056770839305861e-06,822.6867840294577
3412,L05-2,1,distance_3_prime,12411,12411,8,7.051943736066902e-06,822.5992024465711
3478,L05-3,1,distance_3_prime,12411,12411,8,7.051943736066902e-06,822.5116807728627
306,L02-2,2,distance_5_prime,12429,12429,12,6.416817194503354e-06,822.4241590991544
848,L04-3,2,distance_5_prime,12485,12485,12,3.5793596227354955e-06,822.3444044782439
2386,L01-1,1,distance_3_prime,12540,12540,8,1.0538407225131994e-05,822.299716173354
2443,L01-2,1,distance_3_prime,12540,12540,8,1.0538407225131994e-05,822.1675645467509
2490,L01-3,1,distance_3_prime,12540,12540,8,1.0538407225131994e-05,822.0354129201478
2544,L01-4,1,distance_3_prime,12540,12540,8,1.0538407225131994e-05,821.9032612935447
3672,L06-2,2,distance_3_prime,12624,12624,12,6.113419209891512e-06,821.7711096669416
249,L02-1,2,distance_5_prime,12681,12681,12,6.2998409290165425e-06,821.6939338628359
1334,L06-3,2,distance_5_prime,12689,12689,12,7.982040409079571e-06,821.614045580015
4029,L08-1,2,distance_3_prime,12751,12751,12,1.2295863056874513e-05,821.5127614692642
2090,L10-3,1,distance_5_prime,12891,12891,8,7.982948422170244e-06,821.355976919426
2135,L10-4,1,distance_5_prime,12891,12891,8,7.982948422170244e-06,821.2530687313158
2037,L10-2,1,distance_5_prime,12891,12891,8,7.982948422170244e-06,821.1501605432056
1998,L10-1,1,distance_5_prime,12891,12891,8,7.982948422170244e-06,821.0472523550955
2059,L10-2,2,distance_5_prime,12894,12894,12,5.704430631271309e-06,820.9443441669853
2104,L10-3,2,distance_5_prime,12894,12894,12,8.534978118449848e-06,820.8707912384257
2010,L10-1,2,distance_5_prime,12895,12895,12,1.005999951376669e-05,820.7607412305664
2149,L10-4,2,distance_5_prime,12895,12895,12,9.642031543906196e-06,820.6310175368363
2012,L10-1,2,distance_5_prime,13034,13034,12,1.005999951376669e-05,820.5066835400777
4689,L11-3,2,distance_3_prime,13134,13134,12,1.3801130312572599e-05,820.3755615064152
3788,L06-4,2,distance_3_prime,13147,13147,12,7.469756822066657e-06,820.1942974608899
3375,L05-1,2,distance_3_prime,13174,13174,12,6.6064779819852355e-06,820.0960925679501
81,L01-2,2,distance_5_prime,13230,13230,12,1.1707259964585538e-05,820.0090588270155
4085,L08-2,2,distance_3_prime,13235,13235,12,1.0121747755924174e-05,819.854171777684
3988,L07-4,2,distance_3_prime,13236,13236,12,9.747918819332073e-06,819.7202104461343
3844,L07-1,2,distance_3_prime,13236,13236,12,9.170413799638686e-06,819.5911869926416
4040,L08-1,2,distance_3_prime,13236,13236,12,1.2295863056874513e-05,819.4698073955896
3940,L07-3,2,distance_3_prime,13236,13236,12,9.662271406762302e-06,819.3070593521687
4187,L08-4,2,distance_3_prime,13236,13236,12,9.412872102600306e-06,819.1791695278288
4140,L08-3,2,distance_3_prime,13236,13236,12,4.900401383710004e-06,819.0545807526787
3892,L07-2,2,distance_3_prime,13236,13236,12,8.52401677242367e-06,818.9897190399639
3974,L07-4,1,distance_3_prime,13237,13237,8,6.709022964985609e-06,818.8768951539641
4124,L08-3,1,distance_3_prime,13237,13237,8,6.4710416840238876e-06,818.7880878169766
4070,L08-2,1,distance_3_prime,13237,13237,8,6.4710416840238876e-06,818.7024306382052
3827,L07-1,1,distance_3_prime,13237,13237,8,6.7824142172966825e-06,818.6167734594338
3876,L07-2,1,distance_3_prime,13237,13237,8,6.7824142172966825e-06,818.5269946424395
4172,L08-4,1,distance_3_prime,13237,13237,8,6.4710416840238876e-06,818.4372158254452
4025,L08-1,1,distance_3_prime,13237,13237,8,6.4710416840238876e-06,818.3515586466738
3924,L07-3,1,distance_3_prime,13237,13237,8,6.7824142172966825e-06,818.2659014679024
3840,L07-1,2,distance_3_prime,13327,13327,12,9.170413799638686e-06,818.176122650908
4067,L08-2,1,distance_3_prime,13328,13328,8,6.4710416840238876e-06,818.0539085462002
4037,L08-1,2,distance_3_prime,13328,13328,12,1.2295863056874513e-05,817.9676625026356
4082,L08-2,2,distance_3_prime,13328,13328,12,1.0121747755924174e-05,817.8037832398136
4184,L08-4,2,distance_3_prime,13328,13328,12,9.412872102600306e-06,817.6688805857226
3824,L07-1,1,distance_3_prime,13328,13328,8,6.7824142172966825e-06,817.5434258263391
3937,L07-3,2,distance_3_prime,13328,13328,12,9.662271406762302e-06,817.453029809651
3971,L07-4,1,distance_3_prime,13328,13328,8,6.709022964985609e-06,817.3242510563416
3921,L07-3,1,distance_3_prime,13328,13328,8,6.7824142172966825e-06,817.2348331982643
4022,L08-1,1,distance_3_prime,13328,13328,8,6.4710416840238876e-06,817.1444371815761
3873,L07-2,1,distance_3_prime,13328,13328,8,6.7824142172966825e-06,817.0581911380115
3889,L07-2,2,distance_3_prime,13328,13328,12,8.52401677242367e-06,816.9677951213233
4121,L08-3,1,distance_3_prime,13328,13328,8,6.4710416840238876e-06,816.8541870257804
4169,L08-4,1,distance_3_prime,13328,13328,8,6.4710416840238876e-06,816.7679409822158
3985,L07-4,2,distance_3_prime,13329,13329,12,9.747918819332073e-06,816.6816949386512
457,L02-4,2,distance_5_prime,13431,13431,12,8.349626702106193e-06,816.5517649287083
1340,L06-3,2,distance_5_prime,13439,13439,12,7.982040409079571e-06,816.4396210924723
4622,L11-2,2,distance_3_prime,13663,13663,12,8.291965638094397e-06,816.3323504514146
2513,L01-3,2,distance_3_prime,13743,13743,12,6.790137777553954e-06,816.2190573249013
3036,L03-4,2,distance_3_prime,13785,13785,12,5.468557390003386e-06,816.1257404614244
241,L02-1,2,distance_5_prime,13800,13800,12,6.2998409290165425e-06,816.0503563978032
389,L02-3,2,distance_5_prime,13832,13832,12,7.0366456779163085e-06,815.9634185929827
295,L02-2,1,distance_5_prime,13833,13833,8,9.06305050951337e-06,815.8660877099658
320,L02-2,2,distance_5_prime,13833,13833,12,6.416817194503354e-06,815.7407185322677
225,L02-1,1,distance_5_prime,13833,13833,8,9.06305050951337e-06,815.6519547000162
364,L02-3,1,distance_5_prime,13833,13833,8,9.06305050951337e-06,815.5265855223181
432,L02-4,1,distance_5_prime,13833,13833,8,9.06305050951337e-06,815.40121634462
459,L02-4,2,distance_5_prime,13833,13833,12,8.349626702106193e-06,815.275847166922
2094,L10-3,2,distance_5_prime,13848,13848,12,8.534978118449848e-06,815.1603467807518
1109,L05-3,2,distance_5_prime,13856,13856,12,8.46067232732649e-06,815.0421544037674
3420,L05-2,2,distance_3_prime,13888,13888,12,4.967929942251954e-06,814.924923328
1400,L06-4,2,distance_5_prime,14024,14024,12,7.469756822066657e-06,814.855928716962
1325,L06-3,1,distance_5_prime,14025,14025,8,1.0926468961316203e-05,814.7511728472894
1281,L06-2,2,distance_5_prime,14025,14025,12,6.113419209891512e-06,814.5979291201069
1205,L06-1,1,distance_5_prime,14025,14025,8,1.0926468961316203e-05,814.5121884156881
1381,L06-4,1,distance_5_prime,14025,14025,8,1.0926468961316203e-05,814.3589446885056
1345,L06-3,2,distance_5_prime,14025,14025,12,7.982040409079571e-06,814.2057009613231
1260,L06-2,1,distance_5_prime,14025,14025,8,1.0926468961316203e-05,814.0937528445858
1224,L06-1,2,distance_5_prime,14025,14025,12,9.756978068752546e-06,813.9405091174033
1849,L09-1,2,distance_5_prime,14050,14050,12,1.3485509819698733e-05,813.803667499989
310,L02-2,2,distance_5_prime,14057,14057,12,6.416817194503354e-06,813.6141960870223
2057,L10-2,2,distance_5_prime,14169,14169,12,5.704430631271309e-06,813.5239948877191
3225,L04-3,2,distance_3_prime,14244,14244,12,3.5793596227354955e-06,813.4431688101047
4721,L11-4,2,distance_3_prime,14264,14264,12,7.172370593997801e-06,813.3921844116385
3597,L06-1,2,distance_3_prime,14286,14286,12,9.756978068752546e-06,813.2898777174858
4219,L09-1,2,distance_3_prime,14306,14306,12,1.3485509819698733e-05,813.1504895287956
4582,L11-1,2,distance_3_prime,14318,14318,12,1.0670489072974586e-05,812.957565825315
4635,L11-2,2,distance_3_prime,14318,14318,12,8.291965638094397e-06,812.8047857627681
4685,L11-3,2,distance_3_prime,14318,14318,12,1.3801130312572599e-05,812.6860613987619
4711,L11-4,1,distance_3_prime,14320,14320,8,8.909697983512604e-06,812.4884568149465
4567,L11-1,1,distance_3_prime,14320,14320,8,8.909697983512604e-06,812.3608699398226
4673,L11-3,1,distance_3_prime,14320,14320,8,8.909697983512604e-06,812.2332830646986
4616,L11-2,1,distance_3_prime,14320,14320,8,8.909697983512604e-06,812.1056961895747
2998,L03-3,2,distance_3_prime,14321,14321,12,8.342573892610218e-06,811.9781093144508
77,L01-2,2,distance_5_prime,14403,14403,12,1.1707259964585538e-05,811.8586353137347
2106,L10-3,2,distance_5_prime,14455,14455,12,8.534978118449848e-06,811.6900156484647
1344,L06-3,2,distance_5_prime,14468,14468,12,7.982040409079571e-06,811.5666425397626
21,L01-1,2,distance_5_prime,14503,14503,12,7.559159874971496e-06,811.4511583791241
126,L01-3,2,distance_5_prime,14503,14503,12,6.790137777553954e-06,811.3415278834574
177,L01-4,2,distance_5_prime,14503,14503,12,9.992630435054149e-06,811.2430505152695
110,L01-3,1,distance_5_prime,14505,14505,8,1.0538407225131994e-05,811.0981273960699
164,L01-4,1,distance_5_prime,14505,14505,8,1.0538407225131994e-05,810.9452677992693
63,L01-2,1,distance_5_prime,14505,14505,8,1.0538407225131994e-05,810.7924082024688
6,L01-1,1,distance_5_prime,14505,14505,8,1.0538407225131994e-05,810.6395486056682
1030,L05-2,2,distance_5_prime,14507,14507,12,4.967929942251954e-06,810.4866890088676
560,L03-2,2,distance_5_prime,14509,14509,12,7.594782890473104e-06,810.4146192491954
1343,L06-3,2,distance_5_prime,14580,14580,12,7.982040409079571e-06,810.3044265442376
2354,L11-4,2,distance_5_prime,14668,14668,12,7.172370593997801e-06,810.1880483950732
2567,L01-4,2,distance_3_prime,14757,14757,12,9.992630435054149e-06,810.0828440632005
2465,L01-2,2,distance_3_prime,14757,14757,12,1.1707259964585538e-05,809.9353828158704
2516,L01-3,2,distance_3_prime,14757,14757,12,6.790137777553954e-06,809.762618780573
2392,L01-1,1,distance_3_prime,14758,14758,8,1.0538407225131994e-05,809.6624167173896
2550,L01-4,1,distance_3_prime,14758,14758,8,1.0538407225131994e-05,809.5068909035612
2496,L01-3,1,distance_3_prime,14758,14758,8,1.0538407225131994e-05,809.3513650897327
2449,L01-2,1,distance_3_prime,14758,14758,8,1.0538407225131994e-05,809.1958392759042
2409,L01-1,2,distance_3_prime,14759,14759,12,7.559159874971496e-06,809.0403134620757
3040,L03-4,2,distance_3_prime,14811,14811,12,5.468557390003386e-06,808.928747821481
990,L05-1,2,distance_5_prime,14834,14834,12,6.6064779819852355e-06,808.8477530179777
3668,L06-2,2,distance_3_prime,14894,14894,12,6.113419209891512e-06,808.7497525235929
1685,L08-2,1,distance_5_prime,14896,14896,8,6.4710416840238876e-06,808.6586992578807
1589,L07-4,1,distance_5_prime,14896,14896,8,6.709022964985609e-06,808.5623066209555
1640,L08-1,1,distance_5_prime,14896,14896,8,6.4710416840238876e-06,808.4623690148691
1700,L08-2,2,distance_5_prime,14896,14896,12,1.0121747755924174e-05,808.3659763779439
1787,L08-4,1,distance_5_prime,14896,14896,8,6.4710416840238876e-06,808.2152028233717
1739,L08-3,1,distance_5_prime,14896,14896,8,6.4710416840238876e-06,808.1188101864465
1755,L08-3,2,distance_5_prime,14897,14897,12,4.900401383710004e-06,808.0224175495213
1453,L07-1,2,distance_5_prime,15019,15019,12,9.170413799638686e-06,807.9494162701081
1288,L06-2,2,distance_5_prime,15056,15056,12,6.113419209891512e-06,807.8116858252514
128,L01-3,2,distance_5_prime,15062,15062,12,6.790137777553954e-06,807.7196421856273
2984,L03-3,2,distance_3_prime,15103,15103,12,8.342573892610218e-06,807.6173691304218
4361,L09-4,2,distance_3_prime,15123,15123,12,1.571309974937606e-05,807.4913712369217
2503,L01-3,2,distance_3_prime,15156,15156,12,6.790137777553954e-06,807.2537420294119
2457,L01-2,2,distance_3_prime,15156,15156,12,1.1707259964585538e-05,807.1508307012554
2400,L01-1,2,distance_3_prime,15157,15157,12,7.559159874971496e-06,806.9733954692321
2546,L01-4,1,distance_3_prime,15158,15158,8,1.0538407225131994e-05,806.8588212830072
2445,L01-2,1,distance_3_prime,15158,15158,8,1.0538407225131994e-05,806.6990801062886
2556,L01-4,2,distance_3_prime,15158,15158,12,9.992630435054149e-06,806.5393389295701
2492,L01-3,1,distance_3_prime,15158,15158,8,1.0538407225131994e-05,806.3878706374356
2388,L01-1,1,distance_3_prime,15158,15158,8,1.0538407225131994e-05,806.2281294607171
4736,L11-4,2,distance_3_prime,15173,15173,12,7.172370593997801e-06,806.0683882839986
4640,L11-2,2,distance_3_prime,15174,15174,12,8.291965638094397e-06,805.9595619049759
4587,L11-1,2,distance_3_prime,15174,15174,12,1.0670489072974586e-05,805.8337396183834
4571,L11-1,1,distance_3_prime,15178,15178,8,8.909697983512604e-06,805.6718256171902
4715,L11-4,1,distance_3_prime,15178,15178,8,8.909697983512604e-06,805.5365942211964
4620,L11-2,1,distance_3_prime,15178,15178,8,8.909697983512604e-06,805.4013628252027
4677,L11-3,1,distance_3_prime,15178,15178,8,8.909697983512604e-06,805.2661314292089
3414,L05-2,2,distance_3_prime,15294,15294,12,4.967929942251954e-06,805.1309000332152
1598,L07-4,2,distance_5_prime,15326,15326,12,9.747918819332073e-06,805.0549205126784
1797,L08-4,2,distance_5_prime,15327,15327,12,9.412872102600306e-06,804.9055239088534
4577,L11-1,2,distance_3_prime,15360,15360,12,1.0670489072974586e-05,804.7612528181369
2337,L11-4,2,distance_5_prime,15539,15539,12,7.172370593997801e-06,804.597354105976
2151,L10-4,2,distance_5_prime,15541,15541,12,9.642031543906196e-06,804.4859026393159
3247,L04-3,2,distance_3_prime,15657,15657,12,3.5793596227354955e-06,804.3360558270921
2092,L10-3,1,distance_5_prime,15712,15712,8,7.982948422170244e-06,804.2800137934789
2039,L10-2,1,distance_5_prime,15712,15712,8,7.982948422170244e-06,804.1545857078698
2137,L10-4,1,distance_5_prime,15712,15712,8,7.982948422170244e-06,804.0291576222608
2000,L10-1,1,distance_5_prime,15712,15712,8,7.982948422170244e-06,803.9037295366517
2013,L10-1,2,distance_5_prime,15713,15713,12,1.005999951376669e-05,803.7783014510426
992,L05-1,2,distance_5_prime,15776,15776,12,6.6064779819852355e-06,803.6202286786828
1107,L05-3,2,distance_5_prime,15776,15776,12,8.46067232732649e-06,803.5160048820389
1142,L05-4,1,distance_5_prime,15777,15777,8,7.056770839305861e-06,803.3825293154031
975,L05-1,1,distance_5_prime,15777,15777,8,7.056770839305861e-06,803.2711946418714
1091,L05-3,1,distance_5_prime,15777,15777,8,7.051943736066902e-06,803.1598599683397
1025,L05-2,1,distance_5_prime,15777,15777,8,7.051943736066902e-06,803.0486014520158
1046,L05-2,2,distance_5_prime,15777,15777,12,4.967929942251954e-06,802.9373429356918
3306,L04-4,2,distance_3_prime,15805,15805,12,6.325244048999557e-06,802.858963904993
554,L03-2,2,distance_5_prime,15825,15825,12,7.594782890473104e-06,802.7589934227985
2615,L02-1,2,distance_3_prime,15833,15833,12,6.2998409290165425e-06,802.6388059835568
1396,L06-4,2,distance_5_prime,15862,15862,12,7.469756822066657e-06,802.5390606021277
376,L02-3,2,distance_5_prime,15884,15884,12,7.0366456779163085e-06,802.4205753194161
248,L02-1,2,distance_5_prime,15893,15893,12,6.2998409290165425e-06,802.3088052394681
3361,L05-1,1,distance_3_prime,15912,15912,8,7.056770839305861e-06,802.2086818675833
3528,L05-4,1,distance_3_prime,15912,15912,8,7.056770839305861e-06,802.0963945299883
3477,L05-3,1,distance_3_prime,15912,15912,8,7.051943736066902e-06,801.9841071923933
3434,L05-2,2,distance_3_prime,15912,15912,12,4.967929942251954e-06,801.871896663665
3411,L05-2,1,distance_3_prime,15912,15912,8,7.051943736066902e-06,801.7928469624238
3379,L05-1,2,distance_3_prime,15913,15913,12,6.6064779819852355e-06,801.6806364336956
3494,L05-3,2,distance_3_prime,15915,15915,12,8.46067232732649e-06,801.5755075495682
3550,L05-4,2,distance_3_prime,15915,15915,12,3.7404151860856554e-06,801.4408559494788
1695,L08-2,2,distance_5_prime,15956,15956,12,1.0121747755924174e-05,801.3813272417922
1502,L07-2,2,distance_5_prime,15957,15957,12,8.52401677242367e-06,801.2198246345987
1550,L07-3,2,distance_5_prime,15957,15957,12,9.662271406762302e-06,801.0838068989611
1486,L07-2,1,distance_5_prime,15958,15958,8,6.7824142172966825e-06,800.9296260341234
1734,L08-3,1,distance_5_prime,15958,15958,8,6.4710416840238876e-06,800.8213922680438
1749,L08-3,2,distance_5_prime,15958,15958,12,4.900401383710004e-06,800.7181273848502
1782,L08-4,1,distance_5_prime,15958,15958,8,6.4710416840238876e-06,800.6399267795689
1680,L08-2,1,distance_5_prime,15958,15958,8,6.4710416840238876e-06,800.5366618963752
1584,L07-4,1,distance_5_prime,15958,15958,8,6.709022964985609e-06,800.4333970131815
1635,L08-1,1,distance_5_prime,15958,15958,8,6.4710416840238876e-06,800.3263344247063
1650,L08-1,2,distance_5_prime,15958,15958,12,1.2295863056874513e-05,800.2230695415126
1437,L07-1,1,distance_5_prime,15958,15958,8,6.7824142172966825e-06,800.0268521588509
1534,L07-3,1,distance_5_prime,15958,15958,8,6.7824142172966825e-06,799.9186183927714
613,L03-3,2,distance_5_prime,15985,15985,12,8.342573892610218e-06,799.8103846266918
182,L01-4,2,distance_5_prime,16093,16093,12,9.992630435054149e-06,799.6770285830183
214,L02-1,1,distance_5_prime,16155,16155,8,9.06305050951337e-06,799.516217181427
284,L02-2,1,distance_5_prime,16155,16155,8,9.06305050951337e-06,799.3698036004458
421,L02-4,1,distance_5_prime,16155,16155,8,9.06305050951337e-06,799.2233900194647
353,L02-3,1,distance_5_prime,16155,16155,8,9.06305050951337e-06,799.0769764384835
442,L02-4,2,distance_5_prime,16156,16156,12,8.349626702106193e-06,798.9305628575023
234,L02-1,2,distance_5_prime,16158,16158,12,6.2998409290165425e-06,798.7956662885031
373,L02-3,2,distance_5_prime,16158,16158,12,7.0366456779163085e-06,798.693873458772
304,L02-2,2,distance_5_prime,16158,16158,12,6.416817194503354e-06,798.5801753379083
933,L04-4,2,distance_5_prime,16172,16172,12,6.325244048999557e-06,798.4764924056794
131,L01-3,2,distance_5_prime,16223,16223,12,6.790137777553954e-06,798.374200558919
791,L04-2,2,distance_5_prime,16263,16263,12,8.78976636800994e-06,798.2640441537537
2046,L10-2,2,distance_5_prime,16327,16327,12,5.704430631271309e-06,798.1210961833108
4419,L10-2,1,distance_3_prime,16384,16384,8,7.982948422170244e-06,798.0279599443941
4517,L10-4,1,distance_3_prime,16384,16384,8,7.982948422170244e-06,797.8971673174452
4380,L10-1,1,distance_3_prime,16384,16384,8,7.982948422170244e-06,797.7663746904964
4392,L10-1,2,distance_3_prime,16384,16384,12,1.005999951376669e-05,797.6355820635475
4486,L10-3,2,distance_3_prime,16384,16384,12,8.534978118449848e-06,797.4707590315139
4472,L10-3,1,distance_3_prime,16384,16384,8,7.982948422170244e-06,797.3309219500212
4531,L10-4,2,distance_3_prime,16385,16385,12,9.642031543906196e-06,797.2001293230724
4437,L10-2,2,distance_3_prime,16385,16385,12,5.704430631271309e-06,797.0421446362254
672,L03-4,2,distance_5_prime,16418,16418,12,5.468557390003386e-06,796.948677540332
514,L03-1,2,distance_5_prime,16420,16420,12,9.821333573410376e-06,796.858894765103
501,L03-1,1,distance_5_prime,16421,16421,8,1.009527414978863e-05,796.6976284678276
542,L03-2,1,distance_5_prime,16421,16421,8,1.009527414978863e-05,796.5318539710139
650,L03-4,1,distance_5_prime,16421,16421,8,1.009527414978863e-05,796.3660794742002
559,L03-2,2,distance_5_prime,16421,16421,12,7.594782890473104e-06,796.2003049773865
594,L03-3,1,distance_5_prime,16421,16421,8,1.009527414978863e-05,796.075591047542
556,L03-2,2,distance_5_prime,16565,16565,12,7.594782890473104e-06,795.9098165507284
512,L03-1,2,distance_5_prime,16566,16566,12,9.821333573410376e-06,795.7840089721477
666,L03-4,2,distance_5_prime,16566,16566,12,5.468557390003386e-06,795.6213087601706
648,L03-4,1,distance_5_prime,16566,16566,8,1.009527414978863e-05,795.5307166384478
608,L03-3,2,distance_5_prime,16566,16566,12,8.342573892610218e-06,795.3634783268824
499,L03-1,1,distance_5_prime,16566,16566,8,1.009527414978863e-05,795.2252752477774
592,L03-3,1,distance_5_prime,16566,16566,8,1.009527414978863e-05,795.058036936212
540,L03-2,1,distance_5_prime,16566,16566,8,1.009527414978863e-05,794.8907986246467
1336,L06-3,2,distance_5_prime,16574,16574,12,7.982040409079571e-06,794.7235603130813
3048,L03-4,2,distance_3_prime,16579,16579,12,5.468557390003386e-06,794.5912659753412
2054,L10-2,2,distance_5_prime,16658,16658,12,5.704430631271309e-06,794.5006027623724
1050,L05-2,2,distance_5_prime,16666,16666,12,4.967929942251954e-06,794.4055783569167
1027,L05-2,1,distance_5_prime,16667,16667,8,7.051943736066902e-06,794.3227828364992
1144,L05-4,1,distance_5_prime,16667,16667,8,7.056770839305861e-06,794.2052480902502
995,L05-1,2,distance_5_prime,16667,16667,12,6.6064779819852355e-06,794.0876328906714
1093,L05-3,1,distance_5_prime,16667,16667,8,7.051943736066902e-06,793.9775227221457
977,L05-1,1,distance_5_prime,16667,16667,8,7.056770839305861e-06,793.8599879758967
1110,L05-3,2,distance_5_prime,16667,16667,12,8.46067232732649e-06,793.742372776318
3534,L05-4,2,distance_3_prime,16906,16906,12,3.7404151860856554e-06,793.6013587506385
2765,L02-3,2,distance_3_prime,16921,16921,12,7.0366456779163085e-06,793.5381232915025
2894,L03-1,2,distance_3_prime,16973,16973,12,9.821333573410376e-06,793.4190562099865
2930,L03-2,2,distance_3_prime,17138,17138,12,7.594782890473104e-06,793.252358715245
2463,L01-2,2,distance_3_prime,17180,17180,12,1.1707259964585538e-05,793.1221993260681
3592,L06-1,2,distance_3_prime,17217,17217,12,9.756978068752546e-06,792.9210685998765
3730,L06-3,2,distance_3_prime,17220,17220,12,7.982040409079571e-06,792.7530827084669
365,L02-3,2,distance_5_prime,17277,17277,12,7.0366456779163085e-06,792.6156319726225
3666,L06-2,2,distance_3_prime,17285,17285,12,6.113419209891512e-06,792.4940598452451
2505,L01-3,2,distance_3_prime,17285,17285,12,6.790137777553954e-06,792.3883893942021
4530,L10-4,2,distance_3_prime,17319,17319,12,9.642031543906196e-06,792.2710218627171
4273,L09-2,2,distance_3_prime,17356,17356,12,1.4618903460416273e-05,792.1040315184082
179,L01-4,2,distance_5_prime,17414,17414,12,9.992630435054149e-06,791.8503058299492
2810,L02-4,1,distance_3_prime,17430,17430,8,9.06305050951337e-06,791.6762941635532
2742,L02-3,1,distance_3_prime,17430,17430,8,9.06305050951337e-06,791.5183251931724
2673,L02-2,1,distance_3_prime,17430,17430,8,9.06305050951337e-06,791.3603562227916
2603,L02-1,1,distance_3_prime,17430,17430,8,9.06305050951337e-06,791.2023872524107
2695,L02-2,2,distance_3_prime,17431,17431,12,6.416817194503354e-06,791.0444182820299
2560,L01-4,2,distance_3_prime,17466,17466,12,9.992630435054149e-06,790.9325667415126
3843,L07-1,2,distance_3_prime,17506,17506,12,9.170413799638686e-06,790.7580354583339
2996,L03-3,2,distance_3_prime,17514,17514,12,8.342573892610218e-06,790.5974981943574
3766,L06-4,1,distance_3_prime,17673,17673,8,1.0926468961316203e-05,790.4513863552022
3590,L06-1,1,distance_3_prime,17673,17673,8,1.0926468961316203e-05,790.2582828692489
3710,L06-3,1,distance_3_prime,17673,17673,8,1.0926468961316203e-05,790.0651793832956
3645,L06-2,1,distance_3_prime,17673,17673,8,1.0926468961316203e-05,789.8720758973423
453,L02-4,2,distance_5_prime,17740,17740,12,8.349626702106193e-06,789.6789724113889
242,L02-1,2,distance_5_prime,17759,17759,12,6.2998409290165425e-06,789.5308500336936
384,L02-3,2,distance_5_prime,17760,17760,12,7.0366456779163085e-06,789.4189711586351
313,L02-2,2,distance_5_prime,17760,17760,12,6.416817194503354e-06,789.2940003313953
221,L02-1,1,distance_5_prime,17760,17760,8,9.06305050951337e-06,789.1800376580209
291,L02-2,1,distance_5_prime,17760,17760,8,9.06305050951337e-06,789.019077880972
360,L02-3,1,distance_5_prime,17760,17760,8,9.06305050951337e-06,788.8581181039231
428,L02-4,1,distance_5_prime,17760,17760,8,9.06305050951337e-06,788.6971583268742
1792,L08-4,2,distance_5_prime,17783,17783,12,9.412872102600306e-06,788.5361985498253
1593,L07-4,2,distance_5_prime,17784,17784,12,9.747918819332073e-06,788.3688094452248
3536,L05-4,2,distance_3_prime,17979,17979,12,3.7404151860856554e-06,788.1954524569418
2464,L01-2,2,distance_3_prime,18000,18000,12,1.1707259964585538e-05,788.1282035323111
129,L01-3,2,distance_5_prime,18019,18019,12,6.790137777553954e-06,787.9174728529485
3427,L05-2,2,distance_3_prime,18090,18090,12,4.967929942251954e-06,787.7951213603349
1646,L08-1,2,distance_5_prime,18099,18099,12,1.2295863056874513e-05,787.7052515076796
3241,L04-3,2,distance_3_prime,18119,18119,12,3.5793596227354955e-06,787.4827086822132
3647,L06-2,2,distance_3_prime,18133,18133,12,6.113419209891512e-06,787.4178542652089
3367,L05-1,2,distance_3_prime,18169,18169,12,6.6064779819852355e-06,787.306999634676
388,L02-3,2,distance_5_prime,18290,18290,12,7.0366456779163085e-06,787.1869665362213
456,L02-4,2,distance_5_prime,18291,18291,12,8.349626702106193e-06,787.0582662867722
431,L02-4,1,distance_5_prime,18294,18294,8,9.06305050951337e-06,786.905543264764
294,L02-2,1,distance_5_prime,18294,18294,8,9.06305050951337e-06,786.7397438187429
224,L02-1,1,distance_5_prime,18294,18294,8,9.06305050951337e-06,786.5739443727218
363,L02-3,1,distance_5_prime,18294,18294,8,9.06305050951337e-06,786.4081449267007
606,L03-3,2,distance_5_prime,18380,18380,12,8.342573892610218e-06,786.2423454806797
980,L05-1,2,distance_5_prime,18402,18402,12,6.6064779819852355e-06,786.0890089725335
1097,L05-3,2,distance_5_prime,18403,18403,12,8.46067232732649e-06,785.967436564709
1031,L05-2,2,distance_5_prime,18404,18404,12,4.967929942251954e-06,785.8117348118692
1019,L05-2,1,distance_5_prime,18405,18405,8,7.051943736066902e-06,785.720305029212
1085,L05-3,1,distance_5_prime,18405,18405,8,7.051943736066902e-06,785.5905140047497
1136,L05-4,1,distance_5_prime,18405,18405,8,7.056770839305861e-06,785.4607229802874
969,L05-1,1,distance_5_prime,18405,18405,8,7.056770839305861e-06,785.33084311299
979,L05-1,2,distance_5_prime,18416,18416,12,6.6064779819852355e-06,785.2009632456926
2002,L10-1,2,distance_5_prime,18447,18447,12,1.005999951376669e-05,785.0792983471764
3227,L04-3,2,distance_3_prime,18461,18461,12,3.5793596227354955e-06,784.8937215361459
4634,L11-2,2,distance_3_prime,18569,18569,12,8.291965638094397e-06,784.8276429781506
1447,L07-1,2,distance_5_prime,18630,18630,12,9.170413799638686e-06,784.6736694682169
1481,L07-2,1,distance_5_prime,18632,18632,8,6.7824142172966825e-06,784.5028246591296
1543,L07-3,2,distance_5_prime,18632,18632,12,9.662271406762302e-06,784.3764547174329
1495,L07-2,2,distance_5_prime,18632,18632,12,8.52401677242367e-06,784.1964272765821
1432,L07-1,1,distance_5_prime,18632,18632,8,6.7824142172966825e-06,784.0376077960783
1529,L07-3,1,distance_5_prime,18632,18632,8,6.7824142172966825e-06,783.9112378543816
4035,L08-1,2,distance_3_prime,18782,18782,12,1.2295863056874513e-05,783.784867912685
4167,L08-4,1,distance_3_prime,18783,18783,8,6.4710416840238876e-06,783.5539270127507
4182,L08-4,2,distance_3_prime,18783,18783,12,9.412872102600306e-06,783.4323814367997
3871,L07-2,1,distance_3_prime,18783,18783,8,6.7824142172966825e-06,783.2555794600966
4119,L08-3,1,distance_3_prime,18783,18783,8,6.4710416840238876e-06,783.1281853738531
4065,L08-2,1,distance_3_prime,18783,18783,8,6.4710416840238876e-06,783.006639797902
4134,L08-3,2,distance_3_prime,18783,18783,12,4.900401383710004e-06,782.885094221951
4020,L08-1,1,distance_3_prime,18783,18783,8,6.4710416840238876e-06,782.7930499827607
3919,L07-3,1,distance_3_prime,18783,18783,8,6.7824142172966825e-06,782.6715044068097
3969,L07-4,1,distance_3_prime,18783,18783,8,6.709022964985609e-06,782.5441103205662
3822,L07-1,1,distance_3_prime,18783,18783,8,6.7824142172966825e-06,782.4180947422149
3887,L07-2,2,distance_3_prime,18784,18784,12,8.52401677242367e-06,782.2907006559714
3935,L07-3,2,distance_3_prime,18784,18784,12,9.662271406762302e-06,782.1305855249182
3983,L07-4,2,distance_3_prime,18784,18784,12,9.747918819332073e-06,781.9490894188135
4080,L08-2,2,distance_3_prime,18784,18784,12,1.0121747755924174e-05,781.7659845117112
3838,L07-1,2,distance_3_prime,18784,18784,12,9.170413799638686e-06,781.5758576018638
2824,L02-4,2,distance_3_prime,18785,18785,12,8.349626702106193e-06,781.4036005490515
2836,L02-4,2,distance_3_prime,18862,18862,12,8.349626702106193e-06,781.2467528114524
4024,L08-1,1,distance_3_prime,18931,18931,8,6.4710416840238876e-06,781.0892621525973
4069,L08-2,1,distance_3_prime,18931,18931,8,6.4710416840238876e-06,780.966758862477
4039,L08-1,2,distance_3_prime,18931,18931,12,1.2295863056874513e-05,780.8442555723568
4171,L08-4,1,distance_3_prime,18931,18931,8,6.4710416840238876e-06,780.6114825888271
4123,L08-3,1,distance_3_prime,18931,18931,8,6.4710416840238876e-06,780.4889792987069
3923,L07-3,1,distance_3_prime,18931,18931,8,6.7824142172966825e-06,780.3664760085867
3973,L07-4,1,distance_3_prime,18931,18931,8,6.709022964985609e-06,780.238078125039
3826,L07-1,1,distance_3_prime,18931,18931,8,6.7824142172966825e-06,780.1110696112888
3875,L07-2,1,distance_3_prime,18931,18931,8,6.7824142172966825e-06,779.9826717277411
4084,L08-2,2,distance_3_prime,18932,18932,12,1.0121747755924174e-05,779.8542738441935
3842,L07-1,2,distance_3_prime,18932,18932,12,9.170413799638686e-06,779.6626489156783
4186,L08-4,2,distance_3_prime,18932,18932,12,9.412872102600306e-06,779.4890346416236
3939,L07-3,2,distance_3_prime,18932,18932,12,9.662271406762302e-06,779.3108301469771
3891,L07-2,2,distance_3_prime,18932,18932,12,8.52401677242367e-06,779.1279040247042
3987,L07-4,2,distance_3_prime,18933,18933,12,9.747918819332073e-06,778.9665273391687
4139,L08-3,2,distance_3_prime,18933,18933,12,4.900401383710004e-06,778.7819699921623
548,L03-2,2,distance_5_prime,18948,18948,12,7.594782890473104e-06,778.6891906927646
4722,L11-4,2,distance_3_prime,19161,19161,12,7.172370593997801e-06,778.5452847465559
3727,L06-3,2,distance_3_prime,19310,19310,12,7.982040409079571e-06,778.4078549536043
2833,L02-4,2,distance_3_prime,19406,19406,12,8.349626702106193e-06,778.2537217533051
3670,L06-2,2,distance_3_prime,19588,19588,12,6.113419209891512e-06,778.091688897524
4629,L11-2,2,distance_3_prime,19636,19636,12,8.291965638094397e-06,777.9719392420407
2459,L01-2,2,distance_3_prime,19802,19802,12,1.1707259964585538e-05,777.809118204771
1274,L06-2,2,distance_5_prime,19948,19948,12,6.113419209891512e-06,777.5772910429523
1323,L06-3,1,distance_5_prime,19953,19953,8,1.0926468961316203e-05,777.4553405565534
1203,L06-1,1,distance_5_prime,19953,19953,8,1.0926468961316203e-05,777.2373247213683
1379,L06-4,1,distance_5_prime,19953,19953,8,1.0926468961316203e-05,777.0193088861831
1258,L06-2,1,distance_5_prime,19953,19953,8,1.0926468961316203e-05,776.801293050998
1218,L06-1,2,distance_5_prime,19954,19954,12,9.756978068752546e-06,776.5832772158128
1392,L06-4,2,distance_5_prime,19954,19954,12,7.469756822066657e-06,776.388586475429
2193,L11-1,2,distance_5_prime,19996,19996,12,1.0670489072974586e-05,776.2395349478014
2702,L02-2,2,distance_3_prime,20021,20021,12,6.416817194503354e-06,776.0261678482982
1744,L08-3,2,distance_5_prime,20072,20072,12,4.900401383710004e-06,775.897696751247
1579,L07-4,1,distance_5_prime,20073,20073,8,6.709022964985609e-06,775.7993358946733
1729,L08-3,1,distance_5_prime,20073,20073,8,6.4710416840238876e-06,775.6646656766972
1630,L08-1,1,distance_5_prime,20073,20073,8,6.4710416840238876e-06,775.5347724569738
1777,L08-4,1,distance_5_prime,20073,20073,8,6.4710416840238876e-06,775.4048792372504
1675,L08-2,1,distance_5_prime,20073,20073,8,6.4710416840238876e-06,775.274986017527
1690,L08-2,2,distance_5_prime,20074,20074,12,1.0121747755924174e-05,775.1450927978036
450,L02-4,2,distance_5_prime,20121,20121,12,8.349626702106193e-06,774.9419088333511
3547,L05-4,2,distance_3_prime,20124,20124,12,3.7404151860856554e-06,774.773905994478
4636,L11-2,2,distance_3_prime,20135,20135,12,8.291965638094397e-06,774.6986338792732
4135,L08-3,2,distance_3_prime,20214,20214,12,4.900401383710004e-06,774.5316751511501
919,L04-4,2,distance_5_prime,20389,20389,12,6.325244048999557e-06,774.4326184375798
1454,L07-1,2,distance_5_prime,20416,20416,12,9.170413799638686e-06,774.3036530366647
655,L03-4,2,distance_5_prime,20418,20418,12,5.468557390003386e-06,774.1164298685313
598,L03-3,2,distance_5_prime,20418,20418,12,8.342573892610218e-06,774.0047728637422
504,L03-1,2,distance_5_prime,20418,20418,12,9.821333573410376e-06,773.8344341900029
495,L03-1,1,distance_5_prime,20418,20418,8,1.009527414978863e-05,773.633902201101
536,L03-2,1,distance_5_prime,20418,20418,8,1.009527414978863e-05,773.4277768935107
644,L03-4,1,distance_5_prime,20418,20418,8,1.009527414978863e-05,773.2216515859203
588,L03-3,1,distance_5_prime,20418,20418,8,1.009527414978863e-05,773.01552627833
550,L03-2,2,distance_5_prime,20419,20419,12,7.594782890473104e-06,772.8094009707396
3214,L04-3,1,distance_3_prime,20474,20474,8,8.511951311638497e-06,772.654323098899
3153,L04-2,1,distance_3_prime,20474,20474,8,8.511951311638497e-06,772.4800494077446
3284,L04-4,1,distance_3_prime,20474,20474,8,8.511951311638497e-06,772.3057757165901
3229,L04-3,2,distance_3_prime,20474,20474,12,3.5793596227354955e-06,772.1315020254357
3091,L04-1,1,distance_3_prime,20474,20474,8,8.511951311638497e-06,772.0582182165198
3298,L04-4,2,distance_3_prime,20474,20474,12,6.325244048999557e-06,771.8839445253653
3167,L04-2,2,distance_3_prime,20475,20475,12,8.78976636800994e-06,771.7544414787061
441,L02-4,2,distance_5_prime,20486,20486,12,8.349626702106193e-06,771.574471012321
2150,L10-4,2,distance_5_prime,20637,20637,12,9.642031543906196e-06,771.4034205597017
2011,L10-1,2,distance_5_prime,20638,20638,12,1.005999951376669e-05,771.2044379547301
2060,L10-2,2,distance_5_prime,20638,20638,12,5.704430631271309e-06,770.996819684765
2105,L10-3,2,distance_5_prime,20639,20639,12,8.534978118449848e-06,770.8790916453968
2091,L10-3,1,distance_5_prime,20640,20640,8,7.982948422170244e-06,770.7029382320101
2136,L10-4,1,distance_5_prime,20640,20640,8,7.982948422170244e-06,770.5381701765765
1999,L10-1,1,distance_5_prime,20640,20640,8,7.982948422170244e-06,770.3734021211429
2038,L10-2,1,distance_5_prime,20640,20640,8,7.982948422170244e-06,770.2086340657094
440,L02-4,2,distance_5_prime,20710,20710,12,8.349626702106193e-06,770.0438660102758
1636,L08-1,1,distance_5_prime,20711,20711,8,6.4710416840238876e-06,769.8709452412752
1585,L07-4,1,distance_5_prime,20711,20711,8,6.709022964985609e-06,769.7369234969574
1681,L08-2,1,distance_5_prime,20711,20711,8,6.4710416840238876e-06,769.5979729223295
1798,L08-4,2,distance_5_prime,20711,20711,12,9.412872102600306e-06,769.4639511780117
1735,L08-3,1,distance_5_prime,20711,20711,8,6.4710416840238876e-06,769.2690011838947
1487,L07-2,1,distance_5_prime,20711,20711,8,6.7824142172966825e-06,769.1349794395769
1535,L07-3,1,distance_5_prime,20711,20711,8,6.7824142172966825e-06,768.9945088587225
1438,L07-1,1,distance_5_prime,20711,20711,8,6.7824142172966825e-06,768.8540382778681
1783,L08-4,1,distance_5_prime,20711,20711,8,6.4710416840238876e-06,768.7135676970137
1651,L08-1,2,distance_5_prime,20712,20712,12,1.2295863056874513e-05,768.5795459526959
1750,L08-3,2,distance_5_prime,20712,20712,12,4.900401383710004e-06,768.3248740370619
1551,L07-3,2,distance_5_prime,20712,20712,12,9.662271406762302e-06,768.2233769236026
1503,L07-2,2,distance_5_prime,20713,20713,12,8.52401677242367e-06,768.0232519582257
1696,L08-2,2,distance_5_prime,20713,20713,12,1.0121747755924174e-05,767.8466939988185
1599,L07-4,2,distance_5_prime,20714,20714,12,9.747918819332073e-06,767.6370422375501
1333,L06-3,2,distance_5_prime,20771,20771,12,7.982040409079571e-06,767.4351238471264
4272,L09-2,2,distance_3_prime,20825,20825,12,1.4618903460416273e-05,767.2693288857894
1223,L06-1,2,distance_5_prime,20857,20857,12,9.756978068752546e-06,766.9648902212263
1259,L06-2,1,distance_5_prime,20857,20857,8,1.0926468961316203e-05,766.7613889296463
1324,L06-3,1,distance_5_prime,20857,20857,8,1.0926468961316203e-05,766.5334955665201
1380,L06-4,1,distance_5_prime,20857,20857,8,1.0926468961316203e-05,766.3056022033938
1204,L06-1,1,distance_5_prime,20857,20857,8,1.0926468961316203e-05,766.0777088402676
1280,L06-2,2,distance_5_prime,20858,20858,12,6.113419209891512e-06,765.8498154771414
1101,L05-3,2,distance_5_prime,20951,20951,12,8.46067232732649e-06,765.7223017792616
1149,L05-4,2,distance_5_prime,21063,21063,12,3.7404151860856554e-06,765.5450422333317
2466,L01-2,2,distance_3_prime,21192,21192,12,1.1707259964585538e-05,765.4662578682672
2568,L01-4,2,distance_3_prime,21193,21193,12,9.992630435054149e-06,765.2181576150978
2518,L01-3,2,distance_3_prime,21193,21193,12,6.790137777553954e-06,765.0063837982876
2410,L01-1,2,distance_3_prime,21193,21193,12,7.559159874971496e-06,764.8624804083679
2551,L01-4,1,distance_3_prime,21194,21194,8,1.0538407225131994e-05,764.7022791331376
2497,L01-3,1,distance_3_prime,21194,21194,8,1.0538407225131994e-05,764.4789281304081
2450,L01-2,1,distance_3_prime,21194,21194,8,1.0538407225131994e-05,764.2555771276786
2393,L01-1,1,distance_3_prime,21194,21194,8,1.0538407225131994e-05,764.0322261249491
857,L04-3,2,distance_5_prime,21378,21378,12,3.5793596227354955e-06,763.8088751222197
458,L02-4,2,distance_5_prime,21548,21548,12,8.349626702106193e-06,763.7323555722048
2995,L03-3,2,distance_3_prime,21630,21630,12,8.342573892610218e-06,763.5524378160278
1927,L09-3,2,distance_5_prime,21696,21696,12,9.988912307338854e-06,763.3719879427307
1960,L09-4,1,distance_5_prime,21697,21697,8,1.1834284513951141e-05,763.1552685013107
1910,L09-3,1,distance_5_prime,21697,21697,8,1.0857144408163487e-05,762.8985000302115
1873,L09-2,1,distance_5_prime,21697,21697,8,1.1834284513951141e-05,762.6629325679876
1830,L09-1,1,distance_5_prime,21697,21697,8,1.0857144408163487e-05,762.4061640968883
1884,L09-2,2,distance_5_prime,21698,21698,12,1.4618903460416273e-05,762.1705966346644
1972,L09-4,2,distance_5_prime,21699,21699,12,1.571309974937606e-05,761.8533956673804
1214,L06-1,2,distance_5_prime,21700,21700,12,9.756978068752546e-06,761.5124371159186
4471,L10-3,1,distance_3_prime,21741,21741,8,7.982948422170244e-06,761.3007106918267
4418,L10-2,1,distance_3_prime,21741,21741,8,7.982948422170244e-06,761.1271534101803
4379,L10-1,1,distance_3_prime,21741,21741,8,7.982948422170244e-06,760.953596128534
4516,L10-4,1,distance_3_prime,21741,21741,8,7.982948422170244e-06,760.7800388468876
4484,L10-3,2,distance_3_prime,21742,21742,12,8.534978118449848e-06,760.6064815652412
4435,L10-2,2,distance_3_prime,21744,21744,12,5.704430631271309e-06,760.4209140709899
4528,L10-4,2,distance_3_prime,21744,21744,12,9.642031543906196e-06,760.2968769313435
4390,L10-1,2,distance_3_prime,21744,21744,12,1.005999951376669e-05,760.0872205974528
1554,L07-3,2,distance_5_prime,21745,21745,12,9.662271406762302e-06,759.8684759680255
1801,L08-4,2,distance_5_prime,21745,21745,12,9.412872102600306e-06,759.6583698762854
1506,L07-2,2,distance_5_prime,21747,21747,12,8.52401677242367e-06,759.4536869724144
1654,L08-1,2,distance_5_prime,21747,21747,12,1.2295863056874513e-05,759.2683151796645
1457,L07-1,2,distance_5_prime,21747,21747,12,9.170413799638686e-06,759.0009170457666
1684,L08-2,1,distance_5_prime,21748,21748,8,6.4710416840238876e-06,758.8014880568659
1786,L08-4,1,distance_5_prime,21748,21748,8,6.4710416840238876e-06,758.6607558423217
1490,L07-2,1,distance_5_prime,21748,21748,8,6.7824142172966825e-06,758.5200236277775
1441,L07-1,1,distance_5_prime,21748,21748,8,6.7824142172966825e-06,758.3725196833798
1588,L07-4,1,distance_5_prime,21748,21748,8,6.709022964985609e-06,758.225015738982
1538,L07-3,1,distance_5_prime,21748,21748,8,6.7824142172966825e-06,758.0791079075395
1639,L08-1,1,distance_5_prime,21748,21748,8,6.4710416840238876e-06,757.9316039631418
1602,L07-4,2,distance_5_prime,21748,21748,12,9.747918819332073e-06,757.7908717485976
1738,L08-3,1,distance_5_prime,21748,21748,8,6.4710416840238876e-06,757.5788740101148
1699,L08-2,2,distance_5_prime,21748,21748,12,1.0121747755924174e-05,757.4381417955706
1754,L08-3,2,distance_5_prime,21748,21748,12,4.900401383710004e-06,757.2180140253747
3783,L06-4,2,distance_3_prime,21902,21902,12,7.469756822066657e-06,757.1114400960818
3664,L06-2,2,distance_3_prime,21902,21902,12,6.113419209891512e-06,756.9478374821649
3708,L06-3,1,distance_3_prime,21903,21903,8,1.0926468961316203e-05,756.8139413746298
3588,L06-1,1,distance_3_prime,21903,21903,8,1.0926468961316203e-05,756.5746189249702
3764,L06-4,1,distance_3_prime,21903,21903,8,1.0926468961316203e-05,756.3352964753105
3643,L06-2,1,distance_3_prime,21903,21903,8,1.0926468961316203e-05,756.0959740256509
3728,L06-3,2,distance_3_prime,21903,21903,12,7.982040409079571e-06,755.8566515759912
3607,L06-1,2,distance_3_prime,21905,21905,12,9.756978068752546e-06,755.6818209449111
1916,L09-3,2,distance_5_prime,22035,22035,12,9.988912307338854e-06,755.4680943403151
4307,L09-3,2,distance_3_prime,22081,22081,12,9.988912307338854e-06,755.247988657623
4212,L09-1,1,distance_3_prime,22095,22095,8,1.0857144408163487e-05,755.0274234849646
4292,L09-3,1,distance_3_prime,22095,22095,8,1.0857144408163487e-05,754.7875348792662
4225,L09-1,2,distance_3_prime,22099,22099,12,1.3485509819698733e-05,754.5476462735678
3720,L06-3,2,distance_3_prime,22151,22151,12,7.982040409079571e-06,754.2496299920623
116,L01-3,2,distance_5_prime,22270,22270,12,6.790137777553954e-06,754.0728198149608
434,L02-4,2,distance_5_prime,22349,22349,12,8.349626702106193e-06,753.9216034466547
3657,L06-2,2,distance_3_prime,22408,22408,12,6.113419209891512e-06,753.7349976394893
4428,L10-2,2,distance_3_prime,22678,22678,12,5.704430631271309e-06,753.598008141834
1219,L06-1,2,distance_5_prime,22824,22824,12,9.756978068752546e-06,753.4686430639781
2101,L10-3,2,distance_5_prime,22834,22834,12,8.534978118449848e-06,753.2459497965369
3487,L05-3,2,distance_3_prime,22907,22907,12,8.46067232732649e-06,753.0510621061802
2451,L01-2,2,distance_3_prime,23057,23057,12,1.1707259964585538e-05,752.8572534851781
2542,L01-4,1,distance_3_prime,23060,23060,8,1.0538407225131994e-05,752.5873191921747
2441,L01-2,1,distance_3_prime,23060,23060,8,1.0538407225131994e-05,752.3443035215632
2384,L01-1,1,distance_3_prime,23060,23060,8,1.0538407225131994e-05,752.1012878509517
2499,L01-3,2,distance_3_prime,23060,23060,12,6.790137777553954e-06,751.8582721803402
2488,L01-3,1,distance_3_prime,23060,23060,8,1.0538407225131994e-05,751.7016916031898
2394,L01-1,2,distance_3_prime,23061,23061,12,7.559159874971496e-06,751.4586759325783
2552,L01-4,2,distance_3_prime,23061,23061,12,9.992630435054149e-06,751.2843541467016
2559,L01-4,2,distance_3_prime,23062,23062,12,9.992630435054149e-06,751.0539140962388
127,L01-3,2,distance_5_prime,23072,23072,12,6.790137777553954e-06,750.8234640531456
4727,L11-4,2,distance_3_prime,23082,23082,12,7.172370593997801e-06,750.6668019943419
1284,L06-2,2,distance_5_prime,23199,23199,12,6.113419209891512e-06,750.5012493362913
2517,L01-3,2,distance_3_prime,23248,23248,12,6.790137777553954e-06,750.359424124041
1152,L05-4,2,distance_5_prime,23337,23337,12,3.7404151860856554e-06,750.2015670009883
2141,L10-4,2,distance_5_prime,23437,23437,12,9.642031543906196e-06,750.1142769317906
2052,L10-2,2,distance_5_prime,23456,23456,12,5.704430631271309e-06,749.8882966384961
3671,L06-2,2,distance_3_prime,23502,23502,12,6.113419209891512e-06,749.754493513609
549,L03-2,2,distance_5_prime,23532,23532,12,7.594782890473104e-06,749.6108159353381
3240,L04-3,2,distance_3_prime,23633,23633,12,3.5793596227354955e-06,749.4320955043595
920,L04-4,2,distance_5_prime,23694,23694,12,6.325244048999557e-06,749.3475044983954
2511,L01-3,2,distance_3_prime,23812,23812,12,6.790137777553954e-06,749.1976341658984
3178,L04-2,2,distance_3_prime,23832,23832,12,8.78976636800994e-06,749.0359474051393
659,L03-4,2,distance_5_prime,23835,23835,12,5.468557390003386e-06,748.8264696930569
1399,L06-4,2,distance_5_prime,23957,23957,12,7.469756822066657e-06,748.6961266276661
69,L01-2,2,distance_5_prime,23984,23984,12,1.1707259964585538e-05,748.5171736634799
1557,L07-3,2,distance_5_prime,24085,24085,12,9.662271406762302e-06,748.2363867404893
1402,L06-4,2,distance_5_prime,24182,24182,12,7.469756822066657e-06,748.0036709336574
2625,L02-1,2,distance_3_prime,24292,24292,12,6.2998409290165425e-06,747.8230372741862
2986,L03-3,2,distance_3_prime,24321,24321,12,8.342573892610218e-06,747.6700015383385
4731,L11-4,2,distance_3_prime,24443,24443,12,7.172370593997801e-06,747.4671017986964
1222,L06-1,2,distance_5_prime,24504,24504,12,9.756978068752546e-06,747.2917875442673
2058,L10-2,2,distance_5_prime,24555,24555,12,5.704430631271309e-06,747.0527025536707
437,L02-4,2,distance_5_prime,24651,24651,12,8.349626702106193e-06,746.9126302595198
303,L02-2,2,distance_5_prime,24680,24680,12,6.416817194503354e-06,746.7068036116862
1931,L09-3,2,distance_5_prime,24779,24779,12,9.988912307338854e-06,746.5484365633258
1848,L09-1,2,distance_5_prime,24780,24780,12,1.3485509819698733e-05,746.3009213052622
1888,L09-2,2,distance_5_prime,24780,24780,12,1.4618903460416273e-05,745.9667503719301
1976,L09-4,2,distance_5_prime,24781,24781,12,1.571309974937606e-05,745.604493944181
1834,L09-1,1,distance_5_prime,24782,24782,8,1.0857144408163487e-05,745.2151076192916
1877,L09-2,1,distance_5_prime,24782,24782,8,1.1834284513951141e-05,744.9460458665685
1914,L09-3,1,distance_5_prime,24782,24782,8,1.0857144408163487e-05,744.6527686277437
1964,L09-4,1,distance_5_prime,24782,24782,8,1.1834284513951141e-05,744.3837068750206
1844,L09-1,2,distance_5_prime,24800,24800,12,1.3485509819698733e-05,744.0904296361958
3594,L06-1,2,distance_3_prime,24801,24801,12,9.756978068752546e-06,743.7559889926673
2829,L02-4,2,distance_3_prime,24809,24809,12,8.349626702106193e-06,743.5140061795842
1656,L08-1,2,distance_5_prime,24855,24855,12,1.2295863056874513e-05,743.3068602907316
1556,L07-3,2,distance_5_prime,24855,24855,12,9.662271406762302e-06,743.001246614453
1701,L08-2,2,distance_5_prime,24856,24856,12,1.0121747755924174e-05,742.7610908586379
1756,L08-3,2,distance_5_prime,24856,24856,12,4.900401383710004e-06,742.5095046964167
1508,L07-2,2,distance_5_prime,24856,24856,12,8.52401677242367e-06,742.3877003196231
1604,L07-4,2,distance_5_prime,24857,24857,12,9.747918819332073e-06,742.1758273587278
1460,L07-1,2,distance_5_prime,24857,24857,12,9.170413799638686e-06,741.9335233406357
1803,L08-4,2,distance_5_prime,24857,24857,12,9.412872102600306e-06,741.7055743648181
1641,L08-1,1,distance_5_prime,24858,24858,8,6.4710416840238876e-06,741.4715986029637
1540,L07-3,1,distance_5_prime,24858,24858,8,6.7824142172966825e-06,741.3107414487822
1788,L08-4,1,distance_5_prime,24858,24858,8,6.4710416840238876e-06,741.1421441961686
1686,L08-2,1,distance_5_prime,24858,24858,8,6.4710416840238876e-06,740.9812870419871
1590,L07-4,1,distance_5_prime,24858,24858,8,6.709022964985609e-06,740.8204298878056
1740,L08-3,1,distance_5_prime,24858,24858,8,6.4710416840238876e-06,740.653656994942
1492,L07-2,1,distance_5_prime,24858,24858,8,6.7824142172966825e-06,740.4927998407605
1443,L07-1,1,distance_5_prime,24858,24858,8,6.7824142172966825e-06,740.3242025881469
1220,L06-1,2,distance_5_prime,24866,24866,12,9.756978068752546e-06,740.1556053355333
794,L04-2,2,distance_5_prime,24988,24988,12,8.78976636800994e-06,739.9129883188757
3605,L06-1,2,distance_3_prime,25076,25076,12,9.756978068752546e-06,739.6933496368719
4533,L10-4,2,distance_3_prime,25197,25197,12,9.642031543906196e-06,739.4486836548198
4474,L10-3,1,distance_3_prime,25198,25198,8,7.982948422170244e-06,739.205733386008
4421,L10-2,1,distance_3_prime,25198,25198,8,7.982948422170244e-06,739.0045790516662
4443,L10-2,2,distance_3_prime,25198,25198,12,5.704430631271309e-06,738.8034247173243
4382,L10-1,1,distance_3_prime,25198,25198,8,7.982948422170244e-06,738.6596844742776
4394,L10-1,2,distance_3_prime,25198,25198,12,1.005999951376669e-05,738.4585301399358
4519,L10-4,1,distance_3_prime,25198,25198,8,7.982948422170244e-06,738.2050382721878
4488,L10-3,2,distance_3_prime,25198,25198,12,8.534978118449848e-06,738.003883937846
1882,L09-2,2,distance_5_prime,25286,25286,12,1.4618903460416273e-05,737.7888195592174
1278,L06-2,2,distance_5_prime,25387,25387,12,6.113419209891512e-06,737.4191659663172
11,L01-1,2,distance_5_prime,25639,25639,12,7.559159874971496e-06,737.2639645928357
3663,L06-2,2,distance_3_prime,26111,26111,12,6.113419209891512e-06,737.0701552928012
4719,L11-4,2,distance_3_prime,26146,26146,12,7.172370593997801e-06,736.9105278038118
1221,L06-1,2,distance_5_prime,26193,26193,12,9.756978068752546e-06,736.7229990022611
2697,L02-2,2,distance_3_prime,26421,26421,12,6.416817194503354e-06,736.4674344757062
4436,L10-2,2,distance_3_prime,26536,26536,12,5.704430631271309e-06,736.2978957486102
3986,L07-4,2,distance_3_prime,26550,26550,12,9.747918819332073e-06,736.1465229773788
4122,L08-3,1,distance_3_prime,26550,26550,8,6.4710416840238876e-06,735.8877157327256
3922,L07-3,1,distance_3_prime,26550,26550,8,6.7824142172966825e-06,735.7159095760147
4068,L08-2,1,distance_3_prime,26550,26550,8,6.4710416840238876e-06,735.5358364785455
4023,L08-1,1,distance_3_prime,26550,26550,8,6.4710416840238876e-06,735.3640303218347
3825,L07-1,1,distance_3_prime,26550,26550,8,6.7824142172966825e-06,735.1922241651238
3972,L07-4,1,distance_3_prime,26550,26550,8,6.709022964985609e-06,735.0121510676546
4185,L08-4,2,distance_3_prime,26550,26550,12,9.412872102600306e-06,734.8340265079343
3874,L07-2,1,distance_3_prime,26550,26550,8,6.7824142172966825e-06,734.5841147536103
4170,L08-4,1,distance_3_prime,26550,26550,8,6.4710416840238876e-06,734.4040416561411
3841,L07-1,2,distance_3_prime,26551,26551,12,9.170413799638686e-06,734.2322354994302
3890,L07-2,2,distance_3_prime,26551,26551,12,8.52401677242367e-06,733.988751842636
4083,L08-2,2,distance_3_prime,26551,26551,12,1.0121747755924174e-05,733.7624306733114
3938,L07-3,2,distance_3_prime,26552,26552,12,9.662271406762302e-06,733.4936881486439
3603,L06-1,2,distance_3_prime,26655,26655,12,9.756978068752546e-06,733.2371355182515
1973,L09-4,2,distance_5_prime,26885,26885,12,1.571309974937606e-05,732.977063267829
1885,L09-2,2,distance_5_prime,26887,26887,12,1.4618903460416273e-05,732.554616581067
1911,L09-3,1,distance_5_prime,26888,26888,8,1.0857144408163487e-05,732.1615581237268
1845,L09-1,2,distance_5_prime,26888,26888,12,1.3485509819698733e-05,731.8696312248801
1928,L09-3,2,distance_5_prime,26888,26888,12,9.988912307338854e-06,731.507032836848
1961,L09-4,1,distance_5_prime,26888,26888,8,1.1834284513951141e-05,731.2384509627283
1831,L09-1,1,distance_5_prime,26888,26888,8,1.0857144408163487e-05,730.9202507207171
1874,L09-2,1,distance_5_prime,26888,26888,8,1.1834284513951141e-05,730.6283238218705
2755,L02-3,2,distance_3_prime,26975,26975,12,7.0366456779163085e-06,730.3101235798594
1327,L06-3,1,distance_5_prime,26996,26996,8,1.0926468961316203e-05,730.1203100626975
1285,L06-2,2,distance_5_prime,26996,26996,12,6.113419209891512e-06,729.8253391066178
1262,L06-2,1,distance_5_prime,26996,26996,8,1.0926468961316203e-05,729.6603012416275
1207,L06-1,1,distance_5_prime,26996,26996,8,1.0926468961316203e-05,729.3653302855478
1226,L06-1,2,distance_5_prime,26996,26996,12,9.756978068752546e-06,729.070359329468
1383,L06-4,1,distance_5_prime,26996,26996,8,1.0926468961316203e-05,728.806959949524
1347,L06-3,2,distance_5_prime,26997,26997,12,7.982040409079571e-06,728.5119889934442
227,L02-1,2,distance_5_prime,27010,27010,12,6.2998409290165425e-06,728.2964978485203
1922,L09-3,2,distance_5_prime,27158,27158,12,9.988912307338854e-06,728.1263391450276
3432,L05-2,2,distance_3_prime,27167,27167,12,4.967929942251954e-06,727.8550602645848
3780,L06-4,2,distance_3_prime,27272,27272,12,7.469756822066657e-06,727.7200965118436
366,L02-3,2,distance_5_prime,27274,27274,12,7.0366456779163085e-06,727.5163813037922
3042,L03-4,2,distance_3_prime,27372,27372,12,5.468557390003386e-06,727.3244638295727
2892,L03-1,2,distance_3_prime,27373,27373,12,9.821333573410376e-06,727.1747784766935
2881,L03-1,1,distance_3_prime,27374,27374,8,1.009527414978863e-05,726.9059391127886
3030,L03-4,1,distance_3_prime,27374,27374,8,1.009527414978863e-05,726.6295910782122
2974,L03-3,1,distance_3_prime,27374,27374,8,1.009527414978863e-05,726.3532430436359
2922,L03-2,1,distance_3_prime,27374,27374,8,1.009527414978863e-05,726.0768950090595
2936,L03-2,2,distance_3_prime,27375,27375,12,7.594782890473104e-06,725.8005469744832
1331,L06-3,2,distance_5_prime,27526,27526,12,7.982040409079571e-06,725.5926397928564
2614,L02-1,2,distance_3_prime,27537,27537,12,6.2998409290165425e-06,725.3729261485561
2686,L02-2,2,distance_3_prime,27537,27537,12,6.416817194503354e-06,725.1994474288938
2822,L02-4,2,distance_3_prime,27537,27537,12,8.349626702106193e-06,725.0227475338088
2597,L02-1,1,distance_3_prime,27539,27539,8,9.06305050951337e-06,724.792823863313
2804,L02-4,1,distance_3_prime,27539,27539,8,9.06305050951337e-06,724.5432365153315
2667,L02-2,1,distance_3_prime,27539,27539,8,9.06305050951337e-06,724.29364916735
2736,L02-3,1,distance_3_prime,27539,27539,8,9.06305050951337e-06,724.0440618193686
2095,L10-3,2,distance_5_prime,27600,27600,12,8.534978118449848e-06,723.7944744713872
1965,L09-4,2,distance_5_prime,27818,27818,12,1.571309974937606e-05,723.558909075318
663,L03-4,2,distance_5_prime,27967,27967,12,5.468557390003386e-06,723.1218020664899
2401,L01-1,2,distance_3_prime,28157,28157,12,7.559159874971496e-06,722.9688629219636
4734,L11-4,2,distance_3_prime,28304,28304,12,7.172370593997801e-06,722.756019657364
2690,L02-2,2,distance_3_prime,28306,28306,12,6.416817194503354e-06,722.5530128800715
3717,L06-3,2,distance_3_prime,28589,28589,12,7.982040409079571e-06,722.3713784525639
855,L04-3,2,distance_5_prime,28690,28690,12,3.5793596227354955e-06,722.1431798993087
2249,L11-2,2,distance_5_prime,28703,28703,12,8.291965638094397e-06,722.0404880717324
2700,L02-2,2,distance_3_prime,28782,28782,12,6.416817194503354e-06,721.8024837820221
3053,L03-4,2,distance_3_prime,28793,28793,12,5.468557390003386e-06,721.61779494953
2100,L10-3,2,distance_5_prime,28813,28813,12,8.534978118449848e-06,721.4603387765997
864,L04-3,2,distance_5_prime,29069,29069,12,3.5793596227354955e-06,721.2144204520728
930,L04-4,2,distance_5_prime,29071,29071,12,6.325244048999557e-06,721.1103720471995
796,L04-2,2,distance_5_prime,29072,29072,12,8.78976636800994e-06,720.926490877451
778,L04-2,1,distance_5_prime,29073,29073,8,8.511951311638497e-06,720.6709547896002
909,L04-4,1,distance_5_prime,29073,29073,8,8.511951311638497e-06,720.4234868291169
839,L04-3,1,distance_5_prime,29073,29073,8,8.511951311638497e-06,720.1760188686336
716,L04-1,1,distance_5_prime,29073,29073,8,8.511951311638497e-06,719.9285509081503
1162,L05-4,2,distance_5_prime,29151,29151,12,3.7404151860856554e-06,719.681082947667
4036,L08-1,2,distance_3_prime,29226,29226,12,1.2295863056874513e-05,719.5720461045775
377,L02-3,2,distance_5_prime,29538,29538,12,7.0366456779163085e-06,719.2126872108772
446,L02-4,2,distance_5_prime,29538,29538,12,8.349626702106193e-06,719.004838770843
236,L02-1,2,distance_5_prime,29539,29539,12,6.2998409290165425e-06,718.7582074973162
307,L02-2,2,distance_5_prime,29541,29541,12,6.416817194503354e-06,718.572116496114
355,L02-3,1,distance_5_prime,29542,29542,8,9.06305050951337e-06,718.3825572993711
286,L02-2,1,distance_5_prime,29542,29542,8,9.06305050951337e-06,718.114816661219
216,L02-1,1,distance_5_prime,29542,29542,8,9.06305050951337e-06,717.847076023067
423,L02-4,1,distance_5_prime,29542,29542,8,9.06305050951337e-06,717.5793353849149
1925,L09-3,2,distance_5_prime,29585,29585,12,9.988912307338854e-06,717.3115947467628
2749,L02-3,2,distance_3_prime,29648,29648,12,7.0366456779163085e-06,717.0160727761502
1049,L05-2,2,distance_5_prime,29733,29733,12,4.967929942251954e-06,716.8074503050913
3378,L05-1,2,distance_3_prime,29845,29845,12,6.6064779819852355e-06,716.6597388441182
3476,L05-3,1,distance_3_prime,29852,29852,8,7.051943736066902e-06,716.4625685087459
3527,L05-4,1,distance_3_prime,29852,29852,8,7.056770839305861e-06,716.2520538843369
3410,L05-2,1,distance_3_prime,29852,29852,8,7.051943736066902e-06,716.0413951612419
3360,L05-1,1,distance_3_prime,29852,29852,8,7.056770839305861e-06,715.8308805368329
3492,L05-3,2,distance_3_prime,29853,29853,12,8.46067232732649e-06,715.6202218137379
2041,L10-2,2,distance_5_prime,29886,29886,12,5.704430631271309e-06,715.3676453627502
1273,L06-2,2,distance_5_prime,29916,29916,12,6.113419209891512e-06,715.197162748904
1146,L05-4,2,distance_5_prime,29938,29938,12,3.7404151860856554e-06,715.0142736998209
133,L01-3,2,distance_5_prime,29957,29957,12,6.790137777553954e-06,714.9022931499799
2293,L11-3,1,distance_5_prime,30008,30008,8,8.909697983512604e-06,714.6988809925776
2187,L11-1,1,distance_5_prime,30008,30008,8,8.909697983512604e-06,714.4315187754884
2203,L11-1,2,distance_5_prime,30008,30008,12,1.0670489072974586e-05,714.1641565583991
2331,L11-4,1,distance_5_prime,30008,30008,8,8.909697983512604e-06,713.8439565222973
2256,L11-2,2,distance_5_prime,30008,30008,12,8.291965638094397e-06,713.576594305208
2236,L11-2,1,distance_5_prime,30008,30008,8,8.909697983512604e-06,713.32776900034
2352,L11-4,2,distance_5_prime,30008,30008,12,7.172370593997801e-06,713.0604067832508
4633,L11-2,2,distance_3_prime,30038,30038,12,8.291965638094397e-06,712.8451782864661
2051,L10-2,2,distance_5_prime,30082,30082,12,5.704430631271309e-06,712.596104222629
2006,L10-1,2,distance_5_prime,30083,30083,12,1.005999951376669e-05,712.4245035403791
2144,L10-4,2,distance_5_prime,30084,30084,12,9.642031543906196e-06,712.1218685750065
2087,L10-3,1,distance_5_prime,30085,30085,8,7.982948422170244e-06,711.8317976980396
1995,L10-1,1,distance_5_prime,30085,30085,8,7.982948422170244e-06,711.5916306947586
2034,L10-2,1,distance_5_prime,30085,30085,8,7.982948422170244e-06,711.3514636914775
2132,L10-4,1,distance_5_prime,30085,30085,8,7.982948422170244e-06,711.1112966881965
1403,L06-4,2,distance_5_prime,30098,30098,12,7.469756822066657e-06,710.8711296849154
2827,L02-4,2,distance_3_prime,30130,30130,12,8.349626702106193e-06,710.6463049440849
2761,L02-3,2,distance_3_prime,30167,30167,12,7.0366456779163085e-06,710.3947306915504
2620,L02-1,2,distance_3_prime,30168,30168,12,6.2998409290165425e-06,710.1824562013848
2830,L02-4,2,distance_3_prime,30168,30168,12,8.349626702106193e-06,709.9924026002382
2807,L02-4,1,distance_3_prime,30169,30169,8,9.06305050951337e-06,709.740511061889
2600,L02-1,1,distance_3_prime,30169,30169,8,9.06305050951337e-06,709.4670878910675
2739,L02-3,1,distance_3_prime,30169,30169,8,9.06305050951337e-06,709.193664720246
2691,L02-2,2,distance_3_prime,30169,30169,12,6.416817194503354e-06,708.9202415494245
2670,L02-2,1,distance_3_prime,30169,30169,8,9.06305050951337e-06,708.7266525914836
105,L01-3,1,distance_5_prime,30275,30275,8,1.0538407225131994e-05,708.4532294206621
1,L01-1,1,distance_5_prime,30275,30275,8,1.0538407225131994e-05,708.1341791419212
159,L01-4,1,distance_5_prime,30275,30275,8,1.0538407225131994e-05,707.8151288631803
58,L01-2,1,distance_5_prime,30275,30275,8,1.0538407225131994e-05,707.4960785844395
296,L02-2,2,distance_5_prime,30276,30276,12,6.416817194503354e-06,707.1770283056986
439,L02-4,2,distance_5_prime,30298,30298,12,8.349626702106193e-06,706.9827527483178
981,L05-1,2,distance_5_prime,30371,30371,12,6.6064779819852355e-06,706.7297757584973
970,L05-1,1,distance_5_prime,30378,30378,8,7.056770839305861e-06,706.5291304157065
1137,L05-4,1,distance_5_prime,30378,30378,8,7.056770839305861e-06,706.3147598311501
387,L02-3,2,distance_5_prime,30478,30478,12,7.0366456779163085e-06,706.1003892465937
245,L02-1,2,distance_5_prime,30478,30478,12,6.2998409290165425e-06,705.8859263596222
3484,L05-3,2,distance_3_prime,30500,30500,12,8.46067232732649e-06,705.6939198077877
1996,L10-1,1,distance_5_prime,30500,30500,8,7.982948422170244e-06,705.4358693018042
2088,L10-3,1,distance_5_prime,30500,30500,8,7.982948422170244e-06,705.1923893749281
2035,L10-2,1,distance_5_prime,30500,30500,8,7.982948422170244e-06,704.948909448052
2133,L10-4,1,distance_5_prime,30500,30500,8,7.982948422170244e-06,704.7054295211758
2147,L10-4,2,distance_5_prime,30502,30502,12,9.642031543906196e-06,704.4619495942997
2008,L10-1,2,distance_5_prime,30504,30504,12,1.005999951376669e-05,704.1678483481475
2102,L10-3,2,distance_5_prime,30504,30504,12,8.534978118449848e-06,703.8609781229795
2823,L02-4,2,distance_3_prime,30544,30544,12,8.349626702106193e-06,703.6006271504543
3047,L03-4,2,distance_3_prime,30560,30560,12,5.468557390003386e-06,703.3455961524652
2939,L03-2,2,distance_3_prime,30632,30632,12,7.594782890473104e-06,703.1784770386267
545,L03-2,2,distance_5_prime,30711,30711,12,7.594782890473104e-06,702.9458336491258
1098,L05-3,2,distance_5_prime,30757,30757,12,8.46067232732649e-06,702.7125902717764
2938,L03-2,2,distance_3_prime,30763,30763,12,7.594782890473104e-06,702.4523653730049
1086,L05-3,1,distance_5_prime,30766,30766,8,7.051943736066902e-06,702.2187270669452
1020,L05-2,1,distance_5_prime,30766,30766,8,7.051943736066902e-06,702.0017669659615
3545,L05-4,2,distance_3_prime,30912,30912,12,3.7404151860856554e-06,701.7848068649777
122,L01-3,2,distance_5_prime,31068,31068,12,6.790137777553954e-06,701.6691831507454
3543,L05-4,2,distance_3_prime,31272,31272,12,3.7404151860856554e-06,701.4582271502724
4529,L10-4,2,distance_3_prime,31374,31374,12,9.642031543906196e-06,701.3412568865731
2562,L01-4,2,distance_3_prime,31426,31426,12,9.992630435054149e-06,701.0387477889146
3037,L03-4,2,distance_3_prime,31721,31721,12,5.468557390003386e-06,700.7247193848626
2980,L03-3,2,distance_3_prime,31722,31722,12,8.342573892610218e-06,700.5512512758943
2971,L03-3,1,distance_3_prime,31722,31722,8,1.009527414978863e-05,700.2866081468729
2878,L03-1,1,distance_3_prime,31722,31722,8,1.009527414978863e-05,699.9663658602933
2919,L03-2,1,distance_3_prime,31722,31722,8,1.009527414978863e-05,699.6461235737137
3027,L03-4,1,distance_3_prime,31722,31722,8,1.009527414978863e-05,699.325881287134
2887,L03-1,2,distance_3_prime,31722,31722,12,9.821333573410376e-06,699.0056390005544
2928,L03-2,2,distance_3_prime,31723,31723,12,7.594782890473104e-06,698.6940866569387
3230,L04-3,2,distance_3_prime,31730,31730,12,3.5793596227354955e-06,698.4531573593042
4429,L10-2,2,distance_3_prime,31827,31827,12,5.704430631271309e-06,698.3395842784748
173,L01-4,2,distance_5_prime,31961,31961,12,9.992630435054149e-06,698.1580293647734
1915,L09-3,2,distance_5_prime,32064,32064,12,9.988912307338854e-06,697.8386549034386
4561,L11-1,1,distance_3_prime,32077,32077,8,8.909697983512604e-06,697.5183704192161
4610,L11-2,1,distance_3_prime,32077,32077,8,8.909697983512604e-06,697.232574036999
4667,L11-3,1,distance_3_prime,32077,32077,8,8.909697983512604e-06,696.946777654782
4705,L11-4,1,distance_3_prime,32077,32077,8,8.909697983512604e-06,696.6609812725649
4573,L11-1,2,distance_3_prime,32078,32078,12,1.0670489072974586e-05,696.3751848903478
4679,L11-3,2,distance_3_prime,32078,32078,12,1.3801130312572599e-05,696.0328969418649
4623,L11-2,2,distance_3_prime,32078,32078,12,8.291965638094397e-06,695.5901842836982
4717,L11-4,2,distance_3_prime,32079,32079,12,7.172370593997801e-06,695.3241946099595
3929,L07-3,2,distance_3_prime,32101,32101,12,9.662271406762302e-06,695.0941121336746
12,L01-1,2,distance_5_prime,32109,32109,12,7.559159874971496e-06,694.783943559246
1266,L06-2,2,distance_5_prime,32135,32135,12,6.113419209891512e-06,694.5412264948205
3726,L06-3,2,distance_3_prime,32374,32374,12,7.982040409079571e-06,694.3447717685107
1698,L08-2,2,distance_5_prime,32469,32469,12,1.0121747755924174e-05,694.0863611923071
232,L02-1,2,distance_5_prime,32488,32488,12,6.2998409290165425e-06,693.75771816442
238,L02-1,2,distance_5_prime,32653,32653,12,6.2998409290165425e-06,693.5530489323181
3425,L05-2,2,distance_3_prime,32744,32744,12,4.967929942251954e-06,693.347340226463
2290,L11-3,1,distance_5_prime,32995,32995,8,8.909697983512604e-06,693.1846703284339
2328,L11-4,1,distance_5_prime,32995,32995,8,8.909697983512604e-06,692.8906948434678
2184,L11-1,1,distance_5_prime,32995,32995,8,8.909697983512604e-06,692.5967193585018
2233,L11-2,1,distance_5_prime,32995,32995,8,8.909697983512604e-06,692.3027438735357
2302,L11-3,2,distance_5_prime,32999,32999,12,1.3801130312572599e-05,692.0087683885697
2345,L11-4,2,distance_5_prime,32999,32999,12,7.172370593997801e-06,691.5533448893851
2199,L11-1,2,distance_5_prime,32999,32999,12,1.0670489072974586e-05,691.3166638321538
2336,L11-4,2,distance_5_prime,33209,33209,12,7.172370593997801e-06,690.9645483632347
2297,L11-3,2,distance_5_prime,33209,33209,12,1.3801130312572599e-05,690.7263611081786
2241,L11-2,2,distance_5_prime,33210,33210,12,8.291965638094397e-06,690.2680393716283
2192,L11-1,2,distance_5_prime,33210,33210,12,1.0670489072974586e-05,689.9926631927872
2179,L11-1,1,distance_5_prime,33211,33211,8,8.909697983512604e-06,689.6382962506736
2285,L11-3,1,distance_5_prime,33211,33211,8,8.909697983512604e-06,689.3423962709433
2323,L11-4,1,distance_5_prime,33211,33211,8,8.909697983512604e-06,689.0464962912129
2228,L11-2,1,distance_5_prime,33211,33211,8,8.909697983512604e-06,688.7505963114825
1638,L08-1,1,distance_5_prime,33330,33330,8,6.4710416840238876e-06,688.4546963317521
1537,L07-3,1,distance_5_prime,33330,33330,8,6.7824142172966825e-06,688.2390165124235
1683,L08-2,1,distance_5_prime,33330,33330,8,6.4710416840238876e-06,688.0129586465611
1785,L08-4,1,distance_5_prime,33330,33330,8,6.4710416840238876e-06,687.7972788272325
1587,L07-4,1,distance_5_prime,33330,33330,8,6.709022964985609e-06,687.581599007904
1737,L08-3,1,distance_5_prime,33330,33330,8,6.4710416840238876e-06,687.357987272481
1440,L07-1,1,distance_5_prime,33330,33330,8,6.7824142172966825e-06,687.1423074531524
1489,L07-2,1,distance_5_prime,33330,33330,8,6.7824142172966825e-06,686.9162495872899
1601,L07-4,2,distance_5_prime,33332,33332,12,9.747918819332073e-06,686.6901917214275
1456,L07-1,2,distance_5_prime,33332,33332,12,9.170413799638686e-06,686.3652740913415
1800,L08-4,2,distance_5_prime,33333,33333,12,9.412872102600306e-06,686.0596058585719
1553,L07-3,2,distance_5_prime,33333,33333,12,9.662271406762302e-06,685.7458465927759
1752,L08-3,2,distance_5_prime,33334,33334,12,4.900401383710004e-06,685.4237740999744
1505,L07-2,2,distance_5_prime,33334,33334,12,8.52401677242367e-06,685.2604241202498
1653,L08-1,2,distance_5_prime,33335,33335,12,1.2295863056874513e-05,684.9762845451578
3496,L05-3,2,distance_3_prime,33523,33523,12,8.46067232732649e-06,684.5664019501569
3316,L04-4,2,distance_3_prime,33550,33550,12,6.325244048999557e-06,684.2827748317279
425,L02-4,1,distance_5_prime,33591,33591,8,9.06305050951337e-06,684.070562893884
218,L02-1,1,distance_5_prime,33591,33591,8,9.06305050951337e-06,683.766125964219
288,L02-2,1,distance_5_prime,33591,33591,8,9.06305050951337e-06,683.461689034554
357,L02-3,1,distance_5_prime,33591,33591,8,9.06305050951337e-06,683.1572521048889
380,L02-3,2,distance_5_prime,33594,33594,12,7.0366456779163085e-06,682.8528151752239
448,L02-4,2,distance_5_prime,33595,33595,12,8.349626702106193e-06,682.6164261003199
4572,L11-1,1,distance_3_prime,33631,33631,8,8.909697983512604e-06,682.3359203912627
4621,L11-2,1,distance_3_prime,33631,33631,8,8.909697983512604e-06,682.0362783383791
4716,L11-4,1,distance_3_prime,33631,33631,8,8.909697983512604e-06,681.7366362854956
4678,L11-3,1,distance_3_prime,33631,33631,8,8.909697983512604e-06,681.436994232612
4641,L11-2,2,distance_3_prime,33634,33634,12,8.291965638094397e-06,681.1373521797285
4589,L11-1,2,distance_3_prime,33636,33636,12,1.0670489072974586e-05,680.8584602074568
4690,L11-3,2,distance_3_prime,33636,33636,12,1.3801130312572599e-05,680.4995476369983
4737,L11-4,2,distance_3_prime,33637,33637,12,7.172370593997801e-06,680.0353328178046
610,L03-3,2,distance_5_prime,33657,33657,12,8.342573892610218e-06,679.7940757881343
2842,L02-4,2,distance_3_prime,33675,33675,12,8.349626702106193e-06,679.5132897786307
3224,L04-3,1,distance_3_prime,33757,33757,8,8.511951311638497e-06,679.2321160994372
3182,L04-2,2,distance_3_prime,33757,33757,12,8.78976636800994e-06,678.9447781590103
3294,L04-4,1,distance_3_prime,33757,33757,8,8.511951311638497e-06,678.6480620157254
3163,L04-2,1,distance_3_prime,33757,33757,8,8.511951311638497e-06,678.3607240752984
3101,L04-1,1,distance_3_prime,33757,33757,8,8.511951311638497e-06,678.0733861348715
3250,L04-3,2,distance_3_prime,33758,33758,12,3.5793596227354955e-06,677.7860481944446
3714,L06-3,2,distance_3_prime,33776,33776,12,7.982040409079571e-06,677.6652161723002
4188,L08-4,2,distance_3_prime,33852,33852,12,9.412872102600306e-06,677.3956147754432
3989,L07-4,2,distance_3_prime,33852,33852,12,9.747918819332073e-06,677.076970229026
3655,L06-2,2,distance_3_prime,34016,34016,12,6.113419209891512e-06,676.7469836811539
3601,L06-1,2,distance_3_prime,34017,34017,12,9.756978068752546e-06,676.5390296133103
3762,L06-4,1,distance_3_prime,34018,34018,8,1.0926468961316203e-05,676.2071264903456
3706,L06-3,1,distance_3_prime,34018,34018,8,1.0926468961316203e-05,675.8354298692195
3641,L06-2,1,distance_3_prime,34018,34018,8,1.0926468961316203e-05,675.4637332480935
3586,L06-1,1,distance_3_prime,34018,34018,8,1.0926468961316203e-05,675.0920366269675
3774,L06-4,2,distance_3_prime,34019,34019,12,7.469756822066657e-06,674.7203400058414
2053,L10-2,2,distance_5_prime,34299,34299,12,5.704430631271309e-06,674.4662263485116
4611,L11-2,1,distance_3_prime,34449,34449,8,8.909697983512604e-06,674.2705700822896
4706,L11-4,1,distance_3_prime,34449,34449,8,8.909697983512604e-06,673.9636398964556
4562,L11-1,1,distance_3_prime,34449,34449,8,8.909697983512604e-06,673.6567097106215
4668,L11-3,1,distance_3_prime,34449,34449,8,8.909697983512604e-06,673.3497795247874
4680,L11-3,2,distance_3_prime,34451,34451,12,1.3801130312572599e-05,673.0428493389534
4718,L11-4,2,distance_3_prime,34453,34453,12,7.172370593997801e-06,672.5673865985549
4624,L11-2,2,distance_3_prime,34453,34453,12,8.291965638094397e-06,672.3202769144799
1338,L06-3,2,distance_5_prime,34602,34602,12,7.982040409079571e-06,672.0345938223506
861,L04-3,2,distance_5_prime,34772,34772,12,3.5793596227354955e-06,671.7583992601157
715,L04-1,1,distance_5_prime,34775,34775,8,8.511951311638497e-06,671.6339377673139
908,L04-4,1,distance_5_prime,34775,34775,8,8.511951311638497e-06,671.3379346604517
838,L04-3,1,distance_5_prime,34775,34775,8,8.511951311638497e-06,671.0419315535894
777,L04-2,1,distance_5_prime,34775,34775,8,8.511951311638497e-06,670.7459284467271
3374,L05-1,2,distance_3_prime,34924,34924,12,6.6064779819852355e-06,670.4499253398649
3429,L05-2,2,distance_3_prime,35068,35068,12,4.967929942251954e-06,670.219200702822
2504,L01-3,2,distance_3_prime,35327,35327,12,6.790137777553954e-06,670.0449853356072
510,L03-1,2,distance_5_prime,35351,35351,12,9.821333573410376e-06,669.8051101383395
4349,L09-4,2,distance_3_prime,35355,35355,12,1.571309974937606e-05,669.4579161751859
3433,L05-2,2,distance_3_prime,35542,35542,12,4.967929942251954e-06,668.9023795335468
2201,L11-1,2,distance_5_prime,35647,35647,12,1.0670489072974586e-05,668.7258093675392
2304,L11-3,2,distance_5_prime,35647,35647,12,1.3801130312572599e-05,668.3454384435549
2349,L11-4,2,distance_5_prime,35647,35647,12,7.172370593997801e-06,667.8534695513026
2254,L11-2,2,distance_5_prime,35649,35649,12,8.291965638094397e-06,667.5977960567384
2186,L11-1,1,distance_5_prime,35665,35665,8,8.909697983512604e-06,667.302195773706
2235,L11-2,1,distance_5_prime,35665,35665,8,8.909697983512604e-06,666.984431395124
2292,L11-3,1,distance_5_prime,35665,35665,8,8.909697983512604e-06,666.6666670165421
2330,L11-4,1,distance_5_prime,35665,35665,8,8.909697983512604e-06,666.3489026379601
3830,L07-1,2,distance_3_prime,35666,35666,12,9.170413799638686e-06,666.0311382593782
2929,L03-2,2,distance_3_prime,35837,35837,12,7.594782890473104e-06,665.7040662808002
845,L04-3,2,distance_5_prime,35895,35895,12,3.5793596227354955e-06,665.4318920463544
783,L04-2,2,distance_5_prime,35898,35898,12,8.78976636800994e-06,665.3034109326964
830,L04-3,1,distance_5_prime,35899,35899,8,8.511951311638497e-06,664.9878758996175
769,L04-2,1,distance_5_prime,35899,35899,8,8.511951311638497e-06,664.682305359481
707,L04-1,1,distance_5_prime,35899,35899,8,8.511951311638497e-06,664.3767348193445
914,L04-4,2,distance_5_prime,35899,35899,12,6.325244048999557e-06,664.071164279208
900,L04-4,1,distance_5_prime,35899,35899,8,8.511951311638497e-06,663.8440943430929
2931,L03-2,2,distance_3_prime,35938,35938,12,7.594782890473104e-06,663.5385238029564
1446,L07-1,2,distance_5_prime,35992,35992,12,9.170413799638686e-06,663.2655824954386
2240,L11-2,2,distance_5_prime,36106,36106,12,8.291965638094397e-06,662.935520961962
2334,L11-4,2,distance_5_prime,36109,36109,12,7.172370593997801e-06,662.636131250633
2296,L11-3,2,distance_5_prime,36110,36110,12,1.3801130312572599e-05,662.3771441208543
2190,L11-1,2,distance_5_prime,36110,36110,12,1.0670489072974586e-05,661.8787853052672
2284,L11-3,1,distance_5_prime,36113,36113,8,8.909697983512604e-06,661.4934739448421
2322,L11-4,1,distance_5_prime,36113,36113,8,8.909697983512604e-06,661.1717180215635
2227,L11-2,1,distance_5_prime,36113,36113,8,8.909697983512604e-06,660.8499620982849
2178,L11-1,1,distance_5_prime,36113,36113,8,8.909697983512604e-06,660.5282061750063
2245,L11-2,2,distance_5_prime,36292,36292,12,8.291965638094397e-06,660.2064502517277
449,L02-4,2,distance_5_prime,36380,36380,12,8.349626702106193e-06,659.90551823479
2617,L02-1,2,distance_3_prime,36491,36491,12,6.2998409290165425e-06,659.6017588153674
991,L05-1,2,distance_5_prime,36582,36582,12,6.6064779819852355e-06,659.3718713200266
2007,L10-1,2,distance_5_prime,36697,36697,12,1.005999951376669e-05,659.1301931424896
3309,L04-4,2,distance_3_prime,36715,36715,12,6.325244048999557e-06,658.761021340333
1970,L09-4,2,distance_5_prime,36952,36952,12,1.571309974937606e-05,658.5287900050739
1840,L09-1,2,distance_5_prime,36956,36956,12,1.3485509819698733e-05,657.9481595431349
1871,L09-2,1,distance_5_prime,36956,36956,8,1.1834284513951141e-05,657.4497890422381
1827,L09-1,1,distance_5_prime,36956,36956,8,1.0857144408163487e-05,657.0124412237406
1958,L09-4,1,distance_5_prime,36956,36956,8,1.1834284513951141e-05,656.6112045949925
1907,L09-3,1,distance_5_prime,36956,36956,8,1.0857144408163487e-05,656.173856776495
860,L04-3,2,distance_5_prime,37006,37006,12,3.5793596227354955e-06,655.7726201477469
3043,L03-4,2,distance_3_prime,37007,37007,12,5.468557390003386e-06,655.640162365548
793,L04-2,2,distance_5_prime,37008,37008,12,8.78976636800994e-06,655.4377874622162
714,L04-1,1,distance_5_prime,37009,37009,8,8.511951311638497e-06,655.1124957884689
837,L04-3,1,distance_5_prime,37009,37009,8,8.511951311638497e-06,654.7974769823765
907,L04-4,1,distance_5_prime,37009,37009,8,8.511951311638497e-06,654.482458176284
776,L04-2,1,distance_5_prime,37009,37009,8,8.511951311638497e-06,654.1674393701916
927,L04-4,2,distance_5_prime,37010,37010,12,6.325244048999557e-06,653.8524205640991
2346,L11-4,2,distance_5_prime,37282,37282,12,7.172370593997801e-06,653.6183232818456
2303,L11-3,2,distance_5_prime,37283,37283,12,1.3801130312572599e-05,653.3509229613602
2253,L11-2,2,distance_5_prime,37283,37283,12,8.291965638094397e-06,652.8363754199165
2200,L11-1,2,distance_5_prime,37283,37283,12,1.0670489072974586e-05,652.5272260650314
2335,L11-4,2,distance_5_prime,37302,37302,12,7.172370593997801e-06,652.1293982209237
2329,L11-4,1,distance_5_prime,37306,37306,8,8.909697983512604e-06,651.8618544530264
2234,L11-2,1,distance_5_prime,37306,37306,8,8.909697983512604e-06,651.5294692600535
2185,L11-1,1,distance_5_prime,37306,37306,8,8.909697983512604e-06,651.1970840670806
2291,L11-3,1,distance_5_prime,37306,37306,8,8.909697983512604e-06,650.8646988741077
2252,L11-2,2,distance_5_prime,37357,37357,12,8.291965638094397e-06,650.5323136811348
4525,L10-4,2,distance_3_prime,37404,37404,12,9.642031543906196e-06,650.2225507207926
3604,L06-1,2,distance_3_prime,37474,37474,12,9.756978068752546e-06,649.8619001729243
4258,L09-2,1,distance_3_prime,37511,37511,8,1.1834284513951141e-05,649.4962671767759
4295,L09-3,1,distance_3_prime,37511,37511,8,1.0857144408163487e-05,649.0523513303731
4345,L09-4,1,distance_3_prime,37511,37511,8,1.1834284513951141e-05,648.6450889864784
4215,L09-1,1,distance_3_prime,37511,37511,8,1.0857144408163487e-05,648.2011731400756
4269,L09-2,2,distance_3_prime,37516,37516,12,1.4618903460416273e-05,647.793910796181
4312,L09-3,2,distance_3_prime,37516,37516,12,9.988912307338854e-06,647.24546801396
4229,L09-1,2,distance_3_prime,37517,37517,12,1.3485509819698733e-05,646.8707239798379
4357,L09-4,2,distance_3_prime,37519,37519,12,1.571309974937606e-05,646.3647881079322
4574,L11-1,2,distance_3_prime,37555,37555,12,1.0670489072974586e-05,645.7752483184354
2042,L10-2,2,distance_5_prime,37806,37806,12,5.704430631271309e-06,645.3745181012998
1459,L07-1,2,distance_5_prime,37829,37829,12,9.170413799638686e-06,645.1588563968539
795,L04-2,2,distance_5_prime,37875,37875,12,8.78976636800994e-06,644.8119488132274
511,L03-1,2,distance_5_prime,37880,37880,12,9.821333573410376e-06,644.479036412039
289,L02-2,1,distance_5_prime,37906,37906,8,9.06305050951337e-06,644.1070042962782
358,L02-3,1,distance_5_prime,37906,37906,8,9.06305050951337e-06,643.7634603036646
426,L02-4,1,distance_5_prime,37906,37906,8,9.06305050951337e-06,643.419916311051
219,L02-1,1,distance_5_prime,37906,37906,8,9.06305050951337e-06,643.0763723184374
239,L02-1,2,distance_5_prime,37907,37907,12,6.2998409290165425e-06,642.7328283258238
311,L02-2,2,distance_5_prime,37908,37908,12,6.416817194503354e-06,642.4940202557276
381,L02-3,2,distance_5_prime,37909,37909,12,7.0366456779163085e-06,642.2507715495184
1032,L05-2,2,distance_5_prime,38050,38050,12,4.967929942251954e-06,641.9840193485143
1277,L06-2,2,distance_5_prime,38413,38413,12,6.113419209891512e-06,641.7949896142115
3782,L06-4,2,distance_3_prime,38484,38484,12,7.469756822066657e-06,641.560154842102
1841,L09-1,2,distance_5_prime,38740,38740,12,1.3485509819698733e-05,641.2726887205615
1908,L09-3,1,distance_5_prime,38745,38745,8,1.0857144408163487e-05,640.7502600701464
1828,L09-1,1,distance_5_prime,38745,38745,8,1.0857144408163487e-05,640.3296000100521
1691,L08-2,2,distance_5_prime,38749,38749,12,1.0121747755924174e-05,639.9089399499578
1647,L08-1,2,distance_5_prime,38749,38749,12,1.2295863056874513e-05,639.5167323461635
1448,L07-1,2,distance_5_prime,38749,38749,12,9.170413799638686e-06,639.0402799485727
1793,L08-4,2,distance_5_prime,38749,38749,12,9.412872102600306e-06,638.6849355842505
1544,L07-3,2,distance_5_prime,38750,38750,12,9.662271406762302e-06,638.3201962031469
1594,L07-4,2,distance_5_prime,38750,38750,12,9.747918819332073e-06,637.9457831861349
1745,L08-3,2,distance_5_prime,38750,38750,12,4.900401383710004e-06,637.5680513318858
1496,L07-2,2,distance_5_prime,38751,38751,12,8.52401677242367e-06,637.3781607782671
1631,L08-1,1,distance_5_prime,38752,38752,8,6.4710416840238876e-06,637.0478466043189
1580,L07-4,1,distance_5_prime,38752,38752,8,6.709022964985609e-06,636.7970807969796
1433,L07-1,1,distance_5_prime,38752,38752,8,6.7824142172966825e-06,636.5370927390404
1482,L07-2,1,distance_5_prime,38752,38752,8,6.7824142172966825e-06,636.2742606232918
1730,L08-3,1,distance_5_prime,38752,38752,8,6.4710416840238876e-06,636.0114285075431
1530,L07-3,1,distance_5_prime,38752,38752,8,6.7824142172966825e-06,635.7606627002037
1778,L08-4,1,distance_5_prime,38752,38752,8,6.4710416840238876e-06,635.4978305844551
1676,L08-2,1,distance_5_prime,38752,38752,8,6.4710416840238876e-06,635.2470647771157
1923,L09-3,2,distance_5_prime,38754,38754,12,9.988912307338854e-06,634.9962989697764
2145,L10-4,2,distance_5_prime,38889,38889,12,9.642031543906196e-06,634.6091886622178
3593,L06-1,2,distance_3_prime,39471,39471,12,9.756978068752546e-06,634.2342196975068
4299,L09-3,2,distance_3_prime,39597,39597,12,9.988912307338854e-06,633.849102016155
3662,L06-2,2,distance_3_prime,39889,39889,12,6.113419209891512e-06,633.4535710555214
2250,L11-2,2,distance_5_prime,40172,40172,12,8.291965638094397e-06,633.209712876658
4396,L10-1,2,distance_3_prime,40173,40173,12,1.005999951376669e-05,632.8766080330445
1276,L06-2,2,distance_5_prime,40238,40238,12,6.113419209891512e-06,632.472467672578
2767,L02-3,2,distance_3_prime,40964,40964,12,7.0366456779163085e-06,632.2264759104104
120,L01-3,2,distance_5_prime,41031,41031,12,6.790137777553954e-06,631.9382267568602
863,L04-3,2,distance_5_prime,41037,41037,12,3.5793596227354955e-06,631.6596206137094
3845,L07-1,2,distance_3_prime,41384,41384,12,9.170413799638686e-06,631.5127344328712
4141,L08-3,2,distance_3_prime,41385,41385,12,4.900401383710004e-06,631.133226028187
4041,L08-1,2,distance_3_prime,41385,41385,12,1.2295863056874513e-05,630.9304229169221
4189,L08-4,2,distance_3_prime,41386,41386,12,9.412872102600306e-06,630.4215586243133
4086,L08-2,2,distance_3_prime,41386,41386,12,1.0121747755924174e-05,630.0319974994751
3828,L07-1,1,distance_3_prime,41387,41387,8,6.7824142172966825e-06,629.6130988468484
4026,L08-1,1,distance_3_prime,41387,41387,8,6.4710416840238876e-06,629.3323950696372
4173,L08-4,1,distance_3_prime,41387,41387,8,6.4710416840238876e-06,629.0645780674605
4071,L08-2,1,distance_3_prime,41387,41387,8,6.4710416840238876e-06,628.7967610652838
3925,L07-3,1,distance_3_prime,41387,41387,8,6.7824142172966825e-06,628.5289440631071
3877,L07-2,1,distance_3_prime,41387,41387,8,6.7824142172966825e-06,628.2482402858959
3975,L07-4,1,distance_3_prime,41387,41387,8,6.709022964985609e-06,627.9675365086847
3942,L07-3,2,distance_3_prime,41387,41387,12,9.662271406762302e-06,627.6898701752328
4125,L08-3,1,distance_3_prime,41387,41387,8,6.4710416840238876e-06,627.2899777485212
3990,L07-4,2,distance_3_prime,41387,41387,12,9.747918819332073e-06,627.0221607463445
3893,L07-2,2,distance_3_prime,41389,41389,12,8.52401677242367e-06,626.6187236301688
607,L03-3,2,distance_5_prime,41468,41468,12,8.342573892610218e-06,626.265923099975
1275,L06-2,2,distance_5_prime,41474,41474,12,6.113419209891512e-06,625.9199732457962
2771,L02-3,2,distance_3_prime,41503,41503,12,7.0366456779163085e-06,625.6664252974851
2746,L02-3,1,distance_3_prime,41504,41504,8,9.06305050951337e-06,625.3743833919145
2814,L02-4,1,distance_3_prime,41504,41504,8,9.06305050951337e-06,624.9982305435677
2677,L02-2,1,distance_3_prime,41504,41504,8,9.06305050951337e-06,624.6220776952209
2631,L02-1,2,distance_3_prime,41504,41504,12,6.2998409290165425e-06,624.2459248468741
2607,L02-1,1,distance_3_prime,41504,41504,8,9.06305050951337e-06,623.9844562489562
2839,L02-4,2,distance_3_prime,41505,41505,12,8.349626702106193e-06,623.6083034006094
75,L01-2,2,distance_5_prime,41507,41507,12,1.1707259964585538e-05,623.2617521443385
3530,L05-4,2,distance_3_prime,41514,41514,12,3.7404151860856554e-06,622.7758189049885
3493,L05-3,2,distance_3_prime,41648,41648,12,8.46067232732649e-06,622.6205393089533
1903,L09-3,1,distance_5_prime,41722,41722,8,1.0857144408163487e-05,622.2681692278649
1823,L09-1,1,distance_5_prime,41722,41722,8,1.0857144408163487e-05,621.8151874488675
1966,L09-4,2,distance_5_prime,41722,41722,12,1.571309974937606e-05,621.3622056698701
1867,L09-2,1,distance_5_prime,41722,41722,8,1.1834284513951141e-05,620.7066237221267
1954,L09-4,1,distance_5_prime,41722,41722,8,1.1834284513951141e-05,620.2128737036356
1836,L09-1,2,distance_5_prime,41724,41724,12,1.3485509819698733e-05,619.7191236851446
3430,L05-2,2,distance_3_prime,41757,41757,12,4.967929942251954e-06,619.1564542734275
1106,L05-3,2,distance_5_prime,41895,41895,12,8.46067232732649e-06,618.9490084228289
664,L03-4,2,distance_5_prime,41949,41949,12,5.468557390003386e-06,618.5945485556756
1384,L06-4,2,distance_5_prime,42114,42114,12,7.469756822066657e-06,618.3651480417224
2458,L01-2,2,distance_3_prime,42205,42205,12,1.1707259964585538e-05,618.0505667029179
2509,L01-3,2,distance_3_prime,42206,42206,12,6.790137777553954e-06,617.5564617961126
2404,L01-1,2,distance_3_prime,42207,42207,12,7.559159874971496e-06,617.2698772410731
2558,L01-4,2,distance_3_prime,42207,42207,12,9.992630435054149e-06,616.9508277802302
2446,L01-2,1,distance_3_prime,42208,42208,8,1.0538407225131994e-05,616.5290688274579
2389,L01-1,1,distance_3_prime,42208,42208,8,1.0538407225131994e-05,616.0842637352995
2493,L01-3,1,distance_3_prime,42208,42208,8,1.0538407225131994e-05,615.6394586431411
2547,L01-4,1,distance_3_prime,42208,42208,8,1.0538407225131994e-05,615.1946535509827
2997,L03-3,2,distance_3_prime,42230,42230,12,8.342573892610218e-06,614.7498484588243
561,L03-2,2,distance_5_prime,42400,42400,12,7.594782890473104e-06,614.3975415633394
2841,L02-4,2,distance_3_prime,42440,42440,12,8.349626702106193e-06,614.0755227687833
4160,L08-4,1,distance_3_prime,42482,42482,8,6.4710416840238876e-06,613.721164611546
4013,L08-1,1,distance_3_prime,42482,42482,8,6.4710416840238876e-06,613.4462618187252
4175,L08-4,2,distance_3_prime,42482,42482,12,9.412872102600306e-06,613.1713590259045
4058,L08-2,1,distance_3_prime,42482,42482,8,6.4710416840238876e-06,612.7714813932419
4073,L08-2,2,distance_3_prime,42482,42482,12,1.0121747755924174e-05,612.4965786004211
4127,L08-3,2,distance_3_prime,42482,42482,12,4.900401383710004e-06,612.0665865122539
4112,L08-3,1,distance_3_prime,42482,42482,8,6.4710416840238876e-06,611.8584076606712
4028,L08-1,2,distance_3_prime,42483,42483,12,1.2295863056874513e-05,611.5835048678505
318,L02-2,2,distance_5_prime,42524,42524,12,6.416817194503354e-06,611.0611397176053
3045,L03-4,2,distance_3_prime,42681,42681,12,5.468557390003386e-06,610.7882709832263
2204,L11-1,2,distance_5_prime,42735,42735,12,1.0670489072974586e-05,610.5548674852636
180,L01-4,2,distance_5_prime,42796,42796,12,9.992630435054149e-06,610.09886413473
3660,L06-2,2,distance_3_prime,42927,42927,12,6.113419209891512e-06,609.6712195226314
2036,L10-2,1,distance_5_prime,42946,42946,8,7.982948422170244e-06,609.4087887762084
2089,L10-3,1,distance_5_prime,42946,42946,8,7.982948422170244e-06,609.06595307327
1997,L10-1,1,distance_5_prime,42946,42946,8,7.982948422170244e-06,608.7231173703315
2055,L10-2,2,distance_5_prime,42946,42946,12,5.704430631271309e-06,608.380281667393
2134,L10-4,1,distance_5_prime,42946,42946,8,7.982948422170244e-06,608.1352991895023
2009,L10-1,2,distance_5_prime,42947,42947,12,1.005999951376669e-05,607.7924634865639
2103,L10-3,2,distance_5_prime,42947,42947,12,8.534978118449848e-06,607.3604166874461
2148,L10-4,2,distance_5_prime,42949,42949,12,9.642031543906196e-06,606.993864982193
3649,L06-2,2,distance_3_prime,43375,43375,12,6.113419209891512e-06,606.5797493694138
3583,L06-1,1,distance_3_prime,43377,43377,8,1.0926468961316203e-05,606.3145798111848
3703,L06-3,1,distance_3_prime,43377,43377,8,1.0926468961316203e-05,605.8406223670497
3638,L06-2,1,distance_3_prime,43377,43377,8,1.0926468961316203e-05,605.3666649229147
3759,L06-4,1,distance_3_prime,43377,43377,8,1.0926468961316203e-05,604.8927074787796
3770,L06-4,2,distance_3_prime,43378,43378,12,7.469756822066657e-06,604.4187500346445
3598,L06-1,2,distance_3_prime,43379,43379,12,9.756978068752546e-06,604.0947269232169
121,L01-3,2,distance_5_prime,43555,43555,12,6.790137777553954e-06,603.6714789715725
3175,L04-2,2,distance_3_prime,43780,43780,12,8.78976636800994e-06,603.3757345206711
2945,L03-2,2,distance_3_prime,43982,43982,12,7.594782890473104e-06,602.9909185490797
3778,L06-4,2,distance_3_prime,44232,44232,12,7.469756822066657e-06,602.6568848079909
3888,L07-2,2,distance_3_prime,44300,44300,12,8.52401677242367e-06,602.3264825242372
1342,L06-3,2,distance_5_prime,44345,44345,12,7.982040409079571e-06,601.9488685812189
1104,L05-3,2,distance_5_prime,44481,44481,12,8.46067232732649e-06,601.5949049992782
2926,L03-2,1,distance_3_prime,44507,44507,8,1.009527414978863e-05,601.2185658334864
3034,L03-4,1,distance_3_prime,44507,44507,8,1.009527414978863e-05,600.7692554669018
2978,L03-3,1,distance_3_prime,44507,44507,8,1.009527414978863e-05,600.3199451003171
2898,L03-1,2,distance_3_prime,44507,44507,12,9.821333573410376e-06,599.8706347337325
2885,L03-1,1,distance_3_prime,44507,44507,8,1.009527414978863e-05,599.4335166403807
3056,L03-4,2,distance_3_prime,44509,44509,12,5.468557390003386e-06,598.9842062737961
3055,L03-4,2,distance_3_prime,44610,44610,12,5.468557390003386e-06,598.7408062529245
3524,L05-4,1,distance_3_prime,44732,44732,8,7.056770839305861e-06,598.4968539077564
3407,L05-2,1,distance_3_prime,44732,44732,8,7.051943736066902e-06,598.1811904345726
3357,L05-1,1,distance_3_prime,44732,44732,8,7.056770839305861e-06,597.8657428873709
3473,L05-3,1,distance_3_prime,44732,44732,8,7.051943736066902e-06,597.550079414187
3371,L05-1,2,distance_3_prime,44734,44734,12,6.6064779819852355e-06,597.2346318669853
1883,L09-2,2,distance_5_prime,44917,44917,12,1.4618903460416273e-05,596.9390976809392
1971,L09-4,2,distance_5_prime,44964,44964,12,1.571309974937606e-05,596.2824603942076
130,L01-3,2,distance_5_prime,44997,44997,12,6.790137777553954e-06,595.5759365770767
78,L01-2,2,distance_5_prime,44997,44997,12,1.1707259964585538e-05,595.2704007475002
23,L01-1,2,distance_5_prime,44998,44998,12,7.559159874971496e-06,594.7436091708737
181,L01-4,2,distance_5_prime,44999,44999,12,9.992630435054149e-06,594.4034620948197
111,L01-3,1,distance_5_prime,45000,45000,8,1.0538407225131994e-05,593.9538037178727
7,L01-1,1,distance_5_prime,45000,45000,8,1.0538407225131994e-05,593.4795753927417
64,L01-2,1,distance_5_prime,45000,45000,8,1.0538407225131994e-05,593.0053470676107
165,L01-4,1,distance_5_prime,45000,45000,8,1.0538407225131994e-05,592.5311187424797
231,L02-1,2,distance_5_prime,45007,45007,12,6.2998409290165425e-06,592.0568904173488
921,L04-4,2,distance_5_prime,45013,45013,12,6.325244048999557e-06,591.7733534766566
1829,L09-1,1,distance_5_prime,45249,45249,8,1.0857144408163487e-05,591.488635266279
1959,L09-4,1,distance_5_prime,45249,45249,8,1.1834284513951141e-05,590.997360338954
1872,L09-2,1,distance_5_prime,45249,45249,8,1.1834284513951141e-05,590.4618707989822
1909,L09-3,1,distance_5_prime,45249,45249,8,1.0857144408163487e-05,589.9263812590104
1926,L09-3,2,distance_5_prime,45252,45252,12,9.988912307338854e-06,589.4351063316855
1842,L09-1,2,distance_5_prime,45253,45253,12,1.3485509819698733e-05,588.9830880719537
1917,L09-3,2,distance_5_prime,45823,45823,12,9.988912307338854e-06,588.3728282960828
2758,L02-3,2,distance_3_prime,45874,45874,12,7.0366456779163085e-06,587.9151063674236
3491,L05-3,2,distance_3_prime,45911,45911,12,8.46067232732649e-06,587.5923072835949
1154,L05-4,2,distance_5_prime,46011,46011,12,3.7404151860856554e-06,587.203869356375
670,L03-4,2,distance_5_prime,46016,46016,12,5.468557390003386e-06,587.031769113248
3839,L07-1,2,distance_3_prime,46053,46053,12,9.170413799638686e-06,586.7801279763895
2750,L02-3,2,distance_3_prime,46199,46199,12,7.0366456779163085e-06,586.3578029096748
1208,L06-1,2,distance_5_prime,46236,46236,12,9.756978068752546e-06,586.0327169160007
906,L04-4,1,distance_5_prime,46296,46296,8,8.511951311638497e-06,585.5815932780139
713,L04-1,1,distance_5_prime,46296,46296,8,8.511951311638497e-06,585.1875239800903
836,L04-3,1,distance_5_prime,46296,46296,8,8.511951311638497e-06,584.7934546821667
775,L04-2,1,distance_5_prime,46296,46296,8,8.511951311638497e-06,584.3993853842431
926,L04-4,2,distance_5_prime,46297,46297,12,6.325244048999557e-06,584.0053160863196
2406,L01-1,2,distance_3_prime,46578,46578,12,7.559159874971496e-06,583.712476262583
3936,L07-3,2,distance_3_prime,47403,47403,12,9.662271406762302e-06,583.3603857139266
123,L01-3,2,distance_5_prime,47422,47422,12,6.790137777553954e-06,582.9023650624318
3920,L07-3,1,distance_3_prime,47550,47550,8,6.7824142172966825e-06,582.5803631487447
3970,L07-4,1,distance_3_prime,47550,47550,8,6.709022964985609e-06,582.2578593527122
4168,L08-4,1,distance_3_prime,47550,47550,8,6.4710416840238876e-06,581.9388453107272
3872,L07-2,1,distance_3_prime,47550,47550,8,6.7824142172966825e-06,581.6311472786518
3823,L07-1,1,distance_3_prime,47550,47550,8,6.7824142172966825e-06,581.3086434826193
4120,L08-3,1,distance_3_prime,47550,47550,8,6.4710416840238876e-06,580.9861396865869
4021,L08-1,1,distance_3_prime,47550,47550,8,6.4710416840238876e-06,580.6784416545115
4066,L08-2,1,distance_3_prime,47550,47550,8,6.4710416840238876e-06,580.3707436224362
3984,L07-4,2,distance_3_prime,47551,47551,12,9.747918819332073e-06,580.0630455903608
4183,L08-4,2,distance_3_prime,47552,47552,12,9.412872102600306e-06,579.5995223025828
612,L03-3,2,distance_5_prime,47767,47767,12,8.342573892610218e-06,579.15192140836
1393,L06-4,2,distance_5_prime,48159,48159,12,7.469756822066657e-06,578.7534216812317
2699,L02-2,2,distance_3_prime,48377,48377,12,6.416817194503354e-06,578.3936856624377
988,L05-1,2,distance_5_prime,48396,48396,12,6.6064779819852355e-06,578.0832592970193
974,L05-1,1,distance_5_prime,48398,48398,8,7.056770839305861e-06,577.7635321886031
1090,L05-3,1,distance_5_prime,48398,48398,8,7.051943736066902e-06,577.4219985935224
1024,L05-2,1,distance_5_prime,48398,48398,8,7.051943736066902e-06,577.0806986205843
1141,L05-4,1,distance_5_prime,48398,48398,8,7.056770839305861e-06,576.7393986476461
1042,L05-2,2,distance_5_prime,48399,48399,12,4.967929942251954e-06,576.3978650525654
786,L04-2,2,distance_5_prime,48482,48482,12,8.78976636800994e-06,576.1574222112904
993,L05-1,2,distance_5_prime,48661,48661,12,6.6064779819852355e-06,575.7312767582365
792,L04-2,2,distance_5_prime,48845,48845,12,8.78976636800994e-06,575.4097989331551
3537,L05-4,2,distance_3_prime,49040,49040,12,3.7404151860856554e-06,574.9804627949097
1328,L06-3,2,distance_5_prime,49273,49273,12,7.982040409079571e-06,574.797032834184
859,L04-3,2,distance_5_prime,49395,49395,12,3.5793596227354955e-06,574.4037337571075
546,L03-2,2,distance_5_prime,49410,49410,12,7.594782890473104e-06,574.2269312885425
4441,L10-2,2,distance_3_prime,49553,49553,12,5.704430631271309e-06,573.8516730659242
2760,L02-3,2,distance_3_prime,49625,49625,12,7.0366456779163085e-06,573.5690014148528
3712,L06-3,2,distance_3_prime,49754,49754,12,7.982040409079571e-06,573.2198078730862
1330,L06-3,2,distance_5_prime,50129,50129,12,7.982040409079571e-06,572.8226694345728
3173,L04-2,2,distance_3_prime,50141,50141,12,8.78976636800994e-06,572.4225377309061
3549,L05-4,2,distance_3_prime,50192,50192,12,3.7404151860856554e-06,571.9818100554478
797,L04-2,2,distance_5_prime,50374,50374,12,8.78976636800994e-06,571.7940711364278
2351,L11-4,2,distance_5_prime,50935,50935,12,7.172370593997801e-06,571.3512954454056
3304,L04-4,2,distance_3_prime,50979,50979,12,6.325244048999557e-06,570.9859707492003
1113,L05-3,2,distance_5_prime,51483,51483,12,8.46067232732649e-06,570.6635161328263
2821,L02-4,2,distance_3_prime,51715,51715,12,8.349626702106193e-06,570.2279353393985
1265,L06-2,2,distance_5_prime,51783,51783,12,6.113419209891512e-06,569.7961343944991
1386,L06-4,2,distance_5_prime,51784,51784,12,7.469756822066657e-06,569.4795632075533
1254,L06-2,1,distance_5_prime,51786,51786,8,1.0926468961316203e-05,569.0927493202794
1319,L06-3,1,distance_5_prime,51786,51786,8,1.0926468961316203e-05,568.5269111986487
1375,L06-4,1,distance_5_prime,51786,51786,8,1.0926468961316203e-05,567.961073077018
1199,L06-1,1,distance_5_prime,51786,51786,8,1.0926468961316203e-05,567.3952349553873
2818,L02-4,2,distance_3_prime,52414,52414,12,8.349626702106193e-06,566.8293968337566
3363,L05-1,2,distance_3_prime,52464,52464,12,6.6064779819852355e-06,566.3917594997924
3535,L05-4,2,distance_3_prime,52582,52582,12,3.7404151860856554e-06,566.0451572389455
1048,L05-2,2,distance_5_prime,52598,52598,12,4.967929942251954e-06,565.8484787276308
368,L02-3,2,distance_5_prime,52642,52642,12,7.0366456779163085e-06,565.5871755485282
2934,L03-2,2,distance_3_prime,52695,52695,12,7.594782890473104e-06,565.2167524467513
2888,L03-1,2,distance_3_prime,53054,53054,12,9.821333573410376e-06,564.8165453623378
2920,L03-2,1,distance_3_prime,53056,53056,8,1.009527414978863e-05,564.2954843309341
3028,L03-4,1,distance_3_prime,53056,53056,8,1.009527414978863e-05,563.7598694656429
2982,L03-3,2,distance_3_prime,53056,53056,12,8.342573892610218e-06,563.2242546003516
2879,L03-1,1,distance_3_prime,53056,53056,8,1.009527414978863e-05,562.7816309999052
2972,L03-3,1,distance_3_prime,53056,53056,8,1.009527414978863e-05,562.246016134614
2610,L02-1,2,distance_3_prime,53331,53331,12,6.2998409290165425e-06,561.7104012693228
246,L02-1,2,distance_5_prime,53379,53379,12,6.2998409290165425e-06,561.3744244527375
3596,L06-1,2,distance_3_prime,53499,53499,12,9.756978068752546e-06,561.0381452437875
443,L02-4,2,distance_5_prime,53547,53547,12,8.349626702106193e-06,560.5161566740874
931,L04-4,2,distance_5_prime,53843,53843,12,6.325244048999557e-06,560.0690592130696
2246,L11-2,2,distance_5_prime,53999,53999,12,8.291965638094397e-06,559.7284890977394
2043,L10-2,2,distance_5_prime,54161,54161,12,5.704430631271309e-06,559.2807312452479
4301,L09-3,2,distance_3_prime,54194,54194,12,9.988912307338854e-06,558.9717735778277
4338,L09-4,1,distance_3_prime,54198,54198,8,1.1834284513951141e-05,558.4304344642437
4287,L09-3,1,distance_3_prime,54198,54198,8,1.0857144408163487e-05,557.7890399121566
4251,L09-2,1,distance_3_prime,54198,54198,8,1.1834284513951141e-05,557.200604399523
4207,L09-1,1,distance_3_prime,54198,54198,8,1.0857144408163487e-05,556.5592098474358
4350,L09-4,2,distance_3_prime,54201,54201,12,1.571309974937606e-05,555.9707743348022
4220,L09-1,2,distance_3_prime,54204,54204,12,1.3485509819698733e-05,555.1191086152862
3424,L05-2,2,distance_3_prime,54403,54403,12,4.967929942251954e-06,554.3881400410193
4631,L11-2,2,distance_3_prime,54909,54909,12,8.291965638094397e-06,554.1178697483709
3548,L05-4,2,distance_3_prime,54925,54925,12,3.7404151860856554e-06,553.6625662071488
3731,L06-3,2,distance_3_prime,54972,54972,12,7.982040409079571e-06,553.457123903053
3711,L06-3,1,distance_3_prime,54973,54973,8,1.0926468961316203e-05,553.0183351776851
3591,L06-1,1,distance_3_prime,54973,54973,8,1.0926468961316203e-05,552.4176743994747
3646,L06-2,1,distance_3_prime,54973,54973,8,1.0926468961316203e-05,551.8170136212642
3767,L06-4,1,distance_3_prime,54973,54973,8,1.0926468961316203e-05,551.2163528430538
3610,L06-1,2,distance_3_prime,54973,54973,12,9.756978068752546e-06,550.6156920648433
602,L03-3,2,distance_5_prime,55148,55148,12,8.342573892610218e-06,550.0793217094698
3787,L06-4,2,distance_3_prime,55624,55624,12,7.469756822066657e-06,549.6192454444401
4218,L09-1,1,distance_3_prime,55876,55876,8,1.0857144408163487e-05,549.2037476909695
4232,L09-1,2,distance_3_prime,55876,55876,12,1.3485509819698733e-05,548.597093890019
4315,L09-3,2,distance_3_prime,55876,55876,12,9.988912307338854e-06,547.8435775433335
4298,L09-3,1,distance_3_prime,55876,55876,8,1.0857144408163487e-05,547.2854370792486
4348,L09-4,1,distance_3_prime,55876,55876,8,1.1834284513951141e-05,546.678783278298
4261,L09-2,1,distance_3_prime,55876,55876,8,1.1834284513951141e-05,546.0175307967966
4360,L09-4,2,distance_3_prime,55877,55877,12,1.571309974937606e-05,545.3562783152951
3039,L03-4,2,distance_3_prime,56156,56156,12,5.468557390003386e-06,544.4782774405992
2453,L01-2,2,distance_3_prime,56212,56212,12,1.1707259964585538e-05,544.1711851318062
3246,L04-3,2,distance_3_prime,56293,56293,12,3.5793596227354955e-06,543.5130966346769
3312,L04-4,2,distance_3_prime,56399,56399,12,6.325244048999557e-06,543.3116037434343
3046,L03-4,2,distance_3_prime,56863,56863,12,5.468557390003386e-06,542.9548663043147
3723,L06-3,2,distance_3_prime,56923,56923,12,7.982040409079571e-06,542.643907725447
3242,L04-3,2,distance_3_prime,57311,57311,12,3.5793596227354955e-06,542.1895460392409
4440,L10-2,2,distance_3_prime,57474,57474,12,5.704430631271309e-06,541.9844093599023
1889,L09-2,2,distance_5_prime,57946,57946,12,1.4618903460416273e-05,541.6565529138006
3669,L06-2,2,distance_3_prime,58071,58071,12,6.113419209891512e-06,540.8094459338834
445,L02-4,2,distance_5_prime,58356,58356,12,8.349626702106193e-06,540.4544335669458
3296,L04-4,2,distance_3_prime,58364,58364,12,6.325244048999557e-06,539.9671827511177
4730,L11-4,2,distance_3_prime,59856,59856,12,7.172370593997801e-06,539.5980162074419
547,L03-2,2,distance_5_prime,59980,59980,12,7.594782890473104e-06,539.1687067931675
3089,L04-1,1,distance_3_prime,60110,60110,8,8.511951311638497e-06,538.7131717153969
3212,L04-3,1,distance_3_prime,60110,60110,8,8.511951311638497e-06,538.2015183220543
3151,L04-2,1,distance_3_prime,60110,60110,8,8.511951311638497e-06,537.6898649287117
3282,L04-4,1,distance_3_prime,60110,60110,8,8.511951311638497e-06,537.1782115353691
3165,L04-2,2,distance_3_prime,60112,60112,12,8.78976636800994e-06,536.6665581420265
3305,L04-4,2,distance_3_prime,60315,60315,12,6.325244048999557e-06,536.1381877061127
1395,L06-4,2,distance_5_prime,61072,61072,12,7.469756822066657e-06,535.7566806112973
3486,L05-3,2,distance_3_prime,61469,61469,12,8.46067232732649e-06,535.3004876226601
3786,L06-4,2,distance_3_prime,61540,61540,12,7.469756822066657e-06,534.7804185553716
656,L03-4,2,distance_5_prime,61763,61763,12,5.468557390003386e-06,534.3207297205416
558,L03-2,2,distance_5_prime,62043,62043,12,7.594782890473104e-06,533.9829752104629
4534,L10-4,2,distance_3_prime,62254,62254,12,9.642031543906196e-06,533.5117720955892
1151,L05-4,2,distance_5_prime,62254,62254,12,3.7404151860856554e-06,532.9115170638548
4489,L10-3,2,distance_3_prime,62257,62257,12,8.534978118449848e-06,532.6786612568602
4383,L10-1,1,distance_3_prime,62258,62258,8,7.982948422170244e-06,532.1472991241399
4422,L10-2,1,distance_3_prime,62258,62258,8,7.982948422170244e-06,531.6502967212724
4520,L10-4,1,distance_3_prime,62258,62258,8,7.982948422170244e-06,531.153294318405
4395,L10-1,2,distance_3_prime,62258,62258,12,1.005999951376669e-05,530.6562919155375
4475,L10-3,1,distance_3_prime,62258,62258,8,7.982948422170244e-06,530.0299764658095
4444,L10-2,2,distance_3_prime,62260,62260,12,5.704430631271309e-06,529.532974062942
2817,L02-4,2,distance_3_prime,62363,62363,12,8.349626702106193e-06,529.1778162118391
3370,L05-1,2,distance_3_prime,62500,62500,12,6.6064779819852355e-06,528.6571084418156
1209,L06-1,2,distance_5_prime,62546,62546,12,9.756978068752546e-06,528.2442035679416
4720,L11-4,2,distance_3_prime,62712,62712,12,7.172370593997801e-06,527.6339436176534
4625,L11-2,2,distance_3_prime,62712,62712,12,8.291965638094397e-06,527.1841499129625
4707,L11-4,1,distance_3_prime,62714,62714,8,8.909697983512604e-06,526.6641441638664
4681,L11-3,2,distance_3_prime,62714,62714,12,1.3801130312572599e-05,526.1053813645284
4669,L11-3,1,distance_3_prime,62714,62714,8,8.909697983512604e-06,525.2398572781058
4612,L11-2,1,distance_3_prime,62714,62714,8,8.909697983512604e-06,524.6810944787678
4563,L11-1,1,distance_3_prime,62714,62714,8,8.909697983512604e-06,524.1223316794299
4576,L11-1,2,distance_3_prime,62716,62716,12,1.0670489072974586e-05,523.5635688800919
3941,L07-3,2,distance_3_prime,62723,62723,12,9.662271406762302e-06,522.8943584873913
319,L02-2,2,distance_5_prime,63250,63250,12,6.416817194503354e-06,522.2883118379449
1679,L08-2,1,distance_5_prime,63683,63683,8,6.4710416840238876e-06,521.8824481503925
1485,L07-2,1,distance_5_prime,63683,63683,8,6.7824142172966825e-06,521.4703528028289
1583,L07-4,1,distance_5_prime,63683,63683,8,6.709022964985609e-06,521.0384283182287
1634,L08-1,1,distance_5_prime,63683,63683,8,6.4710416840238876e-06,520.6111776087496
1533,L07-3,1,distance_5_prime,63683,63683,8,6.7824142172966825e-06,520.1990822611859
1436,L07-1,1,distance_5_prime,63683,63683,8,6.7824142172966825e-06,519.7671577765858
1733,L08-3,1,distance_5_prime,63683,63683,8,6.4710416840238876e-06,519.3352332919857
1781,L08-4,1,distance_5_prime,63683,63683,8,6.4710416840238876e-06,518.923137944422
1452,L07-1,2,distance_5_prime,63685,63685,12,9.170413799638686e-06,518.5110425968584
1796,L08-4,2,distance_5_prime,63686,63686,12,9.412872102600306e-06,517.9270247940284
1694,L08-2,2,distance_5_prime,63687,63687,12,1.0121747755924174e-05,517.3275566213022
1649,L08-1,2,distance_5_prime,63687,63687,12,1.2295863056874513e-05,516.6829328719706
1500,L07-2,2,distance_5_prime,63687,63687,12,8.52401677242367e-06,515.8998462414675
1748,L08-3,2,distance_5_prime,63688,63688,12,4.900401383710004e-06,515.3569771852821
1549,L07-3,2,distance_5_prime,63689,63689,12,9.662271406762302e-06,515.0448804219563
1597,L07-4,2,distance_5_prime,63690,63690,12,9.747918819332073e-06,514.429500018331
1147,L05-4,2,distance_5_prime,64215,64215,12,3.7404151860856554e-06,513.8086550687278
4427,L10-2,2,distance_3_prime,64229,64229,12,5.704430631271309e-06,513.5684643075533
1102,L05-3,2,distance_5_prime,64386,64386,12,8.46067232732649e-06,513.2020744325374
2770,L02-3,2,distance_3_prime,64402,64402,12,7.0366456779163085e-06,512.6573255840701
2630,L02-1,2,distance_3_prime,64402,64402,12,6.2998409290165425e-06,512.204151529121
1552,L07-3,2,distance_5_prime,64696,64696,12,9.662271406762302e-06,511.7984291736105
1637,L08-1,1,distance_5_prime,64700,64700,8,6.4710416840238876e-06,511.17331886267857
1439,L07-1,1,distance_5_prime,64700,64700,8,6.7824142172966825e-06,510.7546424657222
1682,L08-2,1,distance_5_prime,64700,64700,8,6.4710416840238876e-06,510.3158202658631
1736,L08-3,1,distance_5_prime,64700,64700,8,6.4710416840238876e-06,509.89714386890677
1586,L07-4,1,distance_5_prime,64700,64700,8,6.709022964985609e-06,509.4784674719504
1536,L07-3,1,distance_5_prime,64700,64700,8,6.7824142172966825e-06,509.0443936861158
1455,L07-1,2,distance_5_prime,64700,64700,12,9.170413799638686e-06,508.60557148625674
1784,L08-4,1,distance_5_prime,64700,64700,8,6.4710416840238876e-06,508.0122457134201
1488,L07-2,1,distance_5_prime,64700,64700,8,6.7824142172966825e-06,507.59356931646374
1799,L08-4,2,distance_5_prime,64700,64700,12,9.412872102600306e-06,507.15474711660465
1504,L07-2,2,distance_5_prime,64701,64701,12,8.52401677242367e-06,506.5457342915664
1652,L08-1,2,distance_5_prime,64702,64702,12,1.2295863056874513e-05,505.99422188237384
1751,L08-3,2,distance_5_prime,64703,64703,12,4.900401383710004e-06,505.19865495086793
1697,L08-2,2,distance_5_prime,64705,64705,12,1.0121747755924174e-05,504.88158428013776
1600,L07-4,2,distance_5_prime,64706,64706,12,9.747918819332073e-06,504.2266565915907
2191,L11-1,2,distance_5_prime,64774,64774,12,1.0670489072974586e-05,503.595907756467
4588,L11-1,2,distance_3_prime,64807,64807,12,1.0670489072974586e-05,502.90473749725413
1387,L06-4,2,distance_5_prime,65003,65003,12,7.469756822066657e-06,502.2132151119019
2943,L03-2,2,distance_3_prime,65046,65046,12,7.594782890473104e-06,501.7276585091971
3932,L07-3,2,distance_3_prime,65132,65132,12,9.662271406762302e-06,501.2336482613034
1286,L06-2,2,distance_5_prime,65478,65478,12,6.113419209891512e-06,500.60432520003815
3238,L04-3,2,distance_3_prime,65632,65632,12,3.5793596227354955e-06,500.2040307370129
3308,L04-4,2,distance_3_prime,65636,65636,12,6.325244048999557e-06,499.9691102062535
3158,L04-2,1,distance_3_prime,65637,65637,8,8.511951311638497e-06,499.55394648785335
3096,L04-1,1,distance_3_prime,65637,65637,8,8.511951311638497e-06,498.99524753961134
3219,L04-3,1,distance_3_prime,65637,65637,8,8.511951311638497e-06,498.43654859136933
3174,L04-2,2,distance_3_prime,65637,65637,12,8.78976636800994e-06,497.8778496431273
3289,L04-4,1,distance_3_prime,65637,65637,8,8.511951311638497e-06,497.30091574803026
2563,L01-4,2,distance_3_prime,65753,65753,12,9.992630435054149e-06,496.74221679978825
3376,L05-1,2,distance_3_prime,65759,65759,12,6.6064779819852355e-06,496.0851713707921
1165,L05-4,2,distance_5_prime,66283,66283,12,3.7404151860856554e-06,495.6507359851748
4438,L10-2,2,distance_3_prime,66514,66514,12,5.704430631271309e-06,495.4028100453955
1037,L05-2,2,distance_5_prime,67073,67073,12,4.967929942251954e-06,495.0233855463871
3526,L05-4,1,distance_3_prime,67379,67379,8,7.056770839305861e-06,494.6901715813704
3409,L05-2,1,distance_3_prime,67379,67379,8,7.051943736066902e-06,494.2146934189888
3359,L05-1,1,distance_3_prime,67379,67379,8,7.056770839305861e-06,493.7395405019964
3475,L05-3,1,distance_3_prime,67379,67379,8,7.051943736066902e-06,493.2640623396148
2826,L02-4,2,distance_3_prime,67520,67520,12,8.349626702106193e-06,492.78890942262234
1906,L09-3,1,distance_5_prime,67567,67567,8,1.0857144408163487e-05,492.22514262769613
1826,L09-1,1,distance_5_prime,67567,67567,8,1.0857144408163487e-05,491.49155795146976
1870,L09-2,1,distance_5_prime,67567,67567,8,1.1834284513951141e-05,490.7579732752434
1215,L06-1,2,distance_5_prime,67567,67567,12,9.756978068752546e-06,489.95836617348925
1957,L09-4,1,distance_5_prime,67567,67567,8,1.1834284513951141e-05,489.29911643631783
2339,L11-4,2,distance_5_prime,67568,67568,12,7.172370593997801e-06,488.4995093345637
2084,L10-3,1,distance_5_prime,67569,67569,8,7.982948422170244e-06,488.01488659826845
2031,L10-2,1,distance_5_prime,67569,67569,8,7.982948422170244e-06,487.47548675633084
2129,L10-4,1,distance_5_prime,67569,67569,8,7.982948422170244e-06,486.93608691439323
1992,L10-1,1,distance_5_prime,67569,67569,8,7.982948422170244e-06,486.3966870724556
1388,L06-4,2,distance_5_prime,67570,67570,12,7.469756822066657e-06,485.857287230518
2047,L10-2,2,distance_5_prime,67570,67570,12,5.704430631271309e-06,485.35255576205094
1692,L08-2,2,distance_5_prime,67570,67570,12,1.0121747755924174e-05,484.96710738429596
850,L04-3,2,distance_5_prime,67570,67570,12,3.5793596227354955e-06,484.28318088842815
1794,L08-4,2,distance_5_prime,67571,67571,12,9.412872102600306e-06,484.0413235587199
1920,L09-3,2,distance_5_prime,67571,67571,12,9.988912307338854e-06,483.4052863778751
537,L03-2,1,distance_5_prime,67572,67572,8,1.009527414978863e-05,482.7303255843559
496,L03-1,1,distance_5_prime,67572,67572,8,1.009527414978863e-05,482.0481677195064
435,L02-4,2,distance_5_prime,67572,67572,12,8.349626702106193e-06,481.3660098546569
645,L03-4,1,distance_5_prime,67572,67572,8,1.009527414978863e-05,480.8018088791422
589,L03-3,1,distance_5_prime,67572,67572,8,1.009527414978863e-05,480.1196510142927
1648,L08-1,2,distance_5_prime,67573,67573,12,1.2295863056874513e-05,479.4374931494432
1497,L07-2,2,distance_5_prime,67573,67573,12,8.52401677242367e-06,478.606624795101
2096,L10-3,2,distance_5_prime,67573,67573,12,8.534978118449848e-06,478.030631409738
2298,L11-3,2,distance_5_prime,67573,67573,12,1.3801130312572599e-05,477.45389733334
1969,L09-4,2,distance_5_prime,67573,67573,12,1.571309974937606e-05,476.5213135547286
1449,L07-1,2,distance_5_prime,67573,67573,12,9.170413799638686e-06,475.459532265364
2194,L11-1,2,distance_5_prime,67573,67573,12,1.0670489072974586e-05,474.83985989368097
2003,L10-1,2,distance_5_prime,67574,67574,12,1.005999951376669e-05,474.1188229355528
2286,L11-3,1,distance_5_prime,67574,67574,8,8.909697983512604e-06,473.43902852840955
1731,L08-3,1,distance_5_prime,67574,67574,8,6.4710416840238876e-06,472.83696459687167
2324,L11-4,1,distance_5_prime,67574,67574,8,8.909697983512604e-06,472.39969042611546
917,L04-4,2,distance_5_prime,67574,67574,12,6.325244048999557e-06,471.79762649457757
1746,L08-3,2,distance_5_prime,67574,67574,12,4.900401383710004e-06,471.3702044532105
1839,L09-1,2,distance_5_prime,67574,67574,12,1.3485509819698733e-05,471.03906473010767
2242,L11-2,2,distance_5_prime,67574,67574,12,8.291965638094397e-06,470.12779488955135
1581,L07-4,1,distance_5_prime,67574,67574,8,6.709022964985609e-06,469.5674736035228
1434,L07-1,1,distance_5_prime,67574,67574,8,6.7824142172966825e-06,469.11411808568687
1483,L07-2,1,distance_5_prime,67574,67574,8,6.7824142172966825e-06,468.65580322736724
2180,L11-1,1,distance_5_prime,67574,67574,8,8.909697983512604e-06,468.1974883690476
1632,L08-1,1,distance_5_prime,67574,67574,8,6.4710416840238876e-06,467.59542443750973
1531,L07-3,1,distance_5_prime,67574,67574,8,6.7824142172966825e-06,467.1581502667535
1779,L08-4,1,distance_5_prime,67574,67574,8,6.4710416840238876e-06,466.6998354084339
1545,L07-3,2,distance_5_prime,67574,67574,12,9.662271406762302e-06,466.2625612376777
2229,L11-2,1,distance_5_prime,67574,67574,8,8.909697983512604e-06,465.60964290963716
1677,L08-2,1,distance_5_prime,67574,67574,8,6.4710416840238876e-06,465.0075789780993
505,L03-1,2,distance_5_prime,67574,67574,12,9.821333573410376e-06,464.57030480734306
1880,L09-2,2,distance_5_prime,67574,67574,12,1.4618903460416273e-05,463.9066380124534
350,L02-3,1,distance_5_prime,67575,67575,8,9.06305050951337e-06,462.91878023001925
551,L03-2,2,distance_5_prime,67575,67575,12,7.594782890473104e-06,462.30634459183887
418,L02-4,1,distance_5_prime,67575,67575,8,9.06305050951337e-06,461.79312713801517
1200,L06-1,1,distance_5_prime,67575,67575,8,1.0926468961316203e-05,461.1806914998348
1595,L07-4,2,distance_5_prime,67575,67575,12,9.747918819332073e-06,460.44233535977384
1376,L06-4,1,distance_5_prime,67575,67575,8,1.0926468961316203e-05,459.7836197455575
299,L02-2,2,distance_5_prime,67575,67575,12,6.416817194503354e-06,459.04526360549653
281,L02-2,1,distance_5_prime,67575,67575,8,9.06305050951337e-06,458.611647183578
1320,L06-3,1,distance_5_prime,67575,67575,8,1.0926468961316203e-05,457.9992115453976
1255,L06-2,1,distance_5_prime,67575,67575,8,1.0926468961316203e-05,457.26085540533666
599,L03-3,2,distance_5_prime,67575,67575,12,8.342573892610218e-06,456.5224992652757
2139,L10-4,2,distance_5_prime,67575,67575,12,9.642031543906196e-06,455.9587498344826
211,L02-1,1,distance_5_prime,67575,67575,8,9.06305050951337e-06,455.30718955290314
833,L04-3,1,distance_5_prime,67576,67576,8,8.511951311638497e-06,454.69475391472275
657,L03-4,2,distance_5_prime,67576,67576,12,5.468557390003386e-06,454.1195502928875
772,L04-2,1,distance_5_prime,67576,67576,8,8.511951311638497e-06,453.7500070587006
903,L04-4,1,distance_5_prime,67576,67576,8,8.511951311638497e-06,453.1748034368653
710,L04-1,1,distance_5_prime,67576,67576,8,8.511951311638497e-06,452.59959981503005
1033,L05-2,2,distance_5_prime,67584,67584,12,4.967929942251954e-06,452.0243961931948
1150,L05-4,2,distance_5_prime,67716,67716,12,3.7404151860856554e-06,451.68864361597764
2399,L01-1,2,distance_3_prime,68099,68099,12,7.559159874971496e-06,451.43535766123665
2456,L01-2,2,distance_3_prime,68102,68102,12,1.1707259964585538e-05,450.92058643291097
2555,L01-4,2,distance_3_prime,68102,68102,12,9.992630435054149e-06,450.12329861480276
2502,L01-3,2,distance_3_prime,68104,68104,12,6.790137777553954e-06,449.4427804969147
3725,L06-3,2,distance_3_prime,68104,68104,12,7.982040409079571e-06,448.9803449537121
2491,L01-3,1,distance_3_prime,68106,68106,8,1.0538407225131994e-05,448.43673607369215
2545,L01-4,1,distance_3_prime,68106,68106,8,1.0538407225131994e-05,447.7190073112173
2444,L01-2,1,distance_3_prime,68106,68106,8,1.0538407225131994e-05,447.00127854874245
2387,L01-1,1,distance_3_prime,68106,68106,8,1.0538407225131994e-05,446.2835497862676
4479,L10-3,2,distance_3_prime,68327,68327,12,8.534978118449848e-06,445.56582102379275
2985,L03-3,2,distance_3_prime,68464,68464,12,8.342573892610218e-06,444.9826515738934
3032,L03-4,1,distance_3_prime,68637,68637,8,1.009527414978863e-05,444.4114855949097
2883,L03-1,1,distance_3_prime,68637,68637,8,1.009527414978863e-05,443.71857626309065
2896,L03-1,2,distance_3_prime,68637,68637,12,9.821333573410376e-06,443.0256669312716
2940,L03-2,2,distance_3_prime,68637,68637,12,7.594782890473104e-06,442.35156005879344
2976,L03-3,1,distance_3_prime,68637,68637,8,1.009527414978863e-05,441.83027694554005
2924,L03-2,1,distance_3_prime,68637,68637,8,1.009527414978863e-05,441.137367613721
2992,L03-3,2,distance_3_prime,68637,68637,12,8.342573892610218e-06,440.4444582819019
2248,L11-2,2,distance_5_prime,68934,68934,12,8.291965638094397e-06,439.87184903763483
2300,L11-3,2,distance_5_prime,68938,68938,12,1.3801130312572599e-05,439.30025067833844
2197,L11-1,2,distance_5_prime,68940,68940,12,1.0670489072974586e-05,438.34882835685033
315,L02-2,2,distance_5_prime,69037,69037,12,6.416817194503354e-06,437.6132048401595
2231,L11-2,1,distance_5_prime,69052,69052,8,8.909697983512604e-06,437.17020703150257
2288,L11-3,1,distance_5_prime,69052,69052,8,8.909697983512604e-06,436.55497456634504
2182,L11-1,1,distance_5_prime,69052,69052,8,8.909697983512604e-06,435.9397421011875
2326,L11-4,1,distance_5_prime,69052,69052,8,8.909697983512604e-06,435.32450963603
3718,L06-3,2,distance_3_prime,69059,69059,12,7.982040409079571e-06,434.70927717087244
982,L05-1,2,distance_5_prime,70277,70277,12,6.6064779819852355e-06,434.1580454422618
1138,L05-4,1,distance_5_prime,70286,70286,8,7.056770839305861e-06,433.69376198912187
971,L05-1,1,distance_5_prime,70286,70286,8,7.056770839305861e-06,433.1977697939104
3544,L05-4,2,distance_3_prime,70363,70363,12,3.7404151860856554e-06,432.701777598699
3237,L04-3,2,distance_3_prime,70556,70556,12,3.5793596227354955e-06,432.43859076496045
1099,L05-3,2,distance_5_prime,70667,70667,12,8.46067232732649e-06,432.18604546741875
1267,L06-2,2,distance_5_prime,70672,70672,12,6.113419209891512e-06,431.58815513606356
1087,L05-3,1,distance_5_prime,70674,70674,8,7.051943736066902e-06,431.1561075736621
1021,L05-2,1,distance_5_prime,70674,70674,8,7.051943736066902e-06,430.6577185020593
787,L04-2,2,distance_5_prime,70677,70677,12,8.78976636800994e-06,430.1593294304565
374,L02-3,2,distance_5_prime,70784,70784,12,7.0366456779163085e-06,429.5380951128647
228,L02-1,2,distance_5_prime,70914,70914,12,6.2998409290165425e-06,429.0400131851991
2561,L01-4,2,distance_3_prime,71300,71300,12,9.992630435054149e-06,428.5932662655588
2342,L11-4,2,distance_5_prime,72038,72038,12,7.172370593997801e-06,427.88079171553943
1404,L06-4,2,distance_5_prime,72575,72575,12,7.469756822066657e-06,427.364108482689
3542,L05-4,2,distance_3_prime,72857,72857,12,3.7404151860856554e-06,426.8219908813275
984,L05-1,2,distance_5_prime,72863,72863,12,6.6064779819852355e-06,426.54947545211485
1088,L05-3,1,distance_5_prime,72869,72869,8,7.051943736066902e-06,426.06810764691346
972,L05-1,1,distance_5_prime,72869,72869,8,7.056770839305861e-06,425.55423955881
1022,L05-2,1,distance_5_prime,72869,72869,8,7.051943736066902e-06,425.0400197245206
1139,L05-4,1,distance_5_prime,72869,72869,8,7.056770839305861e-06,424.5261516364172
3419,L05-2,2,distance_3_prime,73651,73651,12,4.967929942251954e-06,424.0119318021278
1112,L05-3,2,distance_5_prime,74019,74019,12,8.46067232732649e-06,423.646038793951
3244,L04-3,2,distance_3_prime,75240,75240,12,3.5793596227354955e-06,423.0197882889546
3291,L04-4,1,distance_3_prime,75248,75248,8,8.511951311638497e-06,422.75047727094
3177,L04-2,2,distance_3_prime,75248,75248,12,8.78976636800994e-06,422.10996995864184
3160,L04-2,1,distance_3_prime,75248,75248,8,8.511951311638497e-06,421.44855761898185
3221,L04-3,1,distance_3_prime,75248,75248,8,8.511951311638497e-06,420.8080503066837
3098,L04-1,1,distance_3_prime,75248,75248,8,8.511951311638497e-06,420.16754299438554
2146,L10-4,2,distance_5_prime,75400,75400,12,9.642031543906196e-06,419.5270356820874
2452,L01-2,2,distance_3_prime,75470,75470,12,1.1707259964585538e-05,418.80002650367686
3721,L06-3,2,distance_3_prime,75746,75746,12,7.982040409079571e-06,417.91647959414956
3423,L05-2,2,distance_3_prime,76066,76066,12,4.967929942251954e-06,417.31187196132345
247,L02-1,2,distance_5_prime,76277,76277,12,6.2998409290165425e-06,416.9339814023361
1335,L06-3,2,distance_5_prime,76800,76800,12,7.982040409079571e-06,416.4534484357935
2890,L03-1,2,distance_3_prime,76981,76981,12,9.821333573410376e-06,415.8404277323762
1210,L06-1,2,distance_5_prime,77216,77216,12,9.756978068752546e-06,415.0843716525615
4426,L10-2,2,distance_3_prime,77478,77478,12,5.704430631271309e-06,414.33097683400473
4300,L09-3,2,distance_3_prime,77982,77982,12,9.988912307338854e-06,413.88900895755506
4386,L10-1,2,distance_3_prime,78252,78252,12,1.005999951376669e-05,413.1100535980042
2933,L03-2,2,distance_3_prime,78350,78350,12,7.594782890473104e-06,412.3228385160529
4030,L08-1,2,distance_3_prime,78513,78513,12,1.2295863056874513e-05,411.72778727658437
3913,L07-3,1,distance_3_prime,78699,78699,8,6.7824142172966825e-06,410.7624021804
4161,L08-4,1,distance_3_prime,78699,78699,8,6.4710416840238876e-06,410.22863296391296
3865,L07-2,1,distance_3_prime,78699,78699,8,6.7824142172966825e-06,409.71936845442195
3963,L07-4,1,distance_3_prime,78699,78699,8,6.709022964985609e-06,409.1855992379349
4014,L08-1,1,distance_3_prime,78699,78699,8,6.4710416840238876e-06,408.6576058396135
4113,L08-3,1,distance_3_prime,78699,78699,8,6.4710416840238876e-06,408.1483413301225
4059,L08-2,1,distance_3_prime,78699,78699,8,6.4710416840238876e-06,407.6390768206315
3816,L07-1,1,distance_3_prime,78699,78699,8,6.7824142172966825e-06,407.1298123111405
4074,L08-2,2,distance_3_prime,78702,78702,12,1.0121747755924174e-05,406.59604309465345
3831,L07-1,2,distance_3_prime,78704,78704,12,9.170413799638686e-06,405.7994413027667
4128,L08-3,2,distance_3_prime,78704,78704,12,4.900401383710004e-06,405.0776930550799
3977,L07-4,2,distance_3_prime,78705,78705,12,9.747918819332073e-06,404.6920118645764
4176,L08-4,2,distance_3_prime,78705,78705,12,9.412872102600306e-06,403.92480191390086
3927,L07-3,2,distance_3_prime,78706,78706,12,9.662271406762302e-06,403.1839618150657
3879,L07-2,2,distance_3_prime,78706,78706,12,8.52401677242367e-06,402.42348308172507
557,L03-2,2,distance_5_prime,78747,78747,12,7.594782890473104e-06,401.7525918176347
513,L03-1,2,distance_5_prime,78748,78748,12,9.821333573410376e-06,401.15452544935863
649,L03-4,1,distance_5_prime,78748,78748,8,1.009527414978863e-05,400.3811150731197
609,L03-3,2,distance_5_prime,78748,78748,12,8.342573892610218e-06,399.5861324243721
593,L03-3,1,distance_5_prime,78748,78748,8,1.009527414978863e-05,398.92917141547684
500,L03-1,1,distance_5_prime,78748,78748,8,1.009527414978863e-05,398.13418876672927
541,L03-2,1,distance_5_prime,78748,78748,8,1.009527414978863e-05,397.3392061179817
667,L03-4,2,distance_5_prime,78749,78749,12,5.468557390003386e-06,396.5442234692341
3415,L05-2,2,distance_3_prime,78906,78906,12,4.967929942251954e-06,396.11358004332874
3052,L03-4,2,distance_3_prime,79186,79186,12,5.468557390003386e-06,395.7215805633054
3364,L05-1,2,distance_3_prime,80357,80357,12,6.6064779819852355e-06,395.2885473778206
2403,L01-1,2,distance_3_prime,80357,80357,12,7.559159874971496e-06,394.7576706266222
3481,L05-3,2,distance_3_prime,80369,80369,12,8.46067232732649e-06,394.1502392165491
3469,L05-3,1,distance_3_prime,80374,80374,8,7.051943736066902e-06,393.4702634422742
3403,L05-2,1,distance_3_prime,80374,80374,8,7.051943736066902e-06,392.9034705164315
3353,L05-1,1,distance_3_prime,80374,80374,8,7.056770839305861e-06,392.33667759058886
3520,L05-4,1,distance_3_prime,80374,80374,8,7.056770839305861e-06,391.7694966911505
1332,L06-3,2,distance_5_prime,80640,80640,12,7.982040409079571e-06,391.2023157917121
555,L03-2,2,distance_5_prime,80878,80878,12,7.594782890473104e-06,390.55864405312394
1163,L05-4,2,distance_5_prime,81351,81351,12,3.7404151860856554e-06,389.94439320250825
385,L02-3,2,distance_5_prime,82248,82248,12,7.0366456779163085e-06,389.640106686705
2684,L02-2,2,distance_3_prime,82459,82459,12,6.416817194503354e-06,389.06135665298774
1034,L05-2,2,distance_5_prime,82756,82756,12,4.967929942251954e-06,388.5322323239462
2932,L03-2,2,distance_3_prime,82933,82933,12,7.594782890473104e-06,388.12110631364516
604,L03-3,2,distance_5_prime,84200,84200,12,8.342573892610218e-06,387.49124818418954
553,L03-2,2,distance_5_prime,84436,84436,12,7.594782890473104e-06,386.78880346243176
509,L03-1,2,distance_5_prime,84436,84436,12,9.821333573410376e-06,386.14753037429176
660,L03-4,2,distance_5_prime,84440,84440,12,5.468557390003386e-06,385.31825625268726
498,L03-1,1,distance_5_prime,84444,84444,8,1.009527414978863e-05,384.8564912666754
591,L03-3,1,distance_5_prime,84444,84444,8,1.009527414978863e-05,384.0040059363706
647,L03-4,1,distance_5_prime,84444,84444,8,1.009527414978863e-05,383.15152060606584
539,L03-2,1,distance_5_prime,84444,84444,8,1.009527414978863e-05,382.29903527576107
985,L05-1,2,distance_5_prime,84801,84801,12,6.6064779819852355e-06,381.4465499454563
2243,L11-2,2,distance_5_prime,85279,85279,12,8.291965638094397e-06,380.886314006106
3232,L04-3,2,distance_3_prime,86281,86281,12,3.5793596227354955e-06,380.17918346845494
2629,L02-1,2,distance_3_prime,87302,87302,12,6.2998409290165425e-06,379.8703527408457
2048,L10-2,2,distance_5_prime,87745,87745,12,5.704430631271309e-06,379.3203640280607
2753,L02-3,2,distance_3_prime,88258,88258,12,7.0366456779163085e-06,378.8198287623198
1385,L06-4,2,distance_5_prime,88275,88275,12,7.469756822066657e-06,378.19878848807826
1268,L06-2,2,distance_5_prime,88457,88457,12,6.113419209891512e-06,377.53939570461034
4425,L10-2,2,distance_3_prime,88505,88505,12,5.704430631271309e-06,376.998620981561
1693,L08-2,2,distance_5_prime,88567,88567,12,1.0121747755924174e-05,376.4937503485403
316,L02-2,2,distance_5_prime,88632,88632,12,6.416817194503354e-06,375.59729751504136
4485,L10-3,2,distance_3_prime,89422,89422,12,8.534978118449848e-06,375.0285621734581
1546,L07-3,2,distance_5_prime,89519,89519,12,9.662271406762302e-06,374.2653473601501
922,L04-4,2,distance_5_prime,89523,89523,12,6.325244048999557e-06,373.40039048608816
3658,L06-2,2,distance_3_prime,89788,89788,12,6.113419209891512e-06,372.83413566308957
1450,L07-1,2,distance_5_prime,90081,90081,12,9.170413799638686e-06,372.2852239790718
4356,L09-4,2,distance_3_prime,90551,90551,12,1.571309974937606e-05,371.4591439335866
4311,L09-3,2,distance_3_prime,90553,90553,12,9.988912307338854e-06,370.03630703818084
4344,L09-4,1,distance_3_prime,90554,90554,8,1.1834284513951141e-05,369.1317810620144
4257,L09-2,1,distance_3_prime,90554,90554,8,1.1834284513951141e-05,368.0601392621381
4214,L09-1,1,distance_3_prime,90554,90554,8,1.0857144408163487e-05,366.98849746226176
4294,L09-3,1,distance_3_prime,90554,90554,8,1.0857144408163487e-05,366.00533960752495
4268,L09-2,2,distance_3_prime,90554,90554,12,1.4618903460416273e-05,365.02218175278813
4228,L09-1,2,distance_3_prime,90556,90556,12,1.3485509819698733e-05,363.6983815688336
1795,L08-4,2,distance_5_prime,90628,90628,12,9.412872102600306e-06,362.47718774160097
1747,L08-3,2,distance_5_prime,90630,90630,12,4.900401383710004e-06,361.6241179686865
1498,L07-2,2,distance_5_prime,90630,90630,12,8.52401677242367e-06,361.1799945912809
1596,L07-4,2,distance_5_prime,90631,90631,12,9.747918819332073e-06,360.4074629511961
1780,L08-4,1,distance_5_prime,90633,90633,8,6.4710416840238876e-06,359.52399932068124
1678,L08-2,1,distance_5_prime,90633,90633,8,6.4710416840238876e-06,358.93750939973313
1732,L08-3,1,distance_5_prime,90633,90633,8,6.4710416840238876e-06,358.351019478785
1435,L07-1,1,distance_5_prime,90633,90633,8,6.7824142172966825e-06,357.7645295578369
1633,L08-1,1,distance_5_prime,90633,90633,8,6.4710416840238876e-06,357.14981901008065
1582,L07-4,1,distance_5_prime,90633,90633,8,6.709022964985609e-06,356.56332908913254
1532,L07-3,1,distance_5_prime,90633,90633,8,6.7824142172966825e-06,355.955270210747
1484,L07-2,1,distance_5_prime,90633,90633,8,6.7824142172966825e-06,355.34055966299076
3602,L06-1,2,distance_3_prime,92296,92296,12,9.756978068752546e-06,354.7258491152345
3587,L06-1,1,distance_3_prime,92300,92300,8,1.0926468961316203e-05,353.8253190674009
3763,L06-4,1,distance_3_prime,92300,92300,8,1.0926468961316203e-05,352.81680598227143
3707,L06-3,1,distance_3_prime,92300,92300,8,1.0926468961316203e-05,351.80829289714194
3642,L06-2,1,distance_3_prime,92300,92300,8,1.0926468961316203e-05,350.79977981201245
3777,L06-4,2,distance_3_prime,93505,93505,12,7.469756822066657e-06,349.79126672688295
1264,L06-2,2,distance_5_prime,93942,93942,12,6.113419209891512e-06,349.0928071152356
1198,L06-1,1,distance_5_prime,93945,93945,8,1.0926468961316203e-05,348.51850028781996
1253,L06-2,1,distance_5_prime,93945,93945,8,1.0926468961316203e-05,347.49201316124913
1318,L06-3,1,distance_5_prime,93945,93945,8,1.0926468961316203e-05,346.4655260346783
1374,L06-4,1,distance_5_prime,93945,93945,8,1.0926468961316203e-05,345.4390389081075
3885,L07-2,2,distance_3_prime,94074,94074,12,8.52401677242367e-06,344.41255178153665
2688,L02-2,2,distance_3_prime,95108,95108,12,6.416817194503354e-06,343.61066342768765
3038,L03-4,2,distance_3_prime,95145,95145,12,5.468557390003386e-06,343.0003727779528
2044,L10-2,2,distance_5_prime,95711,95711,12,5.704430631271309e-06,342.48006688508093
1329,L06-3,2,distance_5_prime,97048,97048,12,7.982040409079571e-06,341.93409012493134
1272,L06-2,2,distance_5_prime,97330,97330,12,6.113419209891512e-06,341.159449067311
1394,L06-4,2,distance_5_prime,97432,97432,12,7.469756822066657e-06,340.56442997561226
3422,L05-2,2,distance_3_prime,97725,97725,12,4.967929942251954e-06,339.8366366289247
2510,L01-3,2,distance_3_prime,97746,97746,12,6.790137777553954e-06,339.3511456753181
2461,L01-2,2,distance_3_prime,97751,97751,12,1.1707259964585538e-05,338.6874368681133
2405,L01-1,2,distance_3_prime,97753,97753,12,7.559159874971496e-06,337.5430404993151
2494,L01-3,1,distance_3_prime,97754,97754,8,1.0538407225131994e-05,336.804109944057
2548,L01-4,1,distance_3_prime,97754,97754,8,1.0538407225131994e-05,335.7739384841715
2447,L01-2,1,distance_3_prime,97754,97754,8,1.0538407225131994e-05,334.74376702428594
2390,L01-1,1,distance_3_prime,97754,97754,8,1.0538407225131994e-05,333.7135955644004
2508,L01-3,2,distance_3_prime,98060,98060,12,6.790137777553954e-06,332.68342410451487
928,L04-4,2,distance_5_prime,98316,98316,12,6.325244048999557e-06,332.0175831940479
2408,L01-1,2,distance_3_prime,98723,98723,12,7.559159874971496e-06,331.3957105001265
2618,L02-1,2,distance_3_prime,99201,99201,12,6.2998409290165425e-06,330.6494475597897
2668,L02-2,1,distance_3_prime,99203,99203,8,9.06305050951337e-06,330.02449703979033
2805,L02-4,1,distance_3_prime,99203,99203,8,9.06305050951337e-06,329.1254152400951
2598,L02-1,1,distance_3_prime,99203,99203,8,9.06305050951337e-06,328.22633344039986
2737,L02-3,1,distance_3_prime,99203,99203,8,9.06305050951337e-06,327.3272516407046
1211,L06-1,2,distance_5_prime,100035,100035,12,9.756978068752546e-06,326.4281698410094
2937,L03-2,2,distance_3_prime,100370,100370,12,7.594782890473104e-06,325.4521305399017
2893,L03-1,2,distance_3_prime,100372,100372,12,9.821333573410376e-06,324.68984218118493
2989,L03-3,2,distance_3_prime,100374,100374,12,8.342573892610218e-06,323.70405528775456
2975,L03-3,1,distance_3_prime,100375,100375,8,1.009527414978863e-05,322.8666777758577
2882,L03-1,1,distance_3_prime,100375,100375,8,1.009527414978863e-05,321.85336463307266
3031,L03-4,1,distance_3_prime,100375,100375,8,1.009527414978863e-05,320.84005149028764
2923,L03-2,1,distance_3_prime,100375,100375,8,1.009527414978863e-05,319.8267383475026
2757,L02-3,2,distance_3_prime,100499,100499,12,7.0366456779163085e-06,318.8134252047176
1166,L05-4,2,distance_5_prime,100558,100558,12,3.7404151860856554e-06,318.1062493507327
243,L02-1,2,distance_5_prime,101601,101601,12,6.2998409290165425e-06,317.7301206804503
222,L02-1,1,distance_5_prime,101605,101605,8,9.06305050951337e-06,317.09005054222126
429,L02-4,1,distance_5_prime,101605,101605,8,9.06305050951337e-06,316.16919929520213
292,L02-2,1,distance_5_prime,101605,101605,8,9.06305050951337e-06,315.248348048183
361,L02-3,1,distance_5_prime,101605,101605,8,9.06305050951337e-06,314.3274968011639
3775,L06-4,2,distance_3_prime,102798,102798,12,7.469756822066657e-06,313.40664555414475
1103,L05-3,2,distance_5_prime,102949,102949,12,8.46067232732649e-06,312.6387694923499
2835,L02-4,2,distance_3_prime,103098,103098,12,8.349626702106193e-06,311.76775173692397
3044,L03-4,2,distance_3_prime,103472,103472,12,5.468557390003386e-06,310.9069219231902
3485,L05-3,2,distance_3_prime,103767,103767,12,8.46067232732649e-06,310.3410793529318
369,L02-3,2,distance_5_prime,106209,106209,12,7.0366456779163085e-06,309.4631407675421
2899,L03-1,2,distance_3_prime,106327,106327,12,9.821333573410376e-06,308.7157856667363
4433,L10-2,2,distance_3_prime,106433,106433,12,5.704430631271309e-06,307.67151273187625
4424,L10-2,2,distance_3_prime,107244,107244,12,5.704430631271309e-06,307.06437306649815
305,L02-2,2,distance_5_prime,107752,107752,12,6.416817194503354e-06,306.45260710787807
317,L02-2,2,distance_5_prime,108227,108227,12,6.416817194503354e-06,305.76118222153593
4416,L10-2,1,distance_3_prime,109311,109311,8,7.982948422170244e-06,305.0667093470264
4377,L10-1,1,distance_3_prime,109311,109311,8,7.982948422170244e-06,304.19408527205053
4469,L10-3,1,distance_3_prime,109311,109311,8,7.982948422170244e-06,303.32146119707465
4514,L10-4,1,distance_3_prime,109311,109311,8,7.982948422170244e-06,302.4488371220988
4526,L10-4,2,distance_3_prime,109315,109315,12,9.642031543906196e-06,301.5762130471229
4388,L10-1,2,distance_3_prime,109316,109316,12,1.005999951376669e-05,300.5221943689008
4482,L10-3,2,distance_3_prime,109317,109317,12,8.534978118449848e-06,299.42247546205385
3307,L04-4,2,distance_3_prime,109576,109576,12,6.325244048999557e-06,298.48945725907924
2628,L02-1,2,distance_3_prime,110202,110202,12,6.2998409290165425e-06,297.7963623171661
4227,L09-1,2,distance_3_prime,110835,110835,12,1.3485509819698733e-05,297.10210724710663
285,L02-2,1,distance_5_prime,111843,111843,8,9.06305050951337e-06,295.6074407662403
354,L02-3,1,distance_5_prime,111843,111843,8,9.06305050951337e-06,294.5938020081048
215,L02-1,1,distance_5_prime,111843,111843,8,9.06305050951337e-06,293.58016324996925
422,L02-4,1,distance_5_prime,111843,111843,8,9.06305050951337e-06,292.5665244918337
235,L02-1,2,distance_5_prime,111844,111844,12,6.2998409290165425e-06,291.5528857336982
2698,L02-2,2,distance_3_prime,113168,113168,12,6.416817194503354e-06,290.8482863248333
1155,L05-4,2,distance_5_prime,114430,114430,12,3.7404151860856554e-06,290.12210795656574
3541,L05-4,2,distance_3_prime,114447,114447,12,3.7404151860856554e-06,289.694092246822
375,L02-3,2,distance_5_prime,114944,114944,12,7.0366456779163085e-06,289.26601295002
2402,L01-1,2,distance_3_prime,116937,116937,12,7.559159874971496e-06,288.4571927492176
3369,L05-1,2,distance_3_prime,117393,117393,12,6.6064779819852355e-06,287.57324727091805
3311,L04-4,2,distance_3_prime,117714,117714,12,6.325244048999557e-06,286.79769300117886
4308,L09-3,2,distance_3_prime,118256,118256,12,9.988912307338854e-06,286.0531232231949
4062,L08-2,1,distance_3_prime,118763,118763,8,6.4710416840238876e-06,284.8718744093783
3868,L07-2,1,distance_3_prime,118763,118763,8,6.7824142172966825e-06,284.10335408585854
3916,L07-3,1,distance_3_prime,118763,118763,8,6.7824142172966825e-06,283.29785422616976
4017,L08-1,1,distance_3_prime,118763,118763,8,6.4710416840238876e-06,282.492354366481
3966,L07-4,1,distance_3_prime,118763,118763,8,6.709022964985609e-06,281.72383404296124
3819,L07-1,1,distance_3_prime,118763,118763,8,6.7824142172966825e-06,280.9270503485707
4164,L08-4,1,distance_3_prime,118763,118763,8,6.4710416840238876e-06,280.1215504888819
4116,L08-3,1,distance_3_prime,118763,118763,8,6.4710416840238876e-06,279.35303016536216
4179,L08-4,2,distance_3_prime,118768,118768,12,9.412872102600306e-06,278.5845098418424
3834,L07-1,2,distance_3_prime,118769,118769,12,9.170413799638686e-06,277.4665618479608
3882,L07-2,2,distance_3_prime,118770,118770,12,8.52401677242367e-06,276.3774009713915
4077,L08-2,2,distance_3_prime,118771,118771,12,1.0121747755924174e-05,275.3650034993308
4032,L08-1,2,distance_3_prime,118771,118771,12,1.2295863056874513e-05,274.1628333966119
3980,L07-4,2,distance_3_prime,118771,118771,12,9.747918819332073e-06,272.7024414454839
4131,L08-3,2,distance_3_prime,118772,118772,12,4.900401383710004e-06,271.544671379393
1547,L07-3,2,distance_5_prime,118987,118987,12,9.662271406762302e-06,270.962640906247
605,L03-3,2,distance_5_prime,119613,119613,12,8.342573892610218e-06,269.8129562183706
4432,L10-2,2,distance_3_prime,121656,121656,12,5.704430631271309e-06,268.8150759273538
3418,L05-2,2,distance_3_prime,121979,121979,12,4.967929942251954e-06,268.12109771447587
3772,L06-4,2,distance_3_prime,122504,122504,12,7.469756822066657e-06,267.5151145880499
3356,L05-1,1,distance_3_prime,123131,123131,8,7.056770839305861e-06,266.60003949831946
3406,L05-2,1,distance_3_prime,123131,123131,8,7.051943736066902e-06,265.73113224810487
3523,L05-4,1,distance_3_prime,123131,123131,8,7.056770839305861e-06,264.8628193639392
3472,L05-3,1,distance_3_prime,123131,123131,8,7.051943736066902e-06,263.9939121137246
1924,L09-3,2,distance_5_prime,124005,124005,12,9.988912307338854e-06,263.12559922955893
3652,L06-2,2,distance_3_prime,124040,124040,12,6.113419209891512e-06,261.8869241588874
2049,L10-2,2,distance_5_prime,124099,124099,12,5.704430631271309e-06,261.12861564009245
4627,L11-2,2,distance_3_prime,124115,124115,12,8.291965638094397e-06,260.42070150318233
1156,L05-4,2,distance_5_prime,125009,125009,12,3.7404151860856554e-06,259.39154418801024
300,L02-2,2,distance_5_prime,126945,126945,12,6.416817194503354e-06,258.92395862601285
4480,L10-3,2,distance_3_prime,127570,127570,12,8.534978118449848e-06,258.1093757672566
668,L03-4,2,distance_5_prime,129225,129225,12,5.468557390003386e-06,257.02056860868595
3368,L05-1,2,distance_3_prime,129332,129332,12,6.6064779819852355e-06,256.31389427996277
3051,L03-4,2,distance_3_prime,129660,129660,12,5.468557390003386e-06,255.45946526959668
923,L04-4,2,distance_5_prime,129817,129817,12,6.325244048999557e-06,254.75041211840883
1501,L07-2,2,distance_5_prime,129982,129982,12,8.52401677242367e-06,253.92928791169984
1035,L05-2,2,distance_5_prime,131085,131085,12,4.967929942251954e-06,252.82131916358668
506,L03-1,2,distance_5_prime,132416,132416,12,9.821333573410376e-06,252.17009806710658
2130,L10-4,1,distance_5_prime,133494,133494,8,7.982948422170244e-06,250.86959636064987
2085,L10-3,1,distance_5_prime,133494,133494,8,7.982948422170244e-06,249.80392064398066
2032,L10-2,1,distance_5_prime,133494,133494,8,7.982948422170244e-06,248.73824492731146
1993,L10-1,1,distance_5_prime,133494,133494,8,7.982948422170244e-06,247.67256921064225
2004,L10-1,2,distance_5_prime,133511,133511,12,1.005999951376669e-05,246.60689349397305
2098,L10-3,2,distance_5_prime,133512,133512,12,8.534978118449848e-06,245.26377289889055
2142,L10-4,2,distance_5_prime,133512,133512,12,9.642031543906196e-06,244.1242509003401
124,L01-3,2,distance_5_prime,134494,134494,12,6.790137777553954e-06,242.83692398485007
3417,L05-2,2,distance_3_prime,137144,137144,12,4.967929942251954e-06,241.92369119459573
2988,L03-3,2,distance_3_prime,137654,137654,12,8.342573892610218e-06,241.24236941059553
3366,L05-1,2,distance_3_prime,138701,138701,12,6.6064779819852355e-06,240.09398074398217
4353,L09-4,2,distance_3_prime,138713,138713,12,1.571309974937606e-05,239.17765564140285
3355,L05-1,1,distance_3_prime,138717,138717,8,7.056770839305861e-06,236.99804443586766
3471,L05-3,1,distance_3_prime,138717,138717,8,7.051943736066902e-06,236.01915035535166
3405,L05-2,1,distance_3_prime,138717,138717,8,7.051943736066902e-06,235.04092587611567
3522,L05-4,1,distance_3_prime,138717,138717,8,7.056770839305861e-06,234.06270139687967
4210,L09-1,1,distance_3_prime,138718,138718,8,1.0857144408163487e-05,233.08380731636367
4341,L09-4,1,distance_3_prime,138718,138718,8,1.1834284513951141e-05,231.57772595835206
4290,L09-3,1,distance_3_prime,138718,138718,8,1.0857144408163487e-05,229.93609767914577
4254,L09-2,1,distance_3_prime,138718,138718,8,1.1834284513951141e-05,228.43001632113416
3483,L05-3,2,distance_3_prime,138719,138719,12,8.46067232732649e-06,226.78838804192787
4376,L10-1,1,distance_3_prime,138720,138720,8,7.982948422170244e-06,225.61473203735346
2935,L03-2,2,distance_3_prime,138720,138720,12,7.594782890473104e-06,224.50733743223
4415,L10-2,1,distance_3_prime,138720,138720,8,7.982948422170244e-06,223.45378914966358
4304,L09-3,2,distance_3_prime,138720,138720,12,9.988912307338854e-06,222.34639454454012
4513,L10-4,1,distance_3_prime,138720,138720,8,7.982948422170244e-06,220.96073262926606
4723,L11-4,2,distance_3_prime,138720,138720,12,7.172370593997801e-06,219.8533380241426
4468,L10-3,1,distance_3_prime,138720,138720,8,7.982948422170244e-06,218.85838677534323
4223,L09-1,2,distance_3_prime,138721,138721,12,1.3485509819698733e-05,217.75099217021977
3599,L06-1,2,distance_3_prime,138721,138721,12,9.756978068752546e-06,215.88026876252135
4578,L11-1,2,distance_3_prime,138723,138723,12,1.0670489072974586e-05,214.52677100784592
3301,L04-4,2,distance_3_prime,138724,138724,12,6.325244048999557e-06,213.04652875217567
4523,L10-4,2,distance_3_prime,138724,138724,12,9.642031543906196e-06,212.16906559672225
2595,L02-1,1,distance_3_prime,138725,138725,8,9.06305050951337e-06,210.8314844128254
2802,L02-4,1,distance_3_prime,138725,138725,8,9.06305050951337e-06,209.57421273089315
2734,L02-3,1,distance_3_prime,138725,138725,8,9.06305050951337e-06,208.3169410489609
2665,L02-2,1,distance_3_prime,138725,138725,8,9.06305050951337e-06,207.05966936702865
3639,L06-2,1,distance_3_prime,138725,138725,8,1.0926468961316203e-05,205.8023976850964
2819,L02-4,2,distance_3_prime,138725,138725,12,8.349626702106193e-06,204.28662327843782
3584,L06-1,1,distance_3_prime,138725,138725,8,1.0926468961316203e-05,203.12832131418813
3704,L06-3,1,distance_3_prime,138725,138725,8,1.0926468961316203e-05,201.61254690752955
3760,L06-4,1,distance_3_prime,138725,138725,8,1.0926468961316203e-05,200.09677250087097
3156,L04-2,1,distance_3_prime,138726,138726,8,8.511951311638497e-06,198.5809980942124
4387,L10-1,2,distance_3_prime,138726,138726,12,1.005999951376669e-05,197.40016913655404
3217,L04-3,1,distance_3_prime,138726,138726,8,8.511951311638497e-06,196.00458564400725
3287,L04-4,1,distance_3_prime,138726,138726,8,8.511951311638497e-06,194.8237566863489
3171,L04-2,2,distance_3_prime,138726,138726,12,8.78976636800994e-06,193.64292772869055
3094,L04-1,1,distance_3_prime,138726,138726,8,8.511951311638497e-06,192.423558599522
2612,L02-1,2,distance_3_prime,138727,138727,12,6.2998409290165425e-06,191.24272964186366
4682,L11-3,2,distance_3_prime,138727,138727,12,1.3801130312572599e-05,190.368771609304
3041,L03-4,2,distance_3_prime,138728,138728,12,5.468557390003386e-06,188.45418220443173
2880,L03-1,1,distance_3_prime,138728,138728,8,1.009527414978863e-05,187.69554017483134
2921,L03-2,1,distance_3_prime,138728,138728,8,1.009527414978863e-05,186.29504298257945
2973,L03-3,1,distance_3_prime,138728,138728,8,1.009527414978863e-05,184.89454579032756
3029,L03-4,1,distance_3_prime,138728,138728,8,1.009527414978863e-05,183.49404859807566
2983,L03-3,2,distance_3_prime,138728,138728,12,8.342573892610218e-06,182.09355140582377
4564,L11-1,1,distance_3_prime,138729,138729,8,8.909697983512604e-06,180.93620281484974
4670,L11-3,1,distance_3_prime,138729,138729,8,8.909697983512604e-06,179.70016932329503
4613,L11-2,1,distance_3_prime,138729,138729,8,8.909697983512604e-06,178.46413583174032
4708,L11-4,1,distance_3_prime,138729,138729,8,8.909697983512604e-06,177.22810234018561
118,L01-3,2,distance_5_prime,138936,138936,12,6.790137777553954e-06,175.9920688486309
161,L01-4,1,distance_5_prime,138939,138939,8,1.0538407225131994e-05,175.04867426636866
107,L01-3,1,distance_5_prime,138939,138939,8,1.0538407225131994e-05,173.58447850491606
60,L01-2,1,distance_5_prime,138939,138939,8,1.0538407225131994e-05,172.12028274346346
3,L01-1,1,distance_5_prime,138939,138939,8,1.0538407225131994e-05,170.65608698201086
1341,L06-3,2,distance_5_prime,138941,138941,12,7.982040409079571e-06,169.19189122055826
171,L01-4,2,distance_5_prime,138941,138941,12,9.992630435054149e-06,168.08285854408032
72,L01-2,2,distance_5_prime,138942,138942,12,1.1707259964585538e-05,166.69447247880348
1160,L05-4,2,distance_5_prime,138945,138945,12,3.7404151860856554e-06,165.06784236480402
15,L01-1,2,distance_5_prime,138948,138948,12,7.559159874971496e-06,164.54813037677334
1391,L06-4,2,distance_5_prime,139462,139462,12,7.469756822066657e-06,163.4978002304658
986,L05-1,2,distance_5_prime,139693,139693,12,6.6064779819852355e-06,162.45605300454673
4076,L08-2,2,distance_3_prime,139773,139773,12,1.0121747755924174e-05,161.53317427580927
3833,L07-1,2,distance_3_prime,141276,141276,12,9.170413799638686e-06,160.11842722672048
3867,L07-2,1,distance_3_prime,141820,141820,8,6.7824142172966825e-06,158.82286784676273
4016,L08-1,1,distance_3_prime,141820,141820,8,6.4710416840238876e-06,157.86098586246572
3915,L07-3,1,distance_3_prime,141820,141820,8,6.7824142172966825e-06,156.94326273083746
3965,L07-4,1,distance_3_prime,141820,141820,8,6.709022964985609e-06,155.98138074654045
4115,L08-3,1,distance_3_prime,141820,141820,8,6.4710416840238876e-06,155.0299071096462
3818,L07-1,1,distance_3_prime,141820,141820,8,6.7824142172966825e-06,154.11218397801792
4061,L08-2,1,distance_3_prime,141820,141820,8,6.4710416840238876e-06,153.15030199372092
4163,L08-4,1,distance_3_prime,141820,141820,8,6.4710416840238876e-06,152.23257886209265
4626,L11-2,2,distance_3_prime,141822,141822,12,8.291965638094397e-06,151.3148557304644
2889,L03-1,2,distance_3_prime,141823,141823,12,9.821333573410376e-06,150.13887257973857
3651,L06-2,2,distance_3_prime,141824,141824,12,6.113419209891512e-06,148.74598158835678
4178,L08-4,2,distance_3_prime,141825,141825,12,9.412872102600306e-06,147.87895202233312
3979,L07-4,2,distance_3_prime,141825,141825,12,9.747918819332073e-06,146.54397143638184
2752,L02-3,2,distance_3_prime,141825,141825,12,7.0366456779163085e-06,145.16147284983006
4264,L09-2,2,distance_3_prime,141826,141826,12,1.4618903460416273e-05,144.16350057655958
3881,L07-2,2,distance_3_prime,141827,141827,12,8.52401677242367e-06,142.09015997438257
4130,L08-3,2,distance_3_prime,141828,141828,12,4.900401383710004e-06,140.88122424760004
2683,L02-2,2,distance_3_prime,141829,141829,12,6.416817194503354e-06,140.18621012015123
4431,L10-2,2,distance_3_prime,141831,141831,12,5.704430631271309e-06,139.27611935427203
1038,L05-2,2,distance_5_prime,142042,142042,12,4.967929942251954e-06,138.46705425340818
929,L04-4,2,distance_5_prime,142835,142835,12,6.325244048999557e-06,137.76139954855083
3656,L06-2,2,distance_3_prime,144646,144646,12,6.113419209891512e-06,136.857933314812
661,L03-4,2,distance_5_prime,147308,147308,12,5.468557390003386e-06,135.97365167977802
1140,L05-4,1,distance_5_prime,151267,151267,8,7.056770839305861e-06,135.1680894277714
973,L05-1,1,distance_5_prime,151267,151267,8,7.056770839305861e-06,134.10063287322214
1023,L05-2,1,distance_5_prime,151267,151267,8,7.051943736066902e-06,133.03317631867287
1089,L05-3,1,distance_5_prime,151267,151267,8,7.051943736066902e-06,131.96644994554924
3917,L07-3,1,distance_3_prime,157256,157256,8,6.7824142172966825e-06,130.89972357242561
3869,L07-2,1,distance_3_prime,157256,157256,8,6.7824142172966825e-06,129.8331482422704
3820,L07-1,1,distance_3_prime,157256,157256,8,6.7824142172966825e-06,128.76657291211518
4117,L08-3,1,distance_3_prime,157256,157256,8,6.4710416840238876e-06,127.69999758195996
4165,L08-4,1,distance_3_prime,157256,157256,8,6.4710416840238876e-06,126.6823874508971
4018,L08-1,1,distance_3_prime,157256,157256,8,6.4710416840238876e-06,125.66477731983423
3967,L07-4,1,distance_3_prime,157256,157256,8,6.709022964985609e-06,124.64716718877136
4063,L08-2,1,distance_3_prime,157256,157256,8,6.4710416840238876e-06,123.59213307338959
3836,L07-1,2,distance_3_prime,157258,157258,12,9.170413799638686e-06,122.57452294232672
4078,L08-2,2,distance_3_prime,157262,157262,12,1.0121747755924174e-05,121.13240200902314
3933,L07-3,2,distance_3_prime,157264,157264,12,9.662271406762302e-06,119.54063571343099
4180,L08-4,2,distance_3_prime,157266,157266,12,9.412872102600306e-06,118.02110826291792
4132,L08-3,2,distance_3_prime,157267,157267,12,4.900401383710004e-06,116.54078351883038
4033,L08-1,2,distance_3_prime,157270,157270,12,1.2295863056874513e-05,115.77011209441847
3981,L07-4,2,distance_3_prime,157270,157270,12,9.747918819332073e-06,113.83634171146382
18,L01-1,2,distance_5_prime,157344,157344,12,7.559159874971496e-06,112.30328651874746
987,L05-1,2,distance_5_prime,157459,157459,12,6.6064779819852355e-06,111.11389806737994
4726,L11-4,2,distance_3_prime,158858,158858,12,7.172370593997801e-06,110.07364865081452
3884,L07-2,2,distance_3_prime,160367,160367,12,8.52401677242367e-06,108.93426020299322
3170,L04-2,2,distance_3_prime,160921,160921,12,8.78976636800994e-06,107.56728920524995
1039,L05-2,2,distance_5_prime,163702,163702,12,4.967929942251954e-06,106.15283121154341
1337,L06-3,2,distance_5_prime,168574,168574,12,7.982040409079571e-06,105.33957114413688
3421,L05-2,2,distance_3_prime,172694,172694,12,4.967929942251954e-06,103.9940066642167
4632,L11-2,2,distance_3_prime,173326,173326,12,8.291965638094397e-06,103.13607497076944
4581,L11-1,2,distance_3_prime,173328,173328,12,1.0670489072974586e-05,101.69886173458109
4684,L11-3,2,distance_3_prime,173332,173332,12,1.3801130312572599e-05,99.84936720454054
4710,L11-4,1,distance_3_prime,173341,173341,8,8.909697983512604e-06,97.45718968520171
4672,L11-3,1,distance_3_prime,173341,173341,8,8.909697983512604e-06,95.91277372704165
4566,L11-1,1,distance_3_prime,173341,173341,8,8.909697983512604e-06,94.3683577688816
4615,L11-2,1,distance_3_prime,173341,173341,8,8.909697983512604e-06,92.82394181072154
924,L04-4,2,distance_5_prime,173757,173757,12,6.325244048999557e-06,91.27952585256148
852,L04-3,2,distance_5_prime,174790,174790,12,3.5793596227354955e-06,90.18047042233945
2616,L02-1,2,distance_3_prime,174986,174986,12,6.2998409290165425e-06,89.55483415388152
712,L04-1,1,distance_5_prime,176627,176627,8,8.511951311638497e-06,88.45245018907663
835,L04-3,1,distance_5_prime,176627,176627,8,8.511951311638497e-06,86.94900976475586
905,L04-4,1,distance_5_prime,176627,176627,8,8.511951311638497e-06,85.44556934043509
774,L04-2,1,distance_5_prime,176627,176627,8,8.511951311638497e-06,83.94212891611431
790,L04-2,2,distance_5_prime,176632,176632,12,8.78976636800994e-06,82.43868849179354
3234,L04-3,2,distance_3_prime,177585,177585,12,3.5793596227354955e-06,80.88613447867921
1161,L05-4,2,distance_5_prime,178392,178392,12,3.7404151860856554e-06,80.25049390007572
3365,L05-1,2,distance_3_prime,178609,178609,12,6.6064779819852355e-06,79.58323375419953
3354,L05-1,1,distance_3_prime,178626,178626,8,7.056770839305861e-06,78.40325732831512
3521,L05-4,1,distance_3_prime,178626,178626,8,7.056770839305861e-06,77.14273458037327
3404,L05-2,1,distance_3_prime,178626,178626,8,7.051943736066902e-06,75.88221183243142
3470,L05-3,1,distance_3_prime,178626,178626,8,7.051943736066902e-06,74.62255133063273
3482,L05-3,2,distance_3_prime,178630,178630,12,8.46067232732649e-06,73.36289082883404
669,L03-4,2,distance_5_prime,179616,179616,12,5.468557390003386e-06,71.8515609310037
3650,L06-2,2,distance_3_prime,180360,180360,12,6.113419209891512e-06,70.86932052684085
2097,L10-3,2,distance_5_prime,180558,180558,12,8.534978118449848e-06,69.76670423814483
2611,L02-1,2,distance_3_prime,181978,181978,12,6.2998409290165425e-06,68.22564565903376
3248,L04-3,2,distance_3_prime,183569,183569,12,3.5793596227354955e-06,67.07921320645319
2507,L01-3,2,distance_3_prime,185136,185136,12,6.790137777553954e-06,66.42215373986726
1040,L05-2,2,distance_5_prime,185364,185364,12,4.967929942251954e-06,65.16505479228202
3540,L05-4,2,distance_3_prime,185379,185379,12,3.7404151860856554e-06,64.24417942646643
2751,L02-3,2,distance_3_prime,185466,185466,12,7.0366456779163085e-06,63.55078499968506
125,L01-3,2,distance_5_prime,190352,190352,12,6.790137777553954e-06,62.24572647238463
74,L01-2,2,distance_5_prime,190816,190816,12,1.1707259964585538e-05,60.953210166151685
5,L01-1,1,distance_5_prime,190822,190822,8,1.0538407225131994e-05,58.71927764874933
109,L01-3,1,distance_5_prime,190822,190822,8,1.0538407225131994e-05,56.708317705235196
62,L01-2,1,distance_5_prime,190822,190822,8,1.0538407225131994e-05,54.69735776172106
163,L01-4,1,distance_5_prime,190822,190822,8,1.0538407225131994e-05,52.68639781820692
3050,L03-4,2,distance_3_prime,191843,191843,12,5.468557390003386e-06,50.67543787469278
174,L01-4,2,distance_5_prime,193921,193921,12,9.992630435054149e-06,49.626333419322364
19,L01-1,2,distance_5_prime,193923,193923,12,7.559159874971496e-06,47.68855253272623
1157,L05-4,2,distance_5_prime,195942,195942,12,3.7404151860856554e-06,46.22265757229213
3539,L05-4,2,distance_3_prime,195958,195958,12,3.7404151860856554e-06,45.48975313990013
3239,L04-3,2,distance_3_prime,198040,198040,12,3.5793596227354955e-06,44.75678886086516
1881,L09-2,2,distance_5_prime,198135,198135,12,1.4618903460416273e-05,44.04793248117862
2506,L01-3,2,distance_3_prime,201489,201489,12,6.790137777553954e-06,41.15141604404904
856,L04-3,2,distance_5_prime,203097,203097,12,3.5793596227354955e-06,39.78327797338748
865,L04-3,2,distance_5_prime,203476,203476,12,3.5793596227354955e-06,39.05632077208877
2557,L01-4,2,distance_3_prime,204167,204167,12,9.992630435054149e-06,38.32800699349304
1041,L05-2,2,distance_5_prime,207023,207023,12,4.967929942251954e-06,36.28784161545934
2343,L11-4,2,distance_5_prime,207814,207814,12,7.172370593997801e-06,35.25936585502452
2687,L02-2,2,distance_3_prime,217595,217595,12,6.416817194503354e-06,33.76884683240346
4725,L11-4,2,distance_3_prime,219597,219597,12,7.172370593997801e-06,32.37257949496551
2050,L10-2,2,distance_5_prime,227446,227446,12,5.704430631271309e-06,30.797548429635373
20,L01-1,2,distance_5_prime,230504,230504,12,7.559159874971496e-06,29.50009850027524
851,L04-3,2,distance_5_prime,233442,233442,12,3.5793596227354955e-06,27.75768191245481
3236,L04-3,2,distance_3_prime,236428,236428,12,3.5793596227354955e-06,26.92210904340419
1158,L05-4,2,distance_5_prime,237531,237531,12,3.7404151860856554e-06,26.07584820652008
2131,L10-4,1,distance_5_prime,239720,239720,8,7.982948422170244e-06,25.18738364695397
2086,L10-3,1,distance_5_prime,239720,239720,8,7.982948422170244e-06,23.27371125119132
1994,L10-1,1,distance_5_prime,239720,239720,8,7.982948422170244e-06,21.36003885542867
2033,L10-2,1,distance_5_prime,239720,239720,8,7.982948422170244e-06,19.44636645966602
2143,L10-4,2,distance_5_prime,239740,239740,12,9.642031543906196e-06,17.53269406390337
2099,L10-3,2,distance_5_prime,239741,239741,12,8.534978118449848e-06,15.2211134215673
2005,L10-1,2,distance_5_prime,239742,239742,12,1.005999951376669e-05,13.174929232472014
3538,L05-4,2,distance_3_prime,264377,264377,12,3.7404151860856554e-06,10.76312482904256
1159,L05-4,2,distance_5_prime,279116,279116,12,3.7404151860856554e-06,9.774245083390793
1753,L08-3,2,distance_5_prime,323389,323389,12,4.900401383710004e-06,8.73023535831131
4137,L08-3,2,distance_3_prime,333417,333417,12,4.900401383710004e-06,7.145499455234715
853,L04-3,2,distance_5_prime,340675,340675,12,3.5793596227354955e-06,5.511622327082276
854,L04-3,2,distance_5_prime,345583,345583,12,3.5793596227354955e-06,4.292223987606861
4136,L08-3,2,distance_3_prime,623471,623471,12,4.900401383710004e-06,3.05525815110306
