,start,end,IS_strand,max_alignment_length,length,cluster_id,line,gen_id,closest_gene_5_prime,position_5_prime,distance_5_prime,closest_gene_3_prime,position_3_prime,distance_3_prime
0,476928,480020,reverse,3093,3093,0,L01-1,1,yjeE,470186,6742,rpsR,503080,23060
1,557167,560259,reverse,3093,3093,1,L01-1,1,ppa,526892,30275,valS,561324,1065
2,1187831,1192502,forward,3093,4672,2,L01-1,1,leuS,1175771,12060,asnS,1205042,12540
3,1405123,1408215,forward,3093,3093,3,L01-1,1,infA,1266184,138939,fldA,1476321,68106
4,1499230,1503892,reverse,3093,4663,4,L01-1,1,lnt,1496376,2854,fabA,1519050,15158
5,1986448,1991110,forward,3093,4663,5,L01-1,1,fabI,1795626,190822,tyrS,2033318,42208
6,2306486,2311148,reverse,3093,4663,6,L01-1,1,pgsA,2291981,14505,metG,2408902,97754
7,3373645,3376737,reverse,3093,3093,7,L01-1,1,rpoD,3328645,45000,rnpB,3387077,10340
8,3866530,3869621,forward,3092,3092,8,L01-1,1,gpsA,3856399,10131,kdtA,3884379,14758
9,3964094,3968754,forward,3093,4661,9,L01-1,1,yidC,3962477,1617,glmS,3989948,21194
10,476913,480004,reverse,3093,3092,0,L01-1,2,yjeE,470171,6742,rpsR,503065,23061
11,552516,555608,reverse,3093,3093,1,L01-1,2,ppa,526877,25639,valS,556362,754
12,706509,709600,reverse,3092,3092,2,L01-1,2,imp,674400,32109,ftsL,711421,1821
13,1185980,1190642,forward,3093,4663,3,L01-1,2,leuS,1173911,12069,asnS,1191166,524
14,1203708,1206800,reverse,3093,3093,4,L01-1,2,asnS,1192565,11143,mukB,1217546,10746
15,1406378,1409469,forward,3092,3092,5,L01-1,2,infA,1267430,138948,fldA,1477568,68099
16,1500476,1505137,reverse,3093,4662,6,L01-1,2,lnt,1497622,2854,fabA,1520294,15157
17,1676813,1679905,reverse,3093,3093,7,L01-1,2,trmU,1666748,10065,pth,1708062,28157
18,1957317,1960409,forward,3093,3093,8,L01-1,2,fabI,1799973,157344,tyrS,2077346,116937
19,1993896,1996989,forward,3094,3094,9,L01-1,2,fabI,1799973,193923,tyrS,2077346,80357
20,2030477,2035139,forward,3093,4663,10,L01-1,2,fabI,1799973,230504,tyrS,2077346,42207
21,2350513,2355175,reverse,3093,4663,11,L01-1,2,pgsA,2336010,14503,metG,2452928,97753
22,2705358,2708449,forward,3092,3092,12,L01-1,2,fabB,2696449,8909,gltX,2755027,46578
23,3416549,3419640,reverse,3092,3092,13,L01-1,2,rpoD,3371551,44998,rnpB,3429977,10337
24,3747505,3752167,forward,3093,4663,14,L01-1,2,ftsY,3738685,8820,glyS,3850890,98723
25,3914099,3917190,forward,3093,3092,15,L01-1,2,gpsA,3903970,10129,kdtA,3931949,14759
26,4011660,4016322,forward,3093,4663,16,L01-1,2,yidC,4010044,1616,glmS,4037515,21193
27,476924,480016,reverse,3093,3093,0,L01-1,3,yjeE,470183,6741,rpsR,503076,23060
28,552064,555156,reverse,3093,3093,1,L01-1,3,ppa,526889,25175,valS,555909,753
29,706058,709150,reverse,3093,3093,2,L01-1,3,imp,673949,32109,ftsL,710971,1821
30,1062227,1065319,forward,3093,3093,3,L01-1,3,hemH,1031913,30314,lpxH,1081928,16609
31,1188620,1193279,forward,3092,4660,4,L01-1,3,leuS,1176551,12069,infA,1315885,122606
32,1376730,1379821,forward,3092,3092,5,L01-1,3,mukB,1370444,6286,asnS,1392361,12540
33,1392885,1395976,reverse,3092,3092,6,L01-1,3,asnS,1390962,1923,fldA,1483290,87314
34,1412099,1415191,forward,3093,3093,7,L01-1,3,asnS,1390962,21137,fldA,1483290,68099
35,1506198,1510860,reverse,3093,4663,8,L01-1,3,lnt,1503344,2854,fabA,1526016,15156
36,1681982,1685073,reverse,3093,3092,9,L01-1,3,trmU,1672468,9514,pth,1712373,27300
37,1750850,1753941,reverse,3093,3092,10,L01-1,3,kdsA,1723462,27388,topA,1790493,36552
38,1782569,1785661,reverse,3093,3093,11,L01-1,3,kdsA,1723462,59107,topA,1790493,4832
39,1802343,1805435,forward,3093,3093,12,L01-1,3,ribA,1798604,3739,fabI,1812192,6757
40,1851804,1854895,reverse,3093,3092,13,L01-1,3,fabI,1812979,38825,tyrS,1966817,111922
41,1884941,1888029,forward,3092,3089,14,L01-1,3,fabI,1812979,71962,tyrS,1966817,78788
42,1921515,1924606,forward,3092,3092,15,L01-1,3,fabI,1812979,108536,tyrS,1966817,42211
43,2063472,2066564,reverse,3093,3093,16,L01-1,3,thrS,2053430,10042,nadE,2076419,9855
44,2110187,2113278,forward,3093,3092,17,L01-1,3,nadE,2077245,32942,gapA,2119831,6553
45,2154219,2158880,forward,3092,4662,18,L01-1,3,yeaZ,2146887,7332,pgsA,2173926,15046
46,2239724,2242816,reverse,3093,3093,19,L01-1,3,aspS,2198910,40814,metG,2330866,88050
47,2325865,2328957,reverse,3093,3093,20,L01-1,3,aspS,2198910,126955,metG,2330866,1909
48,2583286,2586378,forward,3093,3093,21,L01-1,3,fabB,2574377,8909,gltX,2631365,44987
49,2734449,2737541,reverse,3093,3093,22,L01-1,3,hda,2724135,10314,der,2744300,6759
50,2976833,2979924,reverse,3093,3092,23,L01-1,3,ftsB,2946133,30700,pyrG,2988187,8263
51,2992705,2997916,forward,3093,5212,24,L01-1,3,eno,2988276,4429,lgt,3028346,30430
52,3285854,3288945,reverse,3093,3092,25,L01-1,3,rpoD,3240853,45001,rnpB,3299282,10337
53,3616796,3621458,forward,3093,4663,26,L01-1,3,ftsY,3607976,8820,glyS,3720006,98548
54,3751828,3754921,reverse,3094,3094,27,L01-1,3,glyQ,3722995,28833,gpsA,3775169,20248
55,3786317,3789407,forward,3092,3091,28,L01-1,3,gpsA,3776187,10130,kdtA,3804169,14762
56,3883880,3888541,forward,3093,4662,29,L01-1,3,yidC,3882264,1616,glmS,3909734,21193
57,476928,480020,reverse,3093,3093,0,L01-2,1,yjeE,470186,6742,rpsR,503080,23060
58,557167,560259,reverse,3093,3093,1,L01-2,1,ppa,526892,30275,valS,561324,1065
59,1187831,1192502,forward,3093,4672,2,L01-2,1,leuS,1175771,12060,asnS,1205042,12540
60,1405123,1408215,forward,3093,3093,3,L01-2,1,infA,1266184,138939,fldA,1476321,68106
61,1499230,1503892,reverse,3093,4663,4,L01-2,1,lnt,1496376,2854,fabA,1519050,15158
62,1986448,1991110,forward,3093,4663,5,L01-2,1,fabI,1795626,190822,tyrS,2033318,42208
63,2306486,2311148,reverse,3093,4663,6,L01-2,1,pgsA,2291981,14505,metG,2408902,97754
64,3373645,3376737,reverse,3093,3093,7,L01-2,1,rpoD,3328645,45000,rnpB,3387077,10340
65,3866530,3869621,forward,3092,3092,8,L01-2,1,gpsA,3856399,10131,kdtA,3884379,14758
66,3964094,3968754,forward,3093,4661,9,L01-2,1,yidC,3962477,1617,glmS,3989948,21194
67,476922,480013,reverse,3092,3092,0,L01-2,2,yjeE,470180,6742,rpsR,503070,23057
68,531608,534700,reverse,3093,3093,1,L01-2,2,ppa,526882,4726,ribF,610170,75470
69,550866,553958,forward,3093,3093,2,L01-2,2,ppa,526882,23984,ribF,610170,56212
70,1154348,1159008,forward,3093,4661,3,L01-2,2,leuS,1142279,12069,asnS,1160623,1615
71,1170698,1173790,reverse,3093,3093,4,L01-2,2,asnS,1162022,8676,mukB,1183444,9654
72,1372270,1375361,forward,3092,3092,5,L01-2,2,infA,1233328,138942,fldA,1443463,68102
73,1466372,1471033,reverse,3093,4662,6,L01-2,2,lnt,1463518,2854,fabA,1486189,15156
74,1953578,1956670,forward,3093,3093,7,L01-2,2,fabI,1762762,190816,tyrS,1998875,42205
75,2067674,2070766,reverse,3093,3093,8,L01-2,2,ribC,2026167,41507,yjgQ,2090568,19802
76,2097966,2101058,forward,3093,3093,9,L01-2,2,valS,2094050,3916,pheT,2111872,10814
77,2305320,2309979,reverse,3092,4660,10,L01-2,2,pgsA,2290917,14403,metG,2407730,97751
78,3372458,3375550,reverse,3094,3093,11,L01-2,2,rpoD,3327461,44997,rnpB,3385886,10336
79,3522684,3525774,forward,3092,3091,12,L01-2,2,accC,3517449,5235,yrdC,3542954,17180
80,3867106,3870196,forward,3093,3091,13,L01-2,2,gpsA,3857117,9989,kdtA,3888196,18000
81,3870347,3873439,forward,3093,3093,14,L01-2,2,gpsA,3857117,13230,kdtA,3888196,14757
82,3967910,3972572,forward,3092,4663,15,L01-2,2,yidC,3966294,1616,glmS,3993764,21192
83,476928,480020,reverse,3093,3093,0,L01-2,3,yjeE,470186,6742,rpsR,503081,23061
84,532813,535904,reverse,3092,3092,1,L01-2,3,ppa,526893,5920,ribF,598112,62208
85,540682,543773,forward,3093,3092,2,L01-2,3,ppa,526893,13789,ribF,598112,54339
86,1142290,1146952,forward,3093,4663,3,L01-2,3,leuS,1130222,12068,asnS,1148567,1615
87,1158643,1161734,reverse,3093,3092,4,L01-2,3,asnS,1149966,8677,mukB,1171387,9653
88,1360211,1363303,forward,3093,3093,5,L01-2,3,infA,1221271,138940,fldA,1434506,71203
89,1425840,1428932,reverse,3093,3093,6,L01-2,3,infA,1221271,204569,fldA,1434506,5574
90,1457414,1462075,reverse,3093,4662,7,L01-2,3,lnt,1454560,2854,fabA,1477232,15157
91,1519060,1523721,reverse,3092,4662,8,L01-2,3,serT,1492989,26071,mviN,1574018,50297
92,1949299,1952391,forward,3093,3093,9,L01-2,3,fabI,1758482,190817,tyrS,1994597,42206
93,2063159,2066251,reverse,3093,3093,10,L01-2,3,ribC,2021890,41269,yjgQ,2086053,19802
94,2093453,2096545,forward,3093,3093,11,L01-2,3,valS,2089535,3918,pheT,2107361,10816
95,2300818,2303909,reverse,3092,3092,12,L01-2,3,pgsA,2286415,14403,metG,2401662,97753
96,2658914,2662006,forward,3093,3093,13,L01-2,3,fabB,2645183,13731,gltX,2708010,46004
97,3222135,3225227,reverse,3093,3093,14,L01-2,3,pgk,3215598,6537,metK,3232785,7558
98,3372642,3375734,reverse,3093,3093,15,L01-2,3,rpoD,3327639,45003,rnpB,3386071,10337
99,3522870,3525962,forward,3093,3093,16,L01-2,3,accC,3517636,5234,yrdC,3543146,17184
100,3721265,3724357,reverse,3093,3093,17,L01-2,3,ftsY,3696709,24556,glyS,3783415,59058
101,3769364,3772456,forward,3093,3093,18,L01-2,3,ftsY,3696709,72655,glyS,3783415,10959
102,3846483,3849574,forward,3093,3092,19,L01-2,3,gpsA,3836494,9989,kdtA,3864333,14759
103,3944028,3948690,forward,3093,4663,20,L01-2,3,yidC,3942431,1597,glmS,3964473,15783
104,476928,480020,reverse,3093,3093,0,L01-3,1,yjeE,470186,6742,rpsR,503080,23060
105,557167,560259,reverse,3093,3093,1,L01-3,1,ppa,526892,30275,valS,561324,1065
106,1187831,1192502,forward,3093,4672,2,L01-3,1,leuS,1175771,12060,asnS,1205042,12540
107,1405123,1408215,forward,3093,3093,3,L01-3,1,infA,1266184,138939,fldA,1476321,68106
108,1499230,1503892,reverse,3093,4663,4,L01-3,1,lnt,1496376,2854,fabA,1519050,15158
109,1986448,1991110,forward,3093,4663,5,L01-3,1,fabI,1795626,190822,tyrS,2033318,42208
110,2306486,2311148,reverse,3093,4663,6,L01-3,1,pgsA,2291981,14505,metG,2408902,97754
111,3373645,3376737,reverse,3093,3093,7,L01-3,1,rpoD,3328645,45000,rnpB,3387077,10340
112,3866530,3869621,forward,3092,3092,8,L01-3,1,gpsA,3856399,10131,kdtA,3884379,14758
113,3964094,3968754,forward,3093,4661,9,L01-3,1,yidC,3962477,1617,glmS,3989948,21194
114,5309,8399,forward,3093,3091,0,L01-3,2,oriC,1,5308,oriC,4008366,8399
115,480016,483108,reverse,3093,3093,1,L01-3,2,yjeE,473274,6742,rpsR,506168,23060
116,552251,555343,reverse,3093,3093,2,L01-3,2,ppa,529981,22270,valS,556133,790
117,1176395,1179487,forward,3093,3093,3,L01-3,2,leuS,1170555,5840,asnS,1191410,11923
118,1391489,1394580,forward,3093,3092,4,L01-3,2,infA,1252553,138936,fldA,1462684,68104
119,1485592,1490254,reverse,3094,4663,5,L01-3,2,lnt,1482738,2854,fabA,1505410,15156
120,1562197,1565289,forward,3094,3093,6,L01-3,2,serT,1521166,41031,mviN,1600616,35327
121,1747814,1750906,reverse,3093,3093,7,L01-3,2,kdsA,1704259,43555,topA,1768191,17285
122,1819247,1822339,reverse,3093,3093,8,L01-3,2,fabI,1788179,31068,tyrS,2023828,201489
123,1835601,1838692,forward,3093,3092,9,L01-3,2,fabI,1788179,47422,tyrS,2023828,185136
124,1922673,1925768,reverse,3096,3096,10,L01-3,2,fabI,1788179,134494,tyrS,2023828,98060
125,1978531,1981622,forward,3093,3092,11,L01-3,2,fabI,1788179,190352,tyrS,2023828,42206
126,2296982,2301644,reverse,3093,4663,12,L01-3,2,pgsA,2282479,14503,metG,2399390,97746
127,2514297,2517388,reverse,3093,3092,13,L01-3,2,yejM,2491225,23072,gyrA,2541200,23812
128,2813531,2816622,reverse,3093,3092,14,L01-3,2,hda,2798469,15062,der,2818632,2010
129,2952471,2957133,reverse,3093,4663,15,L01-3,2,uppS,2934452,18019,serV,2970876,13743
130,3374974,3378066,reverse,3093,3093,16,L01-3,2,rpoD,3329977,44997,rnpB,3388404,10338
131,3479070,3482161,reverse,3093,3092,17,L01-3,2,yhbG,3462847,16223,rpsI,3492197,10036
132,3869522,3872613,forward,3093,3092,18,L01-3,2,gpsA,3859392,10130,kdtA,3887370,14757
133,3933211,3936302,reverse,3093,3092,19,L01-3,2,spoT,3903254,29957,gyrB,3959550,23248
134,3970181,3973272,forward,3092,3092,20,L01-3,2,yidC,3968565,1616,glmS,3994465,21193
135,5309,8401,forward,3093,3093,0,L01-3,3,oriC,1,5308,oriC,3954732,8401
136,480028,483119,reverse,3093,3092,1,L01-3,3,yjeE,473286,6742,rpsR,506180,23061
137,552261,555353,reverse,3093,3093,2,L01-3,3,ppa,529992,22269,valS,556143,790
138,1045836,1048928,forward,3093,3093,3,L01-3,3,hemH,1029053,16783,lpxH,1077933,29005
139,1178397,1181489,forward,3093,3093,4,L01-3,3,leuS,1172557,5840,asnS,1193412,11923
140,1393493,1396585,forward,3093,3093,5,L01-3,3,infA,1254554,138939,fldA,1464688,68103
141,1487596,1492258,reverse,3093,4663,6,L01-3,3,lnt,1484742,2854,fabA,1507418,15160
142,1564209,1567301,forward,3093,3093,7,L01-3,3,serT,1523175,41034,mviN,1601528,34227
143,1748725,1751816,reverse,3092,3092,8,L01-3,3,kdsA,1705168,43557,topA,1769101,17285
144,1820157,1823248,reverse,3093,3092,9,L01-3,3,fabI,1789090,31067,tyrS,2016639,193391
145,1836333,1839425,forward,3093,3093,10,L01-3,3,fabI,1789090,47243,tyrS,2016639,177214
146,1971342,1974433,forward,3093,3092,11,L01-3,3,fabI,1789090,182252,tyrS,2016639,42206
147,2289797,2294459,reverse,3093,4663,12,L01-3,3,pgsA,2275297,14500,metG,2297467,3008
148,2386785,2389877,reverse,3093,3093,13,L01-3,3,metG,2295435,91350,folE,2435562,45685
149,2501784,2504876,reverse,3093,3093,14,L01-3,3,yejM,2478713,23071,gyrA,2528693,23817
150,2801032,2804124,reverse,3093,3093,15,L01-3,3,hda,2785970,15062,der,2806135,2011
151,2939974,2944635,reverse,3092,4662,16,L01-3,3,uppS,2921955,18019,serV,2958379,13744
152,3133727,3136818,reverse,3093,3092,17,L01-3,3,lgt,3105853,27874,rpoD,3161063,24245
153,3342024,3345115,reverse,3093,3092,18,L01-3,3,prfB,3304501,37523,rnpB,3352833,7718
154,3443504,3446595,reverse,3093,3092,19,L01-3,3,yhbG,3427281,16223,rpsI,3456630,10035
155,3829402,3832494,forward,3093,3093,20,L01-3,3,gpsA,3823828,5574,kdtA,3847249,14755
156,3893092,3896184,reverse,3093,3093,21,L01-3,3,spoT,3863133,29959,gyrB,3905911,9727
157,3916543,3919635,forward,3093,3093,22,L01-3,3,yidC,3914927,1616,glmS,3940829,21194
158,476928,480020,reverse,3093,3093,0,L01-4,1,yjeE,470186,6742,rpsR,503080,23060
159,557167,560259,reverse,3093,3093,1,L01-4,1,ppa,526892,30275,valS,561324,1065
160,1187831,1192502,forward,3093,4672,2,L01-4,1,leuS,1175771,12060,asnS,1205042,12540
161,1405123,1408215,forward,3093,3093,3,L01-4,1,infA,1266184,138939,fldA,1476321,68106
162,1499230,1503892,reverse,3093,4663,4,L01-4,1,lnt,1496376,2854,fabA,1519050,15158
163,1986448,1991110,forward,3093,4663,5,L01-4,1,fabI,1795626,190822,tyrS,2033318,42208
164,2306486,2311148,reverse,3093,4663,6,L01-4,1,pgsA,2291981,14505,metG,2408902,97754
165,3373645,3376737,reverse,3093,3093,7,L01-4,1,rpoD,3328645,45000,rnpB,3387077,10340
166,3866530,3869621,forward,3092,3092,8,L01-4,1,gpsA,3856399,10131,kdtA,3884379,14758
167,3964094,3968754,forward,3093,4661,9,L01-4,1,yidC,3962477,1617,glmS,3989948,21194
168,476917,480009,reverse,3093,3093,0,L01-4,2,yjeE,470175,6742,rpsR,503070,23061
169,1184730,1189391,forward,3093,4662,1,L01-4,2,leuS,1172661,12069,asnS,1189961,570
170,1202502,1205594,reverse,3093,3093,2,L01-4,2,asnS,1191360,11142,mukB,1216292,10698
171,1405117,1408209,forward,3093,3093,3,L01-4,2,infA,1266176,138941,fldA,1476311,68102
172,1499219,1502311,reverse,3093,3093,4,L01-4,2,lnt,1496365,2854,fabA,1517469,15158
173,1826003,1829095,reverse,3093,3093,5,L01-4,2,fabI,1794042,31961,tyrS,2033262,204167
174,1987963,1991055,forward,3093,3093,6,L01-4,2,fabI,1794042,193921,tyrS,2033262,42207
175,2036862,2039954,reverse,3093,3093,7,L01-4,2,tyrS,2034535,2327,ribC,2063016,23062
176,2125417,2128508,reverse,3093,3092,8,L01-4,2,thrS,2122984,2433,nadE,2145974,17466
177,2312630,2317292,reverse,3093,4663,9,L01-4,2,pgsA,2298127,14503,metG,2388592,71300
178,2447253,2450345,forward,3093,3093,10,L01-4,2,folE,2437944,9309,yejM,2481771,31426
179,2559540,2562632,forward,3093,3093,11,L01-4,2,nrdB,2542126,17414,folC,2628385,65753
180,2752779,2755871,forward,3093,3093,12,L01-4,2,zipA,2709983,42796,dapE,2766667,10796
181,3362628,3365720,reverse,3093,3093,13,L01-4,2,rpoD,3317629,44999,rnpB,3376056,10336
182,3466600,3471261,forward,3093,4662,14,L01-4,2,yhbG,3450507,16093,rpsI,3482844,11583
183,3860177,3863269,forward,3093,3093,15,L01-4,2,gpsA,3850047,10130,kdtA,3878026,14757
184,3957739,3962382,forward,3093,4644,16,L01-4,2,yidC,3956123,1616,glmS,3983575,21193
185,70108,73199,forward,3093,3092,0,L01-4,3,hemC,65021,5087,hemG,111965,38766
186,346059,349151,reverse,3093,3093,1,L01-4,3,dnaB,343088,2971,ssb,354587,5436
187,439610,442702,reverse,3093,3093,2,L01-4,3,ssb,355122,84488,groS,455051,12349
188,443366,446457,forward,3092,3092,3,L01-4,3,ssb,355122,88244,groS,455051,8594
189,487150,490241,reverse,3092,3092,4,L01-4,3,yjeE,480408,6742,rpsR,513300,23059
190,1023430,1026521,forward,3093,3092,5,L01-4,3,ffs,1018899,4531,dnaX,1037532,11011
191,1198064,1202725,forward,3093,4662,6,L01-4,3,leuS,1185995,12069,asnS,1203295,570
192,1215836,1218928,reverse,3093,3093,7,L01-4,3,asnS,1204694,11142,mukB,1229627,10699
193,1418450,1421542,forward,3093,3093,8,L01-4,3,infA,1279508,138942,fldA,1489642,68100
194,1512549,1517210,reverse,3093,4662,9,L01-4,3,lnt,1509695,2854,fabA,1532370,15160
195,1840908,1844000,reverse,3093,3093,10,L01-4,3,fabI,1808949,31959,tyrS,2185889,341889
196,1945109,1948201,reverse,3093,3093,11,L01-4,3,fabI,1808949,136160,tyrS,2185889,237688
197,2078160,2082820,forward,3092,4661,12,L01-4,3,fabI,1808949,269211,tyrS,2185889,103069
198,2140591,2143683,forward,3093,3093,13,L01-4,3,fabI,1808949,331642,tyrS,2185889,42206
199,2189489,2192580,reverse,3093,3092,14,L01-4,3,tyrS,2187162,2327,ribC,2215643,23063
200,2278042,2281133,reverse,3093,3092,15,L01-4,3,thrS,2275609,2433,nadE,2298600,17467
201,2465257,2469917,reverse,3092,4661,16,L01-4,3,pgsA,2450755,14502,yejM,2634393,164476
202,2599875,2602967,forward,3093,3093,17,L01-4,3,pgsA,2450755,149120,yejM,2634393,31426
203,2710564,2713655,forward,3092,3092,18,L01-4,3,nrdB,2694750,15814,folC,2779411,65756
204,2903808,2906899,forward,3092,3092,19,L01-4,3,zipA,2861013,42795,dapE,2917695,10796
205,3120150,3123242,reverse,3093,3093,20,L01-4,3,alaS,3113002,7148,ispF,3165397,42155
206,3372138,3375230,reverse,3093,3093,21,L01-4,3,pgk,3362836,9302,metK,3380021,4791
207,3512193,3515284,reverse,3093,3092,22,L01-4,3,rpoD,3474876,37317,rnpB,3525621,10337
208,3616165,3620826,forward,3093,4662,23,L01-4,3,yhbG,3600072,16093,rpsI,3630993,10167
209,4007994,4011086,forward,3093,3093,24,L01-4,3,gpsA,3998193,9801,kdtA,4025843,14757
210,4105560,4110204,forward,3093,4645,25,L01-4,3,yidC,4103944,1616,glmS,4131398,21194
211,1272641,1275733,reverse,3093,3093,0,L02-1,1,fldA,1205066,67575,infA,1414458,138725
212,1515901,1518992,reverse,3093,3092,1,L02-1,1,fabA,1504700,11201,serT,1522955,3963
213,1664424,1667516,reverse,3093,3093,2,L02-1,1,trmU,1653739,10685,pth,1695055,27539
214,2304045,2307136,reverse,3093,3092,3,L02-1,1,pgsA,2287890,16155,metG,2406339,99203
215,2399733,2402825,reverse,3093,3093,4,L02-1,1,pgsA,2287890,111843,metG,2406339,3514
216,2679399,2682491,forward,3093,3093,5,L02-1,1,fabB,2649857,29542,gltX,2712660,30169
217,2919368,2922460,forward,3093,3093,6,L02-1,1,pssA,2910690,8678,yfiO,2925857,3397
218,3061028,3064120,reverse,3093,3093,7,L02-1,1,ftsB,3027437,33591,eno,3064356,236
219,3373301,3376393,forward,3093,3093,8,L02-1,1,rpoD,3335395,37906,rnpB,3393823,17430
220,3497772,3500863,forward,3093,3092,9,L02-1,1,rplM,3496770,1002,degS,3503422,2559
221,3697930,3701022,reverse,3093,3093,10,L02-1,1,asd,3680170,17760,rpoH,3704415,3393
222,3810332,3813424,reverse,3093,3093,11,L02-1,1,ftsY,3708727,101605,glyS,3819359,5935
223,3829927,3836121,reverse,3093,6195,12,L02-1,1,glyQ,3822348,7579,gpsA,3877625,41504
224,3896937,3900028,forward,3092,3092,13,L02-1,1,gpsA,3878643,18294,kdtA,3906622,6594
225,3998555,4001647,reverse,3093,3093,14,L02-1,1,yidC,3984722,13833,glmS,4012942,11295
226,584138,587230,reverse,3093,3093,0,L02-1,2,dnaT,581095,3043,ribF,640561,53331
227,1235178,1238918,reverse,3093,3741,1,L02-1,2,fldA,1208168,27010,infA,1420886,181968
228,1279068,1282159,reverse,3093,3092,2,L02-1,2,fldA,1208168,70900,infA,1420886,138727
229,1522328,1525420,reverse,3093,3093,3,L02-1,2,fabA,1511126,11202,serT,1529382,3962
230,1670849,1673941,reverse,3093,3093,4,L02-1,2,trmU,1660164,10685,pth,1701478,27537
231,1757574,1760666,forward,3093,3093,5,L02-1,2,kdsA,1712567,45007,topA,1776499,15833
232,1828976,1832068,reverse,3093,3093,6,L02-1,2,fabI,1796488,32488,tyrS,2007054,174986
233,2117394,2120486,reverse,3093,3093,7,L02-1,2,nadE,2114389,3005,gapA,2156977,36491
234,2284979,2288070,reverse,3092,3092,8,L02-1,2,pgsA,2268821,16158,metG,2387271,99201
235,2380665,2383757,reverse,3093,3093,9,L02-1,2,pgsA,2268821,111844,metG,2387271,3514
236,2660331,2663423,forward,3093,3093,10,L02-1,2,fabB,2630792,29539,gltX,2693591,30168
237,2900297,2903389,forward,3093,3093,11,L02-1,2,pssA,2891619,8678,yfiO,2906785,3396
238,3041021,3044113,reverse,3093,3093,12,L02-1,2,ftsB,3008368,32653,eno,3044349,236
239,3353291,3356383,forward,3093,3093,13,L02-1,2,rpoD,3315384,37907,rnpB,3363771,7388
240,3467723,3470815,forward,3093,3093,14,L02-1,2,rplM,3466721,1002,degS,3473373,2558
241,3563598,3566690,reverse,3093,3093,15,L02-1,2,rpsL,3549798,13800,trpS,3590982,24292
242,3670984,3674076,reverse,3093,3093,16,L02-1,2,asd,3653225,17759,rpoH,3677469,3393
243,3783382,3786474,reverse,3093,3093,17,L02-1,2,ftsY,3681781,101601,glyS,3792409,5935
244,3802977,3806718,reverse,3093,3742,18,L02-1,2,glyQ,3795398,7579,gpsA,3916920,110202
245,3825876,3829618,reverse,3094,3743,19,L02-1,2,glyQ,3795398,30478,gpsA,3916920,87302
246,3848777,3852518,reverse,3093,3742,20,L02-1,2,glyQ,3795398,53379,gpsA,3916920,64402
247,3871675,3875416,reverse,3093,3742,21,L02-1,2,glyQ,3795398,76277,gpsA,3916920,41504
248,3933831,3936923,forward,3093,3093,22,L02-1,2,gpsA,3917938,15893,kdtA,3943520,6597
249,4034297,4037389,reverse,3093,3093,23,L02-1,2,yidC,4021616,12681,glmS,4048684,11295
250,80925,84017,reverse,3093,3093,0,L02-1,3,hemC,65021,15904,hemG,111868,27851
251,445820,448912,reverse,3093,3093,1,L02-1,3,ssb,351920,93900,groS,450937,2025
252,590243,593335,reverse,3093,3093,2,L02-1,3,dnaT,587200,3043,ribF,646667,53332
253,939297,942389,reverse,3093,3093,3,L02-1,3,hemB,937859,1438,secD,968974,26585
254,1235352,1242194,forward,3092,6843,4,L02-1,3,fldA,1217376,17976,serT,1508405,266211
255,1251239,1258080,reverse,3092,6842,5,L02-1,3,fldA,1217376,33863,serT,1508405,250325
256,1456448,1459539,forward,3093,3092,6,L02-1,3,fldA,1217376,239072,serT,1508405,48866
257,1501350,1504442,reverse,3093,3093,7,L02-1,3,fldA,1217376,283974,serT,1508405,3963
258,1648491,1651583,reverse,3093,3093,8,L02-1,3,trmU,1639188,9303,pth,1679120,27537
259,1735218,1738310,forward,3093,3093,9,L02-1,3,kdsA,1690209,45009,topA,1754143,15833
260,1806621,1809712,reverse,3093,3092,10,L02-1,3,fabI,1774133,32488,tyrS,1987799,178087
261,1821007,1824099,forward,3093,3093,11,L02-1,3,fabI,1774133,46874,tyrS,1987799,163700
262,2251039,2254131,reverse,3093,3093,12,L02-1,3,pgsA,2246461,4578,metG,2353331,99200
263,2346726,2349817,reverse,3093,3092,13,L02-1,3,pgsA,2246461,100265,metG,2353331,3514
264,2415126,2418218,forward,3093,3093,14,L02-1,3,folE,2402680,12446,yejM,2446507,28289
265,2622500,2625592,forward,3093,3093,15,L02-1,3,fabB,2599954,22546,gltX,2665852,40260
266,2632593,2635684,forward,3093,3092,16,L02-1,3,fabB,2599954,32639,gltX,2665852,30168
267,2872560,2875651,forward,3093,3092,17,L02-1,3,pssA,2863882,8678,yfiO,2879047,3396
268,3013284,3016375,reverse,3092,3092,18,L02-1,3,ftsB,2980628,32656,eno,3016611,236
269,3252050,3257016,forward,3093,4967,19,L02-1,3,parC,3245650,6400,parE,3258158,1142
270,3330533,3333625,forward,3093,3093,20,L02-1,3,rpoD,3292625,37908,rnpB,3341012,7387
271,3444966,3448057,forward,3093,3092,21,L02-1,3,rplM,3443964,1002,degS,3740865,292808
272,3489867,3492958,reverse,3093,3092,22,L02-1,3,rplM,3443964,45903,degS,3740865,247907
273,3691325,3694417,forward,3093,3093,23,L02-1,3,rplM,3443964,247361,degS,3740865,46448
274,3734566,3738307,forward,3093,3742,24,L02-1,3,rplM,3443964,290602,degS,3740865,2558
275,3831089,3834181,reverse,3093,3093,25,L02-1,3,rpsL,3817289,13800,trpS,3858473,24292
276,3938476,3941568,reverse,3093,3093,26,L02-1,3,asd,3920716,17760,rpoH,3944961,3393
277,3966721,3969813,reverse,3093,3093,27,L02-1,3,ftsY,3949274,17447,glyS,3975748,5935
278,3986315,3990056,reverse,3093,3742,28,L02-1,3,glyQ,3978737,7578,gpsA,4031561,41505
279,4048471,4051562,forward,3093,3092,29,L02-1,3,gpsA,4032579,15892,kdtA,4058160,6598
280,4148939,4152031,reverse,3093,3093,30,L02-1,3,yidC,4136258,12681,glmS,4161815,9784
281,1272641,1275733,reverse,3093,3093,0,L02-2,1,fldA,1205066,67575,infA,1414458,138725
282,1515901,1518992,reverse,3093,3092,1,L02-2,1,fabA,1504700,11201,serT,1522955,3963
283,1664424,1667516,reverse,3093,3093,2,L02-2,1,trmU,1653739,10685,pth,1695055,27539
284,2304045,2307136,reverse,3093,3092,3,L02-2,1,pgsA,2287890,16155,metG,2406339,99203
285,2399733,2402825,reverse,3093,3093,4,L02-2,1,pgsA,2287890,111843,metG,2406339,3514
286,2679399,2682491,forward,3093,3093,5,L02-2,1,fabB,2649857,29542,gltX,2712660,30169
287,2919368,2922460,forward,3093,3093,6,L02-2,1,pssA,2910690,8678,yfiO,2925857,3397
288,3061028,3064120,reverse,3093,3093,7,L02-2,1,ftsB,3027437,33591,eno,3064356,236
289,3373301,3376393,forward,3093,3093,8,L02-2,1,rpoD,3335395,37906,rnpB,3393823,17430
290,3497772,3500863,forward,3093,3092,9,L02-2,1,rplM,3496770,1002,degS,3503422,2559
291,3697930,3701022,reverse,3093,3093,10,L02-2,1,asd,3680170,17760,rpoH,3704415,3393
292,3810332,3813424,reverse,3093,3093,11,L02-2,1,ftsY,3708727,101605,glyS,3819359,5935
293,3829927,3836121,reverse,3093,6195,12,L02-2,1,glyQ,3822348,7579,gpsA,3877625,41504
294,3896937,3900028,forward,3092,3092,13,L02-2,1,gpsA,3878643,18294,kdtA,3906622,6594
295,3998555,4001647,reverse,3093,3093,14,L02-2,1,yidC,3984722,13833,glmS,4012942,11295
296,554073,557814,reverse,3093,3742,0,L02-2,2,ppa,523797,30276,valS,558188,374
297,770009,773101,forward,3093,3093,1,L02-2,2,can,761793,8216,folK,779479,6378
298,1015872,1018964,reverse,3093,3093,2,L02-2,2,ffs,1011755,4117,dnaX,1030389,11425
299,1281924,1285016,reverse,3093,3093,3,L02-2,2,fldA,1214349,67575,infA,1426845,141829
300,1341294,1344386,reverse,3093,3093,4,L02-2,2,fldA,1214349,126945,infA,1426845,82459
301,1528292,1531384,reverse,3093,3093,5,L02-2,2,fabA,1517089,11203,serT,1535347,3963
302,1676818,1679910,reverse,3093,3093,6,L02-2,2,trmU,1666133,10685,pth,1707447,27537
303,1824037,1827129,reverse,3093,3093,7,L02-2,2,fabI,1799357,24680,tyrS,2044724,217595
304,2319549,2322641,reverse,3093,3093,8,L02-2,2,pgsA,2303391,16158,metG,2417749,95108
305,2411143,2414235,reverse,3093,3093,9,L02-2,2,pgsA,2303391,107752,metG,2417749,3514
306,2479529,2482621,reverse,3093,3093,10,L02-2,2,folE,2467100,12429,yejM,2510927,28306
307,2693916,2696983,forward,3093,3068,11,L02-2,2,fabB,2664375,29541,gltX,2727152,30169
308,2830764,2833856,forward,3093,3093,12,L02-2,2,hda,2819925,10839,der,2840091,6235
309,2936966,2940058,forward,3093,3093,13,L02-2,2,pssA,2928288,8678,yfiO,2943455,3397
310,3059093,3062185,reverse,3093,3093,14,L02-2,2,ftsB,3045036,14057,eno,3062421,236
311,3371371,3374463,forward,3093,3093,15,L02-2,2,rpoD,3333463,37908,rnpB,3391894,17431
312,3495849,3498941,forward,3093,3093,16,L02-2,2,rplM,3494847,1002,degS,3501499,2558
313,3696010,3699102,reverse,3093,3093,17,L02-2,2,asd,3678250,17760,ftsY,3725523,26421
314,3731737,3734829,forward,3093,3093,18,L02-2,2,rpoH,3727491,4246,gpsA,3847997,113168
315,3796528,3799620,reverse,3093,3093,19,L02-2,2,rpoH,3727491,69037,gpsA,3847997,48377
316,3816123,3819215,reverse,3093,3093,20,L02-2,2,rpoH,3727491,88632,gpsA,3847997,28782
317,3835718,3839459,reverse,3093,3742,21,L02-2,2,rpoH,3727491,108227,gpsA,3847997,8538
318,3889503,3899446,forward,3093,9944,22,L02-2,2,gpsA,3846979,42524,kdtA,3919467,20021
319,3910229,3913321,forward,3093,3093,23,L02-2,2,gpsA,3846979,63250,kdtA,3919467,6146
320,4011399,4014491,reverse,3093,3093,24,L02-2,2,yidC,3997566,13833,glmS,4025040,10549
321,554025,557765,reverse,3093,3741,0,L02-2,3,ppa,523753,30272,valS,558139,374
322,769939,773031,forward,3093,3093,1,L02-2,3,can,761723,8216,folK,779409,6378
323,1015788,1018880,reverse,3093,3093,2,L02-2,3,ffs,1011671,4117,dnaX,1030305,11425
324,1281827,1284918,reverse,3093,3092,3,L02-2,3,fldA,1214255,67572,infA,1426738,141820
325,1341194,1344286,reverse,3093,3093,4,L02-2,3,fldA,1214255,126939,infA,1426738,82452
326,1528178,1531270,reverse,3093,3093,5,L02-2,3,fabA,1516977,11201,serT,1535231,3961
327,1676689,1679781,reverse,3093,3093,6,L02-2,3,trmU,1666004,10685,pth,1707314,27533
328,1823896,1826988,reverse,3093,3093,7,L02-2,3,fabI,1799220,24676,tyrS,2044560,217572
329,2200148,2203239,reverse,3093,3092,8,L02-2,3,gapA,2192366,7782,yeaZ,2602413,399174
330,2230526,2233617,reverse,3093,3092,9,L02-2,3,gapA,2192366,38160,yeaZ,2602413,368796
331,2444896,2447962,forward,3093,3067,10,L02-2,3,gapA,2192366,252530,yeaZ,2602413,154451
332,2581729,2584817,forward,3091,3089,11,L02-2,3,gapA,2192366,389363,yeaZ,2602413,17596
333,2704045,2707137,reverse,3093,3093,12,L02-2,3,pgsA,2687889,16156,metG,2800589,93452
334,2793983,2797075,reverse,3093,3093,13,L02-2,3,pgsA,2687889,106094,metG,2800589,3514
335,2835089,2838180,reverse,3093,3092,14,L02-2,3,metG,2802621,32468,der,3225995,387815
336,2865467,2868558,reverse,3093,3092,15,L02-2,3,metG,2802621,62846,der,3225995,357437
337,3079837,3082903,forward,3093,3067,16,L02-2,3,metG,2802621,277216,der,3225995,143092
338,3216670,3219760,forward,3093,3091,17,L02-2,3,metG,2802621,414049,der,3225995,6235
339,3322866,3325958,forward,3093,3093,18,L02-2,3,pssA,3314189,8677,glyQ,3334446,8488
340,3342460,3345552,forward,3093,3093,19,L02-2,3,glyS,3334457,8003,rpoH,3411568,66016
341,3405085,3408175,reverse,3092,3091,20,L02-2,3,glyS,3334457,70628,rpoH,3411568,3393
342,3440808,3443899,forward,3093,3092,21,L02-2,3,ftsY,3415879,24929,asd,3462760,18861
343,3640960,3644051,reverse,3093,3092,22,L02-2,3,degS,3637336,3624,rplM,3645479,1428
344,3764740,3767832,reverse,3093,3093,23,L02-2,3,rnpB,3747619,17121,rpoD,3807575,39743
345,4076989,4080080,forward,3093,3092,24,L02-2,3,eno,4075456,1533,ftsB,4094445,14365
346,4199102,4202843,reverse,3093,3742,25,L02-2,3,yfiO,4194971,4131,gpsA,4211380,8537
347,4252882,4256623,forward,3093,3742,26,L02-2,3,gpsA,4210362,42520,kdtA,4276638,20015
348,4267402,4270493,forward,3093,3092,27,L02-2,3,gpsA,4210362,57040,kdtA,4276638,6145
349,4368563,4371654,reverse,3093,3092,28,L02-2,3,yidC,4354731,13832,glmS,4382202,10548
350,1272641,1275733,reverse,3093,3093,0,L02-3,1,fldA,1205066,67575,infA,1414458,138725
351,1515901,1518992,reverse,3093,3092,1,L02-3,1,fabA,1504700,11201,serT,1522955,3963
352,1664424,1667516,reverse,3093,3093,2,L02-3,1,trmU,1653739,10685,pth,1695055,27539
353,2304045,2307136,reverse,3093,3092,3,L02-3,1,pgsA,2287890,16155,metG,2406339,99203
354,2399733,2402825,reverse,3093,3093,4,L02-3,1,pgsA,2287890,111843,metG,2406339,3514
355,2679399,2682491,forward,3093,3093,5,L02-3,1,fabB,2649857,29542,gltX,2712660,30169
356,2919368,2922460,forward,3093,3093,6,L02-3,1,pssA,2910690,8678,yfiO,2925857,3397
357,3061028,3064120,reverse,3093,3093,7,L02-3,1,ftsB,3027437,33591,eno,3064356,236
358,3373301,3376393,forward,3093,3093,8,L02-3,1,rpoD,3335395,37906,rnpB,3393823,17430
359,3497772,3500863,forward,3093,3092,9,L02-3,1,rplM,3496770,1002,degS,3503422,2559
360,3697930,3701022,reverse,3093,3093,10,L02-3,1,asd,3680170,17760,rpoH,3704415,3393
361,3810332,3813424,reverse,3093,3093,11,L02-3,1,ftsY,3708727,101605,glyS,3819359,5935
362,3829927,3836121,reverse,3093,6195,12,L02-3,1,glyQ,3822348,7579,gpsA,3877625,41504
363,3896937,3900028,forward,3092,3092,13,L02-3,1,gpsA,3878643,18294,kdtA,3906622,6594
364,3998555,4001647,reverse,3093,3093,14,L02-3,1,yidC,3984722,13833,glmS,4012942,11295
365,1045297,1048388,forward,3092,3092,0,L02-3,2,hemH,1028020,17277,lpxH,1078036,29648
366,1116890,1119982,forward,3093,3093,1,L02-3,2,argU,1089616,27274,mrdB,1166181,46199
367,1220260,1223351,reverse,3092,3092,2,L02-3,2,fldA,1211258,9002,infA,1408817,185466
368,1263900,1266992,reverse,3093,3093,3,L02-3,2,fldA,1211258,52642,infA,1408817,141825
369,1317467,1320559,reverse,3093,3093,4,L02-3,2,fldA,1211258,106209,infA,1408817,88258
370,1510260,1513352,reverse,3093,3093,5,L02-3,2,fabA,1499058,11202,serT,1517314,3962
371,1658785,1661877,reverse,3093,3093,6,L02-3,2,trmU,1648100,10685,pth,1688852,26975
372,2269720,2273461,reverse,3093,3742,7,L02-3,2,argS,2267421,2299,leuZ,2284427,10966
373,2301586,2304678,reverse,3093,3093,8,L02-3,2,pgsA,2285428,16158,metG,2405177,100499
374,2356212,2359303,reverse,3093,3092,9,L02-3,2,pgsA,2285428,70784,metG,2405177,45874
375,2400372,2403464,reverse,3093,3093,10,L02-3,2,pgsA,2285428,114944,metG,2405177,1713
376,2571493,2574584,forward,3093,3092,11,L02-3,2,nrdB,2555609,15884,folC,2624209,49625
377,2663677,2666769,forward,3093,3093,12,L02-3,2,fabB,2634139,29538,gltX,2696936,30167
378,2702756,2705848,forward,3093,3093,13,L02-3,2,gltX,2698350,4406,ligA,2708942,3094
379,2906743,2909834,forward,3092,3092,14,L02-3,2,pssA,2898066,8677,yfiO,2913230,3396
380,3048405,3051497,reverse,3093,3093,15,L02-3,2,ftsB,3014811,33594,eno,3051733,236
381,3360675,3363767,forward,3093,3093,16,L02-3,2,rpoD,3322766,37909,rnpB,3380688,16921
382,3484641,3487732,forward,3093,3092,17,L02-3,2,rplM,3483640,1001,degS,3490290,2558
383,3624981,3628073,forward,3093,3093,18,L02-3,2,yrfF,3620764,4217,asd,3669037,40964
384,3687899,3690991,reverse,3093,3093,19,L02-3,2,asd,3670139,17760,rpoH,3694384,3393
385,3780945,3784037,reverse,3093,3093,20,L02-3,2,ftsY,3698697,82248,glyS,3789973,5936
386,3800541,3804282,reverse,3093,3742,21,L02-3,2,glyQ,3792962,7579,gpsA,3868684,64402
387,3823440,3827181,reverse,3093,3742,22,L02-3,2,glyQ,3792962,30478,gpsA,3868684,41503
388,3887992,3891084,forward,3093,3093,23,L02-3,2,gpsA,3869702,18290,kdtA,3897678,6594
389,3989606,3992698,reverse,3093,3093,24,L02-3,2,yidC,3975774,13832,glmS,4003993,11295
390,1045226,1048316,forward,3092,3091,0,L02-3,3,hemH,1027950,17276,fldA,1057846,9530
391,1106488,1109579,reverse,3092,3092,1,L02-3,3,mrdB,1101279,5209,argU,1167192,57613
392,1151686,1154777,reverse,3093,3092,2,L02-3,3,mrdB,1101279,50407,argU,1167192,12415
393,1208340,1211432,reverse,3093,3093,3,L02-3,3,lpxH,1177976,30364,infA,1393777,182345
394,1251971,1255062,reverse,3093,3092,4,L02-3,3,lpxH,1177976,73995,infA,1393777,138715
395,1465143,1468235,reverse,3093,3093,5,L02-3,3,asnS,1456533,8610,fabA,1749880,281645
396,1557320,1560412,reverse,3093,3093,6,L02-3,3,asnS,1456533,100787,fabA,1749880,189468
397,1728424,1731515,forward,3093,3092,7,L02-3,3,asnS,1456533,271891,fabA,1749880,18365
398,1761597,1764689,reverse,3093,3093,8,L02-3,3,fabA,1750397,11200,serT,1768650,3961
399,1910108,1913199,reverse,3093,3092,9,L02-3,3,trmU,1899424,10684,pth,1940173,26974
400,2448262,2452002,reverse,3092,3741,10,L02-3,3,yeaZ,2448174,88,aspS,2509404,57402
401,2524744,2528485,reverse,3093,3742,11,L02-3,3,argS,2522445,2299,leuZ,2539451,10966
402,2556606,2559697,reverse,3093,3092,12,L02-3,3,pgsA,2540452,16154,gltX,2926999,367302
403,2611228,2614320,reverse,3093,3093,13,L02-3,3,pgsA,2540452,70776,gltX,2926999,312679
404,2630462,2633553,reverse,3093,3092,14,L02-3,3,pgsA,2540452,90010,gltX,2926999,293446
405,2801565,2804657,forward,3093,3093,15,L02-3,3,pgsA,2540452,261113,gltX,2926999,122342
406,2893742,2896834,forward,3093,3093,16,L02-3,3,pgsA,2540452,353290,gltX,2926999,30165
407,2932819,2935909,forward,3092,3091,17,L02-3,3,gltX,2928413,4406,ligA,2939003,3094
408,3136792,3139883,forward,3092,3092,18,L02-3,3,pssA,3128115,8677,yfiO,3143278,3395
409,3278439,3281530,reverse,3093,3092,19,L02-3,3,ftsB,3244845,33594,eno,3281766,236
410,3590677,3593767,forward,3093,3091,20,L02-3,3,rpoD,3552775,37902,rnpB,3610688,16921
411,3714626,3717718,forward,3093,3093,21,L02-3,3,rplM,3713626,1000,degS,3720276,2558
412,3854961,3858052,forward,3093,3092,22,L02-3,3,yrfF,3850744,4217,asd,3899015,40963
413,3917876,3920967,reverse,3093,3092,23,L02-3,3,asd,3900117,17759,rpoH,3924360,3393
414,4010913,4014004,reverse,3093,3092,24,L02-3,3,ftsY,3928671,82242,glyS,4019938,5934
415,4030503,4034243,reverse,3093,3741,25,L02-3,3,glyQ,4022927,7576,gpsA,4075744,41501
416,4095050,4098141,forward,3093,3092,26,L02-3,3,gpsA,4076762,18288,kdtA,4104736,6595
417,4196660,4199751,reverse,3093,3092,27,L02-3,3,yidC,4182827,13833,glmS,4209037,9286
418,1272641,1275733,reverse,3093,3093,0,L02-4,1,fldA,1205066,67575,infA,1414458,138725
419,1515901,1518992,reverse,3093,3092,1,L02-4,1,fabA,1504700,11201,serT,1522955,3963
420,1664424,1667516,reverse,3093,3093,2,L02-4,1,trmU,1653739,10685,pth,1695055,27539
421,2304045,2307136,reverse,3093,3092,3,L02-4,1,pgsA,2287890,16155,metG,2406339,99203
422,2399733,2402825,reverse,3093,3093,4,L02-4,1,pgsA,2287890,111843,metG,2406339,3514
423,2679399,2682491,forward,3093,3093,5,L02-4,1,fabB,2649857,29542,gltX,2712660,30169
424,2919368,2922460,forward,3093,3093,6,L02-4,1,pssA,2910690,8678,yfiO,2925857,3397
425,3061028,3064120,reverse,3093,3093,7,L02-4,1,ftsB,3027437,33591,eno,3064356,236
426,3373301,3376393,forward,3093,3093,8,L02-4,1,rpoD,3335395,37906,rnpB,3393823,17430
427,3497772,3500863,forward,3093,3092,9,L02-4,1,rplM,3496770,1002,degS,3503422,2559
428,3697930,3701022,reverse,3093,3093,10,L02-4,1,asd,3680170,17760,rpoH,3704415,3393
429,3810332,3813424,reverse,3093,3093,11,L02-4,1,ftsY,3708727,101605,glyS,3819359,5935
430,3829927,3836121,reverse,3093,6195,12,L02-4,1,glyQ,3822348,7579,gpsA,3877625,41504
431,3896937,3900028,forward,3092,3092,13,L02-4,1,gpsA,3878643,18294,kdtA,3906622,6594
432,3998555,4001647,reverse,3093,3093,14,L02-4,1,yidC,3984722,13833,glmS,4012942,11295
433,137375,140467,forward,3093,3093,0,L02-4,2,yihA,124977,12398,ftsN,202830,62363
434,147326,150416,forward,3092,3091,1,L02-4,2,yihA,124977,22349,ftsN,202830,52414
435,1278710,1281801,reverse,3093,3092,2,L02-4,2,fldA,1211138,67572,infA,1420526,138725
436,1521967,1525058,reverse,3093,3092,3,L02-4,2,fabA,1510765,11202,serT,1529020,3962
437,1553757,1556849,reverse,3093,3093,4,L02-4,2,serT,1529106,24651,mviN,1608564,51715
438,1673590,1676682,reverse,3093,3093,5,L02-4,2,trmU,1662905,10685,pth,1704219,27537
439,1745605,1748697,forward,3093,3093,6,L02-4,2,kdsA,1715307,30298,topA,1779241,30544
440,2169525,2172617,reverse,3093,3093,7,L02-4,2,nadE,2148815,20710,gapA,2191402,18785
441,2212882,2215974,reverse,3093,3093,8,L02-4,2,gapA,2192396,20486,yeaZ,2220865,4891
442,2322497,2325589,reverse,3093,3093,9,L02-4,2,pgsA,2306341,16156,folE,2393109,67520
443,2359888,2362979,reverse,3092,3092,10,L02-4,2,pgsA,2306341,53547,folE,2393109,30130
444,2445306,2448397,forward,3093,3092,11,L02-4,2,metG,2439760,5546,yejM,2459668,11271
445,2578379,2581471,reverse,3093,3093,12,L02-4,2,nrdB,2520023,58356,folC,2606280,24809
446,2645748,2648838,forward,3092,3091,13,L02-4,2,fabB,2616210,29538,gltX,2679006,30168
447,2885710,2888801,forward,3093,3092,14,L02-4,2,pssA,2877033,8677,yfiO,2892196,3395
448,3027372,3030465,reverse,3094,3094,15,L02-4,2,ftsB,2993777,33595,eno,3030701,236
449,3126472,3131288,forward,3092,4817,16,L02-4,2,lgt,3090092,36380,prfB,3150694,19406
450,3317189,3320930,forward,3093,3742,17,L02-4,2,rpoD,3297068,20121,glyQ,3326447,5517
451,3334461,3337553,forward,3093,3093,18,L02-4,2,glyS,3326458,8003,ftsY,3440651,103098
452,3446865,3449956,forward,3093,3092,19,L02-4,2,rpoH,3442619,4246,asd,3468818,18862
453,3612996,3616087,forward,3093,3092,20,L02-4,2,yrdC,3595256,17740,accC,3623852,7765
454,3650127,3653219,reverse,3093,3093,21,L02-4,2,degS,3646503,3624,rplM,3654647,1428
455,3760953,3764691,reverse,3093,3739,22,L02-4,2,rnpB,3756796,4157,gpsA,3806196,41505
456,3825505,3828596,forward,3092,3092,23,L02-4,2,gpsA,3807214,18291,kdtA,3835191,6595
457,3864506,3867598,reverse,3093,3093,24,L02-4,2,spoT,3851075,13431,gyrB,3910038,42440
458,3872623,3876363,reverse,3093,3741,25,L02-4,2,spoT,3851075,21548,gyrB,3910038,33675
459,3932887,3935978,reverse,3093,3092,26,L02-4,2,yidC,3919054,13833,glmS,3947272,11294
460,137368,140459,forward,3093,3092,0,L02-4,3,yihA,124972,12396,ftsN,197537,57078
461,183344,188161,forward,3093,4818,1,L02-4,3,yihA,124972,58372,ftsN,197537,9376
462,601265,604357,forward,3093,3093,2,L02-4,3,dnaT,581963,19302,ribF,641421,37064
463,1276436,1279527,reverse,3093,3092,3,L02-4,3,fldA,1208871,67565,infA,1418242,138715
464,1519674,1522765,reverse,3093,3092,4,L02-4,3,fabA,1508474,11200,serT,1526726,3961
465,1551460,1554551,reverse,3093,3092,5,L02-4,3,serT,1526812,24648,mviN,1606260,51709
466,1671279,1674370,reverse,3093,3092,6,L02-4,3,trmU,1660595,10684,pth,1701904,27534
467,1743289,1746376,forward,3093,3088,7,L02-4,3,kdsA,1712992,30297,topA,1776917,30541
468,1828552,1831644,reverse,3093,3093,8,L02-4,3,fabI,1796901,31651,tyrS,2045324,213680
469,1925865,1928956,forward,3093,3092,9,L02-4,3,fabI,1796901,128964,tyrS,2045324,116368
470,2199651,2202740,forward,3092,3090,10,L02-4,3,gapA,2193127,6524,yeaZ,2215571,12831
471,2207589,2210680,reverse,3093,3092,11,L02-4,3,gapA,2193127,14462,yeaZ,2215571,4891
472,2317190,2320279,reverse,3092,3090,12,L02-4,3,pgsA,2301038,16152,folE,2381332,61053
473,2348111,2351203,reverse,3093,3093,13,L02-4,3,pgsA,2301038,47073,folE,2381332,30129
474,2433523,2436611,forward,3089,3089,14,L02-4,3,metG,2427976,5547,asd,2455473,18862
475,2529038,2532129,forward,3093,3092,15,L02-4,3,trpS,2515609,13429,yejM,2543399,11270
476,2662098,2665189,reverse,3093,3092,16,L02-4,3,nrdB,2603746,58352,gltX,2762718,97529
477,2729462,2732552,forward,3092,3091,17,L02-4,3,nrdB,2603746,125716,gltX,2762718,30166
478,2969410,2972500,forward,3092,3091,18,L02-4,3,pssA,2960734,8676,yfiO,2975893,3393
479,3111061,3114152,reverse,3092,3092,19,L02-4,3,ftsB,3077466,33595,eno,3114388,236
480,3193933,3197024,reverse,3092,3092,20,L02-4,3,lgt,3173774,20159,prfB,3298874,101850
481,3261298,3264389,forward,3093,3092,21,L02-4,3,lgt,3173774,87524,prfB,3298874,34485
482,3274653,3279468,forward,3093,4816,22,L02-4,3,lgt,3173774,100879,prfB,3298874,19406
483,3465360,3469099,forward,3092,3740,23,L02-4,3,rpoD,3445240,20120,glyQ,3474615,5516
484,3482629,3485721,forward,3093,3093,24,L02-4,3,glyS,3474626,8003,ftsY,3588807,103086
485,3595018,3598109,forward,3092,3092,25,L02-4,3,rpoH,3590775,4243,rpsL,3623227,25118
486,3701831,3704922,reverse,3093,3092,26,L02-4,3,degS,3698207,3624,rplM,3706350,1428
487,3812642,3816381,reverse,3092,3740,27,L02-4,3,rnpB,3808488,4154,gpsA,3860983,44602
488,3837575,3840667,forward,3093,3093,28,L02-4,3,rnpB,3808488,29087,gpsA,3860983,20316
489,3869460,3872551,forward,3093,3092,29,L02-4,3,gpsA,3862001,7459,spoT,3888088,15537
490,3908459,3911550,reverse,3092,3092,30,L02-4,3,kdtA,3900588,7871,gyrB,3962041,50491
491,3922193,3925934,reverse,3093,3742,31,L02-4,3,kdtA,3900588,21605,gyrB,3962041,36107
492,3942439,3945530,forward,3093,3092,32,L02-4,3,kdtA,3900588,41851,gyrB,3962041,16511
493,3984629,3987720,reverse,3092,3092,33,L02-4,3,yidC,3971057,13572,glmS,3993454,5734
494,207973,211064,forward,3092,3092,0,L03-1,1,priA,201066,6907,murI,242786,31722
495,1110055,1113147,reverse,3093,3093,1,L03-1,1,argU,1089637,20418,mrdB,1166203,53056
496,1278854,1281946,reverse,3093,3093,2,L03-1,1,fldA,1211282,67572,infA,1420674,138728
497,1666167,1669258,reverse,3093,3092,3,L03-1,1,trmU,1656858,9309,pth,1696632,27374
498,1872986,1878156,reverse,3093,5171,4,L03-1,1,fabI,1788542,84444,tyrS,1978531,100375
499,2516426,2519518,reverse,3093,3093,5,L03-1,1,nrdB,2499860,16566,folC,2588155,68637
500,2578608,2581700,forward,3093,3093,6,L03-1,1,nrdB,2499860,78748,folC,2588155,6455
501,3420511,3423603,forward,3093,3093,7,L03-1,1,yhbG,3404090,16421,spoT,3468110,44507
502,3883981,3887073,reverse,3093,3093,8,L03-1,1,rpsI,3873576,10405,gyrB,3897879,10806
503,207966,211058,forward,3093,3093,0,L03-1,2,priA,201059,6907,murI,242780,31722
504,1110019,1113111,reverse,3093,3093,1,L03-1,2,argU,1089601,20418,mrdB,1166165,53054
505,1278816,1281908,reverse,3093,3093,2,L03-1,2,fldA,1211242,67574,infA,1423731,141823
506,1343658,1346750,forward,3093,3093,3,L03-1,2,fldA,1211242,132416,infA,1423731,76981
507,1484005,1487097,reverse,3093,3093,4,L03-1,2,mukB,1478291,5714,asnS,1488193,1096
508,1672321,1675413,reverse,3093,3093,5,L03-1,2,trmU,1663011,9310,pth,1702786,27373
509,1879128,1884298,reverse,3093,5171,6,L03-1,2,fabI,1794692,84436,tyrS,1984670,100372
510,2047312,2050403,forward,3092,3092,7,L03-1,2,ribC,2011961,35351,pheT,2067376,16973
511,2398585,2401677,reverse,3093,3093,8,L03-1,2,metG,2360705,37880,folE,2410458,8781
512,2528772,2531864,reverse,3093,3093,9,L03-1,2,nrdB,2512206,16566,folC,2600501,68637
513,2590954,2594046,forward,3093,3093,10,L03-1,2,nrdB,2512206,78748,folC,2600501,6455
514,3432837,3435928,forward,3092,3092,11,L03-1,2,yhbG,3416417,16420,spoT,3480435,44507
515,3574875,3577966,reverse,3092,3092,12,L03-1,2,glyS,3570103,4772,ftsY,3684293,106327
516,3899407,3902499,reverse,3093,3093,13,L03-1,2,rpsI,3888996,10411,gyrB,3913305,10806
517,207958,211050,forward,3093,3093,0,L03-1,3,priA,201051,6907,murI,242772,31722
518,455261,458352,reverse,3092,3092,1,L03-1,3,efp,453484,1777,psd,469713,11361
519,1033972,1037062,forward,3092,3091,2,L03-1,3,hemH,1033121,851,lpxH,1067109,30047
520,1099107,1102199,reverse,3093,3093,3,L03-1,3,argU,1078689,20418,mrdB,1155249,53050
521,1267900,1270992,reverse,3093,3093,4,L03-1,3,fldA,1200326,67574,infA,1401367,130375
522,1332357,1335448,forward,3093,3092,5,L03-1,3,fldA,1200326,132031,infA,1401367,65919
523,1461638,1464730,reverse,3093,3093,6,L03-1,3,mukB,1455926,5712,asnS,1465826,1096
524,1649949,1653040,reverse,3093,3092,7,L03-1,3,trmU,1640640,9309,pth,1680415,27375
525,1856393,1859485,reverse,3093,3093,8,L03-1,3,fabI,1772317,84076,tyrS,1963074,103589
526,1917167,1920381,forward,3093,3215,9,L03-1,3,fabI,1772317,144850,tyrS,1963074,42693
527,2025716,2028808,forward,3093,3093,10,L03-1,3,ribC,1990365,35351,pheT,2040853,12045
528,2371817,2374907,reverse,3092,3091,11,L03-1,3,metG,2334168,37649,folE,2383689,8782
529,2502003,2505095,reverse,3093,3093,12,L03-1,3,nrdB,2485437,16566,folC,2573725,68630
530,2564178,2567270,forward,3093,3093,13,L03-1,3,nrdB,2485437,78741,folC,2573725,6455
531,2963679,2966771,forward,3093,3093,14,L03-1,3,ftsB,2955008,8671,eno,2991925,25154
532,3409132,3412224,forward,3093,3093,15,L03-1,3,yhbG,3392712,16420,spoT,3437371,25147
533,3531800,3534892,reverse,3093,3093,16,L03-1,3,glyS,3527028,4772,ftsY,3641212,106320
534,3856324,3859415,reverse,3093,3092,17,L03-1,3,rpsI,3845914,10410,gyrB,3870220,10805
535,207973,211064,forward,3092,3092,0,L03-2,1,priA,201066,6907,murI,242786,31722
536,1110055,1113147,reverse,3093,3093,1,L03-2,1,argU,1089637,20418,mrdB,1166203,53056
537,1278854,1281946,reverse,3093,3093,2,L03-2,1,fldA,1211282,67572,infA,1420674,138728
538,1666167,1669258,reverse,3093,3092,3,L03-2,1,trmU,1656858,9309,pth,1696632,27374
539,1872986,1878156,reverse,3093,5171,4,L03-2,1,fabI,1788542,84444,tyrS,1978531,100375
540,2516426,2519518,reverse,3093,3093,5,L03-2,1,nrdB,2499860,16566,folC,2588155,68637
541,2578608,2581700,forward,3093,3093,6,L03-2,1,nrdB,2499860,78748,folC,2588155,6455
542,3420511,3423603,forward,3093,3093,7,L03-2,1,yhbG,3404090,16421,spoT,3468110,44507
543,3883981,3887073,reverse,3093,3093,8,L03-2,1,rpsI,3873576,10405,gyrB,3897879,10806
544,207963,211054,forward,3093,3092,0,L03-2,2,priA,201056,6907,murI,242777,31723
545,297632,300723,reverse,3093,3092,1,L03-2,2,rpoC,266921,30711,ubiA,336560,35837
546,316331,319422,forward,3093,3092,2,L03-2,2,rpoC,266921,49410,ubiA,336560,17138
547,418186,421277,forward,3093,3092,3,L03-2,2,ssb,358206,59980,groS,457215,35938
548,860234,863325,reverse,3093,3092,4,L03-2,2,proS,841286,18948,hemB,946258,82933
549,864818,867908,reverse,3093,3091,5,L03-2,2,proS,841286,23532,hemB,946258,78350
550,1125519,1128610,reverse,3093,3092,6,L03-2,2,argU,1105100,20419,mrdB,1181305,52695
551,1293954,1297043,reverse,3093,3090,7,L03-2,2,fldA,1226379,67575,infA,1435763,138720
552,1681250,1684342,reverse,3093,3093,8,L03-2,2,trmU,1671939,9311,pth,1711717,27375
553,1888063,1893232,reverse,3093,5170,9,L03-2,2,fabI,1803627,84436,tyrS,1993602,100370
554,2036719,2039810,forward,3093,3092,10,L03-2,2,ribC,2020894,15825,pheT,2070573,30763
555,2330495,2333587,reverse,3093,3093,11,L03-2,2,pgsA,2249617,80878,metG,2364219,30632
556,2531214,2534306,reverse,3093,3093,12,L03-2,2,nrdB,2514649,16565,folC,2602943,68637
557,2593396,2596488,forward,3093,3093,13,L03-2,2,nrdB,2514649,78747,folC,2602943,6455
558,3139495,3142585,forward,3092,3091,14,L03-2,2,lgt,3077452,62043,prfB,3145820,3235
559,3438393,3441485,forward,3093,3093,15,L03-2,2,yhbG,3421972,16421,glyS,3506531,65046
560,3574116,3577206,reverse,3094,3091,16,L03-2,2,gpsA,3559607,14509,kdtA,3587582,10376
561,3645865,3648956,reverse,3093,3092,17,L03-2,2,spoT,3603465,42400,ftsY,3692938,43982
562,3908042,3911133,reverse,3093,3092,18,L03-2,2,rpsI,3897637,10405,gyrB,3921938,10805
563,207964,211055,forward,3092,3092,0,L03-2,3,priA,201057,6907,murI,242777,31722
564,297639,300731,reverse,3093,3093,1,L03-2,3,rpoC,266919,30720,ubiA,336234,35503
565,316009,319100,forward,3093,3092,2,L03-2,3,rpoC,266919,49090,ubiA,336234,17134
566,417863,420955,forward,3093,3093,3,L03-2,3,ssb,357877,59986,groS,456893,35938
567,859909,863001,reverse,3093,3093,4,L03-2,3,proS,840961,18948,hemB,945931,82930
568,864494,867585,reverse,3092,3092,5,L03-2,3,proS,840961,23533,hemB,945931,78346
569,1125193,1128285,reverse,3093,3093,6,L03-2,3,argU,1104775,20418,mrdB,1180979,52694
570,1293630,1296721,reverse,3093,3092,7,L03-2,3,fldA,1226056,67574,infA,1438544,141823
571,1329869,1332961,reverse,3093,3093,8,L03-2,3,fldA,1226056,103813,infA,1438544,105583
572,1684027,1687118,reverse,3093,3092,9,L03-2,3,trmU,1674717,9310,pth,1714492,27374
573,1890839,1896009,reverse,3093,5171,10,L03-2,3,fabI,1806399,84440,tyrS,1996382,100373
574,2039498,2042590,forward,3093,3093,11,L03-2,3,ribC,2023674,15824,pheT,2073354,30764
575,2269003,2272094,forward,3093,3092,12,L03-2,3,pgsA,2252404,16599,metG,2369941,97847
576,2336218,2339310,reverse,3093,3093,13,L03-2,3,pgsA,2252404,83814,metG,2369941,30631
577,2536938,2540030,reverse,3093,3093,14,L03-2,3,nrdB,2520372,16566,folC,2608666,68636
578,2599119,2602211,forward,3093,3093,15,L03-2,3,nrdB,2520372,78747,folC,2608666,6455
579,3145194,3148285,forward,3093,3092,16,L03-2,3,lgt,3083153,62041,prfB,3151520,3235
580,3444088,3447179,forward,3093,3092,17,L03-2,3,yhbG,3427667,16421,glyS,3512227,65048
581,3579815,3582905,reverse,3092,3091,18,L03-2,3,gpsA,3565306,14509,rpsI,3656445,73540
582,3631218,3634309,reverse,3093,3092,19,L03-2,3,gpsA,3565306,65912,rpsI,3656445,22136
583,3643339,3646431,forward,3093,3093,20,L03-2,3,gpsA,3565306,78033,rpsI,3656445,10014
584,3905523,3908614,forward,3093,3092,21,L03-2,3,ftsY,3863030,42493,gyrB,3985251,76637
585,3928966,3932058,forward,3093,3093,22,L03-2,3,ftsY,3863030,65936,gyrB,3985251,53193
586,3980374,3983465,forward,3093,3092,23,L03-2,3,oriC,1,52914,gyrB,3985251,1786
587,207973,211064,forward,3092,3092,0,L03-3,1,priA,201066,6907,murI,242786,31722
588,1110055,1113147,reverse,3093,3093,1,L03-3,1,argU,1089637,20418,mrdB,1166203,53056
589,1278854,1281946,reverse,3093,3093,2,L03-3,1,fldA,1211282,67572,infA,1420674,138728
590,1666167,1669258,reverse,3093,3092,3,L03-3,1,trmU,1656858,9309,pth,1696632,27374
591,1872986,1878156,reverse,3093,5171,4,L03-3,1,fabI,1788542,84444,tyrS,1978531,100375
592,2516426,2519518,reverse,3093,3093,5,L03-3,1,nrdB,2499860,16566,folC,2588155,68637
593,2578608,2581700,forward,3093,3093,6,L03-3,1,nrdB,2499860,78748,folC,2588155,6455
594,3420511,3423603,forward,3093,3093,7,L03-3,1,yhbG,3404090,16421,spoT,3468110,44507
595,3883981,3887073,reverse,3093,3093,8,L03-3,1,rpsI,3873576,10405,gyrB,3897879,10806
596,207967,211059,forward,3093,3093,0,L03-3,2,priA,201060,6907,murI,242781,31722
597,346075,349167,reverse,3093,3093,1,L03-3,2,dnaB,343081,2994,ssb,354580,5413
598,1113150,1116241,reverse,3093,3092,2,L03-3,2,argU,1092732,20418,mrdB,1169297,53056
599,1281950,1285042,reverse,3093,3093,3,L03-3,2,fldA,1214375,67575,infA,1423770,138728
600,1444447,1447539,reverse,3093,3093,4,L03-3,2,serS,1438264,6183,rpsA,1462642,15103
601,1543360,1546452,reverse,3093,3093,5,L03-3,2,serT,1532355,11005,mviN,1614916,68464
602,1587503,1590595,forward,3093,3093,6,L03-3,2,serT,1532355,55148,mviN,1614916,24321
603,1678567,1681659,reverse,3093,3093,7,L03-3,2,trmU,1669257,9310,pth,1686300,4641
604,1862410,1865502,forward,3093,3093,8,L03-3,2,fabI,1778210,84200,tyrS,2003156,137654
605,1897823,1902782,reverse,3093,4960,9,L03-3,2,fabI,1778210,119613,tyrS,2003156,100374
606,2108156,2111248,forward,3093,3093,10,L03-3,2,thrS,2089776,18380,nadE,2112766,1518
607,2420666,2423758,forward,3093,3093,11,L03-3,2,metG,2379198,41468,folE,2428951,5193
608,2547265,2550357,reverse,3093,3093,12,L03-3,2,nrdB,2530699,16566,folC,2618994,68637
609,2609447,2612539,forward,3093,3093,13,L03-3,2,nrdB,2530699,78748,folC,2618994,6455
610,2860470,2863561,forward,3093,3092,14,L03-3,2,suhB,2826813,33657,acpS,2866286,2725
611,3015596,3018688,reverse,3093,3093,15,L03-3,2,ftsB,3003393,12203,eno,3040318,21630
612,3147477,3150568,forward,3092,3092,16,L03-3,2,lgt,3099710,47767,prfB,3168082,17514
613,3460222,3463314,forward,3093,3093,17,L03-3,2,yhbG,3444237,15985,spoT,3505544,42230
614,3530187,3533279,forward,3093,3093,18,L03-3,2,kdtA,3518045,12142,gpsA,3547600,14321
615,3923798,3925674,reverse,1877,1877,19,L03-3,2,rpsI,3913394,10404,gyrB,3933707,8033
616,207965,211056,forward,3093,3092,0,L03-3,3,priA,201058,6907,murI,242778,31722
617,346072,349163,reverse,3093,3092,1,L03-3,3,dnaB,343078,2994,ssb,354576,5413
618,573753,576844,reverse,3093,3092,2,L03-3,3,yjgQ,568728,5025,dnaC,589107,12263
619,696699,699791,reverse,3093,3093,3,L03-3,3,imp,682449,14250,ftsL,719473,19682
620,904886,907978,forward,3093,3093,4,L03-3,3,proS,841299,63587,hemB,943166,35188
621,1122428,1125520,reverse,3093,3093,5,L03-3,3,argU,1102010,20418,mrdB,1178574,53054
622,1291224,1294315,reverse,3093,3092,6,L03-3,3,fldA,1223651,67573,infA,1433040,138725
623,1453717,1456809,reverse,3093,3093,7,L03-3,3,serS,1447534,6183,rpsA,1471912,15103
624,1496066,1499158,reverse,3093,3093,8,L03-3,3,mukB,1490701,5365,asnS,1518039,18881
625,1513503,1516595,forward,3093,3093,9,L03-3,3,mukB,1490701,22802,asnS,1518039,1444
626,1573164,1576256,reverse,3093,3093,10,L03-3,3,serT,1562159,11005,mviN,1641615,65359
627,1705264,1708355,reverse,3092,3092,11,L03-3,3,trmU,1695954,9310,pth,1712995,4640
628,1889094,1894162,forward,3093,5069,12,L03-3,3,fabI,1804899,84195,tyrS,1994533,100371
629,2099529,2102620,forward,3093,3092,13,L03-3,3,thrS,2081149,18380,nadE,2104137,1517
630,2412025,2415117,forward,3093,3093,14,L03-3,3,metG,2370558,41467,folE,2418753,3636
631,2537067,2540158,reverse,3093,3092,15,L03-3,3,nrdB,2520501,16566,folC,2608794,68636
632,2599248,2602339,forward,3093,3092,16,L03-3,3,nrdB,2520501,78747,folC,2608794,6455
633,2627189,2630280,forward,3092,3092,17,L03-3,3,fabB,2618724,8465,gltX,2681518,51238
634,2853364,2856453,forward,3092,3090,18,L03-3,3,suhB,2819707,33657,acpS,2859178,2725
635,2996385,2999477,reverse,3093,3093,19,L03-3,3,ftsB,2996282,103,eno,3005955,6478
636,3095509,3098601,forward,3093,3093,20,L03-3,3,lgt,3065345,30164,prfB,3116114,17513
637,3253072,3256163,reverse,3092,3092,21,L03-3,3,folB,3252187,885,ygjD,3259842,3679
638,3303036,3306128,reverse,3093,3093,22,L03-3,3,rpoD,3265199,37837,rnpB,3323627,17499
639,3414062,3417153,forward,3093,3092,23,L03-3,3,yhbG,3398077,15985,spoT,3459381,42228
640,3484021,3487113,forward,3093,3093,24,L03-3,3,kdtA,3471882,12139,gpsA,3501434,14321
641,3608276,3611367,forward,3093,3092,25,L03-3,3,glyS,3551429,56847,ftsY,3636568,25201
642,3851674,3854766,reverse,3093,3093,26,L03-3,3,rpsI,3841269,10405,gyrB,3862806,8040
643,207973,211064,forward,3092,3092,0,L03-4,1,priA,201066,6907,murI,242786,31722
644,1110055,1113147,reverse,3093,3093,1,L03-4,1,argU,1089637,20418,mrdB,1166203,53056
645,1278854,1281946,reverse,3093,3093,2,L03-4,1,fldA,1211282,67572,infA,1420674,138728
646,1666167,1669258,reverse,3093,3092,3,L03-4,1,trmU,1656858,9309,pth,1696632,27374
647,1872986,1878156,reverse,3093,5171,4,L03-4,1,fabI,1788542,84444,tyrS,1978531,100375
648,2516426,2519518,reverse,3093,3093,5,L03-4,1,nrdB,2499860,16566,folC,2588155,68637
649,2578608,2581700,forward,3093,3093,6,L03-4,1,nrdB,2499860,78748,folC,2588155,6455
650,3420511,3423603,forward,3093,3093,7,L03-4,1,yhbG,3404090,16421,spoT,3468110,44507
651,3883981,3887073,reverse,3093,3093,8,L03-4,1,rpsI,3873576,10405,gyrB,3897879,10806
652,26898,29989,reverse,3093,3092,0,L03-4,2,trpT,21288,5610,rho,43774,13785
653,211069,214159,forward,3092,3091,1,L03-4,2,priA,204162,6907,murI,245880,31721
654,355887,358979,forward,3093,3093,2,L03-4,2,ssb,355112,775,groS,454124,95145
655,1116235,1119327,reverse,3093,3093,3,L03-4,2,argU,1095817,20418,mrdB,1175483,56156
656,1157580,1160672,reverse,3093,3093,4,L03-4,2,argU,1095817,61763,mrdB,1175483,14811
657,1288135,1291227,reverse,3093,3093,5,L03-4,2,fldA,1220559,67576,infA,1429955,138728
658,1675443,1678533,reverse,3093,3091,6,L03-4,2,trmU,1666133,9310,pth,1705905,27372
659,1740829,1743920,reverse,3093,3092,7,L03-4,2,kdsA,1716994,23835,topA,1780927,37007
660,1885356,1890525,reverse,3093,5170,8,L03-4,2,fabI,1800916,84440,tyrS,1993997,103472
661,1948224,1951316,forward,3093,3093,9,L03-4,2,fabI,1800916,147308,tyrS,1993997,42681
662,2022953,2026045,reverse,3093,3093,10,L03-4,2,ribC,2021289,1664,pheT,2082908,56863
663,2049256,2052348,forward,3093,3093,11,L03-4,2,ribC,2021289,27967,pheT,2082908,30560
664,2063238,2066329,forward,3092,3092,12,L03-4,2,ribC,2021289,41949,pheT,2082908,16579
665,2243942,2247034,reverse,3093,3093,13,L03-4,2,aspS,2236434,7508,argS,2249075,2041
666,2544307,2547399,reverse,3093,3093,14,L03-4,2,nrdB,2527741,16566,gltX,2739242,191843
667,2606490,2609582,forward,3093,3093,15,L03-4,2,nrdB,2527741,78749,gltX,2739242,129660
668,2656966,2660056,forward,3092,3091,16,L03-4,2,nrdB,2527741,129225,gltX,2739242,79186
669,2707357,2710449,forward,3093,3093,17,L03-4,2,nrdB,2527741,179616,gltX,2739242,28793
670,3046117,3049208,forward,3093,3092,18,L03-4,2,alaS,3000101,46016,ispF,3052490,3282
671,3369592,3372683,reverse,3093,3092,19,L03-4,2,rpoD,3358865,10727,rnpB,3417293,44610
672,3508160,3511252,forward,3093,3093,20,L03-4,2,yhbG,3491742,16418,spoT,3555761,44509
673,3971625,3974717,reverse,3093,3093,21,L03-4,2,rpsI,3961219,10406,gyrB,3985523,10806
674,26892,29984,reverse,3093,3093,0,L03-4,3,trpT,21285,5607,rho,43768,13784
675,211054,214145,forward,3093,3092,1,L03-4,3,priA,204147,6907,murI,245866,31721
676,355866,358956,forward,3092,3091,2,L03-4,3,ssb,355091,775,groS,454100,95144
677,587394,590485,forward,3093,3092,3,L03-4,3,yjgQ,571803,15591,dnaC,592183,1698
678,803639,806731,forward,3093,3093,4,L03-4,3,yadR,799445,4194,dapD,810716,3985
679,1160625,1163716,reverse,3093,3092,5,L03-4,3,argU,1101966,58659,mrdB,1178525,14809
680,1291171,1294262,reverse,3093,3092,6,L03-4,3,fldA,1223600,67571,infA,1432980,138718
681,1678453,1681545,reverse,3093,3093,7,L03-4,3,trmU,1669143,9310,pth,1708919,27374
682,1743841,1746931,reverse,3093,3091,8,L03-4,3,kdsA,1720007,23834,topA,1783935,37004
683,1826920,1830012,reverse,3093,3093,9,L03-4,3,fabI,1803922,22998,tyrS,1933481,103469
684,1887712,1890804,forward,3093,3093,10,L03-4,3,fabI,1803922,83790,tyrS,1933481,42677
685,1962436,1965526,reverse,3092,3091,11,L03-4,3,ribC,1960772,1664,pheT,2022388,56862
686,1988737,1991828,forward,3093,3092,12,L03-4,3,ribC,1960772,27965,pheT,2022388,30560
687,2002718,2005810,forward,3093,3093,13,L03-4,3,ribC,1960772,41946,pheT,2022388,16578
688,2183407,2186499,reverse,3093,3093,14,L03-4,3,aspS,2175901,7506,argS,2188540,2041
689,2301954,2305046,reverse,3093,3093,15,L03-4,3,pgsA,2204530,97424,metG,2319869,14823
690,2402967,2406059,forward,3093,3093,16,L03-4,3,folE,2369214,33753,yejM,2413039,6980
691,2489959,2493051,reverse,3093,3093,17,L03-4,3,nrdB,2473394,16565,gltX,2735187,242136
692,2552137,2555229,forward,3093,3093,18,L03-4,3,nrdB,2473394,78743,gltX,2735187,179958
693,2602525,2605617,forward,3093,3093,19,L03-4,3,nrdB,2473394,129131,gltX,2735187,129570
694,2652913,2656005,forward,3093,3093,20,L03-4,3,nrdB,2473394,179519,gltX,2735187,79182
695,2703301,2706391,forward,3091,3091,21,L03-4,3,nrdB,2473394,229907,gltX,2735187,28796
696,2909742,2912833,forward,3093,3092,22,L03-4,3,suhB,2873373,36369,acpS,2912846,13
697,2982517,2985608,forward,3093,3092,23,L03-4,3,uppS,2963931,18586,serV,2998782,13174
698,3185703,3188794,reverse,3093,3092,24,L03-4,3,lgt,3146250,39453,prfB,3217710,28916
699,3204412,3207502,reverse,3093,3091,25,L03-4,3,lgt,3146250,58162,prfB,3217710,10208
700,3374802,3377894,reverse,3093,3093,26,L03-4,3,rpoD,3364077,10725,rnpB,3422501,44607
701,3513365,3516456,forward,3093,3092,27,L03-4,3,yhbG,3496946,16419,spoT,3560961,44505
702,3656765,3659856,reverse,3093,3092,28,L03-4,3,glyS,3650626,6139,ftsY,3764811,104955
703,3979909,3983000,reverse,3093,3092,29,L03-4,3,rpsI,3969505,10404,gyrB,3993804,10804
704,118467,121558,forward,3092,3092,0,L04-1,1,hemG,109408,9059,polA,124321,2763
705,360458,363550,reverse,3093,3093,1,L04-1,1,ssb,352010,8448,groS,423660,60110
706,490939,494031,reverse,3093,3093,2,L04-1,1,rpsR,479037,11902,ppa,504792,10761
707,598525,601617,reverse,3093,3093,3,L04-1,1,dnaT,562626,35899,ribF,622091,20474
708,774581,777673,reverse,3093,3093,4,L04-1,1,yadR,771722,2859,dapD,782991,5318
709,1073487,1076579,reverse,3093,3093,5,L04-1,1,folD,1067198,6289,argU,1077283,704
710,1263476,1266568,reverse,3093,3093,6,L04-1,1,fldA,1195900,67576,infA,1405294,138726
711,1429376,1432468,forward,3093,3093,7,L04-1,1,serS,1419787,9589,rpsA,1444165,11697
712,1951321,1954413,forward,3093,3093,8,L04-1,1,fabI,1774694,176627,tyrS,2020050,65637
713,2240221,2243313,forward,3093,3093,9,L04-1,1,yeaZ,2193925,46296,aspS,2254510,11197
714,2318820,2321911,reverse,3093,3092,10,L04-1,1,pgsA,2281811,37009,metG,2397159,75248
715,2433966,2437058,forward,3093,3093,11,L04-1,1,metG,2399191,34775,folE,2448946,11888
716,3044224,3047316,reverse,3093,3093,12,L04-1,1,ftsB,3015151,29073,eno,3052073,4757
717,3626825,3629917,forward,3093,3093,13,L04-1,1,yrfF,3615408,11417,asd,3663674,33757
718,59437,62529,forward,3093,3093,0,L04-1,2,trpT,21286,38151,yidC,67440,4911
719,319087,322178,forward,3093,3092,1,L04-1,2,glyS,219782,99305,ftsY,333979,11801
720,338705,341797,reverse,3093,3093,2,L04-1,2,rpoH,335947,2758,asd,362146,20349
721,395903,398995,reverse,3093,3093,3,L04-1,2,asd,361044,34859,yrfF,409080,10085
722,801235,804326,forward,3093,3092,4,L04-1,2,metK,792929,8306,pgk,811525,7199
723,977210,980301,forward,3093,3092,5,L04-1,2,eno,971155,6055,ftsB,986567,6266
724,1326028,1329119,forward,3093,3092,6,L04-1,2,gltX,1296518,29510,fabB,1361948,32829
725,1567456,1570548,reverse,3093,3093,7,L04-1,2,folE,1554901,12555,metG,1607349,36801
726,1682596,1685687,forward,3092,3092,8,L04-1,2,metG,1605317,77279,aspS,1696883,11196
727,1761191,1764282,reverse,3093,3092,9,L04-1,2,pgsA,1724183,37008,yeaZ,1811270,46988
728,1929048,1932140,reverse,3093,3093,10,L04-1,2,pheT,1902453,26595,ribC,1960895,28755
729,2053180,2056272,reverse,3093,3093,11,L04-1,2,tyrS,1986274,66906,fabI,2232511,176239
730,2573951,2577043,reverse,3093,3093,12,L04-1,2,rpsA,2560582,13369,serS,2587923,10880
731,2739850,2742941,forward,3093,3092,13,L04-1,2,infA,2600909,138941,fldA,2811042,68101
732,3225628,3228720,forward,3093,3093,14,L04-1,2,dapD,3219487,6141,yadR,3231926,3206
733,3283105,3286197,forward,3093,3093,15,L04-1,2,can,3259951,23154,coaE,3293121,6924
734,3404787,3407879,forward,3093,3093,16,L04-1,2,ribF,3383371,21416,dnaT,3444313,36434
735,3512368,3515461,forward,3094,3094,17,L04-1,2,ppa,3501078,11290,rpsR,3527589,12128
736,3642843,3645935,forward,3093,3093,18,L04-1,2,groS,3582444,60399,ssb,3654265,8330
737,3884178,3887270,reverse,3093,3093,19,L04-1,2,polA,3878630,5548,hemG,3896875,9605
738,3946303,3949395,reverse,3093,3093,20,L04-1,2,hemD,3941656,4647,glmS,4009258,59863
739,3984306,3987396,reverse,3092,3091,21,L04-1,2,oriC,1,38858,glmS,4009258,21862
740,118465,121556,forward,3093,3092,0,L04-1,3,hemG,109405,9060,polA,123959,2403
741,358711,361803,reverse,3093,3093,1,L04-1,3,ssb,351648,7063,groS,421911,60108
742,486954,490046,reverse,3093,3093,2,L04-1,3,rpsR,477285,9669,ppa,500807,10761
743,594537,597628,reverse,3093,3092,3,L04-1,3,dnaT,558639,35898,ribF,618103,20475
744,716217,719309,reverse,3093,3093,4,L04-1,3,coaE,709911,6306,can,741802,22493
745,773692,776784,reverse,3093,3093,5,L04-1,3,yadR,770833,2859,dapD,782102,5318
746,855438,858530,forward,3093,3093,6,L04-1,3,proS,815751,39687,hemB,917621,59091
747,1075699,1078790,reverse,3092,3092,7,L04-1,3,folD,1069411,6288,argU,1079494,704
748,1265685,1268777,reverse,3093,3093,8,L04-1,3,fldA,1198108,67577,infA,1407500,138723
749,1431582,1434674,forward,3093,3093,9,L04-1,3,serS,1421993,9589,rpsA,1446370,11696
750,1572795,1575886,forward,3093,3092,10,L04-1,3,serT,1516077,56718,mviN,1595534,19648
751,1955445,1958536,forward,3093,3092,11,L04-1,3,fabI,1779993,175452,tyrS,2068181,109645
752,1977881,1980972,forward,3093,3092,12,L04-1,3,fabI,1779993,197888,tyrS,2068181,87209
753,2000317,2003407,forward,3092,3091,13,L04-1,3,fabI,1779993,220324,tyrS,2068181,64774
754,2022752,2025844,forward,3093,3093,14,L04-1,3,fabI,1779993,242759,tyrS,2068181,42337
755,2123589,2126681,forward,3093,3093,15,L04-1,3,ribC,2095472,28117,pheT,2150891,24210
756,2291456,2294548,forward,3093,3093,16,L04-1,3,yeaZ,2245160,46296,pgsA,2314933,20385
757,2352885,2355976,reverse,3093,3092,17,L04-1,3,aspS,2339917,12968,metG,2431219,75243
758,2468025,2471117,forward,3093,3093,18,L04-1,3,metG,2433251,34774,folE,2483005,11888
759,2709447,2712538,reverse,3093,3092,19,L04-1,3,fabB,2677837,31610,gltX,2740049,27511
760,3080787,3083878,reverse,3093,3092,20,L04-1,3,ftsB,3051715,29072,eno,3088636,4758
761,3165359,3168451,forward,3093,3093,21,L04-1,3,lgt,3148025,17334,prfB,3211188,42737
762,3254660,3257752,reverse,3093,3093,22,L04-1,3,pgk,3248624,6036,metK,3264905,7153
763,3372886,3375978,forward,3093,3093,23,L04-1,3,rpoD,3359757,13129,rnpB,3418186,42208
764,3663109,3666201,forward,3093,3093,24,L04-1,3,yrfF,3655158,7951,asd,3699958,33757
765,3702675,3705767,forward,3093,3093,25,L04-1,3,asd,3701060,1615,rpoH,3725303,19536
766,118467,121558,forward,3092,3092,0,L04-2,1,hemG,109408,9059,polA,124321,2763
767,360458,363550,reverse,3093,3093,1,L04-2,1,ssb,352010,8448,groS,423660,60110
768,490939,494031,reverse,3093,3093,2,L04-2,1,rpsR,479037,11902,ppa,504792,10761
769,598525,601617,reverse,3093,3093,3,L04-2,1,dnaT,562626,35899,ribF,622091,20474
770,774581,777673,reverse,3093,3093,4,L04-2,1,yadR,771722,2859,dapD,782991,5318
771,1073487,1076579,reverse,3093,3093,5,L04-2,1,folD,1067198,6289,argU,1077283,704
772,1263476,1266568,reverse,3093,3093,6,L04-2,1,fldA,1195900,67576,infA,1405294,138726
773,1429376,1432468,forward,3093,3093,7,L04-2,1,serS,1419787,9589,rpsA,1444165,11697
774,1951321,1954413,forward,3093,3093,8,L04-2,1,fabI,1774694,176627,tyrS,2020050,65637
775,2240221,2243313,forward,3093,3093,9,L04-2,1,yeaZ,2193925,46296,aspS,2254510,11197
776,2318820,2321911,reverse,3093,3092,10,L04-2,1,pgsA,2281811,37009,metG,2397159,75248
777,2433966,2437058,forward,3093,3093,11,L04-2,1,metG,2399191,34775,folE,2448946,11888
778,3044224,3047316,reverse,3093,3093,12,L04-2,1,ftsB,3015151,29073,eno,3052073,4757
779,3626825,3629917,forward,3093,3093,13,L04-2,1,yrfF,3615408,11417,asd,3663674,33757
780,116140,119232,forward,3093,3093,0,L04-2,2,hemG,109404,6736,polA,121995,2763
781,358136,361227,reverse,3093,3092,1,L04-2,2,ssb,349687,8449,groS,421339,60112
782,488083,491175,reverse,3093,3093,2,L04-2,2,rpsR,476715,11368,ppa,501935,10760
783,595667,598758,reverse,3092,3092,3,L04-2,2,dnaT,559769,35898,ribF,619233,20475
784,771725,774817,reverse,3093,3093,4,L04-2,2,yadR,768864,2861,dapD,779721,4904
785,1070219,1073311,reverse,3093,3093,5,L04-2,2,folD,1063930,6289,argU,1074015,704
786,1241112,1244204,forward,3093,3093,6,L04-2,2,fldA,1192630,48482,infA,1405125,160921
787,1263307,1266399,reverse,3093,3093,7,L04-2,2,fldA,1192630,70677,infA,1405125,138726
788,1429208,1432299,forward,3093,3092,8,L04-2,2,serS,1419619,9589,rpsA,1443996,11697
789,1704404,1707496,reverse,3093,3093,9,L04-2,2,kdsA,1693705,10699,topA,1757637,50141
790,1954256,1957348,forward,3093,3093,10,L04-2,2,fabI,1777624,176632,tyrS,2022985,65637
791,2213120,2216211,reverse,3092,3092,11,L04-2,2,yeaZ,2196857,16263,aspS,2259991,43780
792,2245702,2248794,forward,3093,3093,12,L04-2,2,yeaZ,2196857,48845,aspS,2259991,11197
793,2324301,2327392,reverse,3093,3092,13,L04-2,2,pgsA,2287293,37008,metG,2402640,75248
794,2429660,2432752,reverse,3093,3093,14,L04-2,2,metG,2404672,24988,folE,2456584,23832
795,2442547,2445638,forward,3093,3092,15,L04-2,2,metG,2404672,37875,folE,2456584,10946
796,3051856,3054948,reverse,3093,3093,16,L04-2,2,ftsB,3022784,29072,eno,3055627,679
797,3377033,3380125,forward,3093,3093,17,L04-2,2,rpoD,3326659,50374,rnpB,3385088,4963
798,3623936,3627028,forward,3093,3093,18,L04-2,2,yrfF,3622059,1877,asd,3660785,33757
799,116137,119229,forward,3093,3093,0,L04-2,3,hemG,109401,6736,polA,121992,2763
800,297304,300396,forward,3093,3093,1,L04-2,3,rpoC,264588,32716,ubiA,301399,1003
801,324046,327137,reverse,3092,3092,2,L04-2,3,ssb,323043,1003,groS,385878,58741
802,452617,455707,reverse,3092,3091,3,L04-2,3,rpsR,441249,11368,ppa,466467,10760
803,560193,563285,reverse,3093,3093,4,L04-2,3,dnaT,524296,35897,ribF,583759,20474
804,736249,739341,reverse,3093,3093,5,L04-2,3,yadR,733388,2861,dapD,744245,4904
805,1031556,1034646,reverse,3092,3091,6,L04-2,3,folD,1028447,3109,argU,1035350,704
806,1158684,1161775,reverse,3093,3092,7,L04-2,3,fldA,1153963,4721,serS,1240211,78436
807,1204044,1207136,forward,3093,3093,8,L04-2,3,fldA,1153963,50081,serS,1240211,33075
808,1226239,1229330,reverse,3092,3092,9,L04-2,3,fldA,1153963,72276,serS,1240211,10881
809,1392135,1395225,forward,3092,3091,10,L04-2,3,infA,1253197,138938,rpsA,1406920,11695
810,1667316,1670408,reverse,3093,3093,11,L04-2,3,kdsA,1656617,10699,topA,1720548,50140
811,1917154,1920245,forward,3093,3092,12,L04-2,3,fabI,1740537,176617,tyrS,1985876,65631
812,2114873,2117965,forward,3093,3093,13,L04-2,3,nadE,2093203,21670,gapA,2135791,17826
813,2179111,2182202,reverse,3093,3092,14,L04-2,3,yeaZ,2162848,16263,pgsA,2252335,70133
814,2211692,2214783,forward,3092,3092,15,L04-2,3,yeaZ,2162848,48844,pgsA,2252335,37552
815,2289740,2292832,reverse,3093,3093,16,L04-2,3,aspS,2277318,12422,metG,2368079,75247
816,2395098,2398190,reverse,3093,3093,17,L04-2,3,metG,2370111,24987,folE,2413178,14988
817,2407985,2411076,forward,3092,3092,18,L04-2,3,metG,2370111,37874,folE,2413178,2102
818,2643905,2646997,reverse,3093,3093,19,L04-2,3,fabB,2608012,35893,gltX,2670805,23808
819,2735800,2738892,forward,3093,3093,20,L04-2,3,zipA,2682779,53021,dapE,2739463,571
820,2968786,2971878,reverse,3093,3093,21,L04-2,3,alaS,2934759,34027,ispF,2987151,15273
821,3002427,3006966,forward,3093,4540,22,L04-2,3,ftsB,2988669,13758,eno,3007645,679
822,3329043,3332134,forward,3093,3092,23,L04-2,3,rpoD,3278670,50373,rnpB,3337098,4964
823,3437331,3440422,reverse,3093,3092,24,L04-2,3,yhbG,3411546,25785,rpsI,3442312,1890
824,3579046,3582138,forward,3093,3093,25,L04-2,3,yrfF,3577169,1877,asd,3615894,33756
825,3725810,3728901,forward,3093,3092,26,L04-2,3,ftsY,3642448,83362,glyS,3748935,20034
826,3861220,3864312,forward,3093,3093,27,L04-2,3,spoT,3842773,18447,gyrB,3866232,1920
827,118467,121558,forward,3092,3092,0,L04-3,1,hemG,109408,9059,polA,124321,2763
828,360458,363550,reverse,3093,3093,1,L04-3,1,ssb,352010,8448,groS,423660,60110
829,490939,494031,reverse,3093,3093,2,L04-3,1,rpsR,479037,11902,ppa,504792,10761
830,598525,601617,reverse,3093,3093,3,L04-3,1,dnaT,562626,35899,ribF,622091,20474
831,774581,777673,reverse,3093,3093,4,L04-3,1,yadR,771722,2859,dapD,782991,5318
832,1073487,1076579,reverse,3093,3093,5,L04-3,1,folD,1067198,6289,argU,1077283,704
833,1263476,1266568,reverse,3093,3093,6,L04-3,1,fldA,1195900,67576,infA,1405294,138726
834,1429376,1432468,forward,3093,3093,7,L04-3,1,serS,1419787,9589,rpsA,1444165,11697
835,1951321,1954413,forward,3093,3093,8,L04-3,1,fabI,1774694,176627,tyrS,2020050,65637
836,2240221,2243313,forward,3093,3093,9,L04-3,1,yeaZ,2193925,46296,aspS,2254510,11197
837,2318820,2321911,reverse,3093,3092,10,L04-3,1,pgsA,2281811,37009,metG,2397159,75248
838,2433966,2437058,forward,3093,3093,11,L04-3,1,metG,2399191,34775,folE,2448946,11888
839,3044224,3047316,reverse,3093,3093,12,L04-3,1,ftsB,3015151,29073,eno,3052073,4757
840,3626825,3629917,forward,3093,3093,13,L04-3,1,yrfF,3615408,11417,asd,3663674,33757
841,42391,45482,reverse,3093,3092,0,L04-3,2,rho,41925,466,argX,59726,14244
842,121558,124650,forward,3093,3093,1,L04-3,2,hemG,112499,9059,polA,127413,2763
843,355703,358793,reverse,3092,3091,2,L04-3,2,ssb,355095,608,groS,377254,18461
844,444530,447621,reverse,3092,3092,3,L04-3,2,rpsR,432628,11902,ppa,458381,10760
845,552106,555198,reverse,3093,3093,4,L04-3,2,dnaT,516211,35895,ribF,575672,20474
846,613573,616665,reverse,3093,3093,5,L04-3,2,imp,611372,2201,ftsL,648395,31730
847,731256,734348,reverse,3093,3093,6,L04-3,2,yadR,728397,2859,dapD,739665,5317
848,785797,788889,reverse,3093,3093,7,L04-3,2,proS,773312,12485,hemB,875170,86281
849,1033241,1036332,reverse,3093,3092,8,L04-3,2,folD,1026952,6289,argU,1037036,704
850,1223210,1226301,reverse,3092,3092,9,L04-3,2,fldA,1155642,67568,rpsA,1403886,177585
851,1389098,1392189,forward,3093,3092,10,L04-3,2,fldA,1155642,233456,rpsA,1403886,11697
852,1909070,1912158,reverse,3093,3089,11,L04-3,2,fabI,1734280,174790,tyrS,2148600,236442
853,2074955,2078046,forward,3092,3092,12,L04-3,2,fabI,1734280,340675,tyrS,2148600,70554
854,2079877,2082968,forward,3093,3092,13,L04-3,2,fabI,1734280,345597,tyrS,2148600,65632
855,2204581,2207673,reverse,3093,3093,14,L04-3,2,ribC,2175891,28690,pheT,2405713,198040
856,2378988,2382080,forward,3093,3093,15,L04-3,2,ribC,2175891,203097,pheT,2405713,23633
857,2454816,2457907,reverse,3093,3092,16,L04-3,2,nadE,2433438,21378,gapA,2476026,18119
858,2506360,2509451,forward,3093,3092,17,L04-3,2,yeaZ,2503080,3280,aspS,2566762,57311
859,2552475,2555566,forward,3093,3092,18,L04-3,2,yeaZ,2503080,49395,aspS,2566762,11196
860,2631068,2634159,reverse,3093,3092,19,L04-3,2,pgsA,2594062,37006,metG,2709399,75240
861,2746203,2749294,forward,3093,3092,20,L04-3,2,metG,2711431,34772,folE,2761181,11887
862,3028074,3031165,reverse,3092,3092,21,L04-3,2,zipA,3027673,401,dapE,3087458,56293
863,3068710,3071801,forward,3093,3092,22,L04-3,2,zipA,3027673,41037,dapE,3087458,15657
864,3362623,3365715,reverse,3093,3093,23,L04-3,2,ftsB,3333554,29069,metK,3549284,183569
865,3537030,3540122,forward,3093,3093,24,L04-3,2,ftsB,3333554,203476,metK,3549284,9162
866,3947046,3950136,forward,3093,3091,25,L04-3,2,yrfF,3936413,10633,asd,3983894,33758
867,42387,45477,reverse,3092,3091,0,L04-3,3,rho,41922,465,argX,59721,14244
868,121555,124646,forward,3092,3092,1,L04-3,3,hemG,112496,9059,polA,127409,2763
869,205050,208141,reverse,3093,3092,2,L04-3,3,ftsN,203777,1273,priA,208152,11
870,358800,361892,reverse,3093,3093,3,L04-3,3,ssb,358192,608,groS,380352,18460
871,447625,450716,reverse,3093,3092,4,L04-3,3,rpsR,435723,11902,ppa,461477,10761
872,555203,558295,reverse,3093,3093,5,L04-3,3,dnaT,519307,35896,ribF,578769,20474
873,616670,619760,reverse,3093,3091,6,L04-3,3,imp,614469,2201,ftsL,651490,31730
874,734354,737446,reverse,3093,3093,7,L04-3,3,yadR,731493,2861,dapD,742764,5318
875,788898,791989,reverse,3092,3092,8,L04-3,3,proS,776412,12486,hemB,878276,86287
876,1036348,1039440,reverse,3093,3093,9,L04-3,3,folD,1030059,6289,argU,1040144,704
877,1109848,1112940,reverse,3093,3093,10,L04-3,3,argU,1040219,69629,serS,1123820,10880
878,1275738,1278830,forward,3093,3093,11,L04-3,3,infA,1136805,138933,fldA,1346927,68097
879,1395310,1398401,forward,3093,3092,12,L04-3,3,mrdB,1390358,4952,rpsA,1410098,11697
880,1747194,1750286,reverse,3093,3093,13,L04-3,3,fabI,1740491,6703,tyrS,1992034,241748
881,1920209,1926400,reverse,3093,6192,14,L04-3,3,fabI,1740491,179718,tyrS,1992034,65634
882,2048011,2051103,reverse,3093,3093,15,L04-3,3,ribC,2019323,28688,pheT,2252248,201145
883,2161370,2164461,forward,3093,3092,16,L04-3,3,ribC,2019323,142047,pheT,2252248,87787
884,2225522,2228614,forward,3093,3093,17,L04-3,3,ribC,2019323,206199,pheT,2252248,23634
885,2301349,2304440,reverse,3092,3092,18,L04-3,3,nadE,2279972,21377,gapA,2322556,18116
886,2395905,2398996,forward,3093,3092,19,L04-3,3,yeaZ,2349610,46295,aspS,2410193,11197
887,2474497,2477588,reverse,3092,3092,20,L04-3,3,pgsA,2437493,37004,metG,2552826,75238
888,2589627,2592718,forward,3093,3092,21,L04-3,3,metG,2554858,34769,folE,2604606,11888
889,2871503,2874595,reverse,3093,3093,22,L04-3,3,zipA,2871103,400,dapE,2930889,56294
890,2912140,2915232,forward,3093,3093,23,L04-3,3,zipA,2871103,41037,dapE,2930889,15657
891,3206054,3209146,reverse,3093,3093,24,L04-3,3,ftsB,3176986,29068,metK,3395818,186672
892,3319413,3322504,forward,3093,3092,25,L04-3,3,ftsB,3176986,142427,metK,3395818,73314
893,3383565,3386654,forward,3090,3090,26,L04-3,3,ftsB,3176986,206579,metK,3395818,9164
894,3768927,3772019,reverse,3093,3093,27,L04-3,3,trpS,3767980,947,yrfF,3783913,11894
895,3796681,3799773,forward,3093,3093,28,L04-3,3,yrfF,3786047,10634,asd,3833530,33757
896,3901627,3904717,forward,3093,3091,29,L04-3,3,ftsY,3860084,41543,glyS,3970703,65986
897,118467,121558,forward,3092,3092,0,L04-4,1,hemG,109408,9059,polA,124321,2763
898,360458,363550,reverse,3093,3093,1,L04-4,1,ssb,352010,8448,groS,423660,60110
899,490939,494031,reverse,3093,3093,2,L04-4,1,rpsR,479037,11902,ppa,504792,10761
900,598525,601617,reverse,3093,3093,3,L04-4,1,dnaT,562626,35899,ribF,622091,20474
901,774581,777673,reverse,3093,3093,4,L04-4,1,yadR,771722,2859,dapD,782991,5318
902,1073487,1076579,reverse,3093,3093,5,L04-4,1,folD,1067198,6289,argU,1077283,704
903,1263476,1266568,reverse,3093,3093,6,L04-4,1,fldA,1195900,67576,infA,1405294,138726
904,1429376,1432468,forward,3093,3093,7,L04-4,1,serS,1419787,9589,rpsA,1444165,11697
905,1951321,1954413,forward,3093,3093,8,L04-4,1,fabI,1774694,176627,tyrS,2020050,65637
906,2240221,2243313,forward,3093,3093,9,L04-4,1,yeaZ,2193925,46296,aspS,2254510,11197
907,2318820,2321911,reverse,3093,3092,10,L04-4,1,pgsA,2281811,37009,metG,2397159,75248
908,2433966,2437058,forward,3093,3093,11,L04-4,1,metG,2399191,34775,folE,2448946,11888
909,3044224,3047316,reverse,3093,3093,12,L04-4,1,ftsB,3015151,29073,eno,3052073,4757
910,3626825,3629917,forward,3093,3093,13,L04-4,1,yrfF,3615408,11417,asd,3663674,33757
911,118465,121557,forward,3093,3093,0,L04-4,2,hemG,109405,9060,polA,124320,2763
912,360359,363450,reverse,3092,3092,1,L04-4,2,ssb,352014,8345,groS,421814,58364
913,478552,481644,reverse,3093,3093,2,L04-4,2,rpsR,477191,1361,ppa,492404,10760
914,586134,589226,reverse,3093,3093,3,L04-4,2,dnaT,550235,35899,ribF,609700,20474
915,762194,765286,reverse,3093,3093,4,L04-4,2,yadR,759332,2862,dapD,770604,5318
916,1061097,1064187,reverse,3093,3091,5,L04-4,2,folD,1054808,6289,argU,1064891,704
917,1251080,1254172,reverse,3093,3093,6,L04-4,2,fldA,1183506,67574,infA,1392896,138724
918,1416979,1420071,forward,3093,3093,7,L04-4,2,serS,1407390,9589,rpsA,1431768,11697
919,1479146,1482237,forward,3093,3092,8,L04-4,2,asnS,1458757,20389,fabA,1488823,6586
920,1528273,1531365,reverse,3093,3093,9,L04-4,2,serT,1504579,23694,mviN,1582344,50979
921,1730997,1734089,reverse,3093,3093,10,L04-4,2,kdsA,1685984,45013,topA,1794404,60315
922,1775507,1778599,forward,3093,3093,11,L04-4,2,kdsA,1685984,89523,topA,1794404,15805
923,1944210,1947302,forward,3093,3093,12,L04-4,2,fabI,1814393,129817,tyrS,2056878,109576
924,1988150,1991242,forward,3093,3093,13,L04-4,2,fabI,1814393,173757,tyrS,2056878,65636
925,2166526,2169618,forward,3093,3093,14,L04-4,2,nadE,2164208,2318,gapA,2206333,36715
926,2279687,2282778,forward,3092,3092,15,L04-4,2,yeaZ,2233390,46297,aspS,2293974,11196
927,2358285,2361376,reverse,3093,3092,16,L04-4,2,pgsA,2321275,37010,folE,2479090,117714
928,2419591,2422691,reverse,3102,3101,17,L04-4,2,pgsA,2321275,98316,folE,2479090,56399
929,2464110,2467202,forward,3093,3093,18,L04-4,2,pgsA,2321275,142835,folE,2479090,11888
930,3074366,3077458,reverse,3093,3093,19,L04-4,2,ftsB,3045295,29071,eno,3082216,4758
931,3407095,3410187,reverse,3093,3093,20,L04-4,2,rpoD,3353252,53843,rnpB,3411680,1493
932,3656646,3659738,forward,3093,3093,21,L04-4,2,yrfF,3648651,7995,asd,3693288,33550
933,3896623,3899715,reverse,3093,3093,22,L04-4,2,gpsA,3880451,16172,kdtA,3908432,8717
934,118465,121557,forward,3093,3093,0,L04-4,3,hemG,109405,9060,polA,124320,2763
935,352767,355859,reverse,3093,3093,1,L04-4,3,ssb,352014,753,groS,414224,58365
936,470599,473691,reverse,3093,3093,2,L04-4,3,rpsR,469599,1000,ppa,484451,10760
937,578180,581272,reverse,3093,3093,3,L04-4,3,dnaT,542283,35897,ribF,601749,20477
938,754241,757332,reverse,3092,3092,4,L04-4,3,yadR,751379,2862,dapD,762650,5318
939,1053149,1056241,reverse,3093,3093,5,L04-4,3,folD,1046860,6289,argU,1056945,704
940,1204509,1207601,reverse,3093,3093,6,L04-4,3,fldA,1175560,28949,infA,1388060,180459
941,1246243,1249335,reverse,3093,3093,7,L04-4,3,fldA,1175560,70683,infA,1388060,138725
942,1412143,1415235,forward,3093,3093,8,L04-4,3,serS,1402554,9589,rpsA,1426933,11698
943,1474314,1477405,forward,3093,3092,9,L04-4,3,asnS,1453923,20391,fabA,1483991,6586
944,1523443,1526534,reverse,3092,3092,10,L04-4,3,serT,1499748,23695,mviN,1577514,50980
945,1726170,1729262,reverse,3093,3093,11,L04-4,3,kdsA,1681153,45017,topA,1789597,60335
946,1770681,1773773,forward,3093,3093,12,L04-4,3,kdsA,1681153,89528,topA,1789597,15824
947,1854276,1857368,forward,3093,3093,13,L04-4,3,fabI,1809587,44689,tyrS,1972920,115552
948,1904190,1907282,forward,3093,3093,14,L04-4,3,fabI,1809587,94603,tyrS,1972920,65638
949,2082572,2085664,forward,3093,3093,15,L04-4,3,nadE,2080254,2318,gapA,2122381,36717
950,2195735,2198826,forward,3093,3092,16,L04-4,3,yeaZ,2149438,46297,aspS,2210023,11197
951,2223691,2226783,reverse,3093,3093,17,L04-4,3,argS,2223065,626,pgsA,2373256,146473
952,2268202,2271294,forward,3093,3093,18,L04-4,3,argS,2223065,45137,pgsA,2373256,101962
953,2329508,2332599,forward,3093,3092,19,L04-4,3,argS,2223065,106443,pgsA,2373256,40657
954,2353041,2356133,forward,3093,3093,20,L04-4,3,argS,2223065,129976,pgsA,2373256,17123
955,2379672,2385867,forward,3093,6196,21,L04-4,3,leuZ,2373625,6047,folE,2442264,56397
956,2427284,2430376,forward,3093,3093,22,L04-4,3,leuZ,2373625,53659,folE,2442264,11888
957,2581204,2584296,reverse,3093,3093,23,L04-4,3,nrdB,2544014,37190,folC,2673539,89243
958,2625715,2628807,forward,3093,3093,24,L04-4,3,nrdB,2544014,81701,folC,2673539,44732
959,2972786,2975877,reverse,3093,3092,25,L04-4,3,uppS,2968817,3969,serV,3096848,120971
960,3065966,3069057,forward,3093,3092,26,L04-4,3,uppS,2968817,97149,serV,3096848,27791
961,3180187,3183278,reverse,3093,3092,27,L04-4,3,ftsB,3151114,29073,prfB,3282221,98943
962,3273368,3276459,forward,3093,3092,28,L04-4,3,ftsB,3151114,122254,prfB,3282221,5762
963,3404142,3407234,forward,3093,3093,29,L04-4,3,parE,3396022,8120,ribB,3407542,308
964,3694678,3697770,forward,3093,3093,30,L04-4,3,rpsL,3669952,24726,trpS,3711137,13367
965,3735100,3738192,forward,3093,3093,31,L04-4,3,yrfF,3727105,7995,asd,3771742,33550
966,3837502,3840594,forward,3093,3093,32,L04-4,3,ftsY,3798298,39204,glyS,3908071,67477
967,3841530,3844623,forward,3094,3094,33,L04-4,3,ftsY,3798298,43232,glyS,3908071,63448
968,3977322,3980415,reverse,3094,3094,34,L04-4,3,gpsA,3961153,16169,kdtA,3989130,8715
969,847276,850368,reverse,3093,3093,0,L05-1,1,proS,828871,18405,hemB,930742,80374
970,1238499,1241589,reverse,3093,3091,1,L05-1,1,fldA,1208121,30378,infA,1420215,178626
971,1278407,1281498,reverse,3093,3092,2,L05-1,1,fldA,1208121,70286,infA,1420215,138717
972,1859371,1862461,reverse,3092,3091,3,L05-1,1,fabI,1786502,72869,tyrS,1985592,123131
973,1937769,1940860,forward,3092,3092,4,L05-1,1,fabI,1786502,151267,tyrS,1985592,44732
974,2061281,2064372,forward,3093,3092,5,L05-1,1,ribC,2012883,48398,pheT,2068150,3778
975,2525641,2528732,forward,3092,3092,6,L05-1,1,nrdB,2509864,15777,folC,2596111,67379
976,2980921,2984013,forward,3093,3093,7,L05-1,1,ftsB,2977391,3530,eno,3013865,29852
977,3213209,3216301,forward,3093,3093,8,L05-1,1,yqgF,3196542,16667,plsC,3232213,15912
978,3475493,3478584,reverse,3093,3092,9,L05-1,1,accC,3464319,11174,yrdC,3490995,12411
979,143388,146479,forward,3092,3092,0,L05-1,2,yihA,124972,18416,ftsN,198943,52464
980,849598,852690,reverse,3093,3093,1,L05-1,2,proS,831196,18402,hemB,933047,80357
981,1240780,1243869,reverse,3092,3090,2,L05-1,2,fldA,1210409,30371,infA,1422478,178609
982,1280686,1283777,reverse,3092,3092,3,L05-1,2,fldA,1210409,70277,infA,1422478,138701
983,1494038,1497128,reverse,3093,3091,4,L05-1,2,asnS,1485232,8806,fabA,1515297,18169
984,1864703,1867793,reverse,3093,3091,5,L05-1,2,fabI,1791840,72863,tyrS,1997125,129332
985,1876641,1879732,forward,3093,3092,6,L05-1,2,fabI,1791840,84801,tyrS,1997125,117393
986,1931533,1934625,reverse,3093,3093,7,L05-1,2,fabI,1791840,139693,tyrS,1997125,62500
987,1949299,1952391,forward,3093,3093,8,L05-1,2,fabI,1791840,157459,tyrS,1997125,44734
988,2072811,2075903,forward,3093,3093,9,L05-1,2,ribC,2024415,48396,pheT,2079373,3470
989,2254525,2257616,reverse,3094,3092,10,L05-1,2,argS,2244141,10384,leuZ,2258545,929
990,2388629,2391719,reverse,3093,3091,11,L05-1,2,metG,2373795,14834,folE,2426643,34924
991,2410377,2413469,forward,3093,3093,12,L05-1,2,metG,2373795,36582,folE,2426643,13174
992,2544168,2547259,forward,3092,3092,13,L05-1,2,nrdB,2528392,15776,folC,2613018,65759
993,2671609,2674700,reverse,3094,3092,14,L05-1,2,fabB,2622948,48661,gltX,2685735,11035
994,3000916,3004006,forward,3092,3091,15,L05-1,2,ftsB,2997385,3531,eno,3033851,29845
995,3233179,3236270,forward,3092,3092,16,L05-1,2,yqgF,3216512,16667,plsC,3252183,15913
996,3261292,3264383,reverse,3093,3092,17,L05-1,2,parC,3255411,5881,parE,3266044,1661
997,3490770,3495483,reverse,3093,4714,18,L05-1,2,accC,3487370,3400,yrdC,3507713,12230
998,143390,146479,forward,3092,3090,0,L05-1,3,yihA,124973,18417,ftsN,199719,53240
999,793097,797808,forward,3093,4712,1,L05-1,3,yadR,790118,2979,dapD,803002,5194
1000,855049,858141,reverse,3093,3093,2,L05-1,3,proS,836647,18402,hemB,938510,80369
1001,1246239,1249331,reverse,3093,3093,3,L05-1,3,fldA,1215866,30373,infA,1427955,178624
1002,1286144,1289236,reverse,3093,3093,4,L05-1,3,fldA,1215866,70278,infA,1427955,138719
1003,1499513,1502604,reverse,3093,3092,5,L05-1,3,asnS,1490706,8807,fabA,1520772,18168
1004,1870185,1873276,reverse,3092,3092,6,L05-1,3,fabI,1797319,72866,tyrS,1986746,113470
1005,1881020,1884112,forward,3093,3093,7,L05-1,3,fabI,1797319,83701,tyrS,1986746,102634
1006,1938920,1942012,forward,3093,3093,8,L05-1,3,fabI,1797319,141601,tyrS,1986746,44734
1007,2062434,2065525,forward,3093,3092,9,L05-1,3,ribC,2014036,48398,pheT,2068995,3470
1008,2180099,2183191,forward,3093,3093,10,L05-1,3,yeaZ,2163257,16842,aspS,2221726,38535
1009,2245150,2248240,reverse,3092,3091,11,L05-1,3,argS,2234765,10385,leuZ,2249169,929
1010,2373892,2376983,reverse,3093,3092,12,L05-1,3,metG,2364441,9451,folE,2411909,34926
1011,2395643,2398734,forward,3093,3092,13,L05-1,3,metG,2364441,31202,folE,2411909,13175
1012,2529432,2532524,forward,3093,3093,14,L05-1,3,nrdB,2513655,15777,folC,2598285,65761
1013,2656884,2659974,reverse,3093,3091,15,L05-1,3,fabB,2608215,48669,gltX,2671009,11035
1014,2986195,2989286,forward,3093,3092,16,L05-1,3,ftsB,2982664,3531,eno,3019133,29847
1015,3218467,3221559,forward,3093,3093,17,L05-1,3,yqgF,3201803,16664,plsC,3225768,4209
1016,3234877,3237969,reverse,3093,3093,18,L05-1,3,parC,3228996,5881,parE,3239628,1659
1017,3464361,3472174,reverse,3092,7814,19,L05-1,3,accC,3460961,3400,yrdC,3484403,12229
1018,3721566,3724657,reverse,3093,3092,20,L05-1,3,ftsY,3637960,83606,glyS,3748584,23927
1019,847276,850368,reverse,3093,3093,0,L05-2,1,proS,828871,18405,hemB,930742,80374
1020,1238887,1241977,reverse,3093,3091,1,L05-2,1,fldA,1208121,30766,infA,1420603,178626
1021,1278795,1281886,reverse,3093,3092,2,L05-2,1,fldA,1208121,70674,infA,1420603,138717
1022,1859759,1862849,reverse,3092,3091,3,L05-2,1,fabI,1786890,72869,tyrS,1985980,123131
1023,1938157,1941248,forward,3092,3092,4,L05-2,1,fabI,1786890,151267,tyrS,1985980,44732
1024,2061669,2064760,forward,3093,3092,5,L05-2,1,ribC,2013271,48398,pheT,2068538,3778
1025,2526029,2529120,forward,3092,3092,6,L05-2,1,nrdB,2510252,15777,folC,2596499,67379
1026,2981309,2984401,forward,3093,3093,7,L05-2,1,ftsB,2977779,3530,eno,3014253,29852
1027,3213597,3216689,forward,3093,3093,8,L05-2,1,yqgF,3196930,16667,plsC,3232601,15912
1028,3475881,3478972,reverse,3093,3092,9,L05-2,1,accC,3464707,11174,yrdC,3491383,12411
1029,118234,121325,reverse,3093,3092,0,L05-2,2,hemG,109401,8833,polA,122286,961
1030,485744,488836,forward,3093,3093,1,L05-2,2,yjeE,471237,14507,rpsR,504130,15294
1031,851453,854544,reverse,3093,3092,2,L05-2,2,proS,833049,18404,hemB,933450,78906
1032,1071855,1074946,reverse,3092,3092,3,L05-2,2,hemH,1033805,38050,lpxH,1083369,8423
1033,1281069,1284168,reverse,3104,3100,4,L05-2,2,fldA,1213485,67584,fabI,1421312,137144
1034,1296241,1299333,reverse,3093,3093,5,L05-2,2,fldA,1213485,82756,fabI,1421312,121979
1035,1344570,1347661,forward,3093,3092,6,L05-2,2,fldA,1213485,131085,fabI,1421312,73651
1036,1574774,1577866,forward,3093,3093,7,L05-2,2,lolC,1567791,6983,holB,1591754,13888
1037,1856770,1859862,forward,3093,3093,8,L05-2,2,infA,1789697,67073,tyrS,2032556,172694
1038,1931739,1934831,forward,3093,3093,9,L05-2,2,infA,1789697,142042,tyrS,2032556,97725
1039,1953399,1956490,forward,3092,3092,10,L05-2,2,infA,1789697,163702,tyrS,2032556,76066
1040,1975061,1978153,forward,3093,3093,11,L05-2,2,infA,1789697,185364,tyrS,2032556,54403
1041,1996720,1999812,forward,3093,3093,12,L05-2,2,infA,1789697,207023,tyrS,2032556,32744
1042,2108246,2111337,forward,3093,3092,13,L05-2,2,ribC,2059847,48399,pheT,2114622,3285
1043,2189586,2192679,reverse,3094,3094,14,L05-2,2,gapA,2182826,6760,yeaZ,2210769,18090
1044,2289910,2293001,forward,3093,3092,15,L05-2,2,argS,2281990,7920,leuZ,2298348,5347
1045,2425210,2429633,reverse,3093,4424,16,L05-2,2,metG,2413621,11589,folE,2464701,35068
1046,2582223,2585315,forward,3093,3093,17,L05-2,2,nrdB,2566446,15777,folC,2627072,41757
1047,3011894,3014985,forward,3092,3092,18,L05-2,2,ftsB,3008363,3531,accC,3026697,11712
1048,3209134,3213557,forward,3093,4424,19,L05-2,2,rnpB,3156536,52598,eno,3240724,27167
1049,3329844,3332934,forward,3094,3091,20,L05-2,2,lgt,3300111,29733,prfB,3368476,35542
1050,3443161,3446253,forward,3093,3093,21,L05-2,2,yqgF,3426495,16666,plsC,3462165,15912
1051,3510497,3513588,reverse,3092,3092,22,L05-2,2,rpoD,3507390,3107,yrdC,3521837,8249
1052,118227,121317,reverse,3092,3091,0,L05-2,3,hemG,109402,8825,polA,122278,961
1053,136187,139279,reverse,3093,3093,1,L05-2,3,yihA,126039,10148,ftsN,200786,61507
1054,488833,491925,forward,3093,3093,2,L05-2,3,yjeE,474327,14506,rpsR,507217,15292
1055,854531,857622,reverse,3092,3092,3,L05-2,3,proS,836126,18405,yqgF,911024,53402
1056,887957,891048,reverse,3093,3092,4,L05-2,3,proS,836126,51831,yqgF,911024,19976
1057,902737,905828,forward,3093,3092,5,L05-2,3,proS,836126,66611,yqgF,911024,5196
1058,1004175,1007266,reverse,3093,3092,6,L05-2,3,prfB,967533,36642,lgt,1037870,30604
1059,1115311,1119734,reverse,3093,4424,7,L05-2,3,eno,1095088,20223,rnpB,1175062,55328
1060,1159897,1162988,reverse,3093,3092,8,L05-2,3,eno,1095088,64809,rnpB,1175062,12074
1061,1316985,1320077,reverse,3093,3093,9,L05-2,3,accC,1306621,10364,ftsB,1323918,3841
1062,1664844,1667936,forward,3093,3093,10,L05-2,3,gltX,1634573,30271,fabB,1699792,31856
1063,1750259,1753351,reverse,3093,3093,11,L05-2,3,folC,1707236,43023,nrdB,1770257,16906
1064,1905945,1909036,forward,3093,3092,12,L05-2,3,folE,1870208,35737,metG,1922659,13623
1065,2040884,2043976,reverse,3093,3093,13,L05-2,3,leuZ,2035816,5068,argS,2053628,9652
1066,2141204,2144296,forward,3093,3093,14,L05-2,3,yeaZ,2122421,18783,gapA,2150929,6633
1067,2172952,2176043,reverse,3093,3092,15,L05-2,3,gapA,2149935,23017,nadE,2194343,18300
1068,2224526,2227617,reverse,3093,3092,16,L05-2,3,pheT,2218855,5671,ribC,2268638,41021
1069,2248831,2251922,forward,3093,3092,17,L05-2,3,pheT,2218855,29976,ribC,2268638,16716
1070,2328030,2331122,reverse,3093,3093,18,L05-2,3,tyrS,2294013,34017,infA,2481492,150370
1071,2349690,2352782,reverse,3093,3093,19,L05-2,3,tyrS,2294013,55677,infA,2481492,128710
1072,2424658,2427750,reverse,3093,3093,20,L05-2,3,tyrS,2294013,130645,infA,2481492,53742
1073,2693538,2696630,reverse,3093,3093,21,L05-2,3,holB,2680652,12886,lolC,2702415,5785
1074,2794532,2797624,reverse,3093,3093,22,L05-2,3,kdsA,2770059,24473,topA,2833988,36364
1075,2926839,2929931,reverse,3093,3093,23,L05-2,3,fabI,2853975,72864,fldA,3062482,132551
1076,2975173,2978265,forward,3093,3093,24,L05-2,3,fabI,2853975,121198,fldA,3062482,84217
1077,2990136,2994378,forward,3093,4243,25,L05-2,3,fabI,2853975,136161,fldA,3062482,68104
1078,3092960,3096052,forward,3093,3093,26,L05-2,3,lnt,3082535,10425,leuS,3103130,7078
1079,3203590,3206682,forward,3093,3093,27,L05-2,3,lpxH,3194448,9142,hemH,3246144,39462
1080,3393853,3396945,reverse,3093,3093,28,L05-2,3,hemB,3344563,49290,rpoD,3405255,8310
1081,3397217,3400308,forward,3093,3092,29,L05-2,3,hemB,3344563,52654,rpoD,3405255,4947
1082,3464553,3467645,reverse,3093,3093,30,L05-2,3,plsC,3447904,16649,yrdC,3475894,8249
1083,3682180,3685272,reverse,3093,3093,31,L05-2,3,ftsY,3629452,52728,glyS,3740081,54809
1084,3911110,3914202,reverse,3093,3093,32,L05-2,3,yidC,3896123,14987,glmS,3924340,10138
1085,847276,850368,reverse,3093,3093,0,L05-3,1,proS,828871,18405,hemB,930742,80374
1086,1238887,1241977,reverse,3093,3091,1,L05-3,1,fldA,1208121,30766,infA,1420603,178626
1087,1278795,1281886,reverse,3093,3092,2,L05-3,1,fldA,1208121,70674,infA,1420603,138717
1088,1859759,1862849,reverse,3092,3091,3,L05-3,1,fabI,1786890,72869,tyrS,1985980,123131
1089,1938157,1941248,forward,3092,3092,4,L05-3,1,fabI,1786890,151267,tyrS,1985980,44732
1090,2061669,2064760,forward,3093,3092,5,L05-3,1,ribC,2013271,48398,pheT,2068538,3778
1091,2526029,2529120,forward,3092,3092,6,L05-3,1,nrdB,2510252,15777,folC,2596499,67379
1092,2981309,2984401,forward,3093,3093,7,L05-3,1,ftsB,2977779,3530,eno,3014253,29852
1093,3213597,3216689,forward,3093,3093,8,L05-3,1,yqgF,3196930,16667,plsC,3232601,15912
1094,3475881,3478972,reverse,3093,3092,9,L05-3,1,accC,3464707,11174,yrdC,3491383,12411
1095,48383,51476,forward,3094,3094,0,L05-3,2,rho,41930,6453,argX,59732,8256
1096,450924,454015,reverse,3092,3092,1,L05-3,2,groL,449932,992,efp,456062,2047
1097,853502,856593,reverse,3093,3092,2,L05-3,2,proS,835099,18403,hemB,936962,80369
1098,1245101,1248191,reverse,3092,3091,3,L05-3,2,fldA,1214344,30757,infA,1426821,178630
1099,1285011,1288102,reverse,3092,3092,4,L05-3,2,fldA,1214344,70667,infA,1426821,138719
1100,1670715,1673806,reverse,3094,3092,5,L05-3,2,trmU,1662992,7723,pth,1704306,30500
1101,1817167,1821396,reverse,3093,4230,6,L05-3,2,fabI,1796216,20951,tyrS,1925163,103767
1102,1860602,1863694,reverse,3093,3093,7,L05-3,2,fabI,1796216,64386,tyrS,1925163,61469
1103,1899165,1902256,forward,3092,3092,8,L05-3,2,fabI,1796216,102949,tyrS,1925163,22907
1104,1996936,2000028,forward,3093,3093,9,L05-3,2,ribC,1952455,44481,pheT,2003358,3330
1105,2176232,2179323,reverse,3093,3092,10,L05-3,2,argS,2168149,8083,leuZ,2184505,5182
1106,2341673,2344765,reverse,3093,3093,11,L05-3,2,metG,2299778,41895,folE,2349529,4764
1107,2467046,2470138,forward,3093,3093,12,L05-3,2,nrdB,2451270,15776,folC,2516049,45911
1108,2900866,2903957,forward,3093,3092,13,L05-3,2,ftsB,2897335,3531,eno,2933810,29853
1109,2950688,2953779,forward,3092,3092,14,L05-3,2,pyrG,2936832,13856,lgt,2995427,41648
1110,3136253,3139346,forward,3095,3094,15,L05-3,2,yqgF,3119586,16667,plsC,3155261,15915
1111,3392631,3395723,reverse,3093,3093,16,L05-3,2,accC,3387369,5262,yrdC,3407200,11477
1112,3634773,3637863,forward,3093,3091,17,L05-3,2,ftsY,3560754,74019,glyS,3671386,33523
1113,3816704,3819794,reverse,3093,3091,18,L05-3,2,spoT,3765221,51483,gyrB,3821520,1726
1114,48381,51473,forward,3093,3093,0,L05-3,3,rho,41927,6454,argX,59728,8255
1115,108901,111992,forward,3092,3092,1,L05-3,3,hemC,68116,40785,hemG,114839,2847
1116,143379,146470,forward,3092,3092,2,L05-3,3,yihA,130957,12422,ftsN,189078,42608
1117,440234,443325,reverse,3093,3092,3,L05-3,3,groL,439242,992,efp,445372,2047
1118,842828,845919,reverse,3093,3092,4,L05-3,3,proS,824424,18404,hemB,924503,78584
1119,1232648,1235738,reverse,3093,3091,5,L05-3,3,fldA,1201883,30765,infA,1413001,177263
1120,1271193,1274283,reverse,3093,3091,6,L05-3,3,fldA,1201883,69310,infA,1413001,138718
1121,1656892,1659982,reverse,3092,3091,7,L05-3,3,trmU,1649167,7725,pth,1690479,30497
1122,1803334,1806425,reverse,3092,3092,8,L05-3,3,fabI,1782386,20948,tyrS,1860877,54452
1123,1830710,1833801,reverse,3093,3092,9,L05-3,3,fabI,1782386,48324,tyrS,1860877,27076
1124,1834881,1837972,forward,3092,3092,10,L05-3,3,fabI,1782386,52495,tyrS,1860877,22905
1125,1932648,1935738,forward,3092,3091,11,L05-3,3,ribC,1888170,44478,pheT,1939070,3332
1126,2111944,2115035,reverse,3093,3092,12,L05-3,3,argS,2103860,8084,leuZ,2117976,2941
1127,2275142,2278234,reverse,3093,3093,13,L05-3,3,metG,2233245,41897,folE,2282998,4764
1128,2298477,2301568,forward,3093,3092,14,L05-3,3,folE,2283665,14812,yejM,2327491,25923
1129,2403623,2406714,forward,3093,3092,15,L05-3,3,nrdB,2387846,15777,folC,2452619,45905
1130,2837438,2840530,forward,3093,3093,16,L05-3,3,ftsB,2833907,3531,eno,2846252,5722
1131,2862687,2865779,forward,3093,3093,17,L05-3,3,pyrG,2849274,13413,lgt,2899537,33758
1132,3040360,3043450,forward,3092,3091,18,L05-3,3,yqgF,3023693,16667,plsC,3059362,15912
1133,3296738,3299830,reverse,3093,3093,19,L05-3,3,accC,3291477,5261,yrdC,3311302,11472
1134,3538869,3541961,forward,3093,3093,20,L05-3,3,ftsY,3464859,74010,glyS,3575487,33526
1135,3720827,3723919,reverse,3093,3093,21,L05-3,3,spoT,3669346,51481,gyrB,3725643,1724
1136,847276,850368,reverse,3093,3093,0,L05-4,1,proS,828871,18405,hemB,930742,80374
1137,1238499,1241589,reverse,3093,3091,1,L05-4,1,fldA,1208121,30378,infA,1420215,178626
1138,1278407,1281498,reverse,3093,3092,2,L05-4,1,fldA,1208121,70286,infA,1420215,138717
1139,1859371,1862461,reverse,3092,3091,3,L05-4,1,fabI,1786502,72869,tyrS,1985592,123131
1140,1937769,1940860,forward,3092,3092,4,L05-4,1,fabI,1786502,151267,tyrS,1985592,44732
1141,2061281,2064372,forward,3093,3092,5,L05-4,1,ribC,2012883,48398,pheT,2068150,3778
1142,2525641,2528732,forward,3092,3092,6,L05-4,1,nrdB,2509864,15777,folC,2596111,67379
1143,2980921,2984013,forward,3093,3093,7,L05-4,1,ftsB,2977391,3530,eno,3013865,29852
1144,3213209,3216301,forward,3093,3093,8,L05-4,1,yqgF,3196542,16667,plsC,3232213,15912
1145,3475493,3478584,reverse,3093,3092,9,L05-4,1,accC,3464319,11174,yrdC,3490995,12411
1146,378846,381938,reverse,3093,3093,0,L05-4,2,ssb,348908,29938,pgk,423452,41514
1147,413123,416215,forward,3093,3093,1,L05-4,2,ssb,348908,64215,pgk,423452,7237
1148,590356,593447,reverse,3093,3092,2,L05-4,2,eno,583100,7256,ftsB,597288,3841
1149,672217,675308,reverse,3092,3092,3,L05-4,2,serV,651154,21063,uppS,686316,11008
1150,1047171,1050263,reverse,3093,3093,4,L05-4,2,folC,979455,67716,nrdB,1067169,16906
1151,1276696,1279788,forward,3093,3093,5,L05-4,2,metG,1214442,62254,pgsA,1332370,52582
1152,1466007,1469098,reverse,3093,3092,6,L05-4,2,gapA,1442670,23337,nadE,1487077,17979
1153,1517757,1520848,reverse,3092,3092,7,L05-4,2,pheT,1511592,6165,ribC,1569888,49040
1154,1641279,1644371,reverse,3093,3093,8,L05-4,2,tyrS,1595268,46011,fabI,1908748,264377
1155,1709698,1712790,reverse,3093,3093,9,L05-4,2,tyrS,1595268,114430,fabI,1908748,195958
1156,1720277,1723369,forward,3093,3093,10,L05-4,2,tyrS,1595268,125009,fabI,1908748,185379
1157,1791210,1794301,forward,3092,3092,11,L05-4,2,tyrS,1595268,195942,fabI,1908748,114447
1158,1832799,1835891,forward,3093,3093,12,L05-4,2,tyrS,1595268,237531,fabI,1908748,72857
1159,1874384,1877476,forward,3093,3093,13,L05-4,2,tyrS,1595268,279116,fabI,1908748,31272
1160,2412979,2416071,forward,3093,3093,14,L05-4,2,infA,2274034,138945,fldA,2486434,70363
1161,2452426,2455522,forward,3097,3097,15,L05-4,2,infA,2274034,178392,fldA,2486434,30912
1162,2761609,2764702,reverse,3094,3094,16,L05-4,2,secD,2732458,29151,hemB,2766393,1691
1163,2846771,2849864,forward,3094,3094,17,L05-4,2,hemB,2765420,81351,proS,2869988,20124
1164,3061707,3064798,reverse,3093,3092,18,L05-4,2,ribF,3058778,2929,dnaT,3119723,54925
1165,3321441,3324531,reverse,3092,3091,19,L05-4,2,groS,3255158,66283,plsC,3374723,50192
1166,3355716,3358808,forward,3093,3093,20,L05-4,2,groS,3255158,100558,plsC,3374723,15915
1167,3617640,3620731,reverse,3093,3092,21,L05-4,2,accC,3606842,10798,yrdC,3632022,11291
1168,120573,123665,forward,3093,3093,0,L05-4,3,hemG,109401,11172,polA,124317,652
1169,387143,390235,forward,3093,3093,1,L05-4,3,ssb,352000,35143,groS,451008,60773
1170,460986,464078,forward,3093,3093,2,L05-4,3,efp,456584,4402,psd,472815,8737
1171,644753,647844,forward,3092,3092,3,L05-4,3,dnaT,590370,54383,ribF,649833,1989
1172,859681,862773,reverse,3093,3093,4,L05-4,3,proS,841275,18406,hemB,943142,80369
1173,944833,947923,forward,3092,3091,5,L05-4,3,hemB,944115,718,secD,975228,27305
1174,1254005,1257097,reverse,3093,3093,6,L05-4,3,fldA,1223628,30377,infA,1435262,178165
1175,1293449,1296541,reverse,3093,3093,7,L05-4,3,fldA,1223628,69821,infA,1435262,138721
1176,1458016,1461108,forward,3093,3093,8,L05-4,3,serS,1449755,8261,rpsA,1474132,13024
1177,1594309,1597400,reverse,3092,3092,9,L05-4,3,serT,1543843,50466,mviN,1630539,33139
1178,1604888,1607979,forward,3092,3092,10,L05-4,3,serT,1543843,61045,mviN,1630539,22560
1179,1845481,1848571,reverse,3092,3091,11,L05-4,3,fabI,1814997,30484,ribC,1919849,71278
1180,1887065,1890156,reverse,3092,3092,12,L05-4,3,fabI,1814997,72068,ribC,1919849,29693
1181,1991236,1994326,reverse,3092,3091,13,L05-4,3,tyrS,1945228,46008,pheT,2138977,144651
1182,2051836,2054927,reverse,3093,3092,14,L05-4,3,tyrS,1945228,106608,pheT,2138977,84050
1183,2111972,2115063,forward,3092,3092,15,L05-4,3,tyrS,1945228,166744,pheT,2138977,23914
1184,2132787,2135878,forward,3093,3092,16,L05-4,3,tyrS,1945228,187559,pheT,2138977,3099
1185,2370052,2373143,reverse,3093,3092,17,L05-4,3,pgsA,2318023,52029,metG,2433366,60223
1186,2599574,2602666,forward,3093,3093,18,L05-4,3,nrdB,2583797,15777,folC,2651527,48861
1187,2956932,2960024,forward,3093,3093,19,L05-4,3,uppS,2946802,10130,serV,2980994,20970
1188,3038788,3041880,forward,3093,3093,20,L05-4,3,ftsB,3035257,3531,eno,3042095,215
1189,3124126,3127217,reverse,3093,3092,21,L05-4,3,lgt,3101485,22641,prfB,3151979,24762
1190,3134705,3137796,forward,3093,3092,22,L05-4,3,lgt,3101485,33220,prfB,3151979,14183
1191,3195490,3198581,reverse,3093,3092,23,L05-4,3,pgk,3189415,6075,yqgF,3215663,17082
1192,3228693,3231785,forward,3093,3093,24,L05-4,3,metK,3220595,8098,plsC,3247553,15768
1193,3361718,3364809,reverse,3093,3092,25,L05-4,3,rnpB,3348476,13242,infB,3401094,36285
1194,3372297,3375388,forward,3092,3092,26,L05-4,3,rnpB,3348476,23821,infB,3401094,25706
1195,3498318,3501410,reverse,3093,3093,27,L05-4,3,accC,3489531,8787,yrdC,3512701,11291
1196,3778293,3781385,reverse,3093,3093,28,L05-4,3,glyQ,3776778,1515,gpsA,3811824,30439
1197,3788873,3791965,forward,3093,3093,29,L05-4,3,glyQ,3776778,12095,gpsA,3811824,19859
1198,442857,445949,reverse,3093,3093,0,L06-1,1,ssb,348912,93945,groS,447929,1980
1199,883797,886888,reverse,3093,3092,1,L06-1,1,proS,832011,51786,hemB,930265,43377
1200,1275225,1278317,reverse,3093,3093,2,L06-1,1,fldA,1207650,67575,infA,1417042,138725
1201,1440626,1443718,reverse,3093,3093,3,L06-1,1,serS,1431536,9090,rpsA,1455485,11767
1202,1660104,1663196,reverse,3093,3093,4,L06-1,1,trmU,1655900,4204,pth,1697214,34018
1203,2309995,2313087,reverse,3093,3093,5,L06-1,1,pgsA,2290042,19953,metG,2405387,92300
1204,3401694,3404785,reverse,3093,3092,6,L06-1,1,rnpB,3380837,20857,infB,3426688,21903
1205,3505155,3508247,reverse,3093,3093,7,L06-1,1,degS,3491130,14025,mreD,3509353,1106
1206,3524145,3527237,reverse,3093,3093,8,L06-1,1,accC,3518231,5914,yrdC,3544910,17673
1207,3725465,3728556,reverse,3093,3092,9,L06-1,1,ftsY,3698469,26996,glyS,3783529,54973
1208,310048,313140,reverse,3093,3093,0,L06-1,2,rpoC,263812,46236,ubiA,330357,17217
1209,414546,417636,reverse,3092,3091,1,L06-1,2,ssb,352000,62546,groS,457107,39471
1210,429216,432306,forward,3093,3091,2,L06-1,2,ssb,352000,77216,groS,457107,24801
1211,452035,455127,reverse,3093,3093,3,L06-1,2,ssb,352000,100035,groS,457107,1980
1212,513930,517022,forward,3093,3093,4,L06-1,2,rpsR,512477,1453,proS,570521,53499
1213,625381,628472,forward,3092,3092,5,L06-1,2,folK,623933,1448,can,642758,14286
1214,898724,901816,reverse,3093,3093,6,L06-1,2,ppa,877024,21700,hemB,945195,43379
1215,1290148,1293240,reverse,3093,3093,7,L06-1,2,fldA,1222581,67567,infA,1431961,138721
1216,1455546,1458637,reverse,3093,3092,8,L06-1,2,serS,1446456,9090,rpsA,1470404,11767
1217,1675018,1678110,reverse,3093,3093,9,L06-1,2,trmU,1670814,4204,pth,1712127,34017
1218,2324902,2327994,reverse,3093,3093,10,L06-1,2,pgsA,2304948,19954,metG,2420290,92296
1219,2445146,2448237,forward,3093,3092,11,L06-1,2,metG,2422322,22824,ftsB,2474892,26655
1220,2809702,2812793,forward,3092,3092,12,L06-1,2,gltX,2784836,24866,fabB,2850267,37474
1221,2977425,2980515,forward,3092,3091,13,L06-1,2,gyrA,2951232,26193,yejM,3005591,25076
1222,3070820,3073912,forward,3093,3093,14,L06-1,2,folE,3046316,24504,eno,3075753,1841
1223,3423343,3426433,reverse,3092,3091,15,L06-1,2,rnpB,3402486,20857,infB,3448338,21905
1224,3526804,3529895,reverse,3093,3092,16,L06-1,2,degS,3512779,14025,mreD,3531001,1106
1225,3545794,3548886,reverse,3093,3093,17,L06-1,2,accC,3539879,5915,yrdC,3560682,11796
1226,3741242,3744333,reverse,3092,3092,18,L06-1,2,ftsY,3714246,26996,glyS,3799306,54973
1227,307943,311034,reverse,3092,3092,0,L06-1,3,rpoC,263819,44124,ubiA,328251,17217
1228,351510,354602,forward,3093,3093,1,L06-1,3,ssb,349895,1615,groS,440127,85525
1229,415544,418636,forward,3093,3093,2,L06-1,3,ssb,349895,65649,groS,440127,21491
1230,435055,438147,reverse,3093,3093,3,L06-1,3,ssb,349895,85160,groS,440127,1980
1231,496953,500045,forward,3093,3093,4,L06-1,3,rpsR,495500,1453,proS,555850,55805
1232,531722,534814,forward,3093,3093,5,L06-1,3,rpsR,495500,36222,proS,555850,21036
1233,609918,613010,forward,3093,3093,6,L06-1,3,folK,609260,658,can,627296,14286
1234,883250,886342,reverse,3093,3093,7,L06-1,3,ppa,861551,21699,hemB,929720,43378
1235,1148501,1151593,forward,3093,3093,8,L06-1,3,argU,1088565,59936,mrdB,1165128,13535
1236,1277778,1280869,reverse,3093,3092,9,L06-1,3,fldA,1210205,67573,infA,1419588,138719
1237,1443171,1446263,reverse,3093,3093,10,L06-1,3,serS,1434081,9090,rpsA,1458030,11767
1238,1482857,1485949,forward,3093,3093,11,L06-1,3,mukB,1476820,6037,asnS,1486721,772
1239,1665742,1668833,reverse,3093,3092,12,L06-1,3,trmU,1661538,4204,pth,1702850,34017
1240,2277488,2280580,forward,3093,3093,13,L06-1,3,aspS,2270134,7354,argS,2282776,2196
1241,2318717,2321809,reverse,3093,3093,14,L06-1,3,pgsA,2298766,19951,metG,2414107,92298
1242,2438962,2442054,forward,3093,3093,15,L06-1,3,metG,2416139,22823,ftsB,2468713,26659
1243,2803517,2806609,forward,3093,3093,16,L06-1,3,gltX,2778652,24865,fabB,2844081,37472
1244,2971239,2974331,forward,3093,3093,17,L06-1,3,gyrA,2945045,26194,rnpB,2995056,20725
1245,3072335,3075426,reverse,3093,3092,18,L06-1,3,cca,3062137,10198,ribB,3077637,2211
1246,3168353,3171445,forward,3093,3093,19,L06-1,3,fbaA,3163793,4560,prfB,3202952,31507
1247,3329450,3332541,reverse,3093,3092,20,L06-1,3,eno,3326312,3138,folE,3358456,25915
1248,3352787,3355879,forward,3093,3093,21,L06-1,3,eno,3326312,26475,folE,3358456,2577
1249,3424925,3428017,reverse,3093,3093,22,L06-1,3,yejM,3401607,23318,infB,3449919,21902
1250,3528381,3531472,reverse,3093,3092,23,L06-1,3,degS,3514357,14024,mreD,3532578,1106
1251,3547370,3550462,reverse,3093,3093,24,L06-1,3,accC,3541456,5914,yrdC,3562258,11796
1252,3742814,3745906,reverse,3093,3093,25,L06-1,3,ftsY,3715818,26996,glyS,3800876,54970
1253,442857,445949,reverse,3093,3093,0,L06-2,1,ssb,348912,93945,groS,447929,1980
1254,883797,886888,reverse,3093,3092,1,L06-2,1,proS,832011,51786,hemB,930265,43377
1255,1275225,1278317,reverse,3093,3093,2,L06-2,1,fldA,1207650,67575,infA,1417042,138725
1256,1440626,1443718,reverse,3093,3093,3,L06-2,1,serS,1431536,9090,rpsA,1455485,11767
1257,1660104,1663196,reverse,3093,3093,4,L06-2,1,trmU,1655900,4204,pth,1697214,34018
1258,2309995,2313087,reverse,3093,3093,5,L06-2,1,pgsA,2290042,19953,metG,2405387,92300
1259,3401694,3404785,reverse,3093,3092,6,L06-2,1,rnpB,3380837,20857,infB,3426688,21903
1260,3505155,3508247,reverse,3093,3093,7,L06-2,1,degS,3491130,14025,mreD,3509353,1106
1261,3524145,3527237,reverse,3093,3093,8,L06-2,1,accC,3518231,5914,yrdC,3544910,17673
1262,3725465,3728556,reverse,3093,3092,9,L06-2,1,ftsY,3698469,26996,glyS,3783529,54973
1263,76750,79841,forward,3093,3092,0,L06-2,2,hemC,65010,11740,hemG,97974,18133
1264,431962,435054,reverse,3093,3093,1,L06-2,2,ssb,338020,93942,groS,437034,1980
1265,872886,875978,reverse,3093,3093,2,L06-2,2,proS,821103,51783,hemB,919353,43375
1266,1228875,1231967,reverse,3093,3093,3,L06-2,2,fldA,1196740,32135,infA,1412327,180360
1267,1267412,1270503,reverse,3092,3092,4,L06-2,2,fldA,1196740,70672,infA,1412327,141824
1268,1285197,1288287,forward,3093,3091,5,L06-2,2,fldA,1196740,88457,infA,1412327,124040
1269,1435911,1439003,reverse,3093,3093,6,L06-2,2,serS,1426821,9090,rpsA,1450771,11768
1270,1643799,1646888,forward,3093,3090,7,L06-2,2,lolE,1635958,7841,trmU,1653161,6273
1271,1657847,1660937,reverse,3092,3091,8,L06-2,2,trmU,1654266,3581,pth,1694953,34016
1272,1884191,1887283,forward,3093,3093,9,L06-2,2,fabI,1786861,97330,tyrS,2031929,144646
1273,2089135,2092226,forward,3093,3092,10,L06-2,2,ribC,2059219,29916,pheT,2114634,22408
1274,2313640,2316731,reverse,3093,3092,11,L06-2,2,pgsA,2293692,19948,metG,2406519,89788
1275,2450025,2453116,forward,3092,3092,12,L06-2,2,metG,2408551,41474,folE,2458301,5185
1276,2600285,2603378,forward,3094,3094,13,L06-2,2,nrdB,2560047,40238,folC,2646305,42927
1277,3015186,3018277,reverse,3094,3092,14,L06-2,2,alaS,2976773,38413,ispF,3029163,10886
1278,3149275,3152367,forward,3093,3093,15,L06-2,2,lgt,3123888,25387,prfB,3192256,39889
1279,3258472,3261562,forward,3092,3091,16,L06-2,2,yqgF,3250276,8196,plsC,3287673,26111
1280,3409455,3412547,reverse,3093,3093,17,L06-2,2,rnpB,3388597,20858,infB,3434449,21902
1281,3512914,3516006,reverse,3093,3093,18,L06-2,2,degS,3498889,14025,mreD,3517112,1106
1282,3531903,3534995,reverse,3093,3093,19,L06-2,2,accC,3525989,5914,yrdC,3552280,17285
1283,3559367,3562459,reverse,3093,3093,20,L06-2,2,fmt,3556597,2770,rplQ,3564155,1696
1284,3606361,3609451,forward,3092,3091,21,L06-2,2,rpsL,3583162,23199,trpS,3624345,14894
1285,3739032,3742122,reverse,3092,3091,22,L06-2,2,ftsY,3712036,26996,glyS,3800193,58071
1286,3777514,3780605,forward,3092,3092,23,L06-2,2,ftsY,3712036,65478,glyS,3800193,19588
1287,3960422,3963513,reverse,3093,3092,24,L06-2,2,yidC,3956243,4179,glmS,3987015,23502
1288,3971299,3974391,reverse,3093,3093,25,L06-2,2,yidC,3956243,15056,glmS,3987015,12624
1289,76756,79846,forward,3092,3091,0,L06-2,3,hemC,65015,11741,hemG,97979,18133
1290,150339,153430,forward,3093,3092,1,L06-2,3,yihA,114095,36244,ftsN,188841,35411
1291,435061,438152,reverse,3093,3092,2,L06-2,3,ssb,341118,93943,groS,440132,1980
1292,869621,872713,reverse,3093,3093,3,L06-2,3,proS,824196,45425,hemB,916089,43376
1293,1205102,1207021,reverse,1920,1920,4,L06-2,3,fldA,1193465,11637,infA,1408267,201246
1294,1221715,1224806,forward,3093,3092,5,L06-2,3,fldA,1193465,28250,infA,1408267,183461
1295,1312868,1315960,reverse,3093,3093,6,L06-2,3,fldA,1193465,119403,infA,1408267,92307
1296,1330654,1333745,forward,3093,3092,7,L06-2,3,fldA,1193465,137189,infA,1408267,74522
1297,1369189,1372281,forward,3093,3093,8,L06-2,3,fldA,1193465,175724,infA,1408267,35986
1298,1431851,1434942,reverse,3093,3092,9,L06-2,3,serS,1422761,9090,rpsA,1446709,11767
1299,1639744,1642836,forward,3093,3093,10,L06-2,3,lolE,1631904,7840,trmU,1649109,6273
1300,1653793,1656884,reverse,3093,3092,11,L06-2,3,trmU,1650214,3579,pth,1690900,34016
1301,1880134,1883224,forward,3092,3091,12,L06-2,3,fabI,1782804,97330,tyrS,2027867,144643
1302,2085075,2091265,reverse,3093,6191,13,L06-2,3,ribC,2055158,29917,pheT,2111254,19989
1303,2310252,2313343,reverse,3092,3092,14,L06-2,3,pgsA,2290299,19953,metG,2403129,89786
1304,2446635,2449726,forward,3093,3092,15,L06-2,3,metG,2405161,41474,folE,2454911,5185
1305,2596896,2599988,forward,3093,3093,16,L06-2,3,nrdB,2556657,40239,folC,2642914,42926
1306,2937227,2940318,forward,3093,3092,17,L06-2,3,grpE,2937186,41,alaS,2981358,41040
1307,3014907,3017999,reverse,3093,3093,18,L06-2,3,uppS,3013937,970,ispF,3028886,10887
1308,3148998,3152089,forward,3093,3092,19,L06-2,3,lgt,3123612,25386,prfB,3187827,35738
1309,3254044,3257135,forward,3092,3092,20,L06-2,3,yqgF,3245845,8199,plsC,3283244,26109
1310,3405025,3408116,reverse,3093,3092,21,L06-2,3,rnpB,3384169,20856,infB,3430019,21903
1311,3508483,3511574,reverse,3093,3092,22,L06-2,3,degS,3494458,14025,mreD,3512680,1106
1312,3527472,3530563,reverse,3093,3092,23,L06-2,3,accC,3521558,5914,yrdC,3547849,17286
1313,3554936,3558028,reverse,3093,3093,24,L06-2,3,fmt,3552166,2770,rplQ,3559724,1696
1314,3601933,3605023,forward,3093,3091,25,L06-2,3,rpsL,3578733,23200,trpS,3619915,14892
1315,3734607,3737698,reverse,3093,3092,26,L06-2,3,ftsY,3707611,26996,glyS,3795770,58072
1316,3773091,3776182,forward,3093,3092,27,L06-2,3,ftsY,3707611,65480,glyS,3795770,19588
1317,3956003,3962196,reverse,3093,6194,28,L06-2,3,yidC,3951824,4179,glmS,3974821,12625
1318,442857,445949,reverse,3093,3093,0,L06-3,1,ssb,348912,93945,groS,447929,1980
1319,883797,886888,reverse,3093,3092,1,L06-3,1,proS,832011,51786,hemB,930265,43377
1320,1275225,1278317,reverse,3093,3093,2,L06-3,1,fldA,1207650,67575,infA,1417042,138725
1321,1440626,1443718,reverse,3093,3093,3,L06-3,1,serS,1431536,9090,rpsA,1455485,11767
1322,1660104,1663196,reverse,3093,3093,4,L06-3,1,trmU,1655900,4204,pth,1697214,34018
1323,2309995,2313087,reverse,3093,3093,5,L06-3,1,pgsA,2290042,19953,metG,2405387,92300
1324,3401694,3404785,reverse,3093,3092,6,L06-3,1,rnpB,3380837,20857,infB,3426688,21903
1325,3505155,3508247,reverse,3093,3093,7,L06-3,1,degS,3491130,14025,mreD,3509353,1106
1326,3524145,3527237,reverse,3093,3093,8,L06-3,1,accC,3518231,5914,yrdC,3544910,17673
1327,3725465,3728556,reverse,3093,3092,9,L06-3,1,ftsY,3698469,26996,glyS,3783529,54973
1328,398185,401277,forward,3093,3093,0,L06-3,2,ssb,348912,49273,groS,451031,49754
1329,445960,449051,reverse,3093,3092,1,L06-3,2,ssb,348912,97048,groS,451031,1980
1330,885234,888325,reverse,3092,3092,2,L06-3,2,proS,835105,50129,lgt,922101,33776
1331,1006847,1009938,reverse,3093,3092,3,L06-3,2,eno,979321,27526,ftsB,1017848,7910
1332,1478197,1481288,reverse,3093,3092,4,L06-3,2,folC,1397557,80640,nrdB,1486206,4918
1333,1606931,1610023,reverse,3093,3093,5,L06-3,2,folE,1586160,20771,metG,1638612,28589
1334,1649269,1652361,reverse,3093,3093,6,L06-3,2,metG,1636580,12689,pgsA,1721420,69059
1335,1713380,1716472,forward,3093,3093,7,L06-3,2,metG,1636580,76800,pgsA,1721420,4948
1336,1848289,1851380,reverse,3093,3092,8,L06-3,2,gapA,1831715,16574,nadE,1873531,22151
1337,2147340,2150432,forward,3093,3093,9,L06-3,2,tyrS,1978766,168574,fabI,2226178,75746
1338,2351316,2354405,forward,3092,3090,10,L06-3,2,pth,2316714,34602,trmU,2359714,5309
1339,2421022,2424113,reverse,3093,3092,11,L06-3,2,mviN,2411415,9607,serT,2481036,56923
1340,2562425,2565517,forward,3093,3093,12,L06-3,2,rpsA,2548986,13439,serS,2575898,10381
1341,2727825,2730916,forward,3093,3092,13,L06-3,2,infA,2588884,138941,fldA,2799020,68104
1342,3119239,3122331,forward,3093,3093,14,L06-3,2,hemB,3074894,44345,prfB,3154705,32374
1343,3170382,3173474,reverse,3093,3093,15,L06-3,2,prfB,3155802,14580,fbaA,3192784,19310
1344,3374346,3377438,reverse,3093,3093,16,L06-3,2,rnpB,3359878,14468,infB,3399341,21903
1345,3477804,3480896,reverse,3093,3093,17,L06-3,2,degS,3463779,14025,mreD,3482002,1106
1346,3496794,3499886,reverse,3093,3093,18,L06-3,2,accC,3490880,5914,yrdC,3517106,17220
1347,3697664,3700755,reverse,3093,3092,19,L06-3,2,ftsY,3670667,26997,glyS,3755727,54972
1348,398184,401276,forward,3093,3093,0,L06-3,3,ssb,348913,49271,groS,412844,11568
1349,407772,410864,reverse,3093,3093,1,L06-3,3,ssb,348913,58859,groS,412844,1980
1350,470977,474069,forward,3093,3093,2,L06-3,3,rpsR,468219,2758,ppa,494378,20309
1351,672687,675779,forward,3093,3093,3,L06-3,3,imp,644280,28407,ftsL,681305,5526
1352,853969,857061,reverse,3093,3093,4,L06-3,3,proS,803132,50837,lgt,890841,33780
1353,975591,978683,reverse,3093,3093,5,L06-3,3,eno,948063,27528,ftsB,986594,7911
1354,1200074,1203166,forward,3093,3093,6,L06-3,3,der,1186655,13419,hda,1209037,5871
1355,1295338,1298430,reverse,3093,3093,7,L06-3,3,ligA,1290144,5194,gltX,1536474,238044
1356,1463535,1466627,reverse,3093,3093,8,L06-3,3,ligA,1290144,173391,gltX,1536474,69847
1357,1527648,1530740,forward,3093,3093,9,L06-3,3,ligA,1290144,237504,gltX,1536474,5734
1358,1685291,1688383,reverse,3093,3093,10,L06-3,3,folC,1604836,80455,pgsA,1877422,189039
1359,1853641,1856733,reverse,3093,3093,11,L06-3,3,folC,1604836,248805,pgsA,1877422,20689
1360,1870831,1873923,forward,3093,3093,12,L06-3,3,folC,1604836,265995,pgsA,1877422,3499
1361,2004300,2007392,reverse,3093,3093,13,L06-3,3,gapA,1987723,16577,nadE,2029544,22152
1362,2303361,2306453,forward,3093,3093,14,L06-3,3,tyrS,2134779,168582,fabI,2382202,75749
1363,2507344,2510436,forward,3093,3093,15,L06-3,3,pth,2472741,34603,trmU,2515552,5116
1364,2576862,2579954,reverse,3093,3093,16,L06-3,3,mviN,2567254,9608,serT,2636877,56923
1365,2718272,2721364,forward,3093,3093,17,L06-3,3,rpsA,2704833,13439,serS,2731745,10381
1366,2883674,2886766,forward,3093,3093,18,L06-3,3,infA,2744731,138943,fldA,2954870,68104
1367,3275107,3278199,forward,3093,3093,19,L06-3,3,hemB,3230757,44350,prfB,3310572,32373
1368,3326250,3329342,reverse,3093,3093,20,L06-3,3,prfB,3311669,14581,fbaA,3348654,19312
1369,3530222,3533314,reverse,3093,3093,21,L06-3,3,rnpB,3515754,14468,infB,3555217,21903
1370,3603047,3606139,forward,3093,3093,22,L06-3,3,yhbG,3586543,16504,rpsI,3607092,953
1371,3626568,3629659,reverse,3092,3092,23,L06-3,3,degS,3612543,14025,mreD,3630765,1106
1372,3645557,3648649,reverse,3093,3093,24,L06-3,3,accC,3639643,5914,yrdC,3665869,17220
1373,3846427,3849519,reverse,3093,3093,25,L06-3,3,ftsY,3819431,26996,glyS,3904492,54973
1374,442857,445949,reverse,3093,3093,0,L06-4,1,ssb,348912,93945,groS,447929,1980
1375,883797,886888,reverse,3093,3092,1,L06-4,1,proS,832011,51786,hemB,930265,43377
1376,1275225,1278317,reverse,3093,3093,2,L06-4,1,fldA,1207650,67575,infA,1417042,138725
1377,1440626,1443718,reverse,3093,3093,3,L06-4,1,serS,1431536,9090,rpsA,1455485,11767
1378,1660104,1663196,reverse,3093,3093,4,L06-4,1,trmU,1655900,4204,pth,1697214,34018
1379,2309995,2313087,reverse,3093,3093,5,L06-4,1,pgsA,2290042,19953,metG,2405387,92300
1380,3401694,3404785,reverse,3093,3092,6,L06-4,1,rnpB,3380837,20857,infB,3426688,21903
1381,3505155,3508247,reverse,3093,3093,7,L06-4,1,degS,3491130,14025,mreD,3509353,1106
1382,3524145,3527237,reverse,3093,3093,8,L06-4,1,accC,3518231,5914,yrdC,3544910,17673
1383,3725465,3728556,reverse,3093,3092,9,L06-4,1,ftsY,3698469,26996,glyS,3783529,54973
1384,305931,309023,forward,3093,3093,0,L06-4,2,rpoC,263817,42114,ubiA,315193,6170
1385,425111,431304,forward,3092,6194,1,L06-4,2,ssb,336836,88275,groS,433284,1980
1386,869142,872234,reverse,3093,3093,2,L06-4,2,proS,817358,51784,hemB,915612,43378
1387,1139462,1142553,forward,3093,3092,3,L06-4,2,argU,1074459,65003,mrdB,1151024,8471
1388,1263671,1266763,reverse,3093,3093,4,L06-4,2,fldA,1196101,67570,infA,1389267,122504
1389,1412850,1415941,reverse,3093,3092,5,L06-4,2,serS,1403760,9090,rpsA,1427709,11768
1390,1632321,1635413,reverse,3093,3093,6,L06-4,2,trmU,1628117,4204,pth,1669432,34019
1391,1900801,1906994,forward,3093,6194,7,L06-4,2,fabI,1761339,139462,tyrS,2009792,102798
1392,2288402,2291494,reverse,3093,3093,8,L06-4,2,pgsA,2268448,19954,yejM,2295908,4414
1393,2432110,2435201,forward,3093,3092,9,L06-4,2,metG,2383951,48159,gyrA,2528706,93505
1394,2481383,2484474,forward,3093,3092,10,L06-4,2,metG,2383951,97432,gyrA,2528706,44232
1395,3159158,3162250,reverse,3093,3093,11,L06-4,2,lgt,3098086,61072,prfB,3166455,4205
1396,3240338,3243429,reverse,3093,3092,12,L06-4,2,yqgF,3224476,15862,plsC,3270701,27272
1397,3288466,3291558,reverse,3093,3093,13,L06-4,2,parE,3283352,5114,ribB,3294872,3314
1398,3382106,3385196,forward,3092,3091,14,L06-4,2,rnpB,3374729,7377,infB,3423680,38484
1399,3398686,3401778,reverse,3093,3093,15,L06-4,2,rnpB,3374729,23957,infB,3423680,21902
1400,3502143,3505234,reverse,3093,3092,16,L06-4,2,degS,3488119,14024,mreD,3506339,1105
1401,3521131,3524223,reverse,3093,3093,17,L06-4,2,accC,3515217,5914,yrdC,3536579,12356
1402,3714326,3717418,forward,3093,3093,18,L06-4,2,ftsY,3690144,24182,glyS,3778958,61540
1403,3720242,3723334,reverse,3093,3093,19,L06-4,2,ftsY,3690144,30098,glyS,3778958,55624
1404,3762719,3765811,forward,3093,3093,20,L06-4,2,ftsY,3690144,72575,glyS,3778958,13147
1405,3860399,3863490,reverse,3092,3092,21,L06-4,2,rpmB,3860050,349,dfp,3864209,719
1406,305936,309028,forward,3093,3093,0,L06-4,3,rpoC,263822,42114,ubiA,315198,6170
1407,425120,428212,forward,3093,3093,1,L06-4,3,ssb,336842,88278,proS,481712,53500
1408,866062,869154,forward,3093,3093,2,L06-4,3,groS,863789,2273,hemB,921303,52149
1409,874832,877924,reverse,3093,3093,3,L06-4,3,groS,863789,11043,hemB,921303,43379
1410,1075486,1078578,reverse,3093,3093,4,L06-4,3,folD,1073090,2396,argU,1083175,4597
1411,1148252,1151344,forward,3093,3093,5,L06-4,3,argU,1083250,65002,mrdB,1159815,8471
1412,1272465,1275556,reverse,3093,3092,6,L06-4,3,fldA,1204893,67572,infA,1398062,122506
1413,1421645,1424737,reverse,3093,3093,7,L06-4,3,serS,1412555,9090,rpsA,1436504,11767
1414,1641120,1644212,reverse,3093,3093,8,L06-4,3,trmU,1636916,4204,pth,1678231,34019
1415,1909608,1912699,forward,3093,3092,9,L06-4,3,fabI,1770141,139467,tyrS,2015499,102800
1416,2141767,2144858,reverse,3093,3092,10,L06-4,3,nadE,2122832,18935,gapA,2168520,23662
1417,2157869,2160961,forward,3093,3093,11,L06-4,3,nadE,2122832,35037,gapA,2168520,7559
1418,2300317,2303409,reverse,3093,3093,12,L06-4,3,pgsA,2280362,19955,yejM,2307823,4414
1419,2444029,2447121,forward,3093,3093,13,L06-4,3,metG,2395867,48162,gyrA,2540628,93507
1420,2493304,2496396,forward,3093,3093,14,L06-4,3,metG,2395867,97437,gyrA,2540628,44232
1421,3171096,3174188,reverse,3093,3093,15,L06-4,3,lgt,3110022,61074,prfB,3178393,4205
1422,3252281,3255373,reverse,3093,3093,16,L06-4,3,yqgF,3236415,15866,plsC,3282646,27273
1423,3300411,3303502,reverse,3092,3092,17,L06-4,3,parE,3295297,5114,ribB,3306816,3314
1424,3375470,3378562,reverse,3093,3093,18,L06-4,3,rpoD,3330974,44496,rnpB,3389405,10843
1425,3397157,3400249,forward,3093,3093,19,L06-4,3,rnpB,3389780,7377,infB,3438734,38485
1426,3413739,3416831,reverse,3093,3093,20,L06-4,3,rnpB,3389780,23959,infB,3438734,21903
1427,3517201,3520292,reverse,3093,3092,21,L06-4,3,degS,3503176,14025,mreD,3521397,1105
1428,3536190,3539282,reverse,3093,3093,22,L06-4,3,accC,3530275,5915,yrdC,3551637,12355
1429,3729382,3732474,forward,3093,3093,23,L06-4,3,ftsY,3705200,24182,glyS,3733041,567
1430,3814484,3817576,reverse,3093,3093,24,L06-4,3,rpmB,3814135,349,dfp,3818295,719
1431,33499,36590,forward,3094,3092,0,L07-1,1,trpT,21291,12208,rho,43774,7184
1432,850588,853680,forward,3094,3093,1,L07-1,1,proS,831956,18632,hemB,932379,78699
1433,1071481,1074572,reverse,3093,3092,2,L07-1,1,hemH,1032729,38752,lpxH,1082747,8175
1434,1280429,1283522,reverse,3094,3094,3,L07-1,1,fldA,1212855,67574,infA,1425342,141820
1435,1303488,1306579,reverse,3092,3092,4,L07-1,1,fldA,1212855,90633,infA,1425342,118763
1436,1855300,1858392,reverse,3094,3093,5,L07-1,1,fabI,1791617,63683,tyrS,2015648,157256
1437,2118219,2121312,forward,3095,3094,6,L07-1,1,thrS,2102261,15958,nadE,2125253,3941
1438,2146790,2149882,reverse,3093,3093,7,L07-1,1,nadE,2126079,20711,gapA,2168665,18783
1439,2345195,2348287,forward,3094,3093,8,L07-1,1,pgsA,2280495,64700,metG,2395837,47550
1440,2431199,2434289,reverse,3093,3091,9,L07-1,1,metG,2397869,33330,folE,2447617,13328
1441,2984750,2987841,forward,3093,3092,10,L07-1,1,alaS,2963002,21748,ispF,3014391,26550
1442,3019342,3022434,reverse,3094,3093,11,L07-1,1,ftsB,3015908,3434,eno,3041365,18931
1443,3575484,3578576,forward,3094,3093,12,L07-1,1,rpsL,3550626,24858,trpS,3591813,13237
1444,3797714,3800805,reverse,3093,3092,13,L07-1,1,glyQ,3790018,7696,gpsA,3842192,41387
1445,33491,36583,forward,3093,3093,0,L07-1,2,trpT,21285,12206,rho,43770,7187
1446,164069,167160,reverse,3092,3092,1,L07-1,2,yihA,128077,35992,ftsN,202826,35666
1447,853708,856801,forward,3094,3094,2,L07-1,2,proS,835078,18630,hemB,935505,78704
1448,1074607,1077699,reverse,3093,3093,3,L07-1,2,hemH,1035858,38749,lpxH,1085873,8174
1449,1283563,1286655,reverse,3093,3093,4,L07-1,2,fldA,1215990,67573,infA,1427931,141276
1450,1306071,1309162,reverse,3094,3092,5,L07-1,2,fldA,1215990,90081,infA,1427931,118769
1451,1488806,1491898,reverse,3093,3093,6,L07-1,2,mukB,1482490,6316,asnS,1492391,493
1452,1861013,1864105,reverse,3093,3093,7,L07-1,2,fabI,1797328,63685,tyrS,2021363,157258
1453,2122998,2126091,forward,3094,3094,8,L07-1,2,thrS,2107979,15019,nadE,2129087,2996
1454,2150329,2153422,reverse,3094,3094,9,L07-1,2,nadE,2129913,20416,gapA,2172206,18784
1455,2348748,2351840,forward,3093,3093,10,L07-1,2,pgsA,2284048,64700,metG,2397893,46053
1456,2433257,2436349,reverse,3094,3093,11,L07-1,2,metG,2399925,33332,folE,2449676,13327
1457,2986796,2989887,forward,3093,3092,12,L07-1,2,alaS,2965049,21747,ispF,3016438,26551
1458,3021391,3024483,reverse,3093,3093,13,L07-1,2,ftsB,3017956,3435,eno,3043415,18932
1459,3352270,3355363,reverse,3094,3094,14,L07-1,2,rpoD,3314441,37829,rnpB,3372869,17506
1460,3580636,3583728,forward,3093,3093,15,L07-1,2,rpsL,3555779,24857,trpS,3596964,13236
1461,3802870,3805962,reverse,3094,3093,16,L07-1,2,glyQ,3795177,7693,gpsA,3847346,41384
1462,33490,36582,forward,3094,3093,0,L07-1,3,trpT,21283,12207,rho,43767,7185
1463,164057,167149,reverse,3093,3093,1,L07-1,3,yihA,128073,35984,ftsN,202806,35657
1464,853649,856739,forward,3093,3091,2,L07-1,3,proS,835021,18628,hemB,935442,78703
1465,1074535,1077627,reverse,3093,3093,3,L07-1,3,hemH,1035787,38748,lpxH,1085800,8173
1466,1283487,1286576,reverse,3093,3090,4,L07-1,3,fldA,1215915,67572,infA,1421121,134545
1467,1299270,1302361,reverse,3092,3092,5,L07-1,3,fldA,1215915,83355,infA,1421121,118760
1468,1481994,1485087,reverse,3094,3094,6,L07-1,3,mukB,1475678,6316,asnS,1485579,492
1469,1854166,1857255,reverse,3093,3090,7,L07-1,3,fabI,1790485,63681,tyrS,2014510,157255
1470,2116139,2119232,forward,3094,3094,8,L07-1,3,thrS,2101122,15017,nadE,2122227,2995
1471,2143471,2146562,reverse,3093,3092,9,L07-1,3,nadE,2123053,20418,gapA,2165344,18782
1472,2341879,2344970,forward,3093,3092,10,L07-1,3,pgsA,2277179,64700,metG,2391018,46048
1473,2426377,2429469,reverse,3094,3093,11,L07-1,3,metG,2393050,33327,folE,2442796,13327
1474,2926463,2929557,reverse,3095,3095,12,L07-1,3,uppS,2922945,3518,alaS,2953930,24373
1475,2983000,2986090,forward,3094,3091,13,L07-1,3,serV,2954667,28333,ispF,3012640,26550
1476,3017591,3020681,reverse,3093,3091,14,L07-1,3,ftsB,3014157,3434,eno,3039610,18929
1477,3348440,3351532,reverse,3093,3093,15,L07-1,3,rpoD,3310616,37824,rnpB,3369029,17497
1478,3576780,3579873,forward,3095,3094,16,L07-1,3,rpsL,3551925,24855,trpS,3593108,13235
1479,3799014,3802103,reverse,3092,3090,17,L07-1,3,glyQ,3791318,7696,gpsA,3843485,41382
1480,33499,36590,forward,3094,3092,0,L07-2,1,trpT,21291,12208,rho,43774,7184
1481,850588,853680,forward,3094,3093,1,L07-2,1,proS,831956,18632,hemB,932379,78699
1482,1071481,1074572,reverse,3093,3092,2,L07-2,1,hemH,1032729,38752,lpxH,1082747,8175
1483,1280429,1283522,reverse,3094,3094,3,L07-2,1,fldA,1212855,67574,infA,1425342,141820
1484,1303488,1306579,reverse,3092,3092,4,L07-2,1,fldA,1212855,90633,infA,1425342,118763
1485,1855300,1858392,reverse,3094,3093,5,L07-2,1,fabI,1791617,63683,tyrS,2015648,157256
1486,2118219,2121312,forward,3095,3094,6,L07-2,1,thrS,2102261,15958,nadE,2125253,3941
1487,2146790,2149882,reverse,3093,3093,7,L07-2,1,nadE,2126079,20711,gapA,2168665,18783
1488,2345195,2348287,forward,3094,3093,8,L07-2,1,pgsA,2280495,64700,metG,2395837,47550
1489,2431199,2434289,reverse,3093,3091,9,L07-2,1,metG,2397869,33330,folE,2447617,13328
1490,2984750,2987841,forward,3093,3092,10,L07-2,1,alaS,2963002,21748,ispF,3014391,26550
1491,3019342,3022434,reverse,3094,3093,11,L07-2,1,ftsB,3015908,3434,eno,3041365,18931
1492,3575484,3578576,forward,3094,3093,12,L07-2,1,rpsL,3550626,24858,trpS,3591813,13237
1493,3797714,3800805,reverse,3093,3092,13,L07-2,1,glyQ,3790018,7696,gpsA,3842192,41387
1494,33495,36587,forward,3093,3093,0,L07-2,2,trpT,21287,12208,rho,43774,7187
1495,850641,853734,forward,3094,3094,1,L07-2,2,proS,832009,18632,hemB,932440,78706
1496,1071544,1074636,reverse,3094,3093,2,L07-2,2,hemH,1032793,38751,lpxH,1081117,6481
1497,1278807,1281900,reverse,3094,3094,3,L07-2,2,fldA,1211234,67573,infA,1423727,141827
1498,1301864,1304957,reverse,3094,3094,4,L07-2,2,fldA,1211234,90630,infA,1423727,118770
1499,1484507,1487600,forward,3094,3094,5,L07-2,2,mukB,1478288,6219,asnS,1488191,591
1500,1856814,1859907,reverse,3094,3094,6,L07-2,2,fabI,1793127,63687,tyrS,2020274,160367
1501,1923109,1926200,forward,3093,3092,7,L07-2,2,fabI,1793127,129982,tyrS,2020274,94074
1502,2122849,2125942,forward,3094,3094,8,L07-2,2,thrS,2106892,15957,nadE,2129084,3142
1503,2150623,2153715,reverse,3094,3093,9,L07-2,2,nadE,2129910,20713,gapA,2172499,18784
1504,2349040,2352133,forward,3094,3094,10,L07-2,2,pgsA,2284339,64701,metG,2396433,44300
1505,2431799,2434891,reverse,3094,3093,11,L07-2,2,metG,2398465,33334,folE,2448219,13328
1506,2985360,2988453,forward,3094,3094,12,L07-2,2,alaS,2963613,21747,ispF,3015004,26551
1507,3019957,3023050,reverse,3094,3094,13,L07-2,2,ftsB,3016522,3435,eno,3041982,18932
1508,3576113,3579205,forward,3093,3093,14,L07-2,2,rpsL,3551257,24856,trpS,3592441,13236
1509,3798354,3801446,reverse,3093,3093,15,L07-2,2,glyQ,3790657,7697,gpsA,3842835,41389
1510,33487,36578,forward,3093,3092,0,L07-2,3,trpT,21280,12207,rho,43763,7185
1511,850367,853457,forward,3092,3091,1,L07-2,3,proS,831746,18621,hemB,932146,78689
1512,1071213,1074301,reverse,3093,3089,2,L07-2,3,hemH,1032469,38744,lpxH,1080782,6481
1513,1278413,1281502,reverse,3092,3090,3,L07-2,3,fldA,1210864,67549,infA,1423292,141790
1514,1301464,1304559,reverse,3097,3096,4,L07-2,3,fldA,1210864,90600,infA,1423292,118733
1515,1484062,1487152,forward,3096,3091,5,L07-2,3,mukB,1477846,6216,asnS,1487741,589
1516,1856237,1859327,reverse,3093,3091,6,L07-2,3,fabI,1792577,63660,tyrS,2018911,159584
1517,1921772,1924862,forward,3092,3091,7,L07-2,3,fabI,1792577,129195,tyrS,2018911,94049
1518,2121460,2124551,forward,3093,3092,8,L07-2,3,thrS,2105510,15950,nadE,2127692,3141
1519,2149222,2152313,reverse,3093,3092,9,L07-2,3,nadE,2128518,20704,gapA,2174193,21880
1520,2167077,2170168,forward,3093,3092,10,L07-2,3,nadE,2128518,38559,gapA,2174193,4025
1521,2350670,2353759,forward,3092,3090,11,L07-2,3,pgsA,2286001,64669,metG,2398043,44284
1522,2433393,2436484,reverse,3093,3092,12,L07-2,3,metG,2400074,33319,folE,2449812,13328
1523,2986817,2989904,forward,3092,3088,13,L07-2,3,alaS,2965076,21741,ispF,3016447,26543
1524,3021398,3024489,reverse,3093,3092,14,L07-2,3,ftsB,3017964,3434,eno,3043413,18924
1525,3570404,3573496,forward,3094,3093,15,L07-2,3,rpsL,3552576,17828,trpS,3586729,13233
1526,3702283,3705374,reverse,3097,3092,16,L07-2,3,ftsY,3674408,27875,glyS,3784975,79601
1527,3789626,3792717,reverse,3093,3092,17,L07-2,3,glyQ,3787964,1662,gpsA,3834083,41366
1528,33499,36590,forward,3094,3092,0,L07-3,1,trpT,21291,12208,rho,43774,7184
1529,850588,853680,forward,3094,3093,1,L07-3,1,proS,831956,18632,hemB,932379,78699
1530,1071481,1074572,reverse,3093,3092,2,L07-3,1,hemH,1032729,38752,lpxH,1082747,8175
1531,1280429,1283522,reverse,3094,3094,3,L07-3,1,fldA,1212855,67574,infA,1425342,141820
1532,1303488,1306579,reverse,3092,3092,4,L07-3,1,fldA,1212855,90633,infA,1425342,118763
1533,1855300,1858392,reverse,3094,3093,5,L07-3,1,fabI,1791617,63683,tyrS,2015648,157256
1534,2118219,2121312,forward,3095,3094,6,L07-3,1,thrS,2102261,15958,nadE,2125253,3941
1535,2146790,2149882,reverse,3093,3093,7,L07-3,1,nadE,2126079,20711,gapA,2168665,18783
1536,2345195,2348287,forward,3094,3093,8,L07-3,1,pgsA,2280495,64700,metG,2395837,47550
1537,2431199,2434289,reverse,3093,3091,9,L07-3,1,metG,2397869,33330,folE,2447617,13328
1538,2984750,2987841,forward,3093,3092,10,L07-3,1,alaS,2963002,21748,ispF,3014391,26550
1539,3019342,3022434,reverse,3094,3093,11,L07-3,1,ftsB,3015908,3434,eno,3041365,18931
1540,3575484,3578576,forward,3094,3093,12,L07-3,1,rpsL,3550626,24858,trpS,3591813,13237
1541,3797714,3800805,reverse,3093,3092,13,L07-3,1,glyQ,3790018,7696,gpsA,3842192,41387
1542,33493,36586,forward,3094,3094,0,L07-3,2,trpT,21285,12208,rho,43773,7187
1543,850628,853721,forward,3094,3094,1,L07-3,2,proS,831996,18632,hemB,932427,78706
1544,1071529,1074619,reverse,3092,3091,2,L07-3,2,hemH,1032779,38750,lpxH,1082792,8173
1545,1280482,1283573,reverse,3093,3092,3,L07-3,2,fldA,1212908,67574,mukB,1315674,32101
1546,1302427,1305519,reverse,3093,3093,4,L07-3,2,fldA,1212908,89519,mukB,1315674,10155
1547,1484546,1487638,forward,3093,3093,5,L07-3,2,infA,1365559,118987,asnS,1488753,1115
1548,1544109,1547202,reverse,3094,3094,6,L07-3,2,serT,1532871,11238,mviN,1612334,65132
1549,1860488,1863580,reverse,3093,3093,7,L07-3,2,fabI,1796799,63689,tyrS,2020844,157264
1550,2123419,2126512,forward,3094,3094,8,L07-3,2,thrS,2107462,15957,nadE,2129624,3112
1551,2151162,2154254,reverse,3093,3093,9,L07-3,2,nadE,2130450,20712,gapA,2173038,18784
1552,2349574,2352666,forward,3093,3093,10,L07-3,2,pgsA,2284878,64696,metG,2400069,47403
1553,2435434,2438527,reverse,3094,3094,11,L07-3,2,metG,2402101,33333,folE,2451855,13328
1554,2988985,2992077,forward,3093,3093,12,L07-3,2,alaS,2967240,21745,ispF,3018629,26552
1555,3023124,3026216,reverse,3093,3093,13,L07-3,2,ftsB,3020147,2977,eno,3045148,18932
1556,3579278,3582371,forward,3094,3094,14,L07-3,2,rpsL,3554423,24855,trpS,3595607,13236
1557,3707386,3710478,forward,3094,3093,15,L07-3,2,ftsY,3683301,24085,glyS,3773201,62723
1558,3783887,3786979,reverse,3094,3093,16,L07-3,2,glyQ,3776190,7697,gpsA,3828366,41387
1559,33480,36570,forward,3093,3091,0,L07-3,3,trpT,21278,12202,rho,43755,7185
1560,69453,72572,reverse,3131,3120,1,L07-3,3,hemC,68083,1370,hemG,115048,42476
1561,853551,856640,forward,3092,3090,2,L07-3,3,proS,834931,18620,hemB,935329,78689
1562,1074393,1077483,reverse,3093,3091,3,L07-3,3,hemH,1035658,38735,lpxH,1085655,8172
1563,1283289,1286381,reverse,3093,3093,4,L07-3,3,fldA,1215738,67551,mukB,1318474,32093
1564,1305229,1308319,reverse,3095,3091,5,L07-3,3,fldA,1215738,89491,mukB,1318474,10155
1565,1487300,1490389,forward,3093,3090,6,L07-3,3,infA,1368350,118950,asnS,1491500,1111
1566,1546843,1549936,reverse,3095,3094,7,L07-3,3,serT,1535611,11232,mviN,1615035,65099
1567,1863078,1866168,reverse,3092,3091,8,L07-3,3,fabI,1799421,63657,tyrS,2023390,157222
1568,2125928,2129019,forward,3094,3092,9,L07-3,3,thrS,2109983,15945,nadE,2132130,3111
1569,2153665,2156754,reverse,3093,3090,10,L07-3,3,nadE,2132955,20710,gapA,2175529,18775
1570,2351994,2355081,forward,3093,3088,11,L07-3,3,pgsA,2287302,64692,metG,2402452,47371
1571,2437807,2440899,reverse,3093,3093,12,L07-3,3,metG,2404484,33323,folE,2454226,13327
1572,2614832,2617923,forward,3092,3092,13,L07-3,3,nrdB,2555947,58885,folC,2642180,24257
1573,2994310,2997400,forward,3092,3091,14,L07-3,3,alaS,2972566,21744,ispF,3023952,26552
1574,3028903,3031995,reverse,3094,3093,15,L07-3,3,ftsB,3025468,3435,eno,3050924,18929
1575,3584880,3587970,forward,3094,3091,16,L07-3,3,rpsL,3560027,24853,trpS,3601203,13233
1576,3712965,3716056,forward,3094,3092,17,L07-3,3,ftsY,3688881,24084,glyS,3778281,62225
1577,3788954,3792043,reverse,3094,3090,18,L07-3,3,glyQ,3781270,7684,gpsA,3833412,41369
1578,33499,36590,forward,3094,3092,0,L07-4,1,trpT,21291,12208,rho,43774,7184
1579,852029,855121,forward,3094,3093,1,L07-4,1,proS,831956,20073,hemB,933820,78699
1580,1072922,1076013,reverse,3093,3092,2,L07-4,1,hemH,1034170,38752,lpxH,1084188,8175
1581,1281870,1284963,reverse,3094,3094,3,L07-4,1,fldA,1214296,67574,infA,1426783,141820
1582,1304929,1308020,reverse,3092,3092,4,L07-4,1,fldA,1214296,90633,infA,1426783,118763
1583,1856741,1859833,reverse,3094,3093,5,L07-4,1,fabI,1793058,63683,tyrS,2017089,157256
1584,2119660,2122753,forward,3095,3094,6,L07-4,1,thrS,2103702,15958,nadE,2126694,3941
1585,2148231,2151323,reverse,3093,3093,7,L07-4,1,nadE,2127520,20711,gapA,2170106,18783
1586,2346636,2349728,forward,3094,3093,8,L07-4,1,pgsA,2281936,64700,metG,2397278,47550
1587,2432640,2435730,reverse,3093,3091,9,L07-4,1,metG,2399310,33330,folE,2449058,13328
1588,2986191,2989282,forward,3093,3092,10,L07-4,1,alaS,2964443,21748,ispF,3015832,26550
1589,3032245,3035337,reverse,3094,3093,11,L07-4,1,ftsB,3017349,14896,eno,3054268,18931
1590,3588387,3591479,forward,3094,3093,12,L07-4,1,rpsL,3563529,24858,trpS,3604716,13237
1591,3810617,3813708,reverse,3093,3092,13,L07-4,1,glyQ,3802921,7696,gpsA,3855095,41387
1592,33495,36588,forward,3094,3094,0,L07-4,2,trpT,21287,12208,rho,43775,7187
1593,849801,852894,forward,3094,3094,1,L07-4,2,proS,832017,17784,hemB,931599,78705
1594,1070703,1073796,reverse,3094,3094,2,L07-4,2,hemH,1031953,38750,lpxH,1081970,8174
1595,1279665,1282757,reverse,3093,3093,3,L07-4,2,fldA,1212090,67575,infA,1424582,141825
1596,1302721,1305811,reverse,3093,3091,4,L07-4,2,fldA,1212090,90631,infA,1424582,118771
1597,1854576,1857668,reverse,3093,3093,5,L07-4,2,fabI,1790886,63690,tyrS,2014938,157270
1598,2116884,2119977,forward,3094,3094,6,L07-4,2,thrS,2101558,15326,nadE,2123917,3940
1599,2145457,2148550,reverse,3094,3094,7,L07-4,2,nadE,2124743,20714,gapA,2167334,18784
1600,2343880,2346973,forward,3094,3094,8,L07-4,2,pgsA,2279174,64706,metG,2394524,47551
1601,2429888,2432980,reverse,3094,3093,9,L07-4,2,metG,2396556,33332,folE,2446309,13329
1602,2983461,2986554,forward,3094,3094,10,L07-4,2,alaS,2961713,21748,ispF,3013104,26550
1603,3025812,3028905,reverse,3094,3094,11,L07-4,2,ftsB,3014622,11190,eno,3047838,18933
1604,3581979,3585070,forward,3093,3092,12,L07-4,2,rpsL,3557122,24857,trpS,3598306,13236
1605,3625605,3628697,reverse,3094,3093,13,L07-4,2,yrfF,3614275,11330,asd,3662549,33852
1606,3807324,3810417,reverse,3094,3094,14,L07-4,2,glyQ,3799627,7697,gpsA,3851804,41387
1607,33485,36575,forward,3093,3091,0,L07-4,3,trpT,21281,12204,rho,43760,7185
1608,708521,711612,forward,3093,3092,1,L07-4,3,imp,676093,32428,ftsL,713113,1501
1609,853533,856627,forward,3095,3095,2,L07-4,3,proS,834912,18621,hemB,935314,78687
1610,1073693,1076793,reverse,1837,3101,3,L07-4,3,hemH,1035653,38040,lpxH,1084964,8171
1611,1282618,1285709,reverse,3094,3092,4,L07-4,3,fldA,1215062,67556,mukB,1319252,33543
1612,1305670,1308759,reverse,3094,3090,5,L07-4,3,fldA,1215062,90608,mukB,1319252,10493
1613,1488089,1491177,forward,3092,3089,6,L07-4,3,infA,1369130,118959,asnS,1491949,772
1614,1618557,1621646,reverse,3092,3090,7,L07-4,3,yceQ,1617765,792,fabD,1625768,4122
1615,1863541,1866632,reverse,3093,3092,8,L07-4,3,fabI,1799879,63662,tyrS,2026931,160299
1616,1964465,1967558,reverse,3096,3094,9,L07-4,3,fabI,1799879,164586,tyrS,2026931,59373
1617,2129475,2132565,forward,3094,3091,10,L07-4,3,thrS,2113526,15949,nadE,2136503,3938
1618,2158035,2161126,reverse,3093,3092,11,L07-4,3,nadE,2137329,20706,gapA,2179904,18778
1619,2356393,2359483,forward,3093,3091,12,L07-4,3,pgsA,2291717,64676,metG,2405427,45944
1620,2440776,2443869,reverse,3094,3094,13,L07-4,3,metG,2407460,33316,folE,2457193,13324
1621,2617679,2620769,forward,3092,3091,14,L07-4,3,nrdB,2558921,58758,folC,2627855,7086
1622,2669367,2672456,reverse,3092,3090,15,L07-4,3,fabB,2637784,31583,gltX,2700558,28102
1623,2983114,2986202,forward,3094,3089,16,L07-4,3,alaS,2961373,21741,ispF,3012748,26546
1624,3016580,3019671,reverse,3092,3092,17,L07-4,3,ftsB,3014265,2315,eno,3038600,18929
1625,3572608,3575700,forward,3094,3093,18,L07-4,3,rpsL,3547758,24850,trpS,3588934,13234
1626,3698344,3701433,forward,3093,3090,19,L07-4,3,ftsY,3676617,21727,glyS,3756398,54965
1627,3767078,3770169,reverse,3093,3092,20,L07-4,3,glyQ,3759387,7691,gpsA,3811544,41375
1628,33500,36591,forward,3094,3092,0,L08-1,1,trpT,21292,12208,rho,43775,7184
1629,69488,72581,reverse,3094,3094,1,L08-1,1,hemC,68117,1371,hemG,115063,42482
1630,855133,858225,forward,3094,3093,2,L08-1,1,proS,835060,20073,hemB,936924,78699
1631,1076026,1079117,reverse,3093,3092,3,L08-1,1,hemH,1037274,38752,lpxH,1087292,8175
1632,1284974,1288067,reverse,3094,3094,4,L08-1,1,fldA,1217400,67574,infA,1429887,141820
1633,1308033,1311124,reverse,3092,3092,5,L08-1,1,fldA,1217400,90633,infA,1429887,118763
1634,1859845,1862937,reverse,3094,3093,6,L08-1,1,fabI,1796162,63683,tyrS,2020193,157256
1635,2122764,2125857,forward,3095,3094,7,L08-1,1,thrS,2106806,15958,nadE,2129798,3941
1636,2151335,2154427,reverse,3093,3093,8,L08-1,1,nadE,2130624,20711,gapA,2173210,18783
1637,2349740,2352832,forward,3094,3093,9,L08-1,1,pgsA,2285040,64700,metG,2400382,47550
1638,2435744,2438834,reverse,3093,3091,10,L08-1,1,metG,2402414,33330,folE,2452162,13328
1639,2989295,2992386,forward,3093,3092,11,L08-1,1,alaS,2967547,21748,ispF,3018936,26550
1640,3035349,3038441,reverse,3094,3093,12,L08-1,1,ftsB,3020453,14896,eno,3057372,18931
1641,3591491,3594583,forward,3094,3093,13,L08-1,1,rpsL,3566633,24858,trpS,3607820,13237
1642,3813721,3816812,reverse,3093,3092,14,L08-1,1,glyQ,3806025,7696,gpsA,3858199,41387
1643,33495,36588,forward,3094,3094,0,L08-1,2,trpT,21288,12207,rho,43773,7185
1644,69489,72582,reverse,3094,3094,1,L08-1,2,hemC,68119,1370,hemG,115065,42483
1645,516717,519810,reverse,3094,3094,2,L08-1,2,rpsR,506401,10316,ppa,532561,12751
1646,856310,859402,forward,3093,3093,3,L08-1,2,proS,838211,18099,hemB,937915,78513
1647,1077013,1080106,reverse,3094,3094,4,L08-1,2,hemH,1038264,38749,lpxH,1088280,8174
1648,1285975,1289067,reverse,3094,3093,5,L08-1,2,fldA,1218402,67573,infA,1407838,118771
1649,1837821,1840914,reverse,3094,3094,6,L08-1,2,fabI,1774134,63687,tyrS,1998184,157270
1650,2100760,2103853,forward,3094,3094,7,L08-1,2,thrS,2084802,15958,nadE,2107006,3153
1651,2128544,2131636,reverse,3093,3093,8,L08-1,2,nadE,2107832,20712,gapA,2150418,18782
1652,2326959,2330052,forward,3094,3094,9,L08-1,2,pgsA,2262257,64702,metG,2359278,29226
1653,2394645,2397737,reverse,3094,3093,10,L08-1,2,metG,2361310,33335,folE,2411065,13328
1654,2948203,2951295,forward,3093,3093,11,L08-1,2,alaS,2926456,21747,ispF,2954991,3696
1655,2964555,2967646,reverse,3093,3092,12,L08-1,2,ftsB,2956509,8046,eno,2986577,18931
1656,3520713,3523805,forward,3093,3093,13,L08-1,2,rpsL,3495858,24855,trpS,3537041,13236
1657,3742953,3746045,reverse,3093,3093,14,L08-1,2,glyQ,3735255,7698,gpsA,3787430,41385
1658,33484,36574,forward,3092,3091,0,L08-1,3,trpT,21280,12204,rho,43759,7185
1659,69468,72558,reverse,3093,3091,1,L08-1,3,hemC,68098,1370,hemG,115033,42475
1660,516600,519690,reverse,3093,3091,2,L08-1,3,rpsR,506288,10312,ppa,532438,12748
1661,856015,859105,forward,3093,3091,3,L08-1,3,proS,837926,18089,hemB,937608,78503
1662,1073339,1076429,reverse,3092,3091,4,L08-1,3,hemH,1037944,35395,lpxH,1084602,8173
1663,1282261,1285351,reverse,3093,3091,5,L08-1,3,fldA,1214700,67561,infA,1404095,118744
1664,1833992,1837083,reverse,3093,3092,6,L08-1,3,fabI,1770316,63676,tyrS,1994320,157237
1665,2096880,2099970,forward,3092,3091,7,L08-1,3,thrS,2080924,15956,nadE,2103123,3153
1666,2124657,2127747,reverse,3093,3091,8,L08-1,3,nadE,2103949,20708,gapA,2146529,18782
1667,2323032,2326121,forward,3093,3090,9,L08-1,3,pgsA,2258344,64688,metG,2331970,5849
1668,2366460,2369550,reverse,3093,3091,10,L08-1,3,metG,2334002,32458,folE,2382877,13327
1669,2919922,2923012,forward,3092,3091,11,L08-1,3,alaS,2898179,21743,ispF,2926708,3696
1670,2936267,2939358,reverse,3093,3092,12,L08-1,3,ftsB,2928225,8042,eno,2958287,18929
1671,3492299,3495389,forward,3093,3091,13,L08-1,3,rpsL,3467451,24848,trpS,3508623,13234
1672,3714495,3717585,reverse,3092,3091,14,L08-1,3,glyQ,3706802,7693,gpsA,3754953,37368
1673,33500,36591,forward,3094,3092,0,L08-2,1,trpT,21292,12208,rho,43775,7184
1674,69488,72581,reverse,3094,3094,1,L08-2,1,hemC,68117,1371,hemG,115063,42482
1675,855133,858225,forward,3094,3093,2,L08-2,1,proS,835060,20073,hemB,936924,78699
1676,1076026,1079117,reverse,3093,3092,3,L08-2,1,hemH,1037274,38752,lpxH,1087292,8175
1677,1284974,1288067,reverse,3094,3094,4,L08-2,1,fldA,1217400,67574,infA,1429887,141820
1678,1308033,1311124,reverse,3092,3092,5,L08-2,1,fldA,1217400,90633,infA,1429887,118763
1679,1859845,1862937,reverse,3094,3093,6,L08-2,1,fabI,1796162,63683,tyrS,2020193,157256
1680,2122764,2125857,forward,3095,3094,7,L08-2,1,thrS,2106806,15958,nadE,2129798,3941
1681,2151335,2154427,reverse,3093,3093,8,L08-2,1,nadE,2130624,20711,gapA,2173210,18783
1682,2349740,2352832,forward,3094,3093,9,L08-2,1,pgsA,2285040,64700,metG,2400382,47550
1683,2435744,2438834,reverse,3093,3091,10,L08-2,1,metG,2402414,33330,folE,2452162,13328
1684,2989295,2992386,forward,3093,3092,11,L08-2,1,alaS,2967547,21748,ispF,3018936,26550
1685,3035349,3038441,reverse,3094,3093,12,L08-2,1,ftsB,3020453,14896,eno,3057372,18931
1686,3591491,3594583,forward,3094,3093,13,L08-2,1,rpsL,3566633,24858,trpS,3607820,13237
1687,3813721,3816812,reverse,3093,3092,14,L08-2,1,glyQ,3806025,7696,gpsA,3858199,41387
1688,33496,36587,forward,3093,3092,0,L08-2,2,trpT,21287,12209,rho,43773,7186
1689,69492,72584,reverse,3093,3093,1,L08-2,2,hemC,68121,1371,hemG,115066,42482
1690,855173,858266,forward,3094,3094,2,L08-2,2,proS,835099,20074,hemB,936968,78702
1691,1076073,1079166,reverse,3094,3094,3,L08-2,2,hemH,1037324,38749,lpxH,1087340,8174
1692,1285028,1288120,reverse,3093,3093,4,L08-2,2,fldA,1217458,67570,infA,1427893,139773
1693,1306025,1309122,reverse,3098,3098,5,L08-2,2,fldA,1217458,88567,infA,1427893,118771
1694,1857873,1860966,reverse,3095,3094,6,L08-2,2,fabI,1794186,63687,tyrS,2018228,157262
1695,2120801,2123893,forward,3094,3093,7,L08-2,2,thrS,2104845,15956,nadE,2127833,3940
1696,2149372,2152465,reverse,3094,3094,8,L08-2,2,nadE,2128659,20713,gapA,2171249,18784
1697,2347793,2350882,forward,3093,3090,9,L08-2,2,pgsA,2283088,64705,metG,2352676,1794
1698,2387177,2390269,reverse,3094,3093,10,L08-2,2,metG,2354708,32469,folE,2403597,13328
1699,2940740,2943831,forward,3093,3092,11,L08-2,2,alaS,2918992,21748,ispF,2970382,26551
1700,2986795,2989888,reverse,3094,3094,12,L08-2,2,ftsB,2971899,14896,eno,3008820,18932
1701,3542953,3546046,forward,3094,3094,13,L08-2,2,rpsL,3518097,24856,trpS,3559281,13235
1702,3765191,3768283,reverse,3093,3093,14,L08-2,2,glyQ,3757495,7696,gpsA,3809669,41386
1703,33487,36578,forward,3093,3092,0,L08-2,3,trpT,21282,12205,rho,43763,7185
1704,69479,72570,reverse,3093,3092,1,L08-2,3,hemC,68108,1371,hemG,115048,42478
1705,855055,858145,forward,3093,3091,2,L08-2,3,proS,834987,20068,hemB,939941,81796
1706,900639,903730,forward,3093,3092,3,L08-2,3,proS,834987,65652,hemB,939941,36211
1707,1079033,1082123,reverse,3092,3091,4,L08-2,3,hemH,1040288,38745,lpxH,1089848,7725
1708,1100450,1103541,reverse,3093,3092,5,L08-2,3,folD,1094369,6081,argU,1104452,911
1709,1227989,1231078,reverse,3093,3090,6,L08-2,3,fldA,1223046,4943,infA,1457525,226447
1710,1293705,1296795,reverse,3092,3091,7,L08-2,3,fldA,1223046,70659,infA,1457525,160730
1711,1314699,1317790,reverse,3094,3092,8,L08-2,3,fldA,1223046,91653,infA,1457525,139735
1712,1335695,1338786,reverse,3093,3092,9,L08-2,3,fldA,1223046,112649,infA,1457525,118739
1713,1887441,1890531,reverse,3092,3091,10,L08-2,3,fabI,1823766,63675,tyrS,2047778,157247
1714,2052458,2055550,forward,3093,3093,11,L08-2,3,tyrS,2049051,3407,ribC,2077527,21977
1715,2153435,2156523,forward,3093,3089,12,L08-2,3,thrS,2137482,15953,nadE,2159651,3128
1716,2181184,2184275,reverse,3093,3092,13,L08-2,3,nadE,2160477,20707,gapA,2203052,18777
1717,2379558,2382650,forward,3094,3093,14,L08-2,3,pgsA,2314871,64687,metG,2384444,1794
1718,2418940,2422031,reverse,3093,3092,15,L08-2,3,metG,2386476,32464,folE,2435359,13328
1719,2953496,2956588,forward,3093,3093,16,L08-2,3,alaS,2950679,2817,ispF,2981800,25212
1720,2975525,2978616,forward,3092,3092,17,L08-2,3,alaS,2950679,24846,ispF,2981800,3184
1721,2994029,2997120,reverse,3093,3092,18,L08-2,3,ftsB,2983317,10712,eno,3016049,18929
1722,3080991,3084080,forward,3093,3090,19,L08-2,3,lgt,3075433,5558,prfB,3146890,62810
1723,3107647,3110738,forward,3093,3092,20,L08-2,3,lgt,3075433,32214,prfB,3146890,36152
1724,3495259,3498351,forward,3094,3093,21,L08-2,3,accC,3480092,15167,yrdC,3506767,8416
1725,3559397,3562489,forward,3093,3093,22,L08-2,3,rpsL,3534545,24852,trpS,3575723,13234
1726,3781614,3784705,reverse,3093,3092,23,L08-2,3,glyQ,3773921,7693,gpsA,3826084,41379
1727,33500,36591,forward,3094,3092,0,L08-3,1,trpT,21292,12208,rho,43775,7184
1728,69488,72581,reverse,3094,3094,1,L08-3,1,hemC,68117,1371,hemG,115063,42482
1729,855133,858225,forward,3094,3093,2,L08-3,1,proS,835060,20073,hemB,936924,78699
1730,1076026,1079117,reverse,3093,3092,3,L08-3,1,hemH,1037274,38752,lpxH,1087292,8175
1731,1284974,1288067,reverse,3094,3094,4,L08-3,1,fldA,1217400,67574,infA,1429887,141820
1732,1308033,1311124,reverse,3092,3092,5,L08-3,1,fldA,1217400,90633,infA,1429887,118763
1733,1859845,1862937,reverse,3094,3093,6,L08-3,1,fabI,1796162,63683,tyrS,2020193,157256
1734,2122764,2125857,forward,3095,3094,7,L08-3,1,thrS,2106806,15958,nadE,2129798,3941
1735,2151335,2154427,reverse,3093,3093,8,L08-3,1,nadE,2130624,20711,gapA,2173210,18783
1736,2349740,2352832,forward,3094,3093,9,L08-3,1,pgsA,2285040,64700,metG,2400382,47550
1737,2435744,2438834,reverse,3093,3091,10,L08-3,1,metG,2402414,33330,folE,2452162,13328
1738,2989295,2992386,forward,3093,3092,11,L08-3,1,alaS,2967547,21748,ispF,3018936,26550
1739,3035349,3038441,reverse,3094,3093,12,L08-3,1,ftsB,3020453,14896,eno,3057372,18931
1740,3591491,3594583,forward,3094,3093,13,L08-3,1,rpsL,3566633,24858,trpS,3607820,13237
1741,3813721,3816812,reverse,3093,3092,14,L08-3,1,glyQ,3806025,7696,gpsA,3858199,41387
1742,33496,36589,forward,3094,3094,0,L08-3,2,trpT,21287,12209,rho,43775,7186
1743,69495,72586,reverse,3093,3092,1,L08-3,2,hemC,68124,1371,hemG,115068,42482
1744,855175,858267,forward,3093,3093,2,L08-3,2,proS,835103,20072,hemB,936971,78704
1745,1076074,1079166,reverse,3093,3093,3,L08-3,2,hemH,1037324,38750,lpxH,1087340,8174
1746,1285034,1288126,reverse,3093,3093,4,L08-3,2,fldA,1217460,67574,infA,1429954,141828
1747,1308090,1311182,reverse,3093,3093,5,L08-3,2,fldA,1217460,90630,infA,1429954,118772
1748,1859937,1863029,reverse,3094,3093,6,L08-3,2,fabI,1796249,63688,tyrS,2020296,157267
1749,2122874,2125966,forward,3093,3093,7,L08-3,2,thrS,2106916,15958,nadE,2128930,2964
1750,2150468,2153560,reverse,3093,3093,8,L08-3,2,nadE,2129756,20712,gapA,2172343,18783
1751,2348884,2351976,forward,3093,3093,9,L08-3,2,pgsA,2284181,64703,metG,2372190,20214
1752,2407556,2410649,reverse,3094,3094,10,L08-3,2,metG,2374222,33334,dapE,3034120,623471
1753,2697611,2700703,reverse,3093,3093,11,L08-3,2,metG,2374222,323389,dapE,3034120,333417
1754,3251172,3254264,forward,3094,3093,12,L08-3,2,alaS,3229424,21748,ispF,3254640,376
1755,3271055,3274147,reverse,3093,3093,13,L08-3,2,ftsB,3256158,14897,eno,3293080,18933
1756,3827227,3830319,forward,3093,3093,14,L08-3,2,rpsL,3802371,24856,trpS,3843555,13236
1757,4049467,4052559,reverse,3093,3093,15,L08-3,2,glyQ,4041771,7696,gpsA,4093944,41385
1758,33492,36583,forward,3093,3092,0,L08-3,3,trpT,21285,12207,rho,43770,7187
1759,69489,72579,reverse,3093,3091,1,L08-3,3,hemC,68118,1371,hemG,115058,42479
1760,855112,858204,forward,3093,3093,2,L08-3,3,proS,835037,20075,hemB,936905,78701
1761,1075999,1079089,reverse,3093,3091,3,L08-3,3,hemH,1037252,38747,lpxH,1087263,8174
1762,1284944,1288036,reverse,3093,3093,4,L08-3,3,fldA,1217374,67570,infA,1429944,141908
1763,1308007,1311110,reverse,3105,3104,5,L08-3,3,fldA,1217374,90633,infA,1429944,118834
1764,1782621,1785710,forward,3093,3090,6,L08-3,3,topA,1778828,3793,ribA,1786852,1142
1765,1862995,1866079,reverse,3094,3085,7,L08-3,3,fabI,1799315,63680,tyrS,2023378,157299
1766,2125941,2129034,forward,3094,3094,8,L08-3,3,thrS,2109988,15953,nadE,2131999,2965
1767,2153516,2156603,reverse,3097,3088,9,L08-3,3,nadE,2132825,20691,gapA,2175382,18779
1768,2342729,2345820,forward,3093,3092,10,L08-3,3,pgsA,2287213,55516,metG,2366024,20204
1769,2401379,2404471,reverse,3094,3093,11,L08-3,3,metG,2368056,33323,dapE,3028503,624032
1770,2691711,2694803,reverse,3094,3093,12,L08-3,3,metG,2368056,323655,dapE,3028503,333700
1771,3245546,3248637,forward,3093,3092,13,L08-3,3,alaS,3223798,21748,ispF,3249013,376
1772,3265427,3268519,reverse,3094,3093,14,L08-3,3,ftsB,3250530,14897,eno,3287452,18933
1773,3821538,3824629,forward,3093,3092,15,L08-3,3,rpsL,3796685,24853,trpS,3837864,13235
1774,4043756,4046847,reverse,3094,3092,16,L08-3,3,glyQ,4036061,7695,gpsA,4088229,41382
1775,33500,36591,forward,3094,3092,0,L08-4,1,trpT,21292,12208,rho,43775,7184
1776,69488,72581,reverse,3094,3094,1,L08-4,1,hemC,68117,1371,hemG,115063,42482
1777,855133,858225,forward,3094,3093,2,L08-4,1,proS,835060,20073,hemB,936924,78699
1778,1076026,1079117,reverse,3093,3092,3,L08-4,1,hemH,1037274,38752,lpxH,1087292,8175
1779,1284974,1288067,reverse,3094,3094,4,L08-4,1,fldA,1217400,67574,infA,1429887,141820
1780,1308033,1311124,reverse,3092,3092,5,L08-4,1,fldA,1217400,90633,infA,1429887,118763
1781,1859845,1862937,reverse,3094,3093,6,L08-4,1,fabI,1796162,63683,tyrS,2020193,157256
1782,2122764,2125857,forward,3095,3094,7,L08-4,1,thrS,2106806,15958,nadE,2129798,3941
1783,2151335,2154427,reverse,3093,3093,8,L08-4,1,nadE,2130624,20711,gapA,2173210,18783
1784,2349740,2352832,forward,3094,3093,9,L08-4,1,pgsA,2285040,64700,metG,2400382,47550
1785,2435744,2438834,reverse,3093,3091,10,L08-4,1,metG,2402414,33330,folE,2452162,13328
1786,2989295,2992386,forward,3093,3092,11,L08-4,1,alaS,2967547,21748,ispF,3018936,26550
1787,3035349,3038441,reverse,3094,3093,12,L08-4,1,ftsB,3020453,14896,eno,3057372,18931
1788,3591491,3594583,forward,3094,3093,13,L08-4,1,rpsL,3566633,24858,trpS,3607820,13237
1789,3813721,3816812,reverse,3093,3092,14,L08-4,1,glyQ,3806025,7696,gpsA,3858199,41387
1790,33496,36589,forward,3094,3094,0,L08-4,2,trpT,21288,12208,rho,43776,7187
1791,69494,72586,reverse,3093,3093,1,L08-4,2,hemC,68123,1371,hemG,115068,42482
1792,852879,855971,forward,3093,3093,2,L08-4,2,proS,835096,17783,hemB,934676,78705
1793,1073780,1076872,reverse,3094,3093,3,L08-4,2,hemH,1035031,38749,lpxH,1085046,8174
1794,1282736,1285829,reverse,3094,3094,4,L08-4,2,fldA,1215165,67571,infA,1427654,141825
1795,1305793,1308886,reverse,3094,3094,5,L08-4,2,fldA,1215165,90628,infA,1427654,118768
1796,1857637,1860729,reverse,3093,3093,6,L08-4,2,fabI,1793951,63686,tyrS,2017995,157266
1797,2119940,2123032,forward,3094,3093,7,L08-4,2,thrS,2104613,15327,nadE,2126971,3939
1798,2148508,2151599,reverse,3093,3092,8,L08-4,2,nadE,2127797,20711,gapA,2170382,18783
1799,2346920,2350011,forward,3093,3092,9,L08-4,2,pgsA,2282220,64700,metG,2397563,47552
1800,2432928,2436021,reverse,3094,3094,10,L08-4,2,metG,2399595,33333,folE,2449349,13328
1801,2986480,2989571,forward,3093,3092,11,L08-4,2,alaS,2964735,21745,ispF,3016121,26550
1802,3028829,3031922,reverse,3094,3094,12,L08-4,2,ftsB,3017639,11190,eno,3050854,18932
1803,3584990,3588082,forward,3093,3093,13,L08-4,2,rpsL,3560133,24857,trpS,3601318,13236
1804,3628616,3631709,reverse,3094,3094,14,L08-4,2,yrfF,3617286,11330,asd,3665561,33852
1805,3810332,3813424,reverse,3093,3093,15,L08-4,2,glyQ,3802636,7696,gpsA,3854810,41386
1806,33488,36580,forward,3094,3093,0,L08-4,3,trpT,21283,12205,rho,43766,7186
1807,515217,518309,forward,3093,3093,1,L08-4,3,rpsR,503247,11970,ppa,529405,11096
1808,852784,855875,forward,3093,3092,2,L08-4,3,proS,835005,17779,hemB,934572,78697
1809,1073666,1076757,reverse,3093,3092,3,L08-4,3,hemH,1034918,38748,lpxH,1084929,8172
1810,1282608,1285699,reverse,3093,3092,4,L08-4,3,fldA,1215038,67570,infA,1427516,141817
1811,1305663,1308755,reverse,3094,3093,5,L08-4,3,fldA,1215038,90625,infA,1427516,118761
1812,1857465,1860557,reverse,3094,3093,6,L08-4,3,fabI,1793784,63681,tyrS,2017813,157256
1813,2119754,2122844,forward,3092,3091,7,L08-4,3,thrS,2104428,15326,nadE,2126783,3939
1814,2148319,2151411,reverse,3094,3093,8,L08-4,3,nadE,2127609,20710,gapA,2170194,18783
1815,2320369,2323461,reverse,3093,3093,9,L08-4,3,pgsA,2282029,38340,metG,2400468,77007
1816,2349827,2352919,forward,3093,3093,10,L08-4,3,pgsA,2282029,67798,metG,2400468,47549
1817,2435831,2438924,reverse,3094,3094,11,L08-4,3,metG,2402500,33331,folE,2452251,13327
1818,2989350,2992442,forward,3094,3093,12,L08-4,3,alaS,2967606,21744,ispF,3018992,26550
1819,3031698,3034790,reverse,3094,3093,13,L08-4,3,ftsB,3020509,11189,eno,3053722,18932
1820,3587795,3590887,forward,3093,3093,14,L08-4,3,rpsL,3562944,24851,trpS,3593759,2872
1821,3621055,3624147,reverse,3093,3093,15,L08-4,3,yrfF,3609727,11328,asd,3657998,33851
1822,3802751,3805842,reverse,3093,3092,16,L08-4,3,glyQ,3795057,7694,gpsA,3847224,41382
1823,390609,394697,forward,3093,4089,0,L09-1,1,ssb,348887,41722,groS,448895,54198
1824,767515,770608,forward,3094,3094,1,L09-1,1,can,762660,4855,folK,780346,9738
1825,1084771,1087863,reverse,3093,3093,2,L09-1,1,cysS,1084748,23,folD,1088712,849
1826,1282739,1285830,reverse,3093,3092,3,L09-1,1,fldA,1215172,67567,infA,1424548,138718
1827,1697666,1701755,reverse,3094,4090,4,L09-1,1,trmU,1660710,36956,pth,1703018,1263
1828,1752850,1756937,reverse,3093,4088,5,L09-1,1,kdsA,1714105,38745,topA,1779032,22095
1829,2260373,2264462,forward,3094,4090,6,L09-1,1,yeaZ,2215124,45249,aspS,2276245,11783
1830,2325239,2328332,reverse,3094,3094,7,L09-1,1,pgsA,2303542,21697,metG,2418886,90554
1831,3152730,3155822,reverse,3094,3093,8,L09-1,1,lgt,3125842,26888,prfB,3193333,37511
1832,3498519,3501611,reverse,3093,3093,9,L09-1,1,rplM,3497964,555,degS,3504614,3003
1833,3576243,3580332,forward,3094,4090,10,L09-1,1,rpsJ,3575679,564,fusA,3581983,1651
1834,3735697,3738788,reverse,3093,3092,11,L09-1,1,ftsY,3710915,24782,glyS,3794664,55876
1835,42335,46424,forward,3094,4090,0,L09-1,2,rho,41930,405,argX,60730,14306
1836,394735,398823,forward,3093,4089,1,L09-1,2,ssb,353011,41724,groS,453027,54204
1837,771655,774747,forward,3093,3093,2,L09-1,2,can,766799,4856,folK,784485,9738
1838,1088919,1092012,reverse,3094,3094,3,L09-1,2,cysS,1088896,23,folD,1092860,848
1839,1286892,1289985,reverse,3094,3094,4,L09-1,2,fldA,1219318,67574,infA,1428706,138721
1840,1701846,1705935,reverse,3094,4090,5,L09-1,2,trmU,1664890,36956,pth,1707198,1263
1841,1757027,1761114,reverse,3093,4088,6,L09-1,2,kdsA,1718287,38740,topA,1783213,22099
1842,2264578,2268666,forward,3093,4089,7,L09-1,2,yeaZ,2219325,45253,aspS,2280452,11786
1843,2312276,2315368,reverse,3093,3093,8,L09-1,2,pgsA,2307755,4521,metG,2426203,110835
1844,2332555,2335647,reverse,3094,3093,9,L09-1,2,pgsA,2307755,24800,metG,2426203,90556
1845,3160067,3163158,reverse,3094,3092,10,L09-1,2,lgt,3133179,26888,prfB,3200675,37517
1846,3505871,3508963,reverse,3093,3093,11,L09-1,2,rplM,3505316,555,degS,3511968,3005
1847,3583602,3587690,forward,3093,4089,12,L09-1,2,rpsJ,3583038,564,fusA,3589341,1651
1848,3743054,3746147,reverse,3094,3094,13,L09-1,2,ftsY,3718274,24780,glyS,3802023,55876
1849,3972127,3976214,forward,3093,4088,14,L09-1,2,yidC,3958077,14050,glmS,3981964,5750
1850,42329,46416,forward,3094,4088,0,L09-1,3,rho,41924,405,argX,60721,14305
1851,394487,398574,forward,3094,4088,1,L09-1,3,ssb,352970,41517,groS,452769,54195
1852,771375,774467,forward,3093,3093,2,L09-1,3,can,766519,4856,folK,784206,9739
1853,1088619,1091711,reverse,3093,3093,3,L09-1,3,cysS,1088596,23,folD,1092559,848
1854,1286587,1289678,reverse,3092,3092,4,L09-1,3,fldA,1219013,67574,infA,1428392,138714
1855,1691592,1695680,reverse,3094,4089,5,L09-1,3,trmU,1664545,27047,pth,1696943,1263
1856,1746773,1750859,reverse,3092,4087,6,L09-1,3,kdsA,1708032,38741,topA,1772954,22095
1857,2254292,2258380,forward,3093,4089,7,L09-1,3,yeaZ,2209040,45252,aspS,2270167,11787
1858,2301987,2305080,reverse,3094,3094,8,L09-1,3,pgsA,2297466,4521,metG,2415908,110828
1859,2322264,2325354,reverse,3093,3091,9,L09-1,3,pgsA,2297466,24798,metG,2415908,90554
1860,2470322,2474409,forward,3093,4088,10,L09-1,3,folE,2465255,5067,yejM,2510077,35668
1861,2966910,2970998,reverse,3094,4089,11,L09-1,3,uppS,2948721,18189,serV,2984212,13214
1862,3157547,3160639,reverse,3094,3093,12,L09-1,3,lgt,3130669,26878,prfB,3198152,37513
1863,3503331,3506424,reverse,3094,3094,13,L09-1,3,rplM,3502776,555,degS,3509428,3004
1864,3581058,3585145,forward,3093,4088,14,L09-1,3,rpsJ,3580494,564,fusA,3586448,1303
1865,3740153,3743245,reverse,3094,3093,15,L09-1,3,ftsY,3715374,24779,glyS,3799119,55874
1866,3956941,3961030,forward,3094,4090,16,L09-1,3,yidC,3955168,1773,glmS,3966156,5126
1867,390609,394697,forward,3093,4089,0,L09-2,1,ssb,348887,41722,groS,448895,54198
1868,767515,770608,forward,3094,3094,1,L09-2,1,can,762660,4855,folK,780346,9738
1869,1084771,1087863,reverse,3093,3093,2,L09-2,1,cysS,1084748,23,folD,1088712,849
1870,1282739,1285830,reverse,3093,3092,3,L09-2,1,fldA,1215172,67567,infA,1424548,138718
1871,1697666,1701755,reverse,3094,4090,4,L09-2,1,trmU,1660710,36956,pth,1703018,1263
1872,2256276,2260365,forward,3094,4090,5,L09-2,1,yeaZ,2211027,45249,aspS,2272148,11783
1873,2321142,2324235,reverse,3094,3094,6,L09-2,1,pgsA,2299445,21697,metG,2414789,90554
1874,3148633,3151725,reverse,3094,3093,7,L09-2,1,lgt,3121745,26888,prfB,3189236,37511
1875,3494422,3497514,reverse,3093,3093,8,L09-2,1,rplM,3493867,555,degS,3500517,3003
1876,3572146,3576235,forward,3094,4090,9,L09-2,1,rpsJ,3571582,564,fusA,3577886,1651
1877,3731600,3734691,reverse,3093,3092,10,L09-2,1,ftsY,3706818,24782,glyS,3790567,55876
1878,763453,766546,forward,3094,3094,0,L09-2,2,can,758597,4856,folK,776284,9738
1879,1080725,1083818,reverse,3094,3094,1,L09-2,2,cysS,1080702,23,folD,1084667,849
1880,1278707,1281800,reverse,3094,3094,2,L09-2,2,fldA,1211133,67574,infA,1423626,141826
1881,1409268,1412361,reverse,3094,3094,3,L09-2,2,fldA,1211133,198135,infA,1423626,11265
1882,1685089,1689178,reverse,3094,4090,4,L09-2,2,trmU,1659803,25286,pth,1690441,1263
1883,2243391,2247479,forward,3093,4089,5,L09-2,2,yeaZ,2198474,44917,aspS,2259266,11787
1884,2308265,2311358,reverse,3094,3094,6,L09-2,2,pgsA,2286567,21698,metG,2401912,90554
1885,3135783,3138876,reverse,3094,3094,7,L09-2,2,lgt,3108896,26887,prfB,3176392,37516
1886,3481600,3484693,reverse,3094,3094,8,L09-2,2,rplM,3481045,555,degS,3487697,3004
1887,3559327,3563415,forward,3094,4089,9,L09-2,2,rpsJ,3558763,564,fusA,3565066,1651
1888,3718777,3721869,reverse,3093,3093,10,L09-2,2,ftsY,3693997,24780,spoT,3742694,20825
1889,3890310,3893401,forward,3093,3092,11,L09-2,2,glyS,3832364,57946,gyrB,3910757,17356
1890,763447,766538,forward,3093,3092,0,L09-2,3,can,758591,4856,folK,776274,9736
1891,1067873,1070966,reverse,3094,3094,1,L09-2,3,hemH,1030991,36882,lpxH,1081007,10041
1892,1083807,1086899,reverse,3093,3093,2,L09-2,3,cysS,1083784,23,folD,1087748,849
1893,1281785,1284878,reverse,3094,3094,3,L09-2,3,fldA,1214211,67574,infA,1423604,138726
1894,1632697,1636785,forward,3093,4089,4,L09-2,3,holB,1622774,9923,trmU,1663176,26391
1895,1689164,1693252,reverse,3093,4089,5,L09-2,3,lolC,1679218,9946,pth,1694515,1263
1896,2227068,2231157,forward,3094,4090,6,L09-2,3,yeaZ,2202569,24499,aspS,2242944,11787
1897,2291942,2295035,reverse,3094,3094,7,L09-2,3,pgsA,2270245,21697,metG,2385594,90559
1898,3119464,3122557,reverse,3094,3094,8,L09-2,3,lgt,3092575,26889,prfB,3160071,37514
1899,3465283,3468376,reverse,3094,3094,9,L09-2,3,rplM,3464728,555,degS,3471380,3004
1900,3542809,3546898,forward,3094,4090,10,L09-2,3,rpsJ,3542448,361,fusA,3548271,1373
1901,3701985,3705077,reverse,3093,3093,11,L09-2,3,ftsY,3677204,24781,spoT,3725902,20825
1902,3873512,3876604,forward,3093,3093,12,L09-2,3,glyS,3815565,57947,gyrB,3893960,17356
1903,390609,394697,forward,3093,4089,0,L09-3,1,ssb,348887,41722,groS,448895,54198
1904,767515,770608,forward,3094,3094,1,L09-3,1,can,762660,4855,folK,780346,9738
1905,1084771,1087863,reverse,3093,3093,2,L09-3,1,cysS,1084748,23,folD,1088712,849
1906,1282739,1285830,reverse,3093,3092,3,L09-3,1,fldA,1215172,67567,infA,1424548,138718
1907,1697666,1701755,reverse,3094,4090,4,L09-3,1,trmU,1660710,36956,pth,1703018,1263
1908,1752850,1756937,reverse,3093,4088,5,L09-3,1,kdsA,1714105,38745,topA,1779032,22095
1909,2260373,2264462,forward,3094,4090,6,L09-3,1,yeaZ,2215124,45249,aspS,2276245,11783
1910,2325239,2328332,reverse,3094,3094,7,L09-3,1,pgsA,2303542,21697,metG,2418886,90554
1911,3152730,3155822,reverse,3094,3093,8,L09-3,1,lgt,3125842,26888,prfB,3193333,37511
1912,3498519,3501611,reverse,3093,3093,9,L09-3,1,rplM,3497964,555,degS,3504614,3003
1913,3576243,3580332,forward,3094,4090,10,L09-3,1,rpsJ,3575679,564,fusA,3581983,1651
1914,3735697,3738788,reverse,3093,3092,11,L09-3,1,ftsY,3710915,24782,glyS,3794664,55876
1915,157042,161131,forward,3094,4090,0,L09-3,2,yihA,124978,32064,ftsN,200728,39597
1916,375031,379120,reverse,3094,4090,1,L09-3,2,ssb,352996,22035,groS,457102,77982
1917,398819,402908,forward,3094,4090,2,L09-3,2,ssb,352996,45823,groS,457102,54194
1918,775726,778817,forward,3093,3092,3,L09-3,2,can,770870,4856,folK,788555,9738
1919,1092986,1096077,reverse,3094,3092,4,L09-3,2,cysS,1092963,23,folD,1096926,849
1920,1290954,1294046,reverse,3094,3093,5,L09-3,2,fldA,1223383,67571,infA,1432766,138720
1921,1643936,1648021,reverse,3093,4086,6,L09-3,2,holB,1631931,12005,lolC,1654687,6666
1922,1700190,1704278,reverse,3094,4089,7,L09-3,2,trmU,1673032,27158,pth,1705541,1263
1923,1755390,1759478,forward,3093,4089,8,L09-3,2,kdsA,1716636,38754,topA,1781559,22081
1924,1925549,1928642,forward,3094,3094,9,L09-3,2,fabI,1801544,124005,tyrS,2046898,118256
1925,2183815,2187904,reverse,3094,4090,10,L09-3,2,nadE,2154230,29585,gapA,2196119,8215
1926,2268432,2272519,forward,3093,4088,11,L09-3,2,yeaZ,2223180,45252,aspS,2284306,11787
1927,2333303,2336396,reverse,3094,3094,12,L09-3,2,pgsA,2311607,21696,metG,2426949,90553
1928,3160816,3163908,reverse,3093,3093,13,L09-3,2,lgt,3133928,26888,prfB,3201424,37516
1929,3506626,3509719,reverse,3094,3094,14,L09-3,2,rplM,3506071,555,degS,3512722,3003
1930,3584355,3588443,forward,3094,4089,15,L09-3,2,rpsJ,3583790,565,fusA,3589865,1422
1931,3743569,3746662,reverse,3094,3094,16,L09-3,2,ftsY,3718790,24779,glyS,3802538,55876
1932,157047,161136,forward,3094,4090,0,L09-3,3,yihA,124982,32065,ftsN,200590,39454
1933,394595,398686,forward,3094,4092,1,L09-3,3,ssb,352871,41724,groS,452886,54200
1934,771526,774619,forward,3094,3094,2,L09-3,3,can,766670,4856,folK,784357,9738
1935,1088802,1091895,reverse,3094,3094,3,L09-3,3,cysS,1088779,23,folD,1092744,849
1936,1286783,1289875,reverse,3093,3093,4,L09-3,3,fldA,1219208,67575,infA,1428602,138727
1937,1591587,1595676,reverse,3094,4090,5,L09-3,3,serT,1534087,57500,mviN,1614546,18870
1938,1643887,1647976,reverse,3094,4090,6,L09-3,3,holB,1631881,12006,lolC,1654642,6666
1939,1700150,1704239,reverse,3094,4090,7,L09-3,3,trmU,1672987,27163,pth,1705502,1263
1940,1755514,1759603,reverse,3094,4090,8,L09-3,3,kdsA,1716591,38923,topA,1780982,21379
1941,1896116,1900205,reverse,3094,4090,9,L09-3,3,fabI,1800971,95145,tyrS,2044170,143965
1942,1928391,1931484,forward,3094,3094,10,L09-3,3,fabI,1800971,127420,tyrS,2044170,112686
1943,2181094,2185183,reverse,3094,4090,11,L09-3,3,nadE,2151506,29588,gapA,2193399,8216
1944,2200346,2204435,forward,3094,4090,12,L09-3,3,gapA,2194393,5953,yeaZ,2223861,19426
1945,2269808,2273897,forward,3094,4090,13,L09-3,3,yeaZ,2224555,45253,aspS,2285684,11787
1946,2334688,2337781,reverse,3094,3094,14,L09-3,3,pgsA,2312986,21702,metG,2428337,90556
1947,2640977,2645066,forward,3094,4090,15,L09-3,3,nrdB,2578657,62320,folC,2665917,20851
1948,3073192,3077281,reverse,3094,4090,16,L09-3,3,ftsB,3046203,26989,eno,3083450,6169
1949,3169731,3172825,reverse,3095,3095,17,L09-3,3,lgt,3142843,26888,prfB,3210342,37517
1950,3326544,3330632,reverse,3093,4089,18,L09-3,3,parE,3324143,2401,ribB,3336659,6027
1951,3519655,3522748,reverse,3094,3094,19,L09-3,3,rplM,3519100,555,degS,3525752,3004
1952,3597385,3601473,forward,3093,4089,20,L09-3,3,rpsJ,3596821,564,fusA,3602895,1422
1953,3756608,3759700,reverse,3093,3093,21,L09-3,3,ftsY,3731828,24780,glyS,3815579,55879
1954,390609,394697,forward,3093,4089,0,L09-4,1,ssb,348887,41722,groS,448895,54198
1955,767515,770608,forward,3094,3094,1,L09-4,1,can,762660,4855,folK,780346,9738
1956,1084771,1087863,reverse,3093,3093,2,L09-4,1,cysS,1084748,23,folD,1088712,849
1957,1282739,1285830,reverse,3093,3092,3,L09-4,1,fldA,1215172,67567,infA,1424548,138718
1958,1697666,1701755,reverse,3094,4090,4,L09-4,1,trmU,1660710,36956,pth,1703018,1263
1959,2256276,2260365,forward,3094,4090,5,L09-4,1,yeaZ,2211027,45249,aspS,2272148,11783
1960,2321142,2324235,reverse,3094,3094,6,L09-4,1,pgsA,2299445,21697,metG,2414789,90554
1961,3148633,3151725,reverse,3094,3093,7,L09-4,1,lgt,3121745,26888,prfB,3189236,37511
1962,3494422,3497514,reverse,3093,3093,8,L09-4,1,rplM,3493867,555,degS,3500517,3003
1963,3572146,3576235,forward,3094,4090,9,L09-4,1,rpsJ,3571582,564,fusA,3577886,1651
1964,3731600,3734691,reverse,3093,3092,10,L09-4,1,ftsY,3706818,24782,glyS,3790567,55876
1965,152797,156885,reverse,3093,4089,0,L09-4,2,yihA,124979,27818,ftsN,192240,35355
1966,386240,390327,forward,3092,4088,1,L09-4,2,ssb,344518,41722,groS,444528,54201
1967,763154,766246,forward,3093,3093,2,L09-4,2,can,758298,4856,folK,775982,9736
1968,1080421,1083513,reverse,3093,3093,3,L09-4,2,cysS,1080398,23,folD,1084361,848
1969,1278391,1281482,reverse,3093,3092,4,L09-4,2,fldA,1210818,67573,infA,1420195,138713
1970,1693327,1697416,reverse,3094,4090,5,L09-4,2,trmU,1656375,36952,pth,1698679,1263
1971,2251671,2255760,forward,3094,4090,6,L09-4,2,yeaZ,2206707,44964,aspS,2267550,11790
1972,2316550,2319641,reverse,3093,3092,7,L09-4,2,pgsA,2294851,21699,metG,2410192,90551
1973,3144052,3147145,reverse,3094,3094,8,L09-4,2,lgt,3117167,26885,prfB,3184664,37519
1974,3489864,3492956,reverse,3094,3093,9,L09-4,2,rplM,3489310,554,degS,3495960,3004
1975,3567586,3571675,forward,3094,4090,10,L09-4,2,rpsJ,3567023,563,fusA,3573326,1651
1976,3727034,3730127,reverse,3094,3094,11,L09-4,2,ftsY,3702253,24781,glyS,3786004,55877
1977,3848755,3852841,forward,3093,4087,12,L09-4,2,gpsA,3839082,9673,kdtA,3867964,15123
1978,152802,156891,reverse,3094,4090,0,L09-4,3,yihA,124980,27822,ftsN,192377,35486
1979,386379,390468,forward,3094,4090,1,L09-4,3,ssb,344655,41724,groS,444670,54202
1980,763305,766398,forward,3094,3094,2,L09-4,3,can,758449,4856,folK,776136,9738
1981,1080571,1083663,reverse,3093,3093,3,L09-4,3,cysS,1080548,23,folD,1084511,848
1982,1278549,1281641,reverse,3093,3093,4,L09-4,3,fldA,1210974,67575,infA,1420365,138724
1983,1693502,1697591,reverse,3094,4090,5,L09-4,3,trmU,1656543,36959,pth,1698854,1263
1984,2065439,2068532,reverse,3094,3094,6,L09-4,3,ribC,2060310,5129,pheT,2115727,47195
1985,2254966,2259054,forward,3093,4089,7,L09-4,3,yeaZ,2209998,44968,aspS,2270841,11787
1986,2319840,2322932,reverse,3093,3093,8,L09-4,3,pgsA,2298142,21698,metG,2413488,90556
1987,3147354,3150446,reverse,3093,3093,9,L09-4,3,lgt,3120467,26887,prfB,3187965,37519
1988,3493175,3496267,reverse,3094,3093,10,L09-4,3,rplM,3492620,555,degS,3499271,3004
1989,3570903,3574992,forward,3094,4090,11,L09-4,3,rpsJ,3570339,564,fusA,3576643,1651
1990,3730356,3733449,reverse,3094,3094,12,L09-4,3,ftsY,3705576,24780,glyS,3789328,55879
1991,120542,123634,reverse,3094,3093,0,L10-1,1,hemG,109401,11141,polA,124316,682
1992,1275656,1278748,reverse,3094,3093,1,L10-1,1,fldA,1208087,67569,infA,1417468,138720
1993,1917251,1920344,forward,3094,3094,2,L10-1,1,fabI,1783757,133494,tyrS,2029655,109311
1994,2023477,2026569,reverse,3093,3093,3,L10-1,1,fabI,1783757,239720,tyrS,2029655,3086
1995,2087030,2090122,forward,3093,3093,4,L10-1,1,ribC,2056945,30085,pheT,2111863,21741
1996,2525470,2528561,reverse,3093,3092,5,L10-1,1,yejM,2494970,30500,gyrA,2544945,16384
1997,2764370,2767464,forward,3095,3095,6,L10-1,1,zipA,2721424,42946,dapE,2778109,10645
1998,3579150,3582243,forward,3094,3094,7,L10-1,1,rpsL,3566259,12891,trpS,3607441,25198
1999,3715780,3721974,forward,3094,6195,8,L10-1,1,ftsY,3695140,20640,glyS,3784232,62258
2000,3955996,3959087,reverse,3093,3092,9,L10-1,1,yidC,3940284,15712,glmS,3968500,9413
2001,120548,123640,reverse,3093,3093,0,L10-1,2,hemG,109407,11141,polA,124322,682
2002,850450,853543,forward,3094,3094,1,L10-1,2,proS,832003,18447,hemB,931795,78252
2003,1276755,1279848,reverse,3094,3094,2,L10-1,2,fldA,1209181,67574,infA,1418574,138726
2004,1918388,1921481,forward,3094,3094,3,L10-1,2,fabI,1784877,133511,tyrS,2030797,109316
2005,2024619,2027711,reverse,3093,3093,4,L10-1,2,fabI,1784877,239742,tyrS,2030797,3086
2006,2088173,2091266,forward,3094,3094,5,L10-1,2,ribC,2058090,30083,pheT,2113010,21744
2007,2490356,2493448,forward,3093,3093,6,L10-1,2,folE,2453659,36697,yejM,2497486,4038
2008,2529749,2532841,reverse,3093,3093,7,L10-1,2,yejM,2499245,30504,gyrA,2549225,16384
2009,2768650,2771741,forward,3093,3092,8,L10-1,2,zipA,2725703,42947,dapE,2782387,10646
2010,3583493,3586585,forward,3093,3093,9,L10-1,2,rpsL,3570598,12895,trpS,3611783,25198
2011,3720119,3728723,forward,3094,8605,10,L10-1,2,ftsY,3699481,20638,glyS,3790981,62258
2012,3897856,3900949,reverse,3094,3094,11,L10-1,2,spoT,3884822,13034,gyrB,3941122,40173
2013,3965851,3968943,reverse,3093,3093,12,L10-1,2,yidC,3950138,15713,glmS,3978357,9414
2014,120548,123640,reverse,3093,3093,0,L10-1,3,hemG,109407,11141,polA,124322,682
2015,850456,853549,forward,3094,3094,1,L10-1,3,proS,832009,18447,hemB,931802,78253
2016,1132563,1135655,forward,3093,3093,2,L10-1,3,argU,1090651,41912,mrdB,1163222,27567
2017,1275872,1278964,reverse,3093,3093,3,L10-1,3,fldA,1208298,67574,infA,1420545,141581
2018,1299299,1302391,reverse,3093,3093,4,L10-1,3,fldA,1208298,91001,infA,1420545,118154
2019,1739622,1742714,reverse,3093,3093,5,L10-1,3,kdsA,1706029,33593,topA,1769961,27247
2020,1923463,1926555,forward,3093,3093,6,L10-1,3,fabI,1789950,133513,tyrS,2035873,109318
2021,2029693,2032786,reverse,3094,3094,7,L10-1,3,fabI,1789950,239743,tyrS,2035873,3087
2022,2093248,2096339,forward,3093,3092,8,L10-1,3,ribC,2063165,30083,pheT,2118082,21743
2023,2495432,2498524,forward,3093,3093,9,L10-1,3,folE,2458735,36697,yejM,2502562,4038
2024,2534824,2537917,reverse,3094,3094,10,L10-1,3,yejM,2504321,30503,gyrA,2553346,15429
2025,2749400,2752493,forward,3094,3094,11,L10-1,3,zipA,2729827,19573,dapE,2763139,10646
2026,3564252,3567345,forward,3094,3094,12,L10-1,3,rpsL,3551358,12894,trpS,3592543,25198
2027,3700879,3709483,forward,3094,8605,13,L10-1,3,ftsY,3680241,20638,glyS,3771741,62258
2028,3906634,3909725,forward,3093,3092,14,L10-1,3,spoT,3865583,41051,gyrB,3921881,12156
2029,3934243,3937335,reverse,3094,3093,15,L10-1,3,yidC,3930897,3346,glmS,3946749,9414
2030,120542,123634,reverse,3094,3093,0,L10-2,1,hemG,109401,11141,polA,124316,682
2031,1275656,1278748,reverse,3094,3093,1,L10-2,1,fldA,1208087,67569,infA,1417468,138720
2032,1917251,1920344,forward,3094,3094,2,L10-2,1,fabI,1783757,133494,tyrS,2029655,109311
2033,2023477,2026569,reverse,3093,3093,3,L10-2,1,fabI,1783757,239720,tyrS,2029655,3086
2034,2087030,2090122,forward,3093,3093,4,L10-2,1,ribC,2056945,30085,pheT,2111863,21741
2035,2525470,2528561,reverse,3093,3092,5,L10-2,1,yejM,2494970,30500,gyrA,2544945,16384
2036,2764370,2767464,forward,3095,3095,6,L10-2,1,zipA,2721424,42946,dapE,2778109,10645
2037,3579150,3582243,forward,3094,3094,7,L10-2,1,rpsL,3566259,12891,trpS,3607441,25198
2038,3715780,3721974,forward,3094,6195,8,L10-2,1,ftsY,3695140,20640,glyS,3784232,62258
2039,3955996,3959087,reverse,3093,3092,9,L10-2,1,yidC,3940284,15712,glmS,3968500,9413
2040,120558,123651,reverse,3094,3094,0,L10-2,2,hemG,109413,11145,ftsN,230895,107244
2041,139299,142390,reverse,3093,3092,1,L10-2,2,hemG,109413,29886,ftsN,230895,88505
2042,147219,153417,forward,3095,6199,2,L10-2,2,hemG,109413,37806,ftsN,230895,77478
2043,163574,166666,forward,3093,3093,3,L10-2,2,hemG,109413,54161,ftsN,230895,64229
2044,205124,208217,forward,3094,3094,4,L10-2,2,hemG,109413,95711,ftsN,230895,22678
2045,242125,245911,reverse,3093,3787,5,L10-2,2,priA,235324,6801,murI,277738,31827
2046,699629,702722,reverse,3094,3094,6,L10-2,2,dapB,683302,16327,folA,707033,4311
2047,1313802,1316895,reverse,3094,3094,7,L10-2,2,fldA,1246232,67570,infA,1458726,141831
2048,1333977,1337070,reverse,3094,3094,8,L10-2,2,fldA,1246232,87745,infA,1458726,121656
2049,1949123,1952215,forward,3094,3093,9,L10-2,2,fabI,1825024,124099,tyrS,2058648,106433
2050,2052470,2055562,reverse,3093,3093,10,L10-2,2,fabI,1825024,227446,tyrS,2058648,3086
2051,2116022,2119114,forward,3094,3093,11,L10-2,2,ribC,2085940,30082,pheT,2140858,21744
2052,2547444,2551229,forward,3093,3786,12,L10-2,2,yejM,2523988,23456,gyrA,2577765,26536
2053,2558287,2561380,reverse,3094,3094,13,L10-2,2,yejM,2523988,34299,gyrA,2577765,16385
2054,2606142,2609234,forward,3094,3093,14,L10-2,2,nrdB,2589484,16658,folC,2675748,66514
2055,2800295,2803387,forward,3093,3093,15,L10-2,2,zipA,2757349,42946,dapE,2814033,10646
2056,3101539,3105325,reverse,3093,3787,16,L10-2,2,pyrG,3095984,5555,lgt,3162799,57474
2057,3110153,3113246,forward,3094,3094,17,L10-2,2,pyrG,3095984,14169,lgt,3162799,49553
2058,3529644,3533430,forward,3093,3787,18,L10-2,2,yhbG,3505089,24555,rpsI,3536551,3121
2059,3630256,3633349,forward,3094,3094,19,L10-2,2,rpsL,3617362,12894,trpS,3658547,25198
2060,3766881,3780299,forward,3094,13419,20,L10-2,2,ftsY,3746243,20638,glyS,3842559,62260
2061,4000164,4003257,reverse,3094,3094,21,L10-2,2,yidC,3998609,1555,glmS,4012672,9415
2062,116652,122847,forward,3095,6196,0,L10-2,3,hemG,109408,7244,ftsN,200324,77477
2063,133003,136095,forward,3093,3093,1,L10-2,3,hemG,109408,23595,ftsN,200324,64229
2064,174552,177645,forward,3094,3094,2,L10-2,3,hemG,109408,65144,ftsN,200324,22679
2065,211554,215340,reverse,3093,3787,3,L10-2,3,priA,204753,6801,murI,247168,31828
2066,669060,672152,reverse,3093,3093,4,L10-2,3,dapB,652733,16327,folA,676463,4311
2067,1283229,1286321,reverse,3093,3093,5,L10-2,3,fldA,1215655,67574,infA,1428146,141825
2068,1303404,1306496,reverse,3094,3093,6,L10-2,3,fldA,1215655,87749,infA,1428146,121650
2069,1918551,1921644,forward,3094,3094,7,L10-2,3,fabI,1794453,124098,tyrS,2028079,106435
2070,2021900,2024992,reverse,3093,3093,8,L10-2,3,fabI,1794453,227447,tyrS,2028079,3087
2071,2085455,2088547,forward,3093,3093,9,L10-2,3,ribC,2055372,30083,pheT,2110291,21744
2072,2516875,2520663,forward,3094,3789,10,L10-2,3,yejM,2493420,23455,gyrA,2547197,26534
2073,2527721,2530813,reverse,3094,3093,11,L10-2,3,yejM,2493420,34301,gyrA,2547197,16384
2074,2575573,2578666,forward,3094,3094,12,L10-2,3,nrdB,2558917,16656,folC,2645179,66513
2075,2719474,2722568,reverse,3095,3095,13,L10-2,3,gltX,2716219,3255,zipA,2766501,43933
2076,2772832,2775924,forward,3093,3093,14,L10-2,3,ligA,2766573,6259,dapE,2786570,10646
2077,3074075,3077862,reverse,3094,3788,15,L10-2,3,pyrG,3068520,5555,yihA,3078842,980
2078,3082691,3085783,forward,3093,3093,16,L10-2,3,polA,3079224,3467,lgt,3135338,49555
2079,3502190,3505976,forward,3093,3787,17,L10-2,3,yhbG,3477634,24556,rpsI,3509096,3120
2080,3602796,3605887,forward,3093,3092,18,L10-2,3,rpsL,3589902,12894,trpS,3631086,25199
2081,3739423,3752842,forward,3093,13420,19,L10-2,3,ftsY,3718785,20638,glyS,3815100,62258
2082,3972716,3975808,reverse,3093,3093,20,L10-2,3,yidC,3971161,1555,glmS,3985223,9415
2083,120542,123634,reverse,3094,3093,0,L10-3,1,hemG,109401,11141,polA,124316,682
2084,1275656,1278748,reverse,3094,3093,1,L10-3,1,fldA,1208087,67569,infA,1417468,138720
2085,1917251,1920344,forward,3094,3094,2,L10-3,1,fabI,1783757,133494,tyrS,2029655,109311
2086,2023477,2026569,reverse,3093,3093,3,L10-3,1,fabI,1783757,239720,tyrS,2029655,3086
2087,2087030,2090122,forward,3093,3093,4,L10-3,1,ribC,2056945,30085,pheT,2111863,21741
2088,2525470,2528561,reverse,3093,3092,5,L10-3,1,yejM,2494970,30500,gyrA,2544945,16384
2089,2764370,2767464,forward,3095,3095,6,L10-3,1,zipA,2721424,42946,dapE,2778109,10645
2090,3579150,3582243,forward,3094,3094,7,L10-3,1,rpsL,3566259,12891,trpS,3607441,25198
2091,3715780,3721974,forward,3094,6195,8,L10-3,1,ftsY,3695140,20640,glyS,3784232,62258
2092,3955996,3959087,reverse,3093,3092,9,L10-3,1,yidC,3940284,15712,glmS,3968500,9413
2093,117977,121069,forward,3094,3093,0,L10-3,2,hemG,109408,8569,polA,127030,5961
2094,123256,126348,reverse,3093,3093,1,L10-3,2,hemG,109408,13848,polA,127030,682
2095,382326,387736,reverse,3093,5411,2,L10-3,2,ssb,354726,27600,groS,456063,68327
2096,1283872,1286964,reverse,3093,3093,3,L10-3,2,fldA,1216299,67573,infA,1414534,127570
2097,1396857,1403050,forward,3093,6194,4,L10-3,2,fldA,1216299,180558,infA,1414534,11484
2098,1914345,1917437,forward,3093,3093,5,L10-3,2,fabI,1780833,133512,tyrS,2026754,109317
2099,2020574,2023667,reverse,3094,3094,6,L10-3,2,fabI,1780833,239741,tyrS,2026754,3087
2100,2082860,2085952,forward,3093,3093,7,L10-3,2,ribC,2054047,28813,pheT,2107694,21742
2101,2309580,2316557,reverse,3093,6978,8,L10-3,2,pgsA,2286746,22834,metG,2405979,89422
2102,2528315,2531408,reverse,3094,3094,9,L10-3,2,yejM,2497811,30504,gyrA,2547792,16384
2103,2767220,2770312,forward,3094,3093,10,L10-3,2,zipA,2724273,42947,dapE,2780958,10646
2104,3582069,3585161,forward,3093,3093,11,L10-3,2,rpsL,3569175,12894,trpS,3610359,25198
2105,3718697,3727991,reverse,3093,9295,12,L10-3,2,ftsY,3698058,20639,glyS,3790248,62257
2106,3960755,3963848,reverse,3094,3094,13,L10-3,2,yidC,3946300,14455,glmS,3973263,9415
2107,117977,122765,forward,3093,4789,0,L10-3,3,hemG,109407,8570,polA,123447,682
2108,378741,384153,reverse,3094,5413,1,L10-3,3,ssb,351141,27600,groS,455582,71429
2109,450306,453399,reverse,3094,3094,2,L10-3,3,ssb,351141,99165,groS,455582,2183
2110,1019970,1024540,reverse,3093,4571,3,L10-3,3,ffs,1016336,3634,dnaX,1035484,10944
2111,1287017,1290110,reverse,3094,3094,4,L10-3,3,fldA,1219443,67574,infA,1411574,121464
2112,1394951,1401146,forward,3093,6196,5,L10-3,3,fldA,1219443,175508,infA,1411574,10428
2113,1911396,1914489,forward,3094,3094,6,L10-3,3,fabI,1777883,133513,tyrS,2003201,88712
2114,1954727,1957819,reverse,3093,3093,7,L10-3,3,fabI,1777883,176844,tyrS,2003201,45382
2115,1997021,2000114,reverse,3094,3094,8,L10-3,3,fabI,1777883,219138,tyrS,2003201,3087
2116,2059307,2062398,forward,3093,3092,9,L10-3,3,ribC,2030494,28813,pheT,2084142,21744
2117,2187062,2190154,reverse,3093,3093,10,L10-3,3,yeaZ,2178411,8651,aspS,2238997,48843
2118,2500884,2503977,reverse,3094,3094,11,L10-3,3,yejM,2470381,30503,gyrA,2520362,16385
2119,2739792,2742884,forward,3094,3093,12,L10-3,3,zipA,2696846,42946,dapE,2753531,10647
2120,3449771,3452862,reverse,3093,3092,13,L10-3,3,yhbG,3433279,16492,accC,3523045,70183
2121,3516212,3520783,forward,3094,4572,14,L10-3,3,yhbG,3433279,82933,accC,3523045,2262
2122,3562331,3566900,reverse,3093,4570,15,L10-3,3,rpsI,3550756,11575,trpS,3658542,91642
2123,3630251,3633344,forward,3094,3094,16,L10-3,3,rpsI,3550756,79495,trpS,3658542,25198
2124,3677269,3681839,reverse,3093,4571,17,L10-3,3,yrfF,3674511,2758,asd,3724264,42425
2125,3771459,3780755,reverse,3093,9297,18,L10-3,3,ftsY,3750821,20638,glyS,3846115,65360
2126,3793361,3796453,reverse,3093,3093,19,L10-3,3,ftsY,3750821,42540,glyS,3846115,49662
2127,4003680,4006773,reverse,3094,3094,20,L10-3,3,yidC,4002170,1510,glmS,4016187,9414
2128,120542,123634,reverse,3094,3093,0,L10-4,1,hemG,109401,11141,polA,124316,682
2129,1275656,1278748,reverse,3094,3093,1,L10-4,1,fldA,1208087,67569,infA,1417468,138720
2130,1917251,1920344,forward,3094,3094,2,L10-4,1,fabI,1783757,133494,tyrS,2029655,109311
2131,2023477,2026569,reverse,3093,3093,3,L10-4,1,fabI,1783757,239720,tyrS,2029655,3086
2132,2087030,2090122,forward,3093,3093,4,L10-4,1,ribC,2056945,30085,pheT,2111863,21741
2133,2525470,2528561,reverse,3093,3092,5,L10-4,1,yejM,2494970,30500,gyrA,2544945,16384
2134,2764370,2767464,forward,3095,3095,6,L10-4,1,zipA,2721424,42946,dapE,2778109,10645
2135,3579150,3582243,forward,3094,3094,7,L10-4,1,rpsL,3566259,12891,trpS,3607441,25198
2136,3715780,3721974,forward,3094,6195,8,L10-4,1,ftsY,3695140,20640,glyS,3784232,62258
2137,3955996,3959087,reverse,3093,3092,9,L10-4,1,yidC,3940284,15712,glmS,3968500,9413
2138,118317,121409,reverse,3094,3093,0,L10-4,2,hemG,109402,8915,polA,121736,327
2139,1273131,1276223,reverse,3094,3093,1,L10-4,2,fldA,1205556,67575,infA,1414947,138724
2140,1438960,1442052,reverse,3093,3093,2,L10-4,2,serS,1429441,9519,rpsA,1453819,11767
2141,1726961,1730052,reverse,3094,3092,3,L10-4,2,kdsA,1703524,23437,topA,1767456,37404
2142,1920956,1924048,forward,3093,3093,4,L10-4,2,fabI,1787444,133512,tyrS,2033363,109315
2143,2027184,2030276,reverse,3093,3093,5,L10-4,2,fabI,1787444,239740,tyrS,2033363,3087
2144,2090737,2093829,forward,3094,3093,6,L10-4,2,ribC,2060653,30084,pheT,2115573,21744
2145,2333521,2336614,forward,3094,3094,7,L10-4,2,pgsA,2294632,38889,metG,2367988,31374
2146,2441356,2444448,reverse,3094,3093,8,L10-4,2,metG,2365956,75400,folE,2461767,17319
2147,2535420,2538513,reverse,3094,3094,9,L10-4,2,yejM,2504918,30502,gyrA,2554898,16385
2148,2774312,2777405,forward,3094,3094,10,L10-4,2,zipA,2731363,42949,dapE,2788050,10645
2149,3589141,3592233,forward,3094,3093,11,L10-4,2,rpsL,3576246,12895,trpS,3617430,25197
2150,3725760,3731953,forward,3093,6194,12,L10-4,2,ftsY,3705123,20637,glyS,3794207,62254
2151,3965798,3968889,reverse,3093,3092,13,L10-4,2,yidC,3950257,15541,glmS,3978303,9414
2152,43588,46681,reverse,3095,3094,0,L10-4,3,rho,41920,1668,argX,59721,13040
2153,121407,124496,reverse,3092,3090,1,L10-4,3,hemG,112493,8914,polA,124823,327
2154,794315,797408,forward,3095,3094,2,L10-4,3,yadR,790635,3680,dapD,801906,4498
2155,1279248,1282338,reverse,3092,3091,3,L10-4,3,fldA,1211692,67556,infA,1420806,138468
2156,1444822,1447914,reverse,3093,3093,4,L10-4,3,serS,1435302,9520,rpsA,1459675,11761
2157,1732785,1735884,reverse,3103,3100,5,L10-4,3,kdsA,1709352,23433,topA,1773282,37398
2158,1777682,1782815,reverse,3094,5134,6,L10-4,3,topA,1775878,1804,ribA,1785946,3131
2159,1906752,1909847,forward,3102,3096,7,L10-4,3,fabI,1798407,108345,tyrS,2047121,137274
2160,1934728,1937822,forward,3095,3095,8,L10-4,3,fabI,1798407,136321,tyrS,2047121,109299
2161,2040944,2044036,reverse,3094,3093,9,L10-4,3,fabI,1798407,242537,tyrS,2047121,3085
2162,2104499,2107590,forward,3095,3092,10,L10-4,3,ribC,2074413,30086,pheT,2129333,21743
2163,2154765,2157857,forward,3093,3093,11,L10-4,3,thrS,2136344,18421,nadE,2159329,1472
2164,2293732,2296824,forward,3095,3093,12,L10-4,3,aspS,2285934,7798,argS,2298573,1749
2165,2323549,2326640,reverse,3093,3092,13,L10-4,3,pgsA,2314559,8990,metG,2397208,70568
2166,2356545,2365841,reverse,3094,9297,14,L10-4,3,pgsA,2314559,41986,metG,2397208,31367
2167,2470562,2473656,reverse,3096,3095,15,L10-4,3,metG,2395176,75386,folE,2490972,17316
2168,2564620,2567712,reverse,3094,3093,16,L10-4,3,yejM,2534124,30496,gyrA,2584094,16382
2169,2803581,2806673,forward,3093,3093,17,L10-4,3,zipA,2760634,42947,dapE,2817317,10644
2170,3342808,3345900,reverse,3093,3093,18,L10-4,3,parE,3334614,8194,ribB,3385490,39590
2171,3375937,3385258,reverse,3097,9322,19,L10-4,3,parE,3334614,41323,ribB,3385490,232
2172,3429464,3432555,reverse,3093,3092,20,L10-4,3,rpoD,3409643,19821,rnpB,3468063,35508
2173,3663855,3666945,forward,3093,3091,21,L10-4,3,rpsL,3650963,12892,trpS,3697282,30337
2174,3679049,3684180,forward,3093,5132,22,L10-4,3,rpsL,3650963,28086,trpS,3697282,13102
2175,3805341,3813943,forward,3094,8603,23,L10-4,3,ftsY,3784972,20369,glyS,3876191,62248
2176,4047792,4050883,reverse,3093,3092,24,L10-4,3,yidC,4032253,15539,glmS,4060296,9413
2177,76810,79902,reverse,3094,3093,0,L11-1,1,hemC,65034,11776,hemG,111979,32077
2178,164210,167302,reverse,3094,3093,1,L11-1,1,yihA,128097,36113,ftsN,201751,34449
2179,387257,390348,reverse,3095,3092,2,L11-1,1,ssb,354046,33211,groS,453062,62714
2180,1281079,1284172,reverse,3095,3094,3,L11-1,1,fldA,1213505,67574,infA,1422901,138729
2181,1427732,1430825,forward,3094,3094,4,L11-1,1,infA,1423118,4614,ftsK,1433003,2178
2182,1861483,1864574,forward,3095,3092,5,L11-1,1,fabI,1792431,69052,tyrS,2037915,173341
2183,2130135,2133230,reverse,3097,3096,6,L11-1,1,thrS,2124552,5583,nadE,2147550,14320
2184,2181372,2184462,reverse,3092,3091,7,L11-1,1,nadE,2148377,32995,gapA,2190958,6496
2185,2454388,2457483,forward,3100,3096,8,L11-1,1,metG,2417082,37306,folE,2466841,9358
2186,2895258,2898351,forward,3094,3094,9,L11-1,1,suhB,2859593,35665,acpS,2898396,45
2187,3661787,3664881,forward,3096,3095,10,L11-1,1,yrfF,3631779,30008,asd,3680059,15178
2188,3919499,3922592,forward,3095,3094,11,L11-1,1,spoT,3908014,11485,gyrB,3956223,33631
2189,76795,79888,reverse,3094,3094,0,L11-1,2,hemC,65020,11775,hemG,111966,32078
2190,164195,167288,reverse,3094,3094,1,L11-1,2,yihA,128085,36110,ftsN,204843,37555
2191,192859,195951,forward,3093,3093,2,L11-1,2,yihA,128085,64774,ftsN,204843,8892
2192,390333,393426,reverse,3094,3094,3,L11-1,2,ssb,357123,33210,groS,456142,62716
2193,1001416,1004500,reverse,3095,3085,4,L11-1,2,ispA,981420,19996,ffs,1019860,15360
2194,1287033,1290125,reverse,3094,3093,5,L11-1,2,fldA,1219460,67573,infA,1428848,138723
2195,1433678,1436771,forward,3094,3094,6,L11-1,2,infA,1429065,4613,ftsK,1438950,2179
2196,1620596,1623687,forward,3093,3092,7,L11-1,2,yceQ,1619179,1417,fabD,1627187,3500
2197,1870288,1873380,forward,3094,3093,8,L11-1,2,fabI,1801348,68940,tyrS,2046708,173328
2198,2138910,2142002,reverse,3093,3093,9,L11-1,2,thrS,2133329,5581,nadE,2156320,14318
2199,2190145,2193238,reverse,3094,3094,10,L11-1,2,nadE,2157146,32999,gapA,2199734,6496
2200,2463133,2466225,forward,3093,3093,11,L11-1,2,metG,2425850,37283,folE,2475584,9359
2201,2903954,2907047,forward,3094,3094,12,L11-1,2,suhB,2868307,35647,acpS,2907092,45
2202,3559692,3562784,reverse,3093,3093,13,L11-1,2,yrdC,3559086,606,def,3564464,1680
2203,3673459,3676552,forward,3094,3094,14,L11-1,2,yrfF,3643451,30008,asd,3691726,15174
2204,3761017,3764109,reverse,3094,3093,15,L11-1,2,ftsY,3718282,42735,glyS,3828916,64807
2205,3934241,3937334,forward,3094,3094,16,L11-1,2,spoT,3922757,11484,gyrB,3970970,33636
2206,76786,79878,reverse,3094,3093,0,L11-1,3,hemC,65013,11773,hemG,111955,32077
2207,164178,167270,reverse,3093,3093,1,L11-1,3,yihA,128073,36105,ftsN,204619,37349
2208,192639,195728,forward,3093,3090,2,L11-1,3,yihA,128073,64566,ftsN,204619,8891
2209,390098,393189,reverse,3094,3092,3,L11-1,3,ssb,356891,33207,groS,455893,62704
2210,1001141,1004231,reverse,3093,3091,4,L11-1,3,ispA,981144,19997,ffs,1019591,15360
2211,1226096,1229188,reverse,3094,3093,5,L11-1,3,fldA,1219166,6930,infA,1410979,181791
2212,1269171,1272263,reverse,3094,3093,6,L11-1,3,fldA,1219166,50005,infA,1410979,138716
2213,1415809,1418900,forward,3093,3092,7,L11-1,3,infA,1411196,4613,ftsK,1421078,2178
2214,1602709,1605801,forward,3093,3093,8,L11-1,3,yceQ,1601292,1417,fabD,1609302,3501
2215,1852385,1855477,forward,3093,3093,9,L11-1,3,fabI,1783454,68931,tyrS,2028795,173318
2216,2120992,2124083,reverse,3093,3092,10,L11-1,3,thrS,2115412,5580,nadE,2138401,14318
2217,2172223,2175313,reverse,3092,3091,11,L11-1,3,nadE,2139227,32996,gapA,2181809,6496
2218,2445175,2448266,forward,3093,3092,12,L11-1,3,metG,2407897,37278,folE,2457625,9359
2219,2885975,2889067,forward,3093,3093,13,L11-1,3,suhB,2850329,35646,acpS,2889112,45
2220,2943812,2946904,forward,3093,3093,14,L11-1,3,uppS,2940198,3614,serV,2975049,28145
2221,3402545,3405636,forward,3093,3092,15,L11-1,3,rnpB,3388806,13739,infB,3434651,29015
2222,3547836,3550928,reverse,3093,3093,16,L11-1,3,yrdC,3547230,606,def,3552608,1680
2223,3661594,3664687,forward,3094,3094,17,L11-1,3,yrfF,3631588,30006,asd,3675623,10936
2224,3744734,3747826,reverse,3094,3093,18,L11-1,3,ftsY,3702177,42557,glyS,3812627,64801
2225,3917945,3921036,forward,3093,3092,19,L11-1,3,spoT,3906461,11484,gyrB,3954669,33633
2226,76810,79902,reverse,3094,3093,0,L11-2,1,hemC,65034,11776,hemG,111979,32077
2227,164210,167302,reverse,3094,3093,1,L11-2,1,yihA,128097,36113,ftsN,201751,34449
2228,387257,390348,reverse,3095,3092,2,L11-2,1,ssb,354046,33211,groS,453062,62714
2229,1281079,1284172,reverse,3095,3094,3,L11-2,1,fldA,1213505,67574,infA,1422901,138729
2230,1427732,1430825,forward,3094,3094,4,L11-2,1,infA,1423118,4614,ftsK,1433003,2178
2231,1861483,1864574,forward,3095,3092,5,L11-2,1,fabI,1792431,69052,tyrS,2037915,173341
2232,2130135,2133230,reverse,3097,3096,6,L11-2,1,thrS,2124552,5583,nadE,2147550,14320
2233,2181372,2184462,reverse,3092,3091,7,L11-2,1,nadE,2148377,32995,gapA,2190958,6496
2234,2454388,2457483,forward,3100,3096,8,L11-2,1,metG,2417082,37306,folE,2466841,9358
2235,2895258,2898351,forward,3094,3094,9,L11-2,1,suhB,2859593,35665,acpS,2898396,45
2236,3661787,3664881,forward,3096,3095,10,L11-2,1,yrfF,3631779,30008,asd,3680059,15178
2237,3919499,3922592,forward,3095,3094,11,L11-2,1,spoT,3908014,11485,gyrB,3956223,33631
2238,42976,46069,forward,3094,3094,0,L11-2,2,rho,41929,1047,argX,59732,13663
2239,79896,82988,reverse,3094,3093,1,L11-2,2,hemC,68122,11774,hemG,115066,32078
2240,167290,170382,reverse,3094,3093,2,L11-2,2,yihA,131184,36106,ftsN,204835,34453
2241,390317,393409,reverse,3094,3093,3,L11-2,2,ssb,357107,33210,groS,456121,62712
2242,1283899,1286991,reverse,3093,3093,4,L11-2,2,fldA,1216325,67574,infA,1428813,141822
2243,1301604,1304698,forward,3095,3095,5,L11-2,2,fldA,1216325,85279,infA,1428813,124115
2244,1433643,1436734,forward,3093,3092,6,L11-2,2,infA,1429030,4613,ftsK,1438912,2178
2245,1704387,1707479,reverse,3093,3093,7,L11-2,2,trmU,1668095,36292,pth,1727115,19636
2246,1722094,1725187,forward,3094,3094,8,L11-2,2,trmU,1668095,53999,pth,1727115,1928
2247,1744138,1747231,forward,3094,3094,9,L11-2,2,kdsA,1738205,5933,topA,1802140,54909
2248,1891064,1894156,forward,3094,3093,10,L11-2,2,fabI,1822130,68934,tyrS,2067482,173326
2249,2123478,2126570,reverse,3094,3093,11,L11-2,2,ribC,2094775,28703,nadE,2253757,127187
2250,2162783,2165875,reverse,3094,3093,12,L11-2,2,ribC,2094775,68008,nadE,2253757,87882
2251,2202088,2205180,reverse,3094,3093,13,L11-2,2,ribC,2094775,107313,nadE,2253757,48577
2252,2236347,2239439,reverse,3093,3093,14,L11-2,2,ribC,2094775,141572,nadE,2253757,14318
2253,2358486,2361578,reverse,3093,3093,15,L11-2,2,yeaZ,2321129,37357,aspS,2381713,20135
2254,2560571,2563663,forward,3093,3093,16,L11-2,2,metG,2523288,37283,folE,2573022,9359
2255,3001389,3004481,forward,3094,3093,17,L11-2,2,suhB,2965740,35649,acpS,3004526,45
2256,3341465,3344556,reverse,3093,3092,18,L11-2,2,pgk,3336537,4928,metK,3353722,9166
2257,3770882,3773973,forward,3094,3092,19,L11-2,2,yrfF,3740874,30008,asd,3789147,15174
2258,4028565,4031658,forward,3094,3094,20,L11-2,2,spoT,4017081,11484,gyrB,4065292,33634
2259,42970,46061,forward,3093,3092,0,L11-2,3,rho,41925,1045,argX,59726,13665
2260,79886,82976,reverse,3093,3091,1,L11-2,3,hemC,68114,11772,hemG,115053,32077
2261,167276,170367,reverse,3095,3092,2,L11-2,3,yihA,131168,36108,ftsN,204815,34448
2262,390298,393391,reverse,3095,3094,3,L11-2,3,ssb,357083,33215,groS,459202,65811
2263,446746,449840,reverse,3096,3095,4,L11-2,3,ssb,357083,89663,groS,459202,9362
2264,1219916,1223009,reverse,3094,3094,5,L11-2,3,fldA,1219403,513,infA,1452690,229681
2265,1237625,1240717,forward,3093,3093,6,L11-2,3,fldA,1219403,18222,infA,1452690,211973
2266,1307860,1310953,reverse,3095,3094,7,L11-2,3,fldA,1219403,88457,infA,1452690,141737
2267,1325561,1328653,forward,3094,3093,8,L11-2,3,fldA,1219403,106158,infA,1452690,124037
2268,1457520,1460610,forward,3092,3091,9,L11-2,3,infA,1452907,4613,ftsK,1462788,2178
2269,1728231,1731323,reverse,3094,3093,10,L11-2,3,trmU,1691938,36293,pth,1750955,19632
2270,1745936,1749027,forward,3093,3092,11,L11-2,3,trmU,1691938,53998,pth,1750955,1928
2271,1767975,1771068,forward,3094,3094,12,L11-2,3,kdsA,1762041,5934,topA,1825974,54906
2272,1914887,1917981,forward,3095,3095,13,L11-2,3,fabI,1845956,68931,tyrS,2091114,173133
2273,2147104,2150196,reverse,3094,3093,14,L11-2,3,ribC,2118404,28700,nadE,2232840,82644
2274,2186409,2189499,reverse,3093,3091,15,L11-2,3,ribC,2118404,68005,nadE,2232840,43341
2275,2215429,2218521,reverse,3094,3093,16,L11-2,3,ribC,2118404,97025,nadE,2232840,14319
2276,2337562,2340652,reverse,3092,3091,17,L11-2,3,yeaZ,2300205,37357,aspS,2360785,20133
2277,2539670,2542761,forward,3094,3092,18,L11-2,3,metG,2502393,37277,folE,2552121,9360
2278,2933896,2936986,forward,3092,3091,19,L11-2,3,ispG,2922367,11529,suhB,2947105,10119
2279,2983554,2986646,forward,3094,3093,20,L11-2,3,suhB,2947907,35647,acpS,2986691,45
2280,3323620,3326711,reverse,3094,3092,21,L11-2,3,pgk,3318688,4932,metK,3335879,9168
2281,3753013,3756104,forward,3093,3092,22,L11-2,3,yrfF,3723006,30007,asd,3774380,18276
2282,3765541,3768633,forward,3094,3093,23,L11-2,3,yrfF,3723006,42535,asd,3774380,5747
2283,4013789,4016881,forward,3095,3093,24,L11-2,3,spoT,4002304,11485,gyrB,4050517,33636
2284,76810,79902,reverse,3094,3093,0,L11-3,1,hemC,65034,11776,hemG,111979,32077
2285,164210,167302,reverse,3094,3093,1,L11-3,1,yihA,128097,36113,ftsN,201751,34449
2286,387257,390348,reverse,3095,3092,2,L11-3,1,ssb,354046,33211,groS,453062,62714
2287,1281079,1284172,reverse,3095,3094,3,L11-3,1,fldA,1213505,67574,infA,1422901,138729
2288,1427732,1430825,forward,3094,3094,4,L11-3,1,infA,1423118,4614,ftsK,1433003,2178
2289,1861483,1864574,forward,3095,3092,5,L11-3,1,fabI,1792431,69052,tyrS,2037915,173341
2290,2130135,2133230,reverse,3097,3096,6,L11-3,1,thrS,2124552,5583,nadE,2147550,14320
2291,2181372,2184462,reverse,3092,3091,7,L11-3,1,nadE,2148377,32995,gapA,2190958,6496
2292,2454388,2457483,forward,3100,3096,8,L11-3,1,metG,2417082,37306,folE,2466841,9358
2293,2895258,2898351,forward,3094,3094,9,L11-3,1,suhB,2859593,35665,acpS,2898396,45
2294,3661787,3664881,forward,3096,3095,10,L11-3,1,yrfF,3631779,30008,asd,3680059,15178
2295,3919499,3922592,forward,3095,3094,11,L11-3,1,spoT,3908014,11485,gyrB,3956223,33631
2296,76794,79887,reverse,3094,3094,0,L11-3,2,hemC,65019,11775,hemG,111965,32078
2297,164194,167287,reverse,3094,3094,1,L11-3,2,yihA,128084,36110,ftsN,201738,34451
2298,387226,390319,reverse,3094,3094,2,L11-3,2,ssb,354017,33209,groS,453033,62714
2299,1280835,1283927,reverse,3094,3093,3,L11-3,2,fldA,1213262,67573,infA,1422654,138727
2300,1427484,1430577,forward,3094,3094,4,L11-3,2,infA,1422871,4613,ftsK,1432755,2178
2301,1860995,1864087,forward,3093,3093,5,L11-3,2,fabI,1792057,68938,tyrS,2037419,173332
2302,2129620,2132712,reverse,3093,3093,6,L11-3,2,thrS,2124039,5581,nadE,2147030,14318
2303,2180855,2183947,reverse,3093,3093,7,L11-3,2,nadE,2147856,32999,gapA,2190443,6496
2304,2453840,2456932,forward,3093,3093,8,L11-3,2,metG,2416557,37283,folE,2466125,9193
2305,2894497,2897590,forward,3094,3094,9,L11-3,2,suhB,2858850,35647,acpS,2897635,45
2306,3634877,3637969,forward,3093,3093,10,L11-3,2,yrfF,3630897,3980,asd,3651103,13134
2307,3890508,3893600,forward,3094,3093,11,L11-3,2,spoT,3879024,11484,gyrB,3927236,33636
2308,76778,79868,reverse,3093,3091,0,L11-3,3,hemC,65006,11772,hemG,111945,32077
2309,164165,167258,reverse,3094,3094,1,L11-3,3,yihA,128063,36102,ftsN,201702,34444
2310,387189,390282,reverse,3096,3094,2,L11-3,3,ssb,353974,33215,groS,452989,62707
2311,799152,802243,forward,3093,3092,3,L11-3,3,yadR,795234,3918,dapD,806503,4260
2312,1283861,1286950,reverse,3093,3090,4,L11-3,3,fldA,1216290,67571,infA,1428756,141806
2313,1380245,1383336,reverse,3093,3092,5,L11-3,3,fldA,1216290,163955,infA,1428756,45420
2314,1433586,1436678,forward,3093,3093,6,L11-3,3,infA,1428973,4613,ftsK,1438856,2178
2315,1867044,1870137,forward,3094,3094,7,L11-3,3,fabI,1798117,68927,tyrS,2020547,150410
2316,2112731,2115822,reverse,3093,3092,8,L11-3,3,thrS,2107151,5580,nadE,2130138,14316
2317,2163961,2167051,reverse,3092,3091,9,L11-3,3,nadE,2130964,32997,gapA,2173547,6496
2318,2436909,2440001,forward,3093,3093,10,L11-3,3,metG,2399633,37276,folE,2449195,9194
2319,2877515,2880610,forward,3096,3096,11,L11-3,3,suhB,2841875,35640,acpS,2880655,45
2320,3617802,3620892,forward,3092,3091,12,L11-3,3,yrfF,3613822,3980,asd,3634025,13133
2321,3873404,3876495,forward,3093,3092,13,L11-3,3,spoT,3861921,11483,gyrB,3910128,33633
2322,76810,79902,reverse,3094,3093,0,L11-4,1,hemC,65034,11776,hemG,111979,32077
2323,164210,167302,reverse,3094,3093,1,L11-4,1,yihA,128097,36113,ftsN,201751,34449
2324,387257,390348,reverse,3095,3092,2,L11-4,1,ssb,354046,33211,groS,453062,62714
2325,1281079,1284172,reverse,3095,3094,3,L11-4,1,fldA,1213505,67574,infA,1422901,138729
2326,1427732,1430825,forward,3094,3094,4,L11-4,1,infA,1423118,4614,ftsK,1433003,2178
2327,1861483,1864574,forward,3095,3092,5,L11-4,1,fabI,1792431,69052,tyrS,2037915,173341
2328,2130135,2133230,reverse,3097,3096,6,L11-4,1,thrS,2124552,5583,nadE,2147550,14320
2329,2181372,2184462,reverse,3092,3091,7,L11-4,1,nadE,2148377,32995,gapA,2190958,6496
2330,2454388,2457483,forward,3100,3096,8,L11-4,1,metG,2417082,37306,folE,2466841,9358
2331,2895258,2898351,forward,3094,3094,9,L11-4,1,suhB,2859593,35665,acpS,2898396,45
2332,3661787,3664881,forward,3096,3095,10,L11-4,1,yrfF,3631779,30008,asd,3680059,15178
2333,3919499,3922592,forward,3095,3094,11,L11-4,1,spoT,3908014,11485,gyrB,3956223,33631
2334,76795,79887,reverse,3093,3093,0,L11-4,2,hemC,65020,11775,hemG,111966,32079
2335,164194,167286,reverse,3093,3093,1,L11-4,2,yihA,128085,36109,ftsN,201739,34453
2336,306233,309325,forward,3093,3093,2,L11-4,2,rpoC,268931,37302,ubiA,335471,26146
2337,390322,393414,reverse,3093,3093,3,L11-4,2,ssb,357113,33209,groS,456126,62712
2338,497021,500114,forward,3094,3094,4,L11-4,2,yjeE,481482,15539,rpsR,514378,14264
2339,951911,955003,reverse,3095,3093,5,L11-4,2,hemB,943049,8862,secD,974164,19161
2340,1290132,1293225,reverse,3094,3094,6,L11-4,2,fldA,1222564,67568,infA,1431945,138720
2341,1436775,1439868,forward,3094,3094,7,L11-4,2,infA,1432162,4613,ftsK,1442047,2179
2342,1812640,1815732,forward,3094,3093,8,L11-4,2,fabI,1801340,11300,tyrS,2035329,219597
2343,1873378,1876471,forward,3094,3094,9,L11-4,2,fabI,1801340,72038,tyrS,2035329,158858
2344,2009154,2012247,reverse,3094,3094,10,L11-4,2,fabI,1801340,207814,tyrS,2035329,23082
2345,2127529,2130620,reverse,3093,3092,11,L11-4,2,thrS,2121948,5581,nadE,2139405,8785
2346,2173230,2176323,reverse,3094,3094,12,L11-4,2,nadE,2140231,32999,gapA,2182819,6496
2347,2446210,2450818,reverse,3093,4609,13,L11-4,2,metG,2408928,37282,nrdB,2510674,59856
2348,2615606,2618698,forward,3094,3093,14,L11-4,2,folE,2610625,4981,folC,2643141,24443
2349,2815766,2818858,forward,3094,3093,15,L11-4,2,hda,2805538,10228,der,2825701,6843
2350,2889708,2892801,forward,3094,3094,16,L11-4,2,suhB,2854061,35647,acpS,2892846,45
2351,2947392,2950484,reverse,3094,3093,17,L11-4,2,uppS,2943936,3456,serV,2978788,28304
2352,3387839,3390932,forward,3094,3094,18,L11-4,2,rpoD,3336904,50935,rnpB,3395330,4398
2353,3662311,3665403,forward,3093,3093,19,L11-4,2,yrfF,3632303,30008,asd,3680576,15173
2354,3919994,3923085,forward,3093,3092,20,L11-4,2,spoT,3908510,11484,gyrB,3956722,33637
2355,3980406,3983499,forward,3094,3094,21,L11-4,2,yidC,3965738,14668,glmS,3993957,10458
2356,76773,79863,reverse,3092,3091,0,L11-4,3,hemC,64999,11774,hemG,111939,32076
2357,164161,167251,reverse,3092,3091,1,L11-4,3,yihA,128055,36106,oriC,4248613,167251
2358,306170,309262,forward,3093,3093,2,L11-4,3,yihA,128055,178115,groS,456044,146782
2359,390249,393339,reverse,3093,3091,3,L11-4,3,yihA,128055,262194,groS,456044,62705
2360,496931,500021,forward,3092,3091,4,L11-4,3,yjeE,481394,15537,rpsR,514281,14260
2361,951740,954830,reverse,3092,3091,5,L11-4,3,hemB,942880,8860,secD,973990,19160
2362,1244032,1247122,reverse,3092,3091,6,L11-4,3,fldA,1222359,21673,infA,1434806,187684
2363,1293018,1296108,reverse,3092,3091,7,L11-4,3,fldA,1222359,70659,infA,1434806,138698
2364,1439636,1442726,forward,3093,3091,8,L11-4,3,infA,1435023,4613,ftsK,1444904,2178
2365,1579023,1583628,forward,3093,4606,9,L11-4,3,serT,1543377,35646,mviN,1624331,40703
2366,1820055,1823147,forward,3094,3093,10,L11-4,3,fabI,1808757,11298,tyrS,2042516,219369
2367,1880594,1883685,forward,3093,3092,11,L11-4,3,fabI,1808757,71837,tyrS,2042516,158831
2368,2016349,2019440,reverse,3093,3092,12,L11-4,3,fabI,1808757,207592,tyrS,2042516,23076
2369,2080122,2083213,forward,3093,3092,13,L11-4,3,ribC,2069803,10319,pheT,2125216,42003
2370,2137808,2140897,reverse,3092,3090,14,L11-4,3,thrS,2132228,5580,nadE,2149682,8785
2371,2183503,2186594,reverse,3093,3092,15,L11-4,3,nadE,2150508,32995,gapA,2193089,6495
2372,2375538,2378628,forward,3092,3091,16,L11-4,3,pgsA,2304908,70630,metG,2420225,41597
2373,2459531,2464133,reverse,3093,4603,17,L11-4,3,metG,2422257,37274,nrdB,2523976,59843
2374,2628899,2631989,forward,3093,3091,18,L11-4,3,folE,2623918,4981,folC,2656426,24437
2375,2829024,2832116,forward,3094,3093,19,L11-4,3,hda,2818797,10227,der,2838959,6843
2376,2902961,2906053,forward,3093,3093,20,L11-4,3,suhB,2867316,35645,acpS,2906098,45
2377,2960630,2963721,reverse,3093,3092,21,L11-4,3,uppS,2957177,3453,serV,2992020,28299
2378,3401008,3404097,forward,3093,3090,22,L11-4,3,rpoD,3350082,50926,rnpB,3408494,4397
2379,3675429,3678520,forward,3093,3092,23,L11-4,3,yrfF,3645425,30004,asd,3693692,15172
2380,3770500,3773590,forward,3093,3091,24,L11-4,3,ftsY,3720245,50255,glyS,4056942,283352
2381,3854577,3857669,reverse,3093,3093,25,L11-4,3,ftsY,3720245,134332,glyS,4056942,199273
2382,3996588,3999678,forward,3092,3091,26,L11-4,3,oriC,1,252026,glyS,4056942,57264
2383,4162242,4165333,forward,3092,3092,27,L11-4,3,spoT,4150760,11482,gyrB,4198954,33621
2384,4221165,4224256,forward,3093,3092,28,L11-4,3,yidC,4207969,13196,glmS,4234711,10455
