first,last,ess_cnt,line,gen_id,is_cnt,ins_cnt,ins_cnt_simple,ess_bp,ess_IS_bp
20001,25000,1,L01-1,1,0,0,0,75,75
40001,45000,1,L01-1,1,0,0,0,1259,1259
55001,60000,3,L01-1,1,0,0,0,228,228
60001,65000,2,L01-1,1,0,0,0,1657,1657
65001,70000,1,L01-1,1,0,0,0,21,21
105001,110000,1,L01-1,1,0,0,0,545,545
120001,125000,2,L01-1,1,0,0,0,3382,3382
125001,130000,1,L01-1,1,0,0,0,0,0
195001,200000,2,L01-1,1,0,0,0,2094,2094
200001,205000,1,L01-1,1,0,0,0,1063,1063
235001,240000,1,L01-1,1,0,0,0,320,320
240001,245000,1,L01-1,1,0,0,0,537,537
245001,250000,5,L01-1,1,0,0,0,3089,3089
250001,255000,5,L01-1,1,0,0,0,1614,1614
255001,260000,3,L01-1,1,0,0,0,4603,4603
260001,265000,1,L01-1,1,0,0,0,3824,3824
325001,330000,2,L01-1,1,0,0,0,2574,2574
330001,335000,2,L01-1,1,0,0,0,1329,1329
335001,340000,1,L01-1,1,0,0,0,1415,1415
340001,345000,1,L01-1,1,0,0,0,0,0
345001,350000,1,L01-1,1,0,0,0,536,536
440001,445000,1,L01-1,1,0,0,0,171,171
445001,450000,3,L01-1,1,0,0,0,1928,1928
450001,455000,1,L01-1,1,0,0,0,406,406
460001,465000,2,L01-1,1,0,0,0,1371,1371
465001,470000,3,L01-1,1,0,0,0,1469,1469
470001,475000,1,L01-1,1,0,0,0,186,186
475001,480000,0,L01-1,1,1,0,0,0,3073
480001,485000,0,L01-1,1,1,0,0,0,20
500001,505000,1,L01-1,1,0,0,0,227,227
525001,530000,1,L01-1,1,0,0,0,530,530
550001,555000,0,L01-1,1,0,1,0,0,0
555001,560000,0,L01-1,1,1,0,0,0,2834
560001,565000,1,L01-1,1,1,1,0,2855,3114
565001,570000,2,L01-1,1,0,0,0,2182,2182
585001,590000,2,L01-1,1,0,0,0,1276,1276
640001,645000,2,L01-1,1,0,0,0,1297,1297
645001,650000,3,L01-1,1,0,0,0,3904,3904
650001,655000,1,L01-1,1,0,0,0,821,821
670001,675000,1,L01-1,1,0,0,0,479,479
675001,680000,1,L01-1,1,0,0,0,2354,2354
710001,715000,2,L01-1,1,0,1,1,1703,1703
715001,720000,5,L01-1,1,0,0,0,4997,4997
720001,725000,4,L01-1,1,0,0,0,4435,4435
725001,730000,5,L01-1,1,0,0,0,4203,4203
730001,735000,3,L01-1,1,0,0,0,3323,3323
735001,740000,1,L01-1,1,0,0,0,468,468
760001,765000,1,L01-1,1,0,0,0,662,662
775001,780000,1,L01-1,1,0,0,0,479,479
780001,785000,1,L01-1,1,0,0,0,0,0
785001,790000,1,L01-1,1,0,0,0,60,60
790001,795000,2,L01-1,1,0,0,0,1564,1564
800001,805000,1,L01-1,1,0,0,0,824,824
805001,810000,6,L01-1,1,0,0,0,3794,3794
810001,815000,5,L01-1,1,0,0,0,4759,4759
815001,820000,5,L01-1,1,0,0,0,4280,4280
820001,825000,3,L01-1,1,0,0,0,4357,4357
825001,830000,2,L01-1,1,0,0,0,2215,2215
830001,835000,1,L01-1,1,0,0,0,1607,1607
835001,840000,1,L01-1,1,0,0,0,111,111
930001,935000,1,L01-1,1,0,0,0,974,974
960001,965000,2,L01-1,1,0,0,0,2124,2124
965001,970000,3,L01-1,1,0,0,0,1933,1933
970001,975000,4,L01-1,1,0,0,0,3198,3198
975001,980000,2,L01-1,1,0,0,0,1293,1293
1010001,1015000,1,L01-1,1,0,0,0,113,113
1025001,1030000,1,L01-1,1,0,0,0,1929,1929
1030001,1035000,2,L01-1,1,0,0,0,1606,1606
1080001,1085000,3,L01-1,1,0,0,0,2306,2306
1085001,1090000,1,L01-1,1,0,0,0,667,667
1090001,1095000,1,L01-1,1,0,0,0,76,76
1165001,1170000,2,L01-1,1,0,0,0,3013,3013
1170001,1175000,4,L01-1,1,0,0,0,4064,4064
1175001,1180000,1,L01-1,1,0,0,0,771,771
1185001,1190000,0,L01-1,1,1,0,0,0,2170
1190001,1195000,0,L01-1,1,1,0,0,0,2502
1200001,1205000,1,L01-1,1,0,0,0,1358,1358
1205001,1210000,1,L01-1,1,0,1,0,42,42
1210001,1215000,1,L01-1,1,0,0,0,3160,3160
1215001,1220000,3,L01-1,1,0,0,0,3299,3299
1220001,1225000,3,L01-1,1,0,0,0,2471,2471
1225001,1230000,2,L01-1,1,0,0,0,2047,2047
1230001,1235000,1,L01-1,1,0,0,0,632,632
1250001,1255000,2,L01-1,1,0,0,0,1648,1648
1255001,1260000,2,L01-1,1,0,0,0,4247,4247
1265001,1270000,1,L01-1,1,0,0,0,218,218
1405001,1410000,0,L01-1,1,1,0,0,0,3093
1475001,1480000,2,L01-1,1,0,0,0,1031,1031
1480001,1485000,1,L01-1,1,0,0,0,1163,1163
1490001,1495000,1,L01-1,1,0,0,0,84,84
1495001,1500000,1,L01-1,1,1,0,0,1538,2309
1500001,1505000,0,L01-1,1,1,0,0,0,3892
1515001,1520000,1,L01-1,1,0,0,0,518,518
1530001,1535000,1,L01-1,1,0,0,0,87,87
1610001,1615000,2,L01-1,1,0,0,0,3620,3620
1615001,1620000,2,L01-1,1,0,0,0,1420,1420
1620001,1625000,3,L01-1,1,0,0,0,1899,1899
1625001,1630000,2,L01-1,1,0,0,0,1642,1642
1645001,1650000,3,L01-1,1,0,0,0,2840,2840
1650001,1655000,1,L01-1,1,0,0,0,297,297
1660001,1665000,1,L01-1,1,0,0,0,600,600
1665001,1670000,1,L01-1,1,0,0,0,506,506
1675001,1680000,0,L01-1,1,0,1,1,0,0
1700001,1705000,1,L01-1,1,0,0,0,584,584
1705001,1710000,4,L01-1,1,0,0,0,2920,2920
1710001,1715000,4,L01-1,1,0,0,0,3526,3526
1775001,1780000,1,L01-1,1,0,0,0,2597,2597
1780001,1785000,1,L01-1,1,0,0,0,590,590
1790001,1795000,1,L01-1,1,0,0,0,162,162
1795001,1800000,1,L01-1,1,0,0,0,626,626
1950001,1955000,0,L01-1,1,0,1,1,0,0
1985001,1990000,0,L01-1,1,1,0,0,0,3553
1990001,1995000,0,L01-1,1,1,0,0,0,1110
2030001,2035000,1,L01-1,1,0,0,0,1274,1274
2055001,2060000,1,L01-1,1,0,0,0,32,32
2060001,2065000,1,L01-1,1,0,0,0,609,609
2110001,2115000,1,L01-1,1,0,0,0,2078,2078
2115001,2120000,5,L01-1,1,0,0,0,4118,4118
2135001,2140000,1,L01-1,1,0,0,0,177,177
2140001,2145000,1,L01-1,1,0,0,0,650,650
2180001,2185000,1,L01-1,1,0,0,0,995,995
2205001,2210000,1,L01-1,1,0,0,0,695,695
2260001,2265000,1,L01-1,1,0,0,0,320,320
2265001,2270000,1,L01-1,1,0,0,0,1452,1452
2275001,2280000,1,L01-1,1,0,0,0,1734,1734
2290001,2295000,3,L01-1,1,0,0,0,707,707
2305001,2310000,0,L01-1,1,1,0,0,0,3515
2310001,2315000,0,L01-1,1,1,0,0,0,1148
2405001,2410000,1,L01-1,1,0,0,0,1099,1099
2410001,2415000,1,L01-1,1,0,0,0,934,934
2455001,2460000,1,L01-1,1,0,0,0,668,668
2495001,2500000,1,L01-1,1,0,0,0,1023,1023
2500001,2505000,1,L01-1,1,0,0,0,738,738
2545001,2550000,1,L01-1,1,0,0,0,2386,2386
2550001,2555000,1,L01-1,1,0,0,0,241,241
2555001,2560000,2,L01-1,1,0,0,0,3415,3415
2640001,2645000,2,L01-1,1,0,0,0,2182,2182
2650001,2655000,1,L01-1,1,0,0,0,1220,1220
2660001,2665000,0,L01-1,1,0,1,0,0,0
2665001,2670000,0,L01-1,1,0,1,0,0,0
2710001,2715000,1,L01-1,1,0,0,0,1415,1415
2720001,2725000,2,L01-1,1,0,0,0,3001,3001
2775001,2780000,1,L01-1,1,0,0,0,1127,1127
2780001,2785000,1,L01-1,1,0,0,0,45,45
2785001,2790000,1,L01-1,1,0,0,0,833,833
2800001,2805000,1,L01-1,1,0,0,0,746,746
2820001,2825000,1,L01-1,1,0,0,0,1472,1472
2825001,2830000,2,L01-1,1,0,0,0,2392,2392
2845001,2850000,1,L01-1,1,0,0,0,491,491
2850001,2855000,1,L01-1,1,0,0,0,312,312
2885001,2890000,2,L01-1,1,0,0,0,1285,1285
2890001,2895000,1,L01-1,1,0,0,0,974,974
2905001,2910000,1,L01-1,1,0,0,0,1208,1208
2910001,2915000,1,L01-1,1,0,0,0,147,147
2920001,2925000,1,L01-1,1,0,0,0,737,737
2930001,2935000,4,L01-1,1,0,0,0,2723,2723
2935001,2940000,2,L01-1,1,0,0,0,1471,1471
2965001,2970000,2,L01-1,1,0,0,0,159,159
2970001,2975000,2,L01-1,1,0,0,0,2748,2748
3020001,3025000,3,L01-1,1,0,0,0,1500,1500
3055001,3060000,2,L01-1,1,0,0,0,2304,2304
3060001,3065000,1,L01-1,1,0,0,0,631,631
3115001,3120000,1,L01-1,1,0,0,0,875,875
3180001,3185000,1,L01-1,1,0,0,0,1098,1098
3215001,3220000,2,L01-1,1,0,0,0,2242,2242
3230001,3235000,1,L01-1,1,0,0,0,1154,1154
3235001,3240000,1,L01-1,1,0,0,0,126,126
3240001,3245000,1,L01-1,1,0,0,0,290,290
3280001,3285000,2,L01-1,1,0,0,0,1348,1348
3285001,3290000,1,L01-1,1,0,0,0,1647,1647
3290001,3295000,1,L01-1,1,0,0,0,822,822
3295001,3300000,1,L01-1,1,0,0,0,1070,1070
3300001,3305000,1,L01-1,1,0,0,0,513,513
3305001,3310000,1,L01-1,1,0,0,0,140,140
3315001,3320000,2,L01-1,1,0,0,0,1606,1606
3320001,3325000,2,L01-1,1,0,0,0,1149,1149
3325001,3330000,2,L01-1,1,0,0,0,3450,3450
3370001,3375000,0,L01-1,1,1,0,0,0,1356
3375001,3380000,0,L01-1,1,1,0,0,0,1737
3385001,3390000,1,L01-1,1,0,0,0,374,374
3430001,3435000,2,L01-1,1,0,0,0,4159,4159
3435001,3440000,2,L01-1,1,0,0,0,492,492
3440001,3445000,2,L01-1,1,0,0,0,2865,2865
3445001,3450000,3,L01-1,1,0,0,0,1429,1429
3450001,3455000,3,L01-1,1,0,0,0,2541,2541
3455001,3460000,2,L01-1,1,0,0,0,865,865
3460001,3465000,3,L01-1,1,0,0,0,1524,1524
3485001,3490000,2,L01-1,1,0,0,0,789,789
3490001,3495000,2,L01-1,1,0,0,0,1098,1098
3505001,3510000,1,L01-1,1,0,0,0,234,234
3510001,3515000,3,L01-1,1,0,0,0,2400,2400
3515001,3520000,2,L01-1,1,0,0,0,1819,1819
3540001,3545000,1,L01-1,1,0,0,0,572,572
3545001,3550000,2,L01-1,1,0,0,0,1456,1456
3550001,3555000,6,L01-1,1,0,0,0,3593,3593
3555001,3560000,13,L01-1,1,0,0,0,4706,4706
3560001,3565000,10,L01-1,1,0,0,0,4523,4523
3565001,3570000,3,L01-1,1,0,0,0,3023,3023
3570001,3575000,1,L01-1,1,0,0,0,4,4
3605001,3610000,1,L01-1,1,0,0,0,1004,1004
3620001,3625000,1,L01-1,1,0,0,0,2135,2135
3665001,3670000,1,L01-1,1,0,0,0,771,771
3670001,3675000,1,L01-1,1,0,0,0,332,332
3690001,3695000,4,L01-1,1,0,0,0,3279,3279
3695001,3700000,1,L01-1,1,0,0,0,787,787
3700001,3705000,0,L01-1,1,0,1,1,0,0
3800001,3805000,1,L01-1,1,0,0,0,1684,1684
3805001,3810000,2,L01-1,1,0,0,0,1296,1296
3855001,3860000,1,L01-1,1,0,0,0,1019,1019
3865001,3870000,0,L01-1,1,1,0,0,0,3092
3880001,3885000,1,L01-1,1,0,0,0,622,622
3885001,3890000,5,L01-1,1,0,0,0,2801,2801
3890001,3895000,1,L01-1,1,0,0,0,224,224
3895001,3900000,2,L01-1,1,0,0,0,2468,2468
3900001,3905000,1,L01-1,1,0,0,0,263,263
3950001,3955000,1,L01-1,1,0,0,0,1540,1540
3955001,3960000,3,L01-1,1,0,0,0,3377,3377
3960001,3965000,3,L01-1,1,1,0,0,2145,3052
3965001,3970000,0,L01-1,1,1,0,0,0,3754
3985001,3990000,1,L01-1,1,0,0,0,53,53
3990001,3995000,2,L01-1,1,0,0,0,3146,3146
20001,25000,1,L01-1,2,0,0,0,75,75
40001,45000,1,L01-1,2,0,0,0,1259,1259
55001,60000,3,L01-1,2,0,0,0,228,228
60001,65000,2,L01-1,2,0,0,0,1659,1659
65001,70000,1,L01-1,2,0,0,0,18,18
105001,110000,1,L01-1,2,0,0,0,545,545
120001,125000,2,L01-1,2,0,0,0,3382,3382
195001,200000,2,L01-1,2,0,0,0,2103,2103
200001,205000,1,L01-1,2,0,0,0,1054,1054
235001,240000,1,L01-1,2,0,0,0,328,328
240001,245000,1,L01-1,2,0,0,0,529,529
245001,250000,5,L01-1,2,0,0,0,3089,3089
250001,255000,5,L01-1,2,0,0,0,1621,1621
255001,260000,3,L01-1,2,0,0,0,4603,4603
260001,265000,1,L01-1,2,0,0,0,3817,3817
325001,330000,2,L01-1,2,0,0,0,2587,2587
330001,335000,2,L01-1,2,0,0,0,1316,1316
335001,340000,1,L01-1,2,0,0,0,1415,1415
345001,350000,1,L01-1,2,0,0,0,536,536
440001,445000,1,L01-1,2,0,0,0,186,186
445001,450000,3,L01-1,2,0,0,0,1928,1928
450001,455000,1,L01-1,2,0,0,0,391,391
460001,465000,2,L01-1,2,0,0,0,1386,1386
465001,470000,3,L01-1,2,0,0,0,1469,1469
470001,475000,1,L01-1,2,0,0,0,171,171
475001,480000,0,L01-1,2,1,0,0,0,3088
480001,485000,0,L01-1,2,1,0,0,0,4
500001,505000,1,L01-1,2,0,0,0,227,227
525001,530000,1,L01-1,2,0,0,0,530,530
550001,555000,0,L01-1,2,1,1,0,0,2485
555001,560000,1,L01-1,2,1,0,0,2855,3463
560001,565000,2,L01-1,2,0,0,0,2182,2182
580001,585000,2,L01-1,2,0,0,0,1276,1276
635001,640000,2,L01-1,2,0,0,0,1258,1258
640001,645000,3,L01-1,2,0,0,0,3943,3943
645001,650000,1,L01-1,2,0,0,0,821,821
665001,670000,1,L01-1,2,0,0,0,479,479
670001,675000,1,L01-1,2,0,0,0,2354,2354
705001,710000,0,L01-1,2,1,0,0,0,3092
710001,715000,3,L01-1,2,0,0,0,3564,3564
715001,720000,5,L01-1,2,0,0,0,4997,4997
720001,725000,5,L01-1,2,0,0,0,4031,4031
725001,730000,5,L01-1,2,0,0,0,4547,4547
730001,735000,2,L01-1,2,0,0,0,1990,1990
760001,765000,1,L01-1,2,0,0,0,662,662
775001,780000,1,L01-1,2,0,0,0,479,479
785001,790000,1,L01-1,2,0,0,0,1280,1280
790001,795000,1,L01-1,2,0,0,0,344,344
795001,800000,1,L01-1,2,0,0,0,404,404
800001,805000,3,L01-1,2,0,0,0,1867,1867
805001,810000,6,L01-1,2,0,0,0,4025,4025
810001,815000,4,L01-1,2,0,0,0,4778,4778
815001,820000,5,L01-1,2,0,0,0,3817,3817
820001,825000,2,L01-1,2,0,0,0,4040,4040
825001,830000,1,L01-1,2,0,0,0,1298,1298
830001,835000,1,L01-1,2,0,0,0,1718,1718
930001,935000,1,L01-1,2,0,0,0,974,974
960001,965000,2,L01-1,2,0,0,0,2818,2818
965001,970000,4,L01-1,2,0,0,0,2969,2969
970001,975000,2,L01-1,2,0,0,0,2761,2761
1005001,1010000,1,L01-1,2,0,0,0,113,113
1025001,1030000,1,L01-1,2,0,0,0,1931,1931
1030001,1035000,2,L01-1,2,0,0,0,1606,1606
1060001,1065000,0,L01-1,2,0,1,1,0,0
1075001,1080000,1,L01-1,2,0,0,0,715,715
1080001,1085000,3,L01-1,2,0,0,0,2258,2258
1090001,1095000,1,L01-1,2,0,0,0,76,76
1160001,1165000,1,L01-1,2,0,0,0,671,671
1165001,1170000,4,L01-1,2,0,0,0,3281,3281
1170001,1175000,3,L01-1,2,0,0,0,3896,3896
1185001,1190000,0,L01-1,2,1,0,0,0,4021
1190001,1195000,1,L01-1,2,1,0,0,1400,2042
1200001,1205000,0,L01-1,2,1,0,0,0,1293
1205001,1210000,0,L01-1,2,1,0,0,0,1800
1210001,1215000,1,L01-1,2,0,0,0,1914,1914
1215001,1220000,3,L01-1,2,0,0,0,4545,4545
1220001,1225000,2,L01-1,2,0,0,0,1226,1226
1225001,1230000,2,L01-1,2,0,0,0,2251,2251
1230001,1235000,1,L01-1,2,0,0,0,1673,1673
1250001,1255000,1,L01-1,2,0,0,0,1292,1292
1255001,1260000,2,L01-1,2,0,0,0,3955,3955
1260001,1265000,1,L01-1,2,0,0,0,648,648
1265001,1270000,1,L01-1,2,0,0,0,218,218
1390001,1395000,0,L01-1,2,0,1,0,0,0
1405001,1410000,0,L01-1,2,1,0,0,0,3092
1475001,1480000,1,L01-1,2,0,0,0,530,530
1480001,1485000,1,L01-1,2,0,0,0,1664,1664
1490001,1495000,1,L01-1,2,0,0,0,84,84
1495001,1500000,1,L01-1,2,0,0,0,1538,1538
1500001,1505000,0,L01-1,2,1,0,0,0,4525
1505001,1510000,0,L01-1,2,1,0,0,0,137
1520001,1525000,1,L01-1,2,0,0,0,518,518
1535001,1540000,1,L01-1,2,0,0,0,87,87
1610001,1615000,2,L01-1,2,0,0,0,2377,2377
1615001,1620000,2,L01-1,2,0,0,0,2663,2663
1620001,1625000,3,L01-1,2,0,0,0,1899,1899
1625001,1630000,2,L01-1,2,0,0,0,1642,1642
1645001,1650000,2,L01-1,2,0,0,0,1598,1598
1650001,1655000,2,L01-1,2,0,0,0,1539,1539
1665001,1670000,1,L01-1,2,0,0,0,1106,1106
1675001,1680000,0,L01-1,2,1,1,0,0,3093
1680001,1685000,0,L01-1,2,0,1,0,0,0
1705001,1710000,1,L01-1,2,0,0,0,584,584
1710001,1715000,4,L01-1,2,0,0,0,3575,3575
1715001,1720000,4,L01-1,2,0,0,0,2871,2871
1745001,1750000,0,L01-1,2,0,1,1,0,0
1775001,1780000,1,L01-1,2,0,1,1,17,17
1780001,1785000,1,L01-1,2,0,0,0,2580,2580
1785001,1790000,1,L01-1,2,0,0,0,590,590
1790001,1795000,0,L01-1,2,0,2,0,0,0
1795001,1800000,1,L01-1,2,0,0,0,788,788
1835001,1840000,0,L01-1,2,0,1,0,0,0
1925001,1930000,0,L01-1,2,0,1,0,0,0
1955001,1960000,0,L01-1,2,1,0,0,0,2684
1960001,1965000,0,L01-1,2,1,0,0,0,409
1990001,1995000,0,L01-1,2,1,0,0,0,1105
1995001,2000000,0,L01-1,2,1,0,0,0,1989
2030001,2035000,0,L01-1,2,1,0,0,0,4524
2035001,2040000,0,L01-1,2,1,0,0,0,139
2075001,2080000,1,L01-1,2,0,0,0,1275,1275
2100001,2105000,1,L01-1,2,0,0,0,641,641
2155001,2160000,2,L01-1,2,0,0,0,3030,3030
2160001,2165000,4,L01-1,2,0,0,0,3166,3166
2170001,2175000,0,L01-1,2,0,1,1,0,0
2180001,2185000,1,L01-1,2,0,0,0,827,827
2215001,2220000,0,L01-1,2,0,1,1,0,0
2220001,2225000,1,L01-1,2,0,0,0,833,833
2225001,2230000,1,L01-1,2,0,0,0,162,162
2250001,2255000,1,L01-1,2,0,0,0,695,695
2255001,2260000,0,L01-1,2,0,1,0,0,0
2265001,2270000,0,L01-1,2,0,1,0,0,0
2305001,2310000,1,L01-1,2,0,0,0,1293,1293
2310001,2315000,1,L01-1,2,0,0,0,479,479
2320001,2325000,1,L01-1,2,0,0,0,1733,1733
2330001,2335000,1,L01-1,2,0,0,0,0,0
2335001,2340000,3,L01-1,2,0,0,0,707,707
2350001,2355000,0,L01-1,2,1,0,0,0,4488
2355001,2360000,0,L01-1,2,1,0,0,0,175
2360001,2365000,0,L01-1,2,0,1,0,0,0
2445001,2450000,0,L01-1,2,0,1,0,0,0
2450001,2455000,1,L01-1,2,0,1,0,2033,2033
2500001,2505000,1,L01-1,2,0,0,0,668,668
2540001,2545000,1,L01-1,2,0,0,0,1760,1760
2590001,2595000,1,L01-1,2,0,0,0,2627,2627
2595001,2600000,1,L01-1,2,0,0,0,290,290
2600001,2605000,2,L01-1,2,0,0,0,3125,3125
2685001,2690000,2,L01-1,2,0,0,0,2182,2182
2695001,2700000,1,L01-1,2,0,0,0,1220,1220
2705001,2710000,0,L01-1,2,1,0,0,0,3092
2710001,2715000,0,L01-1,2,0,1,0,0,0
2755001,2760000,1,L01-1,2,0,0,0,1415,1415
2760001,2765000,1,L01-1,2,0,0,0,1070,1070
2765001,2770000,2,L01-1,2,0,0,0,1930,1930
2820001,2825000,1,L01-1,2,0,0,0,1127,1127
2825001,2830000,1,L01-1,2,0,0,0,878,878
2845001,2850000,1,L01-1,2,0,0,0,746,746
2855001,2860000,0,L01-1,2,0,1,1,0,0
2860001,2865000,1,L01-1,2,0,0,0,144,144
2865001,2870000,3,L01-1,2,0,0,0,2944,2944
2870001,2875000,1,L01-1,2,0,0,0,776,776
2890001,2895000,1,L01-1,2,0,0,0,803,803
2925001,2930000,1,L01-1,2,0,0,0,380,380
2930001,2935000,2,L01-1,2,0,0,0,1879,1879
2950001,2955000,1,L01-1,2,0,0,0,1355,1355
2965001,2970000,1,L01-1,2,0,0,0,737,737
2970001,2975000,3,L01-1,2,0,0,0,1210,1210
2975001,2980000,4,L01-1,2,0,0,0,2308,2308
2980001,2985000,1,L01-1,2,0,0,0,676,676
3010001,3015000,3,L01-1,2,0,0,0,2019,2019
3015001,3020000,1,L01-1,2,0,0,0,887,887
3065001,3070000,3,L01-1,2,0,0,0,1500,1500
3095001,3100000,0,L01-1,2,0,1,0,0,0
3100001,3105000,2,L01-1,2,0,0,0,2935,2935
3110001,3115000,0,L01-1,2,0,1,0,0,0
3125001,3130000,0,L01-1,2,0,1,0,0,0
3155001,3160000,1,L01-1,2,0,0,0,875,875
3225001,3230000,1,L01-1,2,0,0,0,1098,1098
3260001,3265000,2,L01-1,2,0,0,0,2242,2242
3275001,3280000,1,L01-1,2,0,0,0,1154,1154
3280001,3285000,1,L01-1,2,0,0,0,416,416
3325001,3330000,2,L01-1,2,0,0,0,2996,2996
3335001,3340000,1,L01-1,2,0,0,0,1892,1892
3345001,3350000,1,L01-1,2,0,0,0,653,653
3355001,3360000,1,L01-1,2,0,0,0,1238,1238
3360001,3365000,1,L01-1,2,0,0,0,368,368
3365001,3370000,3,L01-1,2,0,0,0,3048,3048
3370001,3375000,1,L01-1,2,0,0,0,1551,1551
3415001,3420000,0,L01-1,2,1,0,0,0,3092
3425001,3430000,1,L01-1,2,0,0,0,24,24
3430001,3435000,1,L01-1,2,0,0,0,352,352
3470001,3475000,1,L01-1,2,0,0,0,1898,1898
3475001,3480000,2,L01-1,2,0,0,0,2261,2261
3480001,3485000,3,L01-1,2,0,0,0,1662,1662
3485001,3490000,1,L01-1,2,0,0,0,1695,1695
3490001,3495000,5,L01-1,2,0,0,0,2716,2716
3495001,3500000,1,L01-1,2,0,0,0,1254,1254
3500001,3505000,4,L01-1,2,0,0,0,2389,2389
3530001,3535000,2,L01-1,2,0,0,0,820,820
3535001,3540000,1,L01-1,2,0,0,0,1067,1067
3550001,3555000,3,L01-1,2,0,0,0,2269,2269
3555001,3560000,2,L01-1,2,0,0,0,650,650
3560001,3565000,2,L01-1,2,0,0,0,1534,1534
3585001,3590000,3,L01-1,2,0,0,0,2028,2028
3590001,3595000,2,L01-1,2,0,0,0,1066,1066
3595001,3600000,10,L01-1,2,0,0,0,4587,4587
3600001,3605000,13,L01-1,2,0,0,0,4684,4684
3605001,3610000,6,L01-1,2,0,0,0,2734,2734
3610001,3615000,3,L01-1,2,0,0,0,2778,2778
3650001,3655000,1,L01-1,2,0,0,0,1004,1004
3660001,3665000,1,L01-1,2,0,0,0,180,180
3665001,3670000,1,L01-1,2,0,0,0,1955,1955
3710001,3715000,1,L01-1,2,0,0,0,1103,1103
3730001,3735000,1,L01-1,2,0,0,0,629,629
3735001,3740000,4,L01-1,2,0,0,0,3437,3437
3745001,3750000,0,L01-1,2,1,0,0,0,2496
3750001,3755000,0,L01-1,2,1,1,0,0,2167
3850001,3855000,2,L01-1,2,0,0,0,2980,2980
3880001,3885000,0,L01-1,2,0,1,1,0,0
3900001,3905000,1,L01-1,2,0,0,0,1019,1019
3910001,3915000,0,L01-1,2,1,0,0,0,902
3915001,3920000,0,L01-1,2,1,0,0,0,2190
20001,25000,1,L01-2,1,0,0,0,75,75
40001,45000,1,L01-2,1,0,0,0,1259,1259
55001,60000,3,L01-2,1,0,0,0,228,228
60001,65000,2,L01-2,1,0,0,0,1657,1657
65001,70000,1,L01-2,1,0,0,0,21,21
105001,110000,1,L01-2,1,0,0,0,545,545
120001,125000,2,L01-2,1,0,0,0,3382,3382
125001,130000,1,L01-2,1,0,0,0,0,0
195001,200000,2,L01-2,1,0,0,0,2094,2094
200001,205000,1,L01-2,1,0,0,0,1063,1063
235001,240000,1,L01-2,1,0,0,0,320,320
240001,245000,1,L01-2,1,0,0,0,537,537
245001,250000,5,L01-2,1,0,0,0,3089,3089
250001,255000,5,L01-2,1,0,0,0,1614,1614
255001,260000,3,L01-2,1,0,0,0,4603,4603
260001,265000,1,L01-2,1,0,0,0,3824,3824
325001,330000,2,L01-2,1,0,0,0,2574,2574
330001,335000,2,L01-2,1,0,0,0,1329,1329
335001,340000,1,L01-2,1,0,0,0,1415,1415
340001,345000,1,L01-2,1,0,0,0,0,0
345001,350000,1,L01-2,1,0,0,0,536,536
440001,445000,1,L01-2,1,0,0,0,171,171
445001,450000,3,L01-2,1,0,0,0,1928,1928
450001,455000,1,L01-2,1,0,0,0,406,406
460001,465000,2,L01-2,1,0,0,0,1371,1371
465001,470000,3,L01-2,1,0,0,0,1469,1469
470001,475000,1,L01-2,1,0,0,0,186,186
475001,480000,0,L01-2,1,1,0,0,0,3073
480001,485000,0,L01-2,1,1,0,0,0,20
500001,505000,1,L01-2,1,0,0,0,227,227
525001,530000,1,L01-2,1,0,0,0,530,530
530001,535000,0,L01-2,1,0,1,0,0,0
555001,560000,0,L01-2,1,1,0,0,0,2834
560001,565000,1,L01-2,1,1,0,0,2855,3114
565001,570000,2,L01-2,1,0,0,0,2182,2182
570001,575000,0,L01-2,1,0,1,0,0,0
585001,590000,2,L01-2,1,0,1,0,1276,1276
640001,645000,2,L01-2,1,0,0,0,1297,1297
645001,650000,3,L01-2,1,0,0,0,3904,3904
650001,655000,1,L01-2,1,0,0,0,821,821
670001,675000,1,L01-2,1,0,0,0,479,479
675001,680000,1,L01-2,1,0,0,0,2354,2354
710001,715000,2,L01-2,1,0,0,0,1703,1703
715001,720000,5,L01-2,1,0,0,0,4997,4997
720001,725000,4,L01-2,1,0,0,0,4435,4435
725001,730000,5,L01-2,1,0,0,0,4203,4203
730001,735000,3,L01-2,1,0,0,0,3323,3323
735001,740000,1,L01-2,1,0,0,0,468,468
760001,765000,1,L01-2,1,0,0,0,662,662
775001,780000,1,L01-2,1,0,0,0,479,479
780001,785000,1,L01-2,1,0,0,0,0,0
785001,790000,1,L01-2,1,0,0,0,60,60
790001,795000,2,L01-2,1,0,0,0,1564,1564
800001,805000,1,L01-2,1,0,0,0,824,824
805001,810000,6,L01-2,1,0,0,0,3794,3794
810001,815000,5,L01-2,1,0,0,0,4759,4759
815001,820000,5,L01-2,1,0,0,0,4280,4280
820001,825000,3,L01-2,1,0,0,0,4357,4357
825001,830000,2,L01-2,1,0,0,0,2215,2215
830001,835000,1,L01-2,1,0,0,0,1607,1607
835001,840000,1,L01-2,1,0,0,0,111,111
930001,935000,1,L01-2,1,0,0,0,974,974
960001,965000,2,L01-2,1,0,0,0,2124,2124
965001,970000,3,L01-2,1,0,0,0,1933,1933
970001,975000,4,L01-2,1,0,0,0,3198,3198
975001,980000,2,L01-2,1,0,0,0,1293,1293
1010001,1015000,1,L01-2,1,0,0,0,113,113
1025001,1030000,1,L01-2,1,0,0,0,1929,1929
1030001,1035000,2,L01-2,1,0,0,0,1606,1606
1080001,1085000,3,L01-2,1,0,0,0,2306,2306
1085001,1090000,1,L01-2,1,0,0,0,667,667
1090001,1095000,1,L01-2,1,0,0,0,76,76
1165001,1170000,2,L01-2,1,0,0,0,3013,3013
1170001,1175000,4,L01-2,1,0,0,0,4064,4064
1175001,1180000,1,L01-2,1,0,0,0,771,771
1185001,1190000,0,L01-2,1,1,0,0,0,2170
1190001,1195000,0,L01-2,1,1,1,0,0,2502
1200001,1205000,1,L01-2,1,0,0,0,1358,1358
1205001,1210000,1,L01-2,1,0,1,0,42,42
1210001,1215000,1,L01-2,1,0,0,0,3160,3160
1215001,1220000,3,L01-2,1,0,0,0,3299,3299
1220001,1225000,3,L01-2,1,0,0,0,2471,2471
1225001,1230000,2,L01-2,1,0,0,0,2047,2047
1230001,1235000,1,L01-2,1,0,0,0,632,632
1250001,1255000,2,L01-2,1,0,0,0,1648,1648
1255001,1260000,2,L01-2,1,0,0,0,4247,4247
1265001,1270000,1,L01-2,1,0,0,0,218,218
1405001,1410000,0,L01-2,1,1,0,0,0,3093
1475001,1480000,2,L01-2,1,0,0,0,1031,1031
1480001,1485000,1,L01-2,1,0,0,0,1163,1163
1490001,1495000,1,L01-2,1,0,0,0,84,84
1495001,1500000,1,L01-2,1,1,0,0,1538,2309
1500001,1505000,0,L01-2,1,1,0,0,0,3892
1515001,1520000,1,L01-2,1,0,0,0,518,518
1530001,1535000,1,L01-2,1,0,0,0,87,87
1610001,1615000,2,L01-2,1,0,0,0,3620,3620
1615001,1620000,2,L01-2,1,0,0,0,1420,1420
1620001,1625000,3,L01-2,1,0,0,0,1899,1899
1625001,1630000,2,L01-2,1,0,0,0,1642,1642
1645001,1650000,3,L01-2,1,0,0,0,2840,2840
1650001,1655000,1,L01-2,1,0,0,0,297,297
1660001,1665000,1,L01-2,1,0,0,0,600,600
1665001,1670000,1,L01-2,1,0,0,0,506,506
1700001,1705000,1,L01-2,1,0,0,0,584,584
1705001,1710000,4,L01-2,1,0,0,0,2920,2920
1710001,1715000,4,L01-2,1,0,0,0,3526,3526
1775001,1780000,1,L01-2,1,0,0,0,2597,2597
1780001,1785000,1,L01-2,1,0,0,0,590,590
1790001,1795000,1,L01-2,1,0,0,0,162,162
1795001,1800000,1,L01-2,1,0,0,0,626,626
1985001,1990000,0,L01-2,1,1,0,0,0,3553
1990001,1995000,0,L01-2,1,1,0,0,0,1110
2030001,2035000,1,L01-2,1,0,0,0,1274,1274
2055001,2060000,1,L01-2,1,0,0,0,32,32
2060001,2065000,1,L01-2,1,0,0,0,609,609
2100001,2105000,0,L01-2,1,0,1,1,0,0
2110001,2115000,1,L01-2,1,0,0,0,2078,2078
2115001,2120000,5,L01-2,1,0,0,0,4118,4118
2135001,2140000,1,L01-2,1,0,0,0,177,177
2140001,2145000,1,L01-2,1,0,0,0,650,650
2180001,2185000,1,L01-2,1,0,0,0,995,995
2205001,2210000,1,L01-2,1,0,0,0,695,695
2260001,2265000,1,L01-2,1,0,0,0,320,320
2265001,2270000,1,L01-2,1,0,0,0,1452,1452
2275001,2280000,1,L01-2,1,0,0,0,1734,1734
2290001,2295000,3,L01-2,1,0,0,0,707,707
2305001,2310000,0,L01-2,1,1,1,0,0,3515
2310001,2315000,0,L01-2,1,1,0,0,0,1148
2405001,2410000,1,L01-2,1,0,0,0,1099,1099
2410001,2415000,1,L01-2,1,0,0,0,934,934
2455001,2460000,1,L01-2,1,0,0,0,668,668
2495001,2500000,1,L01-2,1,0,0,0,1023,1023
2500001,2505000,1,L01-2,1,0,0,0,738,738
2545001,2550000,1,L01-2,1,0,0,0,2386,2386
2550001,2555000,1,L01-2,1,0,0,0,241,241
2555001,2560000,2,L01-2,1,0,0,0,3415,3415
2640001,2645000,2,L01-2,1,0,0,0,2182,2182
2650001,2655000,1,L01-2,1,0,0,0,1220,1220
2710001,2715000,1,L01-2,1,0,0,0,1415,1415
2720001,2725000,2,L01-2,1,0,0,0,3001,3001
2775001,2780000,1,L01-2,1,0,0,0,1127,1127
2780001,2785000,1,L01-2,1,0,0,0,45,45
2785001,2790000,1,L01-2,1,0,0,0,833,833
2800001,2805000,1,L01-2,1,0,0,0,746,746
2820001,2825000,1,L01-2,1,0,0,0,1472,1472
2825001,2830000,2,L01-2,1,0,0,0,2392,2392
2845001,2850000,1,L01-2,1,0,0,0,491,491
2850001,2855000,1,L01-2,1,0,0,0,312,312
2885001,2890000,2,L01-2,1,0,0,0,1285,1285
2890001,2895000,1,L01-2,1,0,0,0,974,974
2905001,2910000,1,L01-2,1,0,0,0,1208,1208
2910001,2915000,1,L01-2,1,0,0,0,147,147
2920001,2925000,1,L01-2,1,0,0,0,737,737
2930001,2935000,4,L01-2,1,0,0,0,2723,2723
2935001,2940000,2,L01-2,1,0,0,0,1471,1471
2965001,2970000,2,L01-2,1,0,0,0,159,159
2970001,2975000,2,L01-2,1,0,0,0,2748,2748
3020001,3025000,3,L01-2,1,0,0,0,1500,1500
3055001,3060000,2,L01-2,1,0,0,0,2304,2304
3060001,3065000,1,L01-2,1,0,0,0,631,631
3115001,3120000,1,L01-2,1,0,0,0,875,875
3180001,3185000,1,L01-2,1,0,0,0,1098,1098
3215001,3220000,2,L01-2,1,0,0,0,2242,2242
3230001,3235000,1,L01-2,1,0,0,0,1154,1154
3235001,3240000,1,L01-2,1,0,0,0,126,126
3240001,3245000,1,L01-2,1,0,0,0,290,290
3280001,3285000,2,L01-2,1,0,0,0,1348,1348
3285001,3290000,1,L01-2,1,0,0,0,1647,1647
3290001,3295000,1,L01-2,1,0,0,0,822,822
3295001,3300000,1,L01-2,1,0,0,0,1070,1070
3300001,3305000,1,L01-2,1,0,0,0,513,513
3305001,3310000,1,L01-2,1,0,0,0,140,140
3315001,3320000,2,L01-2,1,0,0,0,1606,1606
3320001,3325000,2,L01-2,1,0,0,0,1149,1149
3325001,3330000,2,L01-2,1,0,0,0,3450,3450
3370001,3375000,0,L01-2,1,1,0,0,0,1356
3375001,3380000,0,L01-2,1,1,0,0,0,1737
3385001,3390000,1,L01-2,1,0,0,0,374,374
3430001,3435000,2,L01-2,1,0,0,0,4159,4159
3435001,3440000,2,L01-2,1,0,0,0,492,492
3440001,3445000,2,L01-2,1,0,0,0,2865,2865
3445001,3450000,3,L01-2,1,0,0,0,1429,1429
3450001,3455000,3,L01-2,1,0,0,0,2541,2541
3455001,3460000,2,L01-2,1,0,0,0,865,865
3460001,3465000,3,L01-2,1,0,0,0,1524,1524
3485001,3490000,2,L01-2,1,0,0,0,789,789
3490001,3495000,2,L01-2,1,0,0,0,1098,1098
3505001,3510000,1,L01-2,1,0,0,0,234,234
3510001,3515000,3,L01-2,1,0,0,0,2400,2400
3515001,3520000,2,L01-2,1,0,0,0,1819,1819
3520001,3525000,0,L01-2,1,0,1,0,0,0
3525001,3530000,0,L01-2,1,0,1,0,0,0
3540001,3545000,1,L01-2,1,0,0,0,572,572
3545001,3550000,2,L01-2,1,0,0,0,1456,1456
3550001,3555000,6,L01-2,1,0,0,0,3593,3593
3555001,3560000,13,L01-2,1,0,0,0,4706,4706
3560001,3565000,10,L01-2,1,0,0,0,4523,4523
3565001,3570000,3,L01-2,1,0,0,0,3023,3023
3570001,3575000,1,L01-2,1,0,0,0,4,4
3605001,3610000,1,L01-2,1,0,0,0,1004,1004
3620001,3625000,1,L01-2,1,0,0,0,2135,2135
3665001,3670000,1,L01-2,1,0,0,0,771,771
3670001,3675000,1,L01-2,1,0,0,0,332,332
3690001,3695000,4,L01-2,1,0,0,0,3279,3279
3695001,3700000,1,L01-2,1,0,0,0,787,787
3800001,3805000,1,L01-2,1,0,0,0,1684,1684
3805001,3810000,2,L01-2,1,0,0,0,1296,1296
3855001,3860000,1,L01-2,1,0,0,0,1019,1019
3865001,3870000,0,L01-2,1,1,1,1,0,3092
3880001,3885000,1,L01-2,1,0,0,0,622,622
3885001,3890000,5,L01-2,1,0,0,0,2801,2801
3890001,3895000,1,L01-2,1,0,0,0,224,224
3895001,3900000,2,L01-2,1,0,0,0,2468,2468
3900001,3905000,1,L01-2,1,0,0,0,263,263
3950001,3955000,1,L01-2,1,0,0,0,1540,1540
3955001,3960000,3,L01-2,1,0,0,0,3377,3377
3960001,3965000,3,L01-2,1,1,0,0,2145,3052
3965001,3970000,0,L01-2,1,1,0,0,0,3754
3985001,3990000,1,L01-2,1,0,0,0,53,53
3990001,3995000,2,L01-2,1,0,0,0,3146,3146
20001,25000,1,L01-2,2,0,0,0,75,75
40001,45000,1,L01-2,2,0,0,0,1259,1259
55001,60000,3,L01-2,2,0,0,0,228,228
60001,65000,2,L01-2,2,0,0,0,1660,1660
65001,70000,1,L01-2,2,0,0,0,18,18
105001,110000,1,L01-2,2,0,0,0,545,545
120001,125000,2,L01-2,2,0,0,0,3382,3382
125001,130000,1,L01-2,2,0,0,0,0,0
195001,200000,2,L01-2,2,0,0,0,2096,2096
200001,205000,1,L01-2,2,0,0,0,1061,1061
235001,240000,1,L01-2,2,0,0,0,321,321
240001,245000,1,L01-2,2,0,0,0,536,536
245001,250000,5,L01-2,2,0,0,0,3089,3089
250001,255000,5,L01-2,2,0,0,0,1618,1618
255001,260000,3,L01-2,2,0,0,0,4603,4603
260001,265000,1,L01-2,2,0,0,0,3820,3820
325001,330000,2,L01-2,2,0,0,0,2581,2581
330001,335000,2,L01-2,2,0,0,0,1322,1322
335001,340000,1,L01-2,2,0,0,0,1415,1415
345001,350000,1,L01-2,2,0,0,0,536,536
440001,445000,1,L01-2,2,0,0,0,178,178
445001,450000,3,L01-2,2,0,0,0,1928,1928
450001,455000,1,L01-2,2,0,0,0,399,399
460001,465000,2,L01-2,2,0,0,0,1377,1377
465001,470000,3,L01-2,2,0,0,0,1469,1469
470001,475000,1,L01-2,2,0,0,0,180,180
475001,480000,0,L01-2,2,1,0,0,0,3079
480001,485000,0,L01-2,2,1,0,0,0,13
500001,505000,1,L01-2,2,0,0,0,227,227
525001,530000,1,L01-2,2,0,0,0,530,530
530001,535000,0,L01-2,2,1,0,0,0,3093
535001,540000,0,L01-2,2,0,1,0,0,0
550001,555000,0,L01-2,2,1,0,0,0,3093
555001,560000,0,L01-2,2,0,1,0,0,0
610001,615000,3,L01-2,2,0,0,0,4251,4251
615001,620000,2,L01-2,2,0,0,0,1771,1771
635001,640000,1,L01-2,2,0,0,0,479,479
640001,645000,1,L01-2,2,0,0,0,1483,1483
645001,650000,1,L01-2,2,0,0,0,871,871
675001,680000,1,L01-2,2,0,0,0,205,205
680001,685000,5,L01-2,2,0,0,0,4984,4984
685001,690000,5,L01-2,2,0,0,0,4943,4943
690001,695000,4,L01-2,2,0,0,0,4024,4024
695001,700000,4,L01-2,2,0,0,0,4353,4353
700001,705000,1,L01-2,2,0,0,0,620,620
730001,735000,1,L01-2,2,0,0,0,662,662
745001,750000,1,L01-2,2,0,0,0,479,479
755001,760000,2,L01-2,2,0,0,0,1624,1624
765001,770000,1,L01-2,2,0,0,0,824,824
770001,775000,4,L01-2,2,0,0,0,2666,2666
775001,780000,6,L01-2,2,0,0,0,4405,4405
780001,785000,4,L01-2,2,0,0,0,4254,4254
785001,790000,4,L01-2,2,0,0,0,4366,4366
790001,795000,2,L01-2,2,0,0,0,2416,2416
795001,800000,2,L01-2,2,0,0,0,1393,1393
800001,805000,1,L01-2,2,0,0,0,1623,1623
900001,905000,1,L01-2,2,0,0,0,974,974
925001,930000,1,L01-2,2,0,0,0,623,623
930001,935000,2,L01-2,2,0,0,0,2195,2195
935001,940000,4,L01-2,2,0,0,0,2969,2969
940001,945000,2,L01-2,2,0,0,0,2761,2761
975001,980000,1,L01-2,2,0,0,0,113,113
990001,995000,1,L01-2,2,0,0,0,1179,1179
995001,1000000,3,L01-2,2,0,0,0,1612,1612
1000001,1005000,1,L01-2,2,0,0,0,746,746
1045001,1050000,2,L01-2,2,0,0,0,1673,1673
1050001,1055000,2,L01-2,2,0,0,0,1299,1299
1055001,1060000,1,L01-2,2,0,0,0,76,76
1130001,1135000,2,L01-2,2,0,0,0,2300,2300
1135001,1140000,5,L01-2,2,0,0,0,3269,3269
1140001,1145000,1,L01-2,2,0,0,0,2279,2279
1150001,1155000,0,L01-2,2,1,0,0,0,653
1155001,1160000,0,L01-2,2,1,0,0,0,4008
1160001,1165000,1,L01-2,2,0,0,0,1400,1400
1170001,1175000,0,L01-2,2,1,0,0,0,3093
1175001,1180000,1,L01-2,2,0,0,0,1016,1016
1180001,1185000,3,L01-2,2,0,0,0,4992,4992
1185001,1190000,2,L01-2,2,0,0,0,1197,1197
1190001,1195000,2,L01-2,2,0,0,0,2731,2731
1195001,1200000,1,L01-2,2,0,0,0,1673,1673
1215001,1220000,1,L01-2,2,0,0,0,949,949
1220001,1225000,3,L01-2,2,0,0,0,3399,3399
1225001,1230000,1,L01-2,2,0,0,0,1547,1547
1230001,1235000,1,L01-2,2,0,0,0,218,218
1370001,1375000,0,L01-2,2,1,0,0,0,2731
1375001,1380000,0,L01-2,2,1,0,0,0,361
1435001,1440000,0,L01-2,2,0,1,1,0,0
1440001,1445000,1,L01-2,2,0,0,0,530,530
1445001,1450000,1,L01-2,2,0,0,0,1664,1664
1455001,1460000,1,L01-2,2,0,0,0,84,84
1460001,1465000,1,L01-2,2,0,0,0,1483,1483
1465001,1470000,1,L01-2,2,1,0,0,55,3684
1470001,1475000,0,L01-2,2,1,0,0,0,1033
1485001,1490000,1,L01-2,2,0,0,0,518,518
1500001,1505000,1,L01-2,2,0,0,0,87,87
1525001,1530000,0,L01-2,2,0,1,1,0,0
1575001,1580000,1,L01-2,2,0,0,0,1535,1535
1580001,1585000,2,L01-2,2,0,0,0,3505,3505
1585001,1590000,2,L01-2,2,0,0,0,1389,1389
1590001,1595000,4,L01-2,2,0,0,0,1518,1518
1595001,1600000,1,L01-2,2,0,0,0,634,634
1610001,1615000,1,L01-2,2,0,0,0,705,705
1615001,1620000,3,L01-2,2,0,0,0,2432,2432
1630001,1635000,1,L01-2,2,0,0,0,1106,1106
1670001,1675000,3,L01-2,2,0,0,0,1582,1582
1675001,1680000,5,L01-2,2,0,0,0,4594,4594
1680001,1685000,1,L01-2,2,0,0,0,854,854
1740001,1745000,1,L01-2,2,0,0,0,2228,2228
1745001,1750000,1,L01-2,2,0,0,0,369,369
1750001,1755000,1,L01-2,2,0,0,0,590,590
1760001,1765000,1,L01-2,2,0,0,0,788,788
1950001,1955000,0,L01-2,2,1,0,0,0,1423
1955001,1960000,0,L01-2,2,1,0,0,0,1670
1995001,2000000,1,L01-2,2,0,0,0,1126,1126
2000001,2005000,1,L01-2,2,0,0,0,149,149
2025001,2030000,1,L01-2,2,0,0,0,641,641
2065001,2070000,0,L01-2,2,1,1,0,0,2327
2070001,2075000,0,L01-2,2,1,0,0,0,766
2085001,2090000,1,L01-2,2,0,0,0,514,514
2090001,2095000,3,L01-2,2,0,0,0,2619,2619
2095001,2100000,1,L01-2,2,1,0,0,1904,3939
2100001,2105000,0,L01-2,2,1,0,0,0,1058
2110001,2115000,2,L01-2,2,0,0,0,3114,3114
2115001,2120000,4,L01-2,2,0,0,0,3082,3082
2135001,2140000,1,L01-2,2,0,0,0,827,827
2175001,2180000,1,L01-2,2,0,0,0,919,919
2180001,2185000,1,L01-2,2,0,0,0,76,76
2205001,2210000,1,L01-2,2,0,0,0,695,695
2260001,2265000,1,L01-2,2,0,0,0,1385,1385
2265001,2270000,1,L01-2,2,0,0,0,387,387
2270001,2275000,1,L01-2,2,0,0,0,73,73
2275001,2280000,1,L01-2,2,0,0,0,1660,1660
2285001,2290000,2,L01-2,2,0,0,0,85,85
2290001,2295000,3,L01-2,2,0,0,0,622,622
2305001,2310000,0,L01-2,2,1,0,0,0,4660
2405001,2410000,1,L01-2,2,0,0,0,2033,2033
2455001,2460000,1,L01-2,2,0,0,0,668,668
2495001,2500000,1,L01-2,2,0,0,0,1761,1761
2545001,2550000,1,L01-2,2,0,0,0,2627,2627
2550001,2555000,1,L01-2,2,0,0,0,489,489
2555001,2560000,2,L01-2,2,0,0,0,2926,2926
2640001,2645000,2,L01-2,2,0,0,0,2182,2182
2650001,2655000,1,L01-2,2,0,0,0,1220,1220
2660001,2665000,0,L01-2,2,0,2,0,0,0
2665001,2670000,0,L01-2,2,0,1,0,0,0
2710001,2715000,1,L01-2,2,0,0,0,1415,1415
2715001,2720000,1,L01-2,2,0,0,0,154,154
2720001,2725000,2,L01-2,2,0,0,0,2847,2847
2775001,2780000,1,L01-2,2,0,0,0,1127,1127
2780001,2785000,1,L01-2,2,0,0,0,878,878
2800001,2805000,1,L01-2,2,0,0,0,746,746
2820001,2825000,2,L01-2,2,0,0,0,2284,2284
2825001,2830000,2,L01-2,2,0,0,0,1580,1580
2845001,2850000,1,L01-2,2,0,0,0,803,803
2885001,2890000,3,L01-2,2,0,0,0,2065,2065
2890001,2895000,1,L01-2,2,0,0,0,194,194
2905001,2910000,1,L01-2,2,0,0,0,1355,1355
2920001,2925000,1,L01-2,2,0,0,0,737,737
2925001,2930000,2,L01-2,2,0,0,0,891,891
2930001,2935000,4,L01-2,2,0,0,0,1833,1833
2935001,2940000,2,L01-2,2,0,0,0,1470,1470
2965001,2970000,3,L01-2,2,0,0,0,1106,1106
2970001,2975000,1,L01-2,2,0,0,0,1800,1800
3020001,3025000,3,L01-2,2,0,0,0,1500,1500
3055001,3060000,2,L01-2,2,0,0,0,2935,2935
3110001,3115000,1,L01-2,2,0,0,0,56,56
3115001,3120000,1,L01-2,2,0,0,0,819,819
3180001,3185000,1,L01-2,2,0,0,0,1098,1098
3215001,3220000,2,L01-2,2,0,0,0,2242,2242
3225001,3230000,0,L01-2,2,0,1,1,0,0
3230001,3235000,1,L01-2,2,0,0,0,1154,1154
3235001,3240000,1,L01-2,2,0,0,0,416,416
3280001,3285000,2,L01-2,2,0,0,0,2530,2530
3285001,3290000,1,L01-2,2,0,0,0,465,465
3290001,3295000,1,L01-2,2,0,0,0,1892,1892
3300001,3305000,1,L01-2,2,0,0,0,652,652
3310001,3315000,1,L01-2,2,0,0,0,536,536
3315001,3320000,2,L01-2,2,0,0,0,1070,1070
3320001,3325000,2,L01-2,2,0,0,0,2333,2333
3325001,3330000,2,L01-2,2,0,0,0,2266,2266
3370001,3375000,0,L01-2,2,1,0,0,0,2543
3375001,3380000,0,L01-2,2,1,0,0,0,550
3385001,3390000,1,L01-2,2,0,0,0,376,376
3425001,3430000,1,L01-2,2,0,0,0,992,992
3430001,3435000,2,L01-2,2,0,0,0,3167,3167
3435001,3440000,2,L01-2,2,0,0,0,1423,1423
3440001,3445000,1,L01-2,2,0,0,0,1934,1934
3445001,3450000,4,L01-2,2,0,0,0,2364,2364
3450001,3455000,2,L01-2,2,0,0,0,1606,1606
3455001,3460000,4,L01-2,2,0,0,0,2054,2054
3460001,3465000,1,L01-2,2,0,0,0,335,335
3485001,3490000,2,L01-2,2,0,0,0,820,820
3490001,3495000,1,L01-2,2,0,0,0,1067,1067
3505001,3510000,2,L01-2,2,0,0,0,1430,1430
3510001,3515000,2,L01-2,2,0,0,0,1204,1204
3515001,3520000,2,L01-2,2,0,0,0,1819,1819
3520001,3525000,0,L01-2,2,1,0,0,0,2317
3525001,3530000,0,L01-2,2,1,0,0,0,774
3540001,3545000,1,L01-2,2,0,0,0,572,572
3545001,3550000,2,L01-2,2,0,0,0,1456,1456
3550001,3555000,6,L01-2,2,0,0,0,2863,2863
3555001,3560000,11,L01-2,2,0,0,0,4871,4871
3560001,3565000,11,L01-2,2,0,0,0,4743,4743
3565001,3570000,4,L01-2,2,0,0,0,2735,2735
3570001,3575000,2,L01-2,2,0,0,0,637,637
3605001,3610000,1,L01-2,2,0,0,0,1004,1004
3620001,3625000,1,L01-2,2,0,0,0,2135,2135
3665001,3670000,1,L01-2,2,0,0,0,44,44
3670001,3675000,1,L01-2,2,0,0,0,1059,1059
3690001,3695000,3,L01-2,2,0,0,0,2555,2555
3695001,3700000,2,L01-2,2,0,0,0,1511,1511
3720001,3725000,0,L01-2,2,0,1,0,0,0
3745001,3750000,0,L01-2,2,0,1,0,0,0
3790001,3795000,0,L01-2,2,0,1,1,0,0
3800001,3805000,1,L01-2,2,0,0,0,960,960
3805001,3810000,2,L01-2,2,0,0,0,2020,2020
3855001,3860000,1,L01-2,2,0,0,0,1019,1019
3865001,3870000,0,L01-2,2,1,0,0,0,2895
3870001,3875000,0,L01-2,2,2,0,0,0,3289
3885001,3890000,2,L01-2,2,0,0,0,1756,1756
3890001,3895000,3,L01-2,2,0,0,0,1891,1891
3900001,3905000,2,L01-2,2,0,0,0,2731,2731
3955001,3960000,1,L01-2,2,0,0,0,2414,2414
3960001,3965000,5,L01-2,2,0,0,0,3354,3354
3965001,3970000,1,L01-2,2,1,0,0,1294,3385
3970001,3975000,0,L01-2,2,1,0,0,0,2572
5001,10000,0,L01-3,1,0,1,1,0,0
20001,25000,1,L01-3,1,0,0,0,75,75
40001,45000,1,L01-3,1,0,0,0,1259,1259
55001,60000,3,L01-3,1,0,0,0,228,228
60001,65000,2,L01-3,1,0,0,0,1657,1657
65001,70000,1,L01-3,1,0,0,0,21,21
105001,110000,1,L01-3,1,0,0,0,545,545
120001,125000,2,L01-3,1,0,0,0,3382,3382
125001,130000,1,L01-3,1,0,0,0,0,0
195001,200000,2,L01-3,1,0,0,0,2094,2094
200001,205000,1,L01-3,1,0,0,0,1063,1063
235001,240000,1,L01-3,1,0,0,0,320,320
240001,245000,1,L01-3,1,0,0,0,537,537
245001,250000,5,L01-3,1,0,0,0,3089,3089
250001,255000,5,L01-3,1,0,0,0,1614,1614
255001,260000,3,L01-3,1,0,0,0,4603,4603
260001,265000,1,L01-3,1,0,0,0,3824,3824
325001,330000,2,L01-3,1,0,0,0,2574,2574
330001,335000,2,L01-3,1,0,0,0,1329,1329
335001,340000,1,L01-3,1,0,0,0,1415,1415
340001,345000,1,L01-3,1,0,0,0,0,0
345001,350000,1,L01-3,1,0,0,0,536,536
440001,445000,1,L01-3,1,0,0,0,171,171
445001,450000,3,L01-3,1,0,0,0,1928,1928
450001,455000,1,L01-3,1,0,0,0,406,406
460001,465000,2,L01-3,1,0,0,0,1371,1371
465001,470000,3,L01-3,1,0,0,0,1469,1469
470001,475000,1,L01-3,1,0,0,0,186,186
475001,480000,0,L01-3,1,1,0,0,0,3073
480001,485000,0,L01-3,1,1,0,0,0,20
500001,505000,1,L01-3,1,0,0,0,227,227
525001,530000,1,L01-3,1,0,0,0,530,530
545001,550000,0,L01-3,1,0,1,0,0,0
555001,560000,0,L01-3,1,1,0,0,0,2834
560001,565000,1,L01-3,1,1,1,0,2855,3114
565001,570000,2,L01-3,1,0,0,0,2182,2182
585001,590000,2,L01-3,1,0,0,0,1276,1276
640001,645000,2,L01-3,1,0,0,0,1297,1297
645001,650000,3,L01-3,1,0,0,0,3904,3904
650001,655000,1,L01-3,1,0,0,0,821,821
670001,675000,1,L01-3,1,0,0,0,479,479
675001,680000,1,L01-3,1,0,0,0,2354,2354
710001,715000,2,L01-3,1,0,0,0,1703,1703
715001,720000,5,L01-3,1,0,0,0,4997,4997
720001,725000,4,L01-3,1,0,0,0,4435,4435
725001,730000,5,L01-3,1,0,0,0,4203,4203
730001,735000,3,L01-3,1,0,0,0,3323,3323
735001,740000,1,L01-3,1,0,0,0,468,468
760001,765000,1,L01-3,1,0,0,0,662,662
775001,780000,1,L01-3,1,0,0,0,479,479
780001,785000,1,L01-3,1,0,0,0,0,0
785001,790000,1,L01-3,1,0,0,0,60,60
790001,795000,2,L01-3,1,0,0,0,1564,1564
800001,805000,1,L01-3,1,0,0,0,824,824
805001,810000,6,L01-3,1,0,0,0,3794,3794
810001,815000,5,L01-3,1,0,0,0,4759,4759
815001,820000,5,L01-3,1,0,0,0,4280,4280
820001,825000,3,L01-3,1,0,0,0,4357,4357
825001,830000,2,L01-3,1,0,0,0,2215,2215
830001,835000,1,L01-3,1,0,0,0,1607,1607
835001,840000,1,L01-3,1,0,0,0,111,111
930001,935000,1,L01-3,1,0,0,0,974,974
960001,965000,2,L01-3,1,0,0,0,2124,2124
965001,970000,3,L01-3,1,0,0,0,1933,1933
970001,975000,4,L01-3,1,0,0,0,3198,3198
975001,980000,2,L01-3,1,0,0,0,1293,1293
1010001,1015000,1,L01-3,1,0,0,0,113,113
1025001,1030000,1,L01-3,1,0,0,0,1929,1929
1030001,1035000,2,L01-3,1,0,0,0,1606,1606
1080001,1085000,3,L01-3,1,0,0,0,2306,2306
1085001,1090000,1,L01-3,1,0,0,0,667,667
1090001,1095000,1,L01-3,1,0,0,0,76,76
1165001,1170000,2,L01-3,1,0,0,0,3013,3013
1170001,1175000,4,L01-3,1,0,0,0,4064,4064
1175001,1180000,1,L01-3,1,0,0,0,771,771
1180001,1185000,0,L01-3,1,0,1,0,0,0
1185001,1190000,0,L01-3,1,1,0,0,0,2170
1190001,1195000,0,L01-3,1,1,1,0,0,2502
1200001,1205000,1,L01-3,1,0,0,0,1358,1358
1205001,1210000,1,L01-3,1,0,0,0,42,42
1210001,1215000,1,L01-3,1,0,0,0,3160,3160
1215001,1220000,3,L01-3,1,0,0,0,3299,3299
1220001,1225000,3,L01-3,1,0,0,0,2471,2471
1225001,1230000,2,L01-3,1,0,0,0,2047,2047
1230001,1235000,1,L01-3,1,0,0,0,632,632
1250001,1255000,2,L01-3,1,0,0,0,1648,1648
1255001,1260000,2,L01-3,1,0,0,0,4247,4247
1265001,1270000,1,L01-3,1,0,0,0,218,218
1405001,1410000,0,L01-3,1,1,0,0,0,3093
1475001,1480000,2,L01-3,1,0,0,0,1031,1031
1480001,1485000,1,L01-3,1,0,0,0,1163,1163
1490001,1495000,1,L01-3,1,0,0,0,84,84
1495001,1500000,1,L01-3,1,1,0,0,1538,2309
1500001,1505000,0,L01-3,1,1,0,0,0,3892
1515001,1520000,1,L01-3,1,0,0,0,518,518
1530001,1535000,1,L01-3,1,0,0,0,87,87
1575001,1580000,0,L01-3,1,0,1,1,0,0
1610001,1615000,2,L01-3,1,0,0,0,3620,3620
1615001,1620000,2,L01-3,1,0,0,0,1420,1420
1620001,1625000,3,L01-3,1,0,0,0,1899,1899
1625001,1630000,2,L01-3,1,0,0,0,1642,1642
1645001,1650000,3,L01-3,1,0,0,0,2840,2840
1650001,1655000,1,L01-3,1,0,0,0,297,297
1660001,1665000,1,L01-3,1,0,0,0,600,600
1665001,1670000,1,L01-3,1,0,0,0,506,506
1700001,1705000,1,L01-3,1,0,0,0,584,584
1705001,1710000,4,L01-3,1,0,0,0,2920,2920
1710001,1715000,4,L01-3,1,0,0,0,3526,3526
1755001,1760000,0,L01-3,1,0,1,1,0,0
1775001,1780000,1,L01-3,1,0,0,0,2597,2597
1780001,1785000,1,L01-3,1,0,0,0,590,590
1790001,1795000,1,L01-3,1,0,0,0,162,162
1795001,1800000,1,L01-3,1,0,0,0,626,626
1825001,1830000,0,L01-3,1,0,1,0,0,0
1835001,1840000,0,L01-3,1,0,1,0,0,0
1845001,1850000,0,L01-3,1,0,1,0,0,0
1930001,1935000,0,L01-3,1,0,1,1,0,0
1985001,1990000,0,L01-3,1,1,0,0,0,3553
1990001,1995000,0,L01-3,1,1,0,0,0,1110
2030001,2035000,1,L01-3,1,0,0,0,1274,1274
2055001,2060000,1,L01-3,1,0,0,0,32,32
2060001,2065000,1,L01-3,1,0,0,0,609,609
2110001,2115000,1,L01-3,1,0,0,0,2078,2078
2115001,2120000,5,L01-3,1,0,0,0,4118,4118
2135001,2140000,1,L01-3,1,0,0,0,177,177
2140001,2145000,1,L01-3,1,0,0,0,650,650
2180001,2185000,1,L01-3,1,0,0,0,995,995
2205001,2210000,1,L01-3,1,0,0,0,695,695
2260001,2265000,1,L01-3,1,0,0,0,320,320
2265001,2270000,1,L01-3,1,0,0,0,1452,1452
2275001,2280000,1,L01-3,1,0,0,0,1734,1734
2290001,2295000,3,L01-3,1,0,0,0,707,707
2305001,2310000,0,L01-3,1,1,0,0,0,3515
2310001,2315000,0,L01-3,1,1,0,0,0,1148
2405001,2410000,1,L01-3,1,0,0,0,1099,1099
2410001,2415000,1,L01-3,1,0,0,0,934,934
2455001,2460000,1,L01-3,1,0,0,0,668,668
2495001,2500000,1,L01-3,1,0,0,0,1023,1023
2500001,2505000,1,L01-3,1,0,0,0,738,738
2520001,2525000,0,L01-3,1,0,1,1,0,0
2545001,2550000,1,L01-3,1,0,0,0,2386,2386
2550001,2555000,1,L01-3,1,0,0,0,241,241
2555001,2560000,2,L01-3,1,0,0,0,3415,3415
2640001,2645000,2,L01-3,1,0,0,0,2182,2182
2650001,2655000,1,L01-3,1,0,0,0,1220,1220
2710001,2715000,1,L01-3,1,0,0,0,1415,1415
2720001,2725000,2,L01-3,1,0,0,0,3001,3001
2775001,2780000,1,L01-3,1,0,0,0,1127,1127
2780001,2785000,1,L01-3,1,0,0,0,45,45
2785001,2790000,1,L01-3,1,0,0,0,833,833
2800001,2805000,1,L01-3,1,0,0,0,746,746
2815001,2820000,0,L01-3,1,0,1,1,0,0
2820001,2825000,1,L01-3,1,0,0,0,1472,1472
2825001,2830000,2,L01-3,1,0,0,0,2392,2392
2845001,2850000,1,L01-3,1,0,0,0,491,491
2850001,2855000,1,L01-3,1,0,0,0,312,312
2885001,2890000,2,L01-3,1,0,0,0,1285,1285
2890001,2895000,1,L01-3,1,0,0,0,974,974
2905001,2910000,1,L01-3,1,0,0,0,1208,1208
2910001,2915000,1,L01-3,1,0,0,0,147,147
2920001,2925000,1,L01-3,1,0,0,0,737,737
2930001,2935000,4,L01-3,1,0,0,0,2723,2723
2935001,2940000,2,L01-3,1,0,0,0,1471,1471
2955001,2960000,0,L01-3,1,0,1,1,0,0
2965001,2970000,2,L01-3,1,0,0,0,159,159
2970001,2975000,2,L01-3,1,0,0,0,2748,2748
3020001,3025000,3,L01-3,1,0,0,0,1500,1500
3055001,3060000,2,L01-3,1,0,0,0,2304,2304
3060001,3065000,1,L01-3,1,0,0,0,631,631
3115001,3120000,1,L01-3,1,0,0,0,875,875
3180001,3185000,1,L01-3,1,0,0,0,1098,1098
3215001,3220000,2,L01-3,1,0,0,0,2242,2242
3230001,3235000,1,L01-3,1,0,0,0,1154,1154
3235001,3240000,1,L01-3,1,0,0,0,126,126
3240001,3245000,1,L01-3,1,0,0,0,290,290
3280001,3285000,2,L01-3,1,0,0,0,1348,1348
3285001,3290000,1,L01-3,1,0,0,0,1647,1647
3290001,3295000,1,L01-3,1,0,0,0,822,822
3295001,3300000,1,L01-3,1,0,0,0,1070,1070
3300001,3305000,1,L01-3,1,0,0,0,513,513
3305001,3310000,1,L01-3,1,0,0,0,140,140
3315001,3320000,2,L01-3,1,0,0,0,1606,1606
3320001,3325000,2,L01-3,1,0,0,0,1149,1149
3325001,3330000,2,L01-3,1,0,0,0,3450,3450
3370001,3375000,0,L01-3,1,1,0,0,0,1356
3375001,3380000,0,L01-3,1,1,0,0,0,1737
3385001,3390000,1,L01-3,1,0,0,0,374,374
3430001,3435000,2,L01-3,1,0,0,0,4159,4159
3435001,3440000,2,L01-3,1,0,0,0,492,492
3440001,3445000,2,L01-3,1,0,0,0,2865,2865
3445001,3450000,3,L01-3,1,0,0,0,1429,1429
3450001,3455000,3,L01-3,1,0,0,0,2541,2541
3455001,3460000,2,L01-3,1,0,0,0,865,865
3460001,3465000,3,L01-3,1,0,0,0,1524,1524
3475001,3480000,0,L01-3,1,0,2,0,0,0
3485001,3490000,2,L01-3,1,0,0,0,789,789
3490001,3495000,2,L01-3,1,0,0,0,1098,1098
3505001,3510000,1,L01-3,1,0,0,0,234,234
3510001,3515000,3,L01-3,1,0,0,0,2400,2400
3515001,3520000,2,L01-3,1,0,0,0,1819,1819
3540001,3545000,1,L01-3,1,0,0,0,572,572
3545001,3550000,2,L01-3,1,0,0,0,1456,1456
3550001,3555000,6,L01-3,1,0,0,0,3593,3593
3555001,3560000,13,L01-3,1,0,0,0,4706,4706
3560001,3565000,10,L01-3,1,0,0,0,4523,4523
3565001,3570000,3,L01-3,1,0,0,0,3023,3023
3570001,3575000,1,L01-3,1,0,0,0,4,4
3605001,3610000,1,L01-3,1,0,0,0,1004,1004
3620001,3625000,1,L01-3,1,0,0,0,2135,2135
3665001,3670000,1,L01-3,1,0,0,0,771,771
3670001,3675000,1,L01-3,1,0,0,0,332,332
3690001,3695000,4,L01-3,1,0,0,0,3279,3279
3695001,3700000,1,L01-3,1,0,0,0,787,787
3800001,3805000,1,L01-3,1,0,0,0,1684,1684
3805001,3810000,2,L01-3,1,0,0,0,1296,1296
3855001,3860000,1,L01-3,1,0,0,0,1019,1019
3865001,3870000,0,L01-3,1,1,0,0,0,3092
3880001,3885000,1,L01-3,1,0,0,0,622,622
3885001,3890000,5,L01-3,1,0,0,0,2801,2801
3890001,3895000,1,L01-3,1,0,0,0,224,224
3895001,3900000,2,L01-3,1,0,0,0,2468,2468
3900001,3905000,1,L01-3,1,0,0,0,263,263
3930001,3935000,0,L01-3,1,0,1,1,0,0
3950001,3955000,1,L01-3,1,0,0,0,1540,1540
3955001,3960000,3,L01-3,1,0,0,0,3377,3377
3960001,3965000,3,L01-3,1,1,0,0,2145,3052
3965001,3970000,0,L01-3,1,1,0,0,0,3754
3985001,3990000,1,L01-3,1,0,0,0,53,53
3990001,3995000,2,L01-3,1,0,0,0,3146,3146
5001,10000,0,L01-3,2,1,0,0,0,3091
20001,25000,1,L01-3,2,0,0,0,75,75
40001,45000,1,L01-3,2,0,0,0,1232,1232
45001,50000,1,L01-3,2,0,0,0,27,27
55001,60000,2,L01-3,2,0,0,0,152,152
60001,65000,1,L01-3,2,0,0,0,76,76
65001,70000,2,L01-3,2,0,0,0,1678,1678
110001,115000,1,L01-3,2,0,0,0,545,545
120001,125000,1,L01-3,2,0,0,0,687,687
125001,130000,2,L01-3,2,0,0,0,2694,2694
195001,200000,1,L01-3,2,0,0,0,276,276
200001,205000,2,L01-3,2,0,0,0,2881,2881
240001,245000,1,L01-3,2,0,0,0,857,857
245001,250000,1,L01-3,2,0,0,0,601,601
250001,255000,6,L01-3,2,0,0,0,2788,2788
255001,260000,5,L01-3,2,0,0,0,2903,2903
260001,265000,2,L01-3,2,0,0,0,4923,4923
265001,270000,1,L01-3,2,0,0,0,1915,1915
330001,335000,3,L01-3,2,0,0,0,3837,3837
335001,340000,1,L01-3,2,0,0,0,66,66
340001,345000,1,L01-3,2,0,0,0,1415,1415
350001,355000,1,L01-3,2,0,0,0,536,536
445001,450000,2,L01-3,2,0,0,0,1939,1939
450001,455000,1,L01-3,2,0,0,0,566,566
465001,470000,3,L01-3,2,0,0,0,2565,2565
470001,475000,1,L01-3,2,0,0,0,461,461
475001,480000,0,L01-3,2,1,0,0,0,0
480001,485000,0,L01-3,2,1,0,0,0,3093
505001,510000,1,L01-3,2,0,0,0,227,227
525001,530000,1,L01-3,2,0,0,0,530,530
550001,555000,0,L01-3,2,1,0,0,0,2750
555001,560000,1,L01-3,2,1,0,0,2855,3198
560001,565000,2,L01-3,2,0,0,0,2182,2182
580001,585000,2,L01-3,2,0,0,0,1276,1276
635001,640000,2,L01-3,2,0,0,0,1493,1493
640001,645000,3,L01-3,2,0,0,0,3708,3708
645001,650000,1,L01-3,2,0,0,0,820,820
665001,670000,1,L01-3,2,0,0,0,479,479
670001,675000,1,L01-3,2,0,0,0,2354,2354
705001,710000,2,L01-3,2,0,0,0,1898,1898
710001,715000,5,L01-3,2,0,0,0,4997,4997
715001,720000,4,L01-3,2,0,0,0,4239,4239
720001,725000,5,L01-3,2,0,0,0,4399,4399
725001,730000,3,L01-3,2,0,0,0,3323,3323
730001,735000,1,L01-3,2,0,0,0,272,272
755001,760000,1,L01-3,2,0,0,0,662,662
770001,775000,1,L01-3,2,0,0,0,479,479
780001,785000,1,L01-3,2,0,0,0,259,259
785001,790000,2,L01-3,2,0,0,0,1365,1365
795001,800000,2,L01-3,2,0,0,0,974,974
800001,805000,6,L01-3,2,0,0,0,3843,3843
805001,810000,5,L01-3,2,0,0,0,4759,4759
810001,815000,5,L01-3,2,0,0,0,4280,4280
815001,820000,3,L01-3,2,0,0,0,4357,4357
820001,825000,2,L01-3,2,0,0,0,2015,2015
825001,830000,1,L01-3,2,0,0,0,1718,1718
925001,930000,1,L01-3,2,0,0,0,974,974
955001,960000,2,L01-3,2,0,0,0,2331,2331
960001,965000,3,L01-3,2,0,0,0,1933,1933
965001,970000,4,L01-3,2,0,0,0,3198,3198
970001,975000,2,L01-3,2,0,0,0,1086,1086
1005001,1010000,1,L01-3,2,0,0,0,113,113
1020001,1025000,1,L01-3,2,0,0,0,1931,1931
1025001,1030000,2,L01-3,2,0,0,0,1606,1606
1045001,1050000,0,L01-3,2,0,2,0,0,0
1075001,1080000,3,L01-3,2,0,0,0,2516,2516
1080001,1085000,1,L01-3,2,0,0,0,455,455
1085001,1090000,1,L01-3,2,0,0,0,76,76
1160001,1165000,2,L01-3,2,0,0,0,3013,3013
1165001,1170000,4,L01-3,2,0,0,0,4280,4280
1170001,1175000,1,L01-3,2,0,0,0,555,555
1175001,1180000,0,L01-3,2,1,0,0,0,3093
1185001,1190000,1,L01-3,2,0,0,0,0,0
1190001,1195000,1,L01-3,2,0,0,0,1400,1400
1195001,1200000,1,L01-3,2,0,0,0,1791,1791
1200001,1205000,3,L01-3,2,0,0,0,4668,4668
1205001,1210000,2,L01-3,2,0,0,0,1103,1103
1210001,1215000,2,L01-3,2,0,0,0,2374,2374
1215001,1220000,1,L01-3,2,0,0,0,1673,1673
1235001,1240000,1,L01-3,2,0,0,0,1292,1292
1240001,1245000,2,L01-3,2,0,0,0,3831,3831
1245001,1250000,1,L01-3,2,0,0,0,772,772
1250001,1255000,1,L01-3,2,0,0,0,218,218
1390001,1395000,0,L01-3,2,1,0,0,0,3092
1460001,1465000,1,L01-3,2,0,0,0,530,530
1465001,1470000,1,L01-3,2,0,0,0,1664,1664
1475001,1480000,1,L01-3,2,0,0,0,84,84
1480001,1485000,1,L01-3,2,0,0,0,1538,1538
1485001,1490000,0,L01-3,2,1,0,0,0,4409
1490001,1495000,0,L01-3,2,1,0,0,0,254
1505001,1510000,1,L01-3,2,0,0,0,518,518
1520001,1525000,1,L01-3,2,0,0,0,87,87
1560001,1565000,0,L01-3,2,1,0,0,0,2804
1565001,1570000,0,L01-3,2,1,1,0,0,289
1600001,1605000,2,L01-3,2,0,0,0,4168,4168
1605001,1610000,2,L01-3,2,0,0,0,872,872
1610001,1615000,3,L01-3,2,0,0,0,1899,1899
1615001,1620000,2,L01-3,2,0,0,0,1642,1642
1635001,1640000,3,L01-3,2,0,0,0,3137,3137
1650001,1655000,1,L01-3,2,0,0,0,1106,1106
1690001,1695000,1,L01-3,2,0,0,0,584,584
1695001,1700000,4,L01-3,2,0,0,0,3467,3467
1700001,1705000,4,L01-3,2,0,0,0,2979,2979
1745001,1750000,0,L01-3,2,1,0,0,0,2187
1750001,1755000,0,L01-3,2,1,0,0,0,906
1765001,1770000,1,L01-3,2,0,0,0,1810,1810
1770001,1775000,1,L01-3,2,0,0,0,787,787
1775001,1780000,1,L01-3,2,0,0,0,590,590
1785001,1790000,1,L01-3,2,0,0,0,788,788
1815001,1820000,0,L01-3,2,1,0,0,0,754
1820001,1825000,0,L01-3,2,1,0,0,0,2339
1835001,1840000,0,L01-3,2,1,1,0,0,3092
1920001,1925000,0,L01-3,2,1,0,0,0,2328
1925001,1930000,0,L01-3,2,1,0,0,0,768
1960001,1965000,0,L01-3,2,0,1,0,0,0
1975001,1980000,0,L01-3,2,1,0,0,0,1470
1980001,1985000,0,L01-3,2,1,0,0,0,1622
2020001,2025000,1,L01-3,2,0,0,0,1173,1173
2025001,2030000,1,L01-3,2,0,0,0,101,101
2050001,2055000,1,L01-3,2,0,0,0,641,641
2100001,2105000,1,L01-3,2,0,0,0,1575,1575
2105001,2110000,5,L01-3,2,0,0,0,4183,4183
2110001,2115000,1,L01-3,2,0,0,0,438,438
2130001,2135000,1,L01-3,2,0,0,0,827,827
2170001,2175000,1,L01-3,2,0,0,0,995,995
2195001,2200000,1,L01-3,2,0,0,0,695,695
2255001,2260000,1,L01-3,2,0,0,0,1772,1772
2265001,2270000,1,L01-3,2,0,0,0,1733,1733
2280001,2285000,3,L01-3,2,0,0,0,707,707
2295001,2300000,0,L01-3,2,1,0,0,0,3019
2300001,2305000,0,L01-3,2,1,0,0,0,1644
2310001,2315000,0,L01-3,2,0,1,0,0,0
2395001,2400000,1,L01-3,2,0,0,0,611,611
2400001,2405000,1,L01-3,2,0,1,0,1422,1422
2445001,2450000,1,L01-3,2,0,0,0,668,668
2485001,2490000,1,L01-3,2,0,0,0,535,535
2490001,2495000,1,L01-3,2,0,0,0,1225,1225
2510001,2515000,0,L01-3,2,1,0,0,0,704
2515001,2520000,0,L01-3,2,1,0,0,0,2388
2540001,2545000,1,L01-3,2,0,0,0,2627,2627
2545001,2550000,1,L01-3,2,0,0,0,729,729
2550001,2555000,2,L01-3,2,0,0,0,2686,2686
2635001,2640000,2,L01-3,2,0,0,0,2181,2181
2640001,2645000,1,L01-3,2,0,0,0,213,213
2645001,2650000,1,L01-3,2,0,0,0,1007,1007
2705001,2710000,1,L01-3,2,0,0,0,1415,1415
2710001,2715000,1,L01-3,2,0,0,0,395,395
2715001,2720000,2,L01-3,2,0,0,0,2604,2604
2770001,2775000,1,L01-3,2,0,0,0,1127,1127
2775001,2780000,1,L01-3,2,0,0,0,878,878
2795001,2800000,1,L01-3,2,0,0,0,746,746
2810001,2815000,0,L01-3,2,1,0,0,0,1470
2815001,2820000,1,L01-3,2,1,0,0,1369,2991
2820001,2825000,3,L01-3,2,0,0,0,2495,2495
2845001,2850000,1,L01-3,2,0,0,0,803,803
2880001,2885000,1,L01-3,2,0,0,0,380,380
2885001,2890000,2,L01-3,2,0,0,0,1879,1879
2905001,2910000,1,L01-3,2,0,0,0,1355,1355
2915001,2920000,1,L01-3,2,0,0,0,737,737
2925001,2930000,4,L01-3,2,0,0,0,2185,2185
2930001,2935000,3,L01-3,2,0,0,0,2009,2009
2950001,2955000,0,L01-3,2,1,0,0,0,2530
2955001,2960000,0,L01-3,2,1,0,0,0,2133
2970001,2975000,3,L01-3,2,0,0,0,2906,2906
3020001,3025000,3,L01-3,2,0,0,0,1362,1362
3025001,3030000,1,L01-3,2,0,0,0,138,138
3055001,3060000,1,L01-3,2,0,0,0,1042,1042
3060001,3065000,2,L01-3,2,0,0,0,1893,1893
3115001,3120000,1,L01-3,2,0,0,0,875,875
3145001,3150000,0,L01-3,2,0,2,0,0,0
3180001,3185000,1,L01-3,2,0,0,0,1098,1098
3215001,3220000,2,L01-3,2,0,0,0,1197,1197
3220001,3225000,1,L01-3,2,0,0,0,1045,1045
3235001,3240000,1,L01-3,2,0,0,0,1154,1154
3240001,3245000,1,L01-3,2,0,0,0,416,416
3280001,3285000,1,L01-3,2,0,0,0,248,248
3285001,3290000,2,L01-3,2,0,0,0,2747,2747
3295001,3300000,1,L01-3,2,0,0,0,1892,1892
3305001,3310000,1,L01-3,2,0,0,0,653,653
3315001,3320000,2,L01-3,2,0,0,0,1606,1606
3320001,3325000,1,L01-3,2,0,0,0,381,381
3325001,3330000,3,L01-3,2,0,0,0,4218,4218
3350001,3355000,0,L01-3,2,0,1,0,0,0
3370001,3375000,0,L01-3,2,1,0,0,0,27
3375001,3380000,0,L01-3,2,1,0,0,0,3066
3380001,3385000,0,L01-3,2,0,1,0,0,0
3385001,3390000,1,L01-3,2,0,0,0,375,375
3430001,3435000,2,L01-3,2,0,0,0,3447,3447
3435001,3440000,1,L01-3,2,0,0,0,712,712
3440001,3445000,3,L01-3,2,0,0,0,3237,3237
3445001,3450000,2,L01-3,2,0,0,0,1292,1292
3450001,3455000,4,L01-3,2,0,0,0,2798,2798
3460001,3465000,4,L01-3,2,0,0,0,2387,2387
3475001,3480000,0,L01-3,2,1,0,0,0,931
3480001,3485000,0,L01-3,2,1,0,0,0,2161
3490001,3495000,2,L01-3,2,0,0,0,820,820
3495001,3500000,1,L01-3,2,0,0,0,1067,1067
3510001,3515000,3,L01-3,2,0,0,0,2169,2169
3515001,3520000,2,L01-3,2,0,0,0,651,651
3520001,3525000,2,L01-3,2,0,0,0,1633,1633
3545001,3550000,3,L01-3,2,0,0,0,2028,2028
3550001,3555000,2,L01-3,2,0,0,0,965,965
3555001,3560000,10,L01-3,2,0,0,0,4587,4587
3560001,3565000,13,L01-3,2,0,0,0,4685,4685
3565001,3570000,6,L01-3,2,0,0,0,2734,2734
3570001,3575000,3,L01-3,2,0,0,0,2877,2877
3610001,3615000,1,L01-3,2,0,0,0,1004,1004
3620001,3625000,1,L01-3,2,0,0,0,82,82
3625001,3630000,1,L01-3,2,0,0,0,2053,2053
3670001,3675000,1,L01-3,2,0,0,0,1103,1103
3690001,3695000,1,L01-3,2,0,0,0,530,530
3695001,3700000,4,L01-3,2,0,0,0,3535,3535
3805001,3810000,2,L01-3,2,0,0,0,2980,2980
3855001,3860000,1,L01-3,2,0,0,0,1019,1019
3860001,3865000,0,L01-3,2,0,1,0,0,0
3865001,3870000,0,L01-3,2,1,0,0,0,479
3870001,3875000,0,L01-3,2,1,0,0,0,2613
3885001,3890000,2,L01-3,2,0,0,0,1756,1756
3890001,3895000,3,L01-3,2,0,0,0,1891,1891
3900001,3905000,2,L01-3,2,0,0,0,2731,2731
3930001,3935000,0,L01-3,2,1,0,0,0,1790
3935001,3940000,0,L01-3,2,1,0,0,0,1302
3945001,3950000,0,L01-3,2,0,1,0,0,0
20001,25000,1,L01-4,1,0,0,0,75,75
40001,45000,1,L01-4,1,0,0,0,1259,1259
55001,60000,3,L01-4,1,0,0,0,228,228
60001,65000,2,L01-4,1,0,0,0,1657,1657
65001,70000,1,L01-4,1,0,0,0,21,21
105001,110000,1,L01-4,1,0,0,0,545,545
120001,125000,2,L01-4,1,0,0,0,3382,3382
125001,130000,1,L01-4,1,0,0,0,0,0
195001,200000,2,L01-4,1,0,0,0,2094,2094
200001,205000,1,L01-4,1,0,0,0,1063,1063
235001,240000,1,L01-4,1,0,0,0,320,320
240001,245000,1,L01-4,1,0,0,0,537,537
245001,250000,5,L01-4,1,0,0,0,3089,3089
250001,255000,5,L01-4,1,0,0,0,1614,1614
255001,260000,3,L01-4,1,0,0,0,4603,4603
260001,265000,1,L01-4,1,0,0,0,3824,3824
325001,330000,2,L01-4,1,0,0,0,2574,2574
330001,335000,2,L01-4,1,0,0,0,1329,1329
335001,340000,1,L01-4,1,0,0,0,1415,1415
340001,345000,1,L01-4,1,0,0,0,0,0
345001,350000,1,L01-4,1,0,0,0,536,536
440001,445000,1,L01-4,1,0,0,0,171,171
445001,450000,3,L01-4,1,0,0,0,1928,1928
450001,455000,1,L01-4,1,0,0,0,406,406
460001,465000,2,L01-4,1,0,0,0,1371,1371
465001,470000,3,L01-4,1,0,0,0,1469,1469
470001,475000,1,L01-4,1,0,0,0,186,186
475001,480000,0,L01-4,1,1,0,0,0,3073
480001,485000,0,L01-4,1,1,0,0,0,20
500001,505000,1,L01-4,1,0,0,0,227,227
525001,530000,1,L01-4,1,0,0,0,530,530
555001,560000,0,L01-4,1,1,0,0,0,2834
560001,565000,1,L01-4,1,1,0,0,2855,3114
565001,570000,2,L01-4,1,0,0,0,2182,2182
585001,590000,2,L01-4,1,0,0,0,1276,1276
640001,645000,2,L01-4,1,0,0,0,1297,1297
645001,650000,3,L01-4,1,0,0,0,3904,3904
650001,655000,1,L01-4,1,0,0,0,821,821
670001,675000,1,L01-4,1,0,0,0,479,479
675001,680000,1,L01-4,1,0,0,0,2354,2354
710001,715000,2,L01-4,1,0,0,0,1703,1703
715001,720000,5,L01-4,1,0,0,0,4997,4997
720001,725000,4,L01-4,1,0,0,0,4435,4435
725001,730000,5,L01-4,1,0,0,0,4203,4203
730001,735000,3,L01-4,1,0,0,0,3323,3323
735001,740000,1,L01-4,1,0,0,0,468,468
760001,765000,1,L01-4,1,0,0,0,662,662
775001,780000,1,L01-4,1,0,0,0,479,479
780001,785000,1,L01-4,1,0,0,0,0,0
785001,790000,1,L01-4,1,0,0,0,60,60
790001,795000,2,L01-4,1,0,0,0,1564,1564
800001,805000,1,L01-4,1,0,0,0,824,824
805001,810000,6,L01-4,1,0,0,0,3794,3794
810001,815000,5,L01-4,1,0,0,0,4759,4759
815001,820000,5,L01-4,1,0,0,0,4280,4280
820001,825000,3,L01-4,1,0,0,0,4357,4357
825001,830000,2,L01-4,1,0,0,0,2215,2215
830001,835000,1,L01-4,1,0,0,0,1607,1607
835001,840000,1,L01-4,1,0,0,0,111,111
930001,935000,1,L01-4,1,0,0,0,974,974
960001,965000,2,L01-4,1,0,0,0,2124,2124
965001,970000,3,L01-4,1,0,0,0,1933,1933
970001,975000,4,L01-4,1,0,0,0,3198,3198
975001,980000,2,L01-4,1,0,0,0,1293,1293
1010001,1015000,1,L01-4,1,0,0,0,113,113
1025001,1030000,1,L01-4,1,0,0,0,1929,1929
1030001,1035000,2,L01-4,1,0,0,0,1606,1606
1080001,1085000,3,L01-4,1,0,0,0,2306,2306
1085001,1090000,1,L01-4,1,0,0,0,667,667
1090001,1095000,1,L01-4,1,0,0,0,76,76
1165001,1170000,2,L01-4,1,0,0,0,3013,3013
1170001,1175000,4,L01-4,1,0,0,0,4064,4064
1175001,1180000,1,L01-4,1,0,0,0,771,771
1185001,1190000,0,L01-4,1,1,0,0,0,2170
1190001,1195000,0,L01-4,1,1,0,0,0,2502
1200001,1205000,1,L01-4,1,0,0,0,1358,1358
1205001,1210000,1,L01-4,1,0,1,0,42,42
1210001,1215000,1,L01-4,1,0,0,0,3160,3160
1215001,1220000,3,L01-4,1,0,0,0,3299,3299
1220001,1225000,3,L01-4,1,0,0,0,2471,2471
1225001,1230000,2,L01-4,1,0,0,0,2047,2047
1230001,1235000,1,L01-4,1,0,0,0,632,632
1250001,1255000,2,L01-4,1,0,0,0,1648,1648
1255001,1260000,2,L01-4,1,0,0,0,4247,4247
1265001,1270000,1,L01-4,1,0,0,0,218,218
1405001,1410000,0,L01-4,1,1,0,0,0,3093
1475001,1480000,2,L01-4,1,0,0,0,1031,1031
1480001,1485000,1,L01-4,1,0,0,0,1163,1163
1490001,1495000,1,L01-4,1,0,0,0,84,84
1495001,1500000,1,L01-4,1,1,0,0,1538,2309
1500001,1505000,0,L01-4,1,1,0,0,0,3892
1515001,1520000,1,L01-4,1,0,0,0,518,518
1530001,1535000,1,L01-4,1,0,0,0,87,87
1610001,1615000,2,L01-4,1,0,0,0,3620,3620
1615001,1620000,2,L01-4,1,0,0,0,1420,1420
1620001,1625000,3,L01-4,1,0,0,0,1899,1899
1625001,1630000,2,L01-4,1,0,0,0,1642,1642
1645001,1650000,3,L01-4,1,0,0,0,2840,2840
1650001,1655000,1,L01-4,1,0,0,0,297,297
1660001,1665000,1,L01-4,1,0,0,0,600,600
1665001,1670000,1,L01-4,1,0,0,0,506,506
1700001,1705000,1,L01-4,1,0,0,0,584,584
1705001,1710000,4,L01-4,1,0,0,0,2920,2920
1710001,1715000,4,L01-4,1,0,0,0,3526,3526
1775001,1780000,1,L01-4,1,0,0,0,2597,2597
1780001,1785000,1,L01-4,1,0,0,0,590,590
1790001,1795000,1,L01-4,1,0,0,0,162,162
1795001,1800000,1,L01-4,1,0,0,0,626,626
1825001,1830000,0,L01-4,1,0,1,1,0,0
1985001,1990000,0,L01-4,1,1,0,0,0,3553
1990001,1995000,0,L01-4,1,1,0,0,0,1110
2030001,2035000,1,L01-4,1,0,0,0,1274,1274
2035001,2040000,0,L01-4,1,0,1,1,0,0
2055001,2060000,1,L01-4,1,0,0,0,32,32
2060001,2065000,1,L01-4,1,0,0,0,609,609
2110001,2115000,1,L01-4,1,0,0,0,2078,2078
2115001,2120000,5,L01-4,1,0,0,0,4118,4118
2120001,2125000,0,L01-4,1,0,1,1,0,0
2135001,2140000,1,L01-4,1,0,0,0,177,177
2140001,2145000,1,L01-4,1,0,0,0,650,650
2180001,2185000,1,L01-4,1,0,0,0,995,995
2205001,2210000,1,L01-4,1,0,0,0,695,695
2260001,2265000,1,L01-4,1,0,0,0,320,320
2265001,2270000,1,L01-4,1,0,0,0,1452,1452
2275001,2280000,1,L01-4,1,0,0,0,1734,1734
2290001,2295000,3,L01-4,1,0,0,0,707,707
2305001,2310000,0,L01-4,1,1,0,0,0,3515
2310001,2315000,0,L01-4,1,1,0,0,0,1148
2335001,2340000,0,L01-4,1,0,1,0,0,0
2405001,2410000,1,L01-4,1,0,0,0,1099,1099
2410001,2415000,1,L01-4,1,0,0,0,934,934
2455001,2460000,1,L01-4,1,0,0,0,668,668
2465001,2470000,0,L01-4,1,0,1,1,0,0
2495001,2500000,1,L01-4,1,0,0,0,1023,1023
2500001,2505000,1,L01-4,1,0,0,0,738,738
2545001,2550000,1,L01-4,1,0,0,0,2386,2386
2550001,2555000,1,L01-4,1,0,0,0,241,241
2555001,2560000,2,L01-4,1,0,0,0,3415,3415
2575001,2580000,0,L01-4,1,0,1,1,0,0
2640001,2645000,2,L01-4,1,0,0,0,2182,2182
2650001,2655000,1,L01-4,1,0,0,0,1220,1220
2710001,2715000,1,L01-4,1,0,0,0,1415,1415
2720001,2725000,2,L01-4,1,0,0,0,3001,3001
2765001,2770000,0,L01-4,1,0,1,1,0,0
2775001,2780000,1,L01-4,1,0,0,0,1127,1127
2780001,2785000,1,L01-4,1,0,0,0,45,45
2785001,2790000,1,L01-4,1,0,0,0,833,833
2800001,2805000,1,L01-4,1,0,0,0,746,746
2820001,2825000,1,L01-4,1,0,0,0,1472,1472
2825001,2830000,2,L01-4,1,0,0,0,2392,2392
2845001,2850000,1,L01-4,1,0,0,0,491,491
2850001,2855000,1,L01-4,1,0,0,0,312,312
2885001,2890000,2,L01-4,1,0,0,0,1285,1285
2890001,2895000,1,L01-4,1,0,0,0,974,974
2905001,2910000,1,L01-4,1,0,0,0,1208,1208
2910001,2915000,1,L01-4,1,0,0,0,147,147
2920001,2925000,1,L01-4,1,0,0,0,737,737
2930001,2935000,4,L01-4,1,0,0,0,2723,2723
2935001,2940000,2,L01-4,1,0,0,0,1471,1471
2965001,2970000,2,L01-4,1,0,0,0,159,159
2970001,2975000,2,L01-4,1,0,0,0,2748,2748
3020001,3025000,3,L01-4,1,0,0,0,1500,1500
3055001,3060000,2,L01-4,1,0,0,0,2304,2304
3060001,3065000,1,L01-4,1,0,0,0,631,631
3115001,3120000,1,L01-4,1,0,0,0,875,875
3180001,3185000,1,L01-4,1,0,0,0,1098,1098
3215001,3220000,2,L01-4,1,0,0,0,2242,2242
3230001,3235000,1,L01-4,1,0,0,0,1154,1154
3235001,3240000,1,L01-4,1,0,0,0,126,126
3240001,3245000,1,L01-4,1,0,0,0,290,290
3280001,3285000,2,L01-4,1,0,0,0,1348,1348
3285001,3290000,1,L01-4,1,0,0,0,1647,1647
3290001,3295000,1,L01-4,1,0,0,0,822,822
3295001,3300000,1,L01-4,1,0,0,0,1070,1070
3300001,3305000,1,L01-4,1,0,0,0,513,513
3305001,3310000,1,L01-4,1,0,0,0,140,140
3315001,3320000,2,L01-4,1,0,0,0,1606,1606
3320001,3325000,2,L01-4,1,0,0,0,1149,1149
3325001,3330000,2,L01-4,1,0,0,0,3450,3450
3370001,3375000,0,L01-4,1,1,0,0,0,1356
3375001,3380000,0,L01-4,1,1,0,0,0,1737
3385001,3390000,1,L01-4,1,0,0,0,374,374
3430001,3435000,2,L01-4,1,0,0,0,4159,4159
3435001,3440000,2,L01-4,1,0,0,0,492,492
3440001,3445000,2,L01-4,1,0,0,0,2865,2865
3445001,3450000,3,L01-4,1,0,0,0,1429,1429
3450001,3455000,3,L01-4,1,0,0,0,2541,2541
3455001,3460000,2,L01-4,1,0,0,0,865,865
3460001,3465000,3,L01-4,1,0,0,0,1524,1524
3475001,3480000,0,L01-4,1,0,1,1,0,0
3485001,3490000,2,L01-4,1,0,0,0,789,789
3490001,3495000,2,L01-4,1,0,0,0,1098,1098
3505001,3510000,1,L01-4,1,0,0,0,234,234
3510001,3515000,3,L01-4,1,0,0,0,2400,2400
3515001,3520000,2,L01-4,1,0,0,0,1819,1819
3540001,3545000,1,L01-4,1,0,0,0,572,572
3545001,3550000,2,L01-4,1,0,0,0,1456,1456
3550001,3555000,6,L01-4,1,0,0,0,3593,3593
3555001,3560000,13,L01-4,1,0,0,0,4706,4706
3560001,3565000,10,L01-4,1,0,0,0,4523,4523
3565001,3570000,3,L01-4,1,0,0,0,3023,3023
3570001,3575000,1,L01-4,1,0,0,0,4,4
3605001,3610000,1,L01-4,1,0,0,0,1004,1004
3620001,3625000,1,L01-4,1,0,0,0,2135,2135
3665001,3670000,1,L01-4,1,0,0,0,771,771
3670001,3675000,1,L01-4,1,0,0,0,332,332
3690001,3695000,4,L01-4,1,0,0,0,3279,3279
3695001,3700000,1,L01-4,1,0,0,0,787,787
3800001,3805000,1,L01-4,1,0,0,0,1684,1684
3805001,3810000,2,L01-4,1,0,0,0,1296,1296
3855001,3860000,1,L01-4,1,0,0,0,1019,1019
3865001,3870000,0,L01-4,1,1,0,0,0,3092
3880001,3885000,1,L01-4,1,0,0,0,622,622
3885001,3890000,5,L01-4,1,0,0,0,2801,2801
3890001,3895000,1,L01-4,1,0,0,0,224,224
3895001,3900000,2,L01-4,1,0,0,0,2468,2468
3900001,3905000,1,L01-4,1,0,0,0,263,263
3950001,3955000,1,L01-4,1,0,0,0,1540,1540
3955001,3960000,3,L01-4,1,0,0,0,3377,3377
3960001,3965000,3,L01-4,1,1,0,0,2145,3052
3965001,3970000,0,L01-4,1,1,0,0,0,3754
3985001,3990000,1,L01-4,1,0,0,0,53,53
3990001,3995000,2,L01-4,1,0,0,0,3146,3146
20001,25000,1,L01-4,2,0,0,0,75,75
40001,45000,1,L01-4,2,0,0,0,1259,1259
55001,60000,3,L01-4,2,0,0,0,228,228
60001,65000,2,L01-4,2,0,0,0,1659,1659
65001,70000,1,L01-4,2,0,0,0,19,19
70001,75000,0,L01-4,2,0,1,1,0,0
105001,110000,1,L01-4,2,0,0,0,545,545
120001,125000,2,L01-4,2,0,0,0,3382,3382
195001,200000,2,L01-4,2,0,0,0,2098,2098
200001,205000,1,L01-4,2,0,0,0,1059,1059
235001,240000,1,L01-4,2,0,0,0,323,323
240001,245000,1,L01-4,2,0,0,0,534,534
245001,250000,5,L01-4,2,0,0,0,3089,3089
250001,255000,5,L01-4,2,0,0,0,1616,1616
255001,260000,3,L01-4,2,0,0,0,4603,4603
260001,265000,1,L01-4,2,0,0,0,3822,3822
325001,330000,2,L01-4,2,0,0,0,2581,2581
330001,335000,2,L01-4,2,0,0,0,1322,1322
335001,340000,1,L01-4,2,0,0,0,1415,1415
340001,345000,0,L01-4,2,0,1,1,0,0
345001,350000,1,L01-4,2,0,0,0,536,536
430001,435000,0,L01-4,2,0,2,1,0,0
435001,440000,0,L01-4,2,0,1,0,0,0
440001,445000,1,L01-4,2,0,0,0,183,183
445001,450000,3,L01-4,2,0,0,0,1928,1928
450001,455000,1,L01-4,2,0,0,0,394,394
460001,465000,2,L01-4,2,0,0,0,1382,1382
465001,470000,3,L01-4,2,0,0,0,1469,1469
470001,475000,1,L01-4,2,0,0,0,175,175
475001,480000,0,L01-4,2,1,0,0,0,3084
480001,485000,0,L01-4,2,1,0,0,0,9
500001,505000,1,L01-4,2,0,0,0,227,227
525001,530000,1,L01-4,2,0,0,0,530,530
555001,560000,1,L01-4,2,0,0,0,1791,1791
560001,565000,3,L01-4,2,0,0,0,2619,2619
565001,570000,1,L01-4,2,0,0,0,627,627
580001,585000,2,L01-4,2,0,0,0,1276,1276
640001,645000,3,L01-4,2,0,0,0,4251,4251
645001,650000,2,L01-4,2,0,0,0,1771,1771
665001,670000,1,L01-4,2,0,0,0,479,479
670001,675000,1,L01-4,2,0,0,0,1100,1100
675001,680000,1,L01-4,2,0,0,0,1254,1254
710001,715000,4,L01-4,2,0,0,0,4807,4807
715001,720000,6,L01-4,2,0,0,0,4943,4943
720001,725000,4,L01-4,2,0,0,0,4024,4024
725001,730000,4,L01-4,2,0,0,0,4606,4606
730001,735000,2,L01-4,2,0,0,0,749,749
760001,765000,1,L01-4,2,0,0,0,662,662
775001,780000,1,L01-4,2,0,0,0,479,479
785001,790000,2,L01-4,2,0,0,0,1438,1438
790001,795000,1,L01-4,2,0,0,0,186,186
795001,800000,1,L01-4,2,0,0,0,824,824
800001,805000,3,L01-4,2,0,0,0,2370,2370
805001,810000,6,L01-4,2,0,0,0,4319,4319
810001,815000,3,L01-4,2,0,0,0,4359,4359
815001,820000,5,L01-4,2,0,0,0,4261,4261
820001,825000,2,L01-4,2,0,0,0,2798,2798
825001,830000,1,L01-4,2,0,0,0,1298,1298
830001,835000,1,L01-4,2,0,0,0,1718,1718
930001,935000,1,L01-4,2,0,0,0,974,974
955001,960000,1,L01-4,2,0,0,0,244,244
960001,965000,2,L01-4,2,0,0,0,2574,2574
965001,970000,4,L01-4,2,0,0,0,2969,2969
970001,975000,2,L01-4,2,0,0,0,2761,2761
1005001,1010000,1,L01-4,2,0,0,0,113,113
1010001,1015000,0,L01-4,2,0,1,1,0,0
1020001,1025000,1,L01-4,2,0,0,0,800,800
1025001,1030000,2,L01-4,2,0,0,0,1774,1774
1030001,1035000,1,L01-4,2,0,0,0,962,962
1075001,1080000,2,L01-4,2,0,0,0,1292,1292
1080001,1085000,2,L01-4,2,0,0,0,1681,1681
1085001,1090000,1,L01-4,2,0,0,0,76,76
1160001,1165000,2,L01-4,2,0,0,0,1918,1918
1165001,1170000,4,L01-4,2,0,0,0,3284,3284
1170001,1175000,2,L01-4,2,0,0,0,2646,2646
1180001,1185000,0,L01-4,2,1,0,0,0,271
1185001,1190000,1,L01-4,2,1,0,0,40,4431
1190001,1195000,1,L01-4,2,0,0,0,1360,1360
1200001,1205000,0,L01-4,2,1,0,0,0,2499
1205001,1210000,0,L01-4,2,1,0,0,0,594
1210001,1215000,1,L01-4,2,0,0,0,3168,3168
1215001,1220000,3,L01-4,2,0,0,0,3291,3291
1220001,1225000,3,L01-4,2,0,0,0,2480,2480
1225001,1230000,2,L01-4,2,0,0,0,2047,2047
1230001,1235000,1,L01-4,2,0,0,0,623,623
1250001,1255000,2,L01-4,2,0,0,0,1657,1657
1255001,1260000,2,L01-4,2,0,0,0,4238,4238
1265001,1270000,1,L01-4,2,0,0,0,218,218
1405001,1410000,0,L01-4,2,1,0,0,0,3093
1475001,1480000,2,L01-4,2,0,0,0,1041,1041
1480001,1485000,1,L01-4,2,0,0,0,1153,1153
1490001,1495000,1,L01-4,2,0,0,0,84,84
1495001,1500000,1,L01-4,2,1,0,0,1538,2320
1500001,1505000,0,L01-4,2,1,0,0,0,2311
1515001,1520000,1,L01-4,2,0,0,0,518,518
1530001,1535000,1,L01-4,2,0,0,0,87,87
1605001,1610000,1,L01-4,2,0,0,0,419,419
1610001,1615000,3,L01-4,2,0,0,0,4621,4621
1615001,1620000,1,L01-4,2,0,0,0,121,121
1620001,1625000,3,L01-4,2,0,0,0,1778,1778
1625001,1630000,2,L01-4,2,0,0,0,1642,1642
1645001,1650000,3,L01-4,2,0,0,0,3137,3137
1660001,1665000,1,L01-4,2,0,0,0,1106,1106
1700001,1705000,1,L01-4,2,0,0,0,584,584
1705001,1710000,5,L01-4,2,0,0,0,4461,4461
1710001,1715000,3,L01-4,2,0,0,0,1985,1985
1770001,1775000,1,L01-4,2,0,0,0,947,947
1775001,1780000,1,L01-4,2,0,0,0,1650,1650
1780001,1785000,1,L01-4,2,0,0,0,590,590
1790001,1795000,1,L01-4,2,0,0,0,788,788
1825001,1830000,0,L01-4,2,1,0,0,0,3093
1930001,1935000,0,L01-4,2,0,1,0,0,0
1985001,1990000,0,L01-4,2,1,0,0,0,2038
1990001,1995000,0,L01-4,2,1,0,0,0,1055
2030001,2035000,1,L01-4,2,0,0,0,1274,1274
2035001,2040000,0,L01-4,2,1,0,0,0,3093
2060001,2065000,1,L01-4,2,0,0,0,641,641
2115001,2120000,3,L01-4,2,0,0,0,3563,3563
2120001,2125000,3,L01-4,2,0,0,0,2633,2633
2125001,2130000,0,L01-4,2,1,0,0,0,3092
2145001,2150000,1,L01-4,2,0,0,0,827,827
2185001,2190000,1,L01-4,2,0,0,0,995,995
2210001,2215000,1,L01-4,2,0,0,0,695,695
2270001,2275000,1,L01-4,2,0,0,0,1772,1772
2280001,2285000,1,L01-4,2,0,0,0,1733,1733
2295001,2300000,3,L01-4,2,0,0,0,707,707
2310001,2315000,0,L01-4,2,1,0,0,0,2371
2315001,2320000,0,L01-4,2,1,0,0,0,2292
2385001,2390000,1,L01-4,2,0,0,0,1409,1409
2390001,2395000,1,L01-4,2,0,0,0,624,624
2435001,2440000,1,L01-4,2,0,0,0,668,668
2445001,2450000,0,L01-4,2,1,0,0,0,2748
2450001,2455000,0,L01-4,2,1,0,0,0,345
2480001,2485000,1,L01-4,2,0,0,0,1760,1760
2530001,2535000,1,L01-4,2,0,0,0,2627,2627
2535001,2540000,1,L01-4,2,0,0,0,1523,1523
2540001,2545000,2,L01-4,2,0,0,0,1892,1892
2555001,2560000,0,L01-4,2,1,1,0,0,461
2560001,2565000,0,L01-4,2,1,0,0,0,2632
2625001,2630000,2,L01-4,2,0,0,0,1546,1546
2630001,2635000,1,L01-4,2,0,0,0,636,636
2635001,2640000,1,L01-4,2,0,0,0,1220,1220
2695001,2700000,1,L01-4,2,0,0,0,1415,1415
2705001,2710000,2,L01-4,2,0,0,0,3000,3000
2710001,2715000,1,L01-4,2,0,0,0,0,0
2750001,2755000,0,L01-4,2,1,0,0,0,2222
2755001,2760000,0,L01-4,2,1,0,0,0,871
2765001,2770000,1,L01-4,2,0,0,0,1127,1127
2770001,2775000,1,L01-4,2,0,0,0,878,878
2790001,2795000,1,L01-4,2,0,0,0,746,746
2810001,2815000,2,L01-4,2,0,0,0,2115,2115
2815001,2820000,2,L01-4,2,0,0,0,1749,1749
2835001,2840000,1,L01-4,2,0,0,0,803,803
2875001,2880000,3,L01-4,2,0,0,0,1896,1896
2880001,2885000,1,L01-4,2,0,0,0,363,363
2895001,2900000,1,L01-4,2,0,0,0,1355,1355
2910001,2915000,1,L01-4,2,0,0,0,737,737
2915001,2920000,2,L01-4,2,0,0,0,722,722
2920001,2925000,3,L01-4,2,0,0,0,2001,2001
2925001,2930000,2,L01-4,2,0,0,0,1471,1471
2955001,2960000,3,L01-4,2,0,0,0,936,936
2960001,2965000,1,L01-4,2,0,0,0,1970,1970
2965001,2970000,0,L01-4,2,0,1,1,0,0
3010001,3015000,3,L01-4,2,0,0,0,1500,1500
3045001,3050000,2,L01-4,2,0,0,0,2935,2935
3105001,3110000,1,L01-4,2,0,0,0,875,875
3170001,3175000,1,L01-4,2,0,0,0,1098,1098
3205001,3210000,2,L01-4,2,0,0,0,2242,2242
3215001,3220000,0,L01-4,2,0,1,1,0,0
3220001,3225000,1,L01-4,2,0,0,0,1154,1154
3225001,3230000,1,L01-4,2,0,0,0,416,416
3270001,3275000,2,L01-4,2,0,0,0,2366,2366
3275001,3280000,1,L01-4,2,0,0,0,629,629
3280001,3285000,1,L01-4,2,0,0,0,1839,1839
3285001,3290000,1,L01-4,2,0,0,0,53,53
3290001,3295000,1,L01-4,2,0,0,0,653,653
3300001,3305000,1,L01-4,2,0,0,0,368,368
3305001,3310000,2,L01-4,2,0,0,0,1238,1238
3310001,3315000,2,L01-4,2,0,0,0,2165,2165
3315001,3320000,2,L01-4,2,0,0,0,2434,2434
3350001,3355000,0,L01-4,2,0,1,0,0,0
3360001,3365000,0,L01-4,2,1,0,0,0,2373
3365001,3370000,0,L01-4,2,1,0,0,0,720
3375001,3380000,1,L01-4,2,0,0,0,376,376
3415001,3420000,1,L01-4,2,0,0,0,819,819
3420001,3425000,2,L01-4,2,0,0,0,3340,3340
3425001,3430000,2,L01-4,2,0,0,0,1423,1423
3430001,3435000,1,L01-4,2,0,0,0,1934,1934
3435001,3440000,4,L01-4,2,0,0,0,2192,2192
3440001,3445000,2,L01-4,2,0,0,0,1778,1778
3445001,3450000,4,L01-4,2,0,0,0,1882,1882
3450001,3455000,1,L01-4,2,0,0,0,507,507
3465001,3470000,0,L01-4,2,1,0,0,0,3401
3470001,3475000,0,L01-4,2,1,1,0,0,1261
3480001,3485000,2,L01-4,2,0,0,0,820,820
3485001,3490000,1,L01-4,2,0,0,0,1067,1067
3500001,3505000,2,L01-4,2,0,0,0,1586,1586
3505001,3510000,2,L01-4,2,0,0,0,1048,1048
3510001,3515000,2,L01-4,2,0,0,0,1819,1819
3535001,3540000,3,L01-4,2,0,0,0,1840,1840
3540001,3545000,2,L01-4,2,0,0,0,545,545
3545001,3550000,9,L01-4,2,0,0,0,4571,4571
3550001,3555000,13,L01-4,2,0,0,0,4691,4691
3555001,3560000,7,L01-4,2,0,0,0,3203,3203
3560001,3565000,3,L01-4,2,0,0,0,3027,3027
3600001,3605000,1,L01-4,2,0,0,0,1004,1004
3615001,3620000,1,L01-4,2,0,0,0,2135,2135
3660001,3665000,1,L01-4,2,0,0,0,1103,1103
3685001,3690000,4,L01-4,2,0,0,0,4065,4065
3795001,3800000,2,L01-4,2,0,0,0,2980,2980
3845001,3850000,1,L01-4,2,0,0,0,972,972
3850001,3855000,1,L01-4,2,0,0,0,47,47
3855001,3860000,0,L01-4,2,0,1,0,0,0
3860001,3865000,0,L01-4,2,1,0,0,0,3093
3875001,3880000,2,L01-4,2,0,0,0,1756,1756
3880001,3885000,3,L01-4,2,0,0,0,1891,1891
3890001,3895000,2,L01-4,2,0,0,0,2731,2731
3945001,3950000,1,L01-4,2,0,0,0,2414,2414
3950001,3955000,5,L01-4,2,0,0,0,3525,3525
3955001,3960000,1,L01-4,2,1,0,0,1123,3385
3960001,3965000,0,L01-4,2,1,0,0,0,2382
3980001,3985000,1,L01-4,2,0,0,0,1426,1426
3985001,3990000,2,L01-4,2,0,0,0,1773,1773
20001,25000,1,L02-1,1,0,0,0,75,75
40001,45000,1,L02-1,1,0,0,0,1259,1259
55001,60000,3,L02-1,1,0,0,0,228,228
60001,65000,2,L02-1,1,0,0,0,1658,1658
65001,70000,1,L02-1,1,0,0,0,20,20
105001,110000,1,L02-1,1,0,0,0,545,545
120001,125000,2,L02-1,1,0,0,0,3382,3382
125001,130000,1,L02-1,1,0,0,0,0,0
195001,200000,2,L02-1,1,0,0,0,2093,2093
200001,205000,1,L02-1,1,0,0,0,1064,1064
235001,240000,1,L02-1,1,0,0,0,318,318
240001,245000,1,L02-1,1,0,0,0,539,539
245001,250000,5,L02-1,1,0,0,0,3088,3088
250001,255000,5,L02-1,1,0,0,0,1612,1612
255001,260000,3,L02-1,1,0,0,0,4603,4603
260001,265000,1,L02-1,1,0,0,0,3827,3827
325001,330000,2,L02-1,1,0,0,0,2575,2575
330001,335000,2,L02-1,1,0,0,0,1328,1328
335001,340000,1,L02-1,1,0,0,0,1415,1415
340001,345000,1,L02-1,1,0,0,0,0,0
345001,350000,1,L02-1,1,0,0,0,536,536
440001,445000,1,L02-1,1,0,0,0,171,171
445001,450000,3,L02-1,1,0,0,0,1928,1928
450001,455000,1,L02-1,1,0,0,0,406,406
460001,465000,2,L02-1,1,0,0,0,1370,1370
465001,470000,3,L02-1,1,0,0,0,1469,1469
470001,475000,1,L02-1,1,0,0,0,187,187
495001,500000,1,L02-1,1,0,0,0,23,23
500001,505000,1,L02-1,1,0,0,0,204,204
520001,525000,1,L02-1,1,0,0,0,530,530
555001,560000,1,L02-1,1,0,0,0,2855,2855
560001,565000,2,L02-1,1,0,0,0,2182,2182
575001,580000,1,L02-1,1,0,0,0,184,184
580001,585000,2,L02-1,1,0,1,1,1092,1092
635001,640000,2,L02-1,1,0,0,0,2500,2500
640001,645000,4,L02-1,1,0,0,0,3277,3277
645001,650000,1,L02-1,1,0,0,0,245,245
665001,670000,1,L02-1,1,0,0,0,479,479
670001,675000,1,L02-1,1,0,0,0,2354,2354
705001,710000,3,L02-1,1,0,0,0,2902,2902
710001,715000,5,L02-1,1,0,0,0,4997,4997
715001,720000,4,L02-1,1,0,0,0,4031,4031
720001,725000,6,L02-1,1,0,0,0,4545,4545
725001,730000,2,L02-1,1,0,0,0,2653,2653
755001,760000,1,L02-1,1,0,0,0,662,662
770001,775000,1,L02-1,1,0,0,0,479,479
780001,785000,1,L02-1,1,0,0,0,1263,1263
785001,790000,2,L02-1,1,0,0,0,361,361
795001,800000,3,L02-1,1,0,0,0,1618,1618
800001,805000,5,L02-1,1,0,0,0,4054,4054
805001,810000,4,L02-1,1,0,0,0,4907,4907
810001,815000,5,L02-1,1,0,0,0,3911,3911
815001,820000,2,L02-1,1,0,0,0,4441,4441
820001,825000,1,L02-1,1,0,0,0,1298,1298
825001,830000,1,L02-1,1,0,0,0,1718,1718
925001,930000,1,L02-1,1,0,0,0,974,974
955001,960000,2,L02-1,1,0,0,0,2818,2818
960001,965000,4,L02-1,1,0,0,0,2341,2341
965001,970000,3,L02-1,1,0,0,0,3271,3271
970001,975000,1,L02-1,1,0,0,0,118,118
1005001,1010000,1,L02-1,1,0,0,0,113,113
1020001,1025000,1,L02-1,1,0,0,0,1931,1931
1025001,1030000,2,L02-1,1,0,0,0,1606,1606
1070001,1075000,1,L02-1,1,0,0,0,55,55
1075001,1080000,3,L02-1,1,0,0,0,2918,2918
1085001,1090000,1,L02-1,1,0,0,0,76,76
1155001,1160000,1,L02-1,1,0,0,0,12,12
1160001,1165000,3,L02-1,1,0,0,0,3285,3285
1165001,1170000,4,L02-1,1,0,0,0,4551,4551
1180001,1185000,1,L02-1,1,0,0,0,1538,1538
1190001,1195000,1,L02-1,1,0,0,0,84,84
1195001,1200000,1,L02-1,1,0,0,0,306,306
1200001,1205000,2,L02-1,1,0,0,0,1822,1822
1205001,1210000,1,L02-1,1,0,0,0,66,66
1230001,1235000,0,L02-1,1,0,2,0,0,0
1270001,1275000,0,L02-1,1,1,0,0,0,2360
1275001,1280000,0,L02-1,1,1,0,0,0,733
1410001,1415000,1,L02-1,1,0,0,0,218,218
1420001,1425000,1,L02-1,1,0,0,0,3544,3544
1425001,1430000,3,L02-1,1,0,0,0,2351,2351
1450001,1455000,2,L02-1,1,0,0,0,1820,1820
1455001,1460000,3,L02-1,1,0,0,0,3330,3330
1460001,1465000,3,L02-1,1,0,0,0,2440,2440
1465001,1470000,1,L02-1,1,0,0,0,4019,4019
1475001,1480000,1,L02-1,1,0,0,0,1400,1400
1500001,1505000,1,L02-1,1,0,0,0,518,518
1515001,1520000,0,L02-1,1,1,0,0,0,3092
1520001,1525000,1,L02-1,1,0,0,0,87,87
1595001,1600000,1,L02-1,1,0,0,0,603,603
1600001,1605000,3,L02-1,1,0,0,0,4437,4437
1605001,1610000,1,L02-1,1,0,0,0,305,305
1610001,1615000,3,L02-1,1,0,0,0,1594,1594
1615001,1620000,2,L02-1,1,0,0,0,1642,1642
1635001,1640000,3,L02-1,1,0,0,0,3137,3137
1650001,1655000,1,L02-1,1,0,0,0,1106,1106
1660001,1665000,0,L02-1,1,1,0,0,0,577
1665001,1670000,0,L02-1,1,1,0,0,0,2516
1695001,1700000,4,L02-1,1,0,0,0,2380,2380
1700001,1705000,5,L02-1,1,0,0,0,3796,3796
1705001,1710000,1,L02-1,1,0,0,0,854,854
1750001,1755000,0,L02-1,1,0,1,1,0,0
1765001,1770000,1,L02-1,1,0,0,0,2597,2597
1770001,1775000,1,L02-1,1,0,0,0,500,500
1775001,1780000,1,L02-1,1,0,0,0,90,90
1785001,1790000,1,L02-1,1,0,0,0,788,788
1815001,1820000,0,L02-1,1,0,1,0,0,0
1850001,1855000,0,L02-1,1,0,1,0,0,0
2025001,2030000,1,L02-1,1,0,0,0,770,770
2030001,2035000,1,L02-1,1,0,0,0,504,504
2055001,2060000,1,L02-1,1,0,0,0,641,641
2105001,2110000,1,L02-1,1,0,0,0,1162,1162
2110001,2115000,5,L02-1,1,0,0,0,4183,4183
2115001,2120000,1,L02-1,1,0,0,0,851,851
2135001,2140000,1,L02-1,1,0,1,1,827,827
2175001,2180000,1,L02-1,1,0,0,0,995,995
2200001,2205000,1,L02-1,1,0,0,0,695,695
2260001,2265000,1,L02-1,1,0,0,0,1772,1772
2270001,2275000,1,L02-1,1,0,0,0,1733,1733
2285001,2290000,3,L02-1,1,0,0,0,707,707
2300001,2305000,0,L02-1,1,1,0,0,0,956
2305001,2310000,0,L02-1,1,1,0,0,0,2136
2395001,2400000,0,L02-1,1,1,0,0,0,268
2400001,2405000,0,L02-1,1,1,0,0,0,2825
2405001,2410000,1,L02-1,1,0,0,0,2033,2033
2450001,2455000,1,L02-1,1,0,0,0,0,0
2455001,2460000,1,L02-1,1,0,0,0,668,668
2495001,2500000,1,L02-1,1,0,0,0,1760,1760
2545001,2550000,1,L02-1,1,0,0,0,2627,2627
2550001,2555000,1,L02-1,1,0,0,0,1883,1883
2555001,2560000,2,L02-1,1,0,0,0,1532,1532
2635001,2640000,1,L02-1,1,0,0,0,74,74
2640001,2645000,2,L02-1,1,0,0,0,2108,2108
2645001,2650000,1,L02-1,1,0,0,0,1220,1220
2675001,2680000,0,L02-1,1,1,0,0,0,602
2680001,2685000,0,L02-1,1,1,0,0,0,2491
2710001,2715000,1,L02-1,1,0,0,0,1415,1415
2720001,2725000,2,L02-1,1,0,0,0,3001,3001
2775001,2780000,1,L02-1,1,0,0,0,1127,1127
2785001,2790000,1,L02-1,1,0,0,0,878,878
2800001,2805000,1,L02-1,1,0,0,0,315,315
2805001,2810000,1,L02-1,1,0,0,0,431,431
2820001,2825000,1,L02-1,1,0,0,0,1472,1472
2825001,2830000,2,L02-1,1,0,0,0,2392,2392
2850001,2855000,1,L02-1,1,0,0,0,803,803
2885001,2890000,2,L02-1,1,0,0,0,1285,1285
2890001,2895000,2,L02-1,1,0,0,0,974,974
2905001,2910000,1,L02-1,1,0,0,0,665,665
2910001,2915000,1,L02-1,1,0,0,0,690,690
2915001,2920000,0,L02-1,1,1,0,0,0,633
2920001,2925000,0,L02-1,1,1,0,0,0,2460
2925001,2930000,1,L02-1,1,0,0,0,737,737
2930001,2935000,2,L02-1,1,0,0,0,1065,1065
2935001,2940000,4,L02-1,1,0,0,0,1833,1833
2940001,2945000,2,L02-1,1,0,0,0,1296,1296
2970001,2975000,3,L02-1,1,0,0,0,1277,1277
2975001,2980000,1,L02-1,1,0,0,0,1629,1629
3025001,3030000,3,L02-1,1,0,0,0,1500,1500
3060001,3065000,1,L02-1,1,1,1,0,645,3738
3065001,3070000,2,L02-1,1,0,0,0,2290,2290
3120001,3125000,1,L02-1,1,0,0,0,875,875
3185001,3190000,1,L02-1,1,0,0,0,981,981
3190001,3195000,1,L02-1,1,0,0,0,117,117
3220001,3225000,1,L02-1,1,0,0,0,1000,1000
3225001,3230000,2,L02-1,1,0,0,0,1242,1242
3240001,3245000,1,L02-1,1,0,0,0,1154,1154
3245001,3250000,1,L02-1,1,0,0,0,416,416
3290001,3295000,2,L02-1,1,0,0,0,2995,2995
3300001,3305000,1,L02-1,1,0,0,0,1892,1892
3310001,3315000,1,L02-1,1,0,0,0,653,653
3320001,3325000,2,L02-1,1,0,0,0,1510,1510
3325001,3330000,1,L02-1,1,0,0,0,96,96
3330001,3335000,3,L02-1,1,0,0,0,4204,4204
3335001,3340000,1,L02-1,1,0,0,0,395,395
3370001,3375000,0,L02-1,1,1,0,0,0,1700
3375001,3380000,0,L02-1,1,1,0,0,0,1393
3385001,3390000,0,L02-1,1,0,1,0,0,0
3390001,3395000,1,L02-1,1,0,0,0,375,375
3435001,3440000,2,L02-1,1,0,0,0,3031,3031
3440001,3445000,1,L02-1,1,0,0,0,1128,1128
3445001,3450000,3,L02-1,1,0,0,0,2820,2820
3450001,3455000,2,L02-1,1,0,0,0,1353,1353
3455001,3460000,5,L02-1,1,0,0,0,3059,3059
3460001,3465000,1,L02-1,1,0,0,0,95,95
3465001,3470000,4,L02-1,1,0,0,0,2389,2389
3495001,3500000,2,L02-1,1,1,0,0,820,3049
3500001,3505000,1,L02-1,1,1,0,0,1067,1930
3515001,3520000,1,L02-1,1,0,0,0,392,392
3520001,3525000,3,L02-1,1,0,0,0,2242,2242
3525001,3530000,2,L02-1,1,0,0,0,1819,1819
3550001,3555000,2,L02-1,1,0,0,0,663,663
3555001,3560000,2,L02-1,1,0,0,0,1365,1365
3560001,3565000,6,L02-1,1,0,0,0,3752,3752
3565001,3570000,14,L02-1,1,0,0,0,4706,4706
3570001,3575000,9,L02-1,1,0,0,0,4364,4364
3575001,3580000,3,L02-1,1,0,0,0,3027,3027
3590001,3595000,0,L02-1,1,0,1,1,0,0
3615001,3620000,1,L02-1,1,0,0,0,1004,1004
3630001,3635000,1,L02-1,1,0,0,0,2135,2135
3675001,3680000,1,L02-1,1,0,0,0,933,933
3680001,3685000,1,L02-1,1,0,0,0,170,170
3695001,3700000,0,L02-1,1,1,0,0,0,2071
3700001,3705000,1,L02-1,1,1,0,0,586,1608
3705001,3710000,4,L02-1,1,0,0,0,3479,3479
3810001,3815000,0,L02-1,1,1,0,0,0,3093
3815001,3820000,1,L02-1,1,0,0,0,642,642
3820001,3825000,2,L02-1,1,0,0,0,2338,2338
3825001,3830000,0,L02-1,1,1,0,0,0,74
3830001,3835000,0,L02-1,1,1,0,0,0,5000
3835001,3840000,0,L02-1,1,1,0,0,0,1121
3855001,3860000,0,L02-1,1,0,1,0,0,0
3875001,3880000,1,L02-1,1,0,0,0,1019,1019
3890001,3895000,0,L02-1,1,0,1,0,0,0
3895001,3900000,0,L02-1,1,1,0,0,0,3064
3900001,3905000,0,L02-1,1,1,0,0,0,28
3905001,3910000,3,L02-1,1,0,0,0,1992,1992
3910001,3915000,2,L02-1,1,0,0,0,1656,1656
3915001,3920000,1,L02-1,1,0,0,0,573,573
3920001,3925000,2,L02-1,1,0,0,0,2158,2158
3975001,3980000,2,L02-1,1,0,0,0,3193,3193
3980001,3985000,5,L02-1,1,0,0,0,3869,3869
3995001,4000000,0,L02-1,1,1,1,0,0,1446
4000001,4005000,0,L02-1,1,1,0,0,0,1647
4010001,4015000,2,L02-1,1,0,0,0,1897,1897
4015001,4020000,1,L02-1,1,0,0,0,1302,1302
20001,25000,1,L02-1,2,0,0,0,75,75
40001,45000,1,L02-1,2,0,0,0,1259,1259
55001,60000,3,L02-1,2,0,0,0,228,228
60001,65000,2,L02-1,2,0,0,0,1659,1659
65001,70000,1,L02-1,2,0,0,0,19,19
80001,85000,0,L02-1,2,0,1,1,0,0
105001,110000,1,L02-1,2,0,0,0,545,545
120001,125000,2,L02-1,2,0,0,0,3382,3382
195001,200000,2,L02-1,2,0,0,0,2096,2096
200001,205000,1,L02-1,2,0,0,0,1061,1061
235001,240000,1,L02-1,2,0,0,0,321,321
240001,245000,1,L02-1,2,0,0,0,536,536
245001,250000,5,L02-1,2,0,0,0,3089,3089
250001,255000,5,L02-1,2,0,0,0,1614,1614
255001,260000,3,L02-1,2,0,0,0,4603,4603
260001,265000,1,L02-1,2,0,0,0,3824,3824
325001,330000,2,L02-1,2,0,0,0,2578,2578
330001,335000,2,L02-1,2,0,0,0,1325,1325
335001,340000,1,L02-1,2,0,0,0,1415,1415
345001,350000,1,L02-1,2,0,0,0,536,536
440001,445000,1,L02-1,2,0,1,1,175,175
445001,450000,3,L02-1,2,0,0,0,1928,1928
450001,455000,1,L02-1,2,0,0,0,402,402
460001,465000,2,L02-1,2,0,0,0,1374,1374
465001,470000,3,L02-1,2,0,0,0,1469,1469
470001,475000,1,L02-1,2,0,0,0,183,183
495001,500000,1,L02-1,2,0,0,0,24,24
500001,505000,1,L02-1,2,0,0,0,203,203
520001,525000,1,L02-1,2,0,0,0,530,530
555001,560000,1,L02-1,2,0,0,0,2855,2855
560001,565000,2,L02-1,2,0,0,0,2182,2182
575001,580000,1,L02-1,2,0,0,0,184,184
580001,585000,2,L02-1,2,1,0,0,1092,1955
585001,590000,0,L02-1,2,1,0,0,0,2230
640001,645000,3,L02-1,2,0,0,0,4251,4251
645001,650000,2,L02-1,2,0,0,0,1771,1771
665001,670000,1,L02-1,2,0,0,0,479,479
670001,675000,1,L02-1,2,0,0,0,1093,1093
675001,680000,1,L02-1,2,0,0,0,1261,1261
710001,715000,4,L02-1,2,0,0,0,4801,4801
715001,720000,6,L02-1,2,0,0,0,4943,4943
720001,725000,4,L02-1,2,0,0,0,4024,4024
725001,730000,4,L02-1,2,0,0,0,4606,4606
730001,735000,2,L02-1,2,0,0,0,755,755
760001,765000,1,L02-1,2,0,0,0,662,662
775001,780000,1,L02-1,2,0,0,0,479,479
785001,790000,2,L02-1,2,0,0,0,1432,1432
790001,795000,1,L02-1,2,0,0,0,192,192
795001,800000,1,L02-1,2,0,0,0,824,824
800001,805000,3,L02-1,2,0,0,0,2370,2370
805001,810000,6,L02-1,2,0,0,0,4312,4312
810001,815000,3,L02-1,2,0,0,0,4359,4359
815001,820000,5,L02-1,2,0,0,0,4261,4261
820001,825000,2,L02-1,2,0,0,0,2805,2805
825001,830000,1,L02-1,2,0,0,0,1298,1298
830001,835000,1,L02-1,2,0,0,0,1718,1718
930001,935000,1,L02-1,2,0,1,1,974,974
955001,960000,1,L02-1,2,0,0,0,235,235
960001,965000,2,L02-1,2,0,0,0,2583,2583
965001,970000,4,L02-1,2,0,0,0,2969,2969
970001,975000,2,L02-1,2,0,0,0,2761,2761
1005001,1010000,1,L02-1,2,0,0,0,113,113
1020001,1025000,1,L02-1,2,0,0,0,790,790
1025001,1030000,2,L02-1,2,0,0,0,1785,1785
1030001,1035000,1,L02-1,2,0,0,0,962,962
1075001,1080000,2,L02-1,2,0,0,0,1281,1281
1080001,1085000,2,L02-1,2,0,0,0,1692,1692
1085001,1090000,1,L02-1,2,0,0,0,76,76
1160001,1165000,2,L02-1,2,0,0,0,1907,1907
1165001,1170000,4,L02-1,2,0,0,0,3284,3284
1170001,1175000,2,L02-1,2,0,0,0,2657,2657
1185001,1190000,1,L02-1,2,0,0,0,1538,1538
1190001,1195000,1,L02-1,2,0,0,0,84,84
1200001,1205000,1,L02-1,2,0,0,0,1664,1664
1205001,1210000,1,L02-1,2,0,0,0,530,530
1225001,1230000,0,L02-1,2,0,1,1,0,0
1235001,1240000,0,L02-1,2,1,0,0,0,3741
1275001,1280000,0,L02-1,2,1,0,0,0,919
1280001,1285000,0,L02-1,2,1,0,0,0,2169
1420001,1425000,1,L02-1,2,0,0,0,218,218
1425001,1430000,1,L02-1,2,0,0,0,2107,2107
1430001,1435000,3,L02-1,2,0,0,0,3399,3399
1435001,1440000,1,L02-1,2,0,0,0,389,389
1455001,1460000,1,L02-1,2,0,0,0,1673,1673
1460001,1465000,2,L02-1,2,0,0,0,2731,2731
1465001,1470000,2,L02-1,2,0,0,0,1758,1758
1470001,1475000,3,L02-1,2,0,0,0,4992,4992
1475001,1480000,1,L02-1,2,0,0,0,455,455
1480001,1485000,1,L02-1,2,0,1,1,1400,1400
1510001,1515000,1,L02-1,2,0,0,0,518,518
1520001,1525000,0,L02-1,2,1,0,0,0,2663
1525001,1530000,1,L02-1,2,1,0,0,87,517
1605001,1610000,2,L02-1,2,0,0,0,3950,3950
1610001,1615000,2,L02-1,2,0,0,0,1090,1090
1615001,1620000,3,L02-1,2,0,0,0,1899,1899
1620001,1625000,2,L02-1,2,0,0,0,1642,1642
1640001,1645000,3,L02-1,2,0,0,0,3137,3137
1655001,1660000,1,L02-1,2,0,0,0,932,932
1660001,1665000,1,L02-1,2,0,0,0,174,174
1665001,1670000,0,L02-1,2,0,1,0,0,0
1670001,1675000,0,L02-1,2,1,0,0,0,3093
1700001,1705000,2,L02-1,2,0,0,0,1098,1098
1705001,1710000,6,L02-1,2,0,0,0,4593,4593
1710001,1715000,2,L02-1,2,0,0,0,1339,1339
1755001,1760000,0,L02-1,2,1,0,0,0,2417
1760001,1765000,0,L02-1,2,1,0,0,0,676
1775001,1780000,1,L02-1,2,0,0,0,2597,2597
1780001,1785000,1,L02-1,2,0,0,0,590,590
1795001,1800000,1,L02-1,2,0,0,0,788,788
1825001,1830000,0,L02-1,2,1,0,0,0,1015
1830001,1835000,0,L02-1,2,1,0,0,0,2078
1840001,1845000,0,L02-1,2,0,1,1,0,0
2005001,2010000,1,L02-1,2,0,0,0,1274,1274
2030001,2035000,1,L02-1,2,0,0,0,641,641
2085001,2090000,2,L02-1,2,0,0,0,3314,3314
2090001,2095000,4,L02-1,2,0,0,0,2882,2882
2110001,2115000,1,L02-1,2,0,0,0,827,827
2115001,2120000,0,L02-1,2,1,0,0,0,2597
2120001,2125000,0,L02-1,2,1,0,0,0,496
2155001,2160000,1,L02-1,2,0,0,0,995,995
2180001,2185000,1,L02-1,2,0,0,0,695,695
2240001,2245000,1,L02-1,2,0,0,0,1772,1772
2250001,2255000,1,L02-1,2,0,0,0,1733,1733
2265001,2270000,3,L02-1,2,0,0,0,707,707
2270001,2275000,0,L02-1,2,0,1,0,0,0
2280001,2285000,0,L02-1,2,1,0,0,0,12
2285001,2290000,0,L02-1,2,1,0,0,0,3080
2380001,2385000,0,L02-1,2,1,0,0,0,3093
2385001,2390000,1,L02-1,2,0,0,0,2033,2033
2435001,2440000,1,L02-1,2,0,0,0,668,668
2445001,2450000,0,L02-1,2,0,1,1,0,0
2475001,2480000,1,L02-1,2,0,0,0,1760,1760
2525001,2530000,1,L02-1,2,0,0,0,2627,2627
2530001,2535000,1,L02-1,2,0,0,0,936,936
2535001,2540000,2,L02-1,2,0,0,0,2479,2479
2620001,2625000,2,L02-1,2,0,0,0,2182,2182
2625001,2630000,1,L02-1,2,0,0,0,418,418
2630001,2635000,1,L02-1,2,0,0,0,802,802
2650001,2655000,0,L02-1,2,0,1,1,0,0
2660001,2665000,0,L02-1,2,1,0,0,0,3093
2690001,2695000,1,L02-1,2,0,0,0,1400,1400
2695001,2700000,1,L02-1,2,0,0,0,15,15
2700001,2705000,2,L02-1,2,0,0,0,2425,2425
2705001,2710000,1,L02-1,2,0,0,0,576,576
2755001,2760000,1,L02-1,2,0,0,0,841,841
2760001,2765000,1,L02-1,2,0,0,0,286,286
2765001,2770000,1,L02-1,2,0,0,0,878,878
2785001,2790000,1,L02-1,2,0,0,0,746,746
2800001,2805000,1,L02-1,2,0,0,0,1472,1472
2805001,2810000,2,L02-1,2,0,0,0,2392,2392
2830001,2835000,1,L02-1,2,0,0,0,803,803
2865001,2870000,1,L02-1,2,0,0,0,380,380
2870001,2875000,2,L02-1,2,0,0,0,1879,1879
2890001,2895000,1,L02-1,2,0,0,0,1355,1355
2900001,2905000,0,L02-1,2,1,0,0,0,3093
2905001,2910000,1,L02-1,2,0,0,0,737,737
2910001,2915000,1,L02-1,2,0,0,0,169,169
2915001,2920000,4,L02-1,2,0,0,0,2554,2554
2920001,2925000,2,L02-1,2,0,0,0,1471,1471
2950001,2955000,3,L02-1,2,0,0,0,338,338
2955001,2960000,1,L02-1,2,0,0,0,2568,2568
3005001,3010000,3,L02-1,2,0,0,0,1500,1500
3040001,3045000,1,L02-1,2,1,0,0,642,3735
3045001,3050000,2,L02-1,2,0,0,0,2293,2293
3100001,3105000,1,L02-1,2,0,0,0,875,875
3165001,3170000,1,L02-1,2,0,0,0,983,983
3170001,3175000,1,L02-1,2,0,0,0,115,115
3200001,3205000,1,L02-1,2,0,0,0,1002,1002
3205001,3210000,2,L02-1,2,0,0,0,1240,1240
3220001,3225000,1,L02-1,2,0,0,0,1154,1154
3225001,3230000,1,L02-1,2,0,0,0,416,416
3270001,3275000,2,L02-1,2,0,0,0,2995,2995
3275001,3280000,0,L02-1,2,0,1,1,0,0
3280001,3285000,1,L02-1,2,0,0,0,1892,1892
3290001,3295000,1,L02-1,2,0,0,0,653,653
3300001,3305000,2,L02-1,2,0,0,0,1511,1511
3305001,3310000,1,L02-1,2,0,0,0,95,95
3310001,3315000,3,L02-1,2,0,0,0,4205,4205
3315001,3320000,1,L02-1,2,0,0,0,394,394
3350001,3355000,0,L02-1,2,1,0,0,0,1700
3355001,3360000,0,L02-1,2,1,0,0,0,1393
3360001,3365000,1,L02-1,2,0,0,0,375,375
3405001,3410000,2,L02-1,2,0,0,0,3071,3071
3410001,3415000,1,L02-1,2,0,0,0,1088,1088
3415001,3420000,3,L02-1,2,0,0,0,2860,2860
3420001,3425000,2,L02-1,2,0,0,0,1353,1353
3425001,3430000,5,L02-1,2,0,0,0,3059,3059
3430001,3435000,1,L02-1,2,0,0,0,55,55
3435001,3440000,4,L02-1,2,0,0,0,2389,2389
3465001,3470000,2,L02-1,2,1,0,0,820,3088
3470001,3475000,1,L02-1,2,1,0,0,1067,1892
3485001,3490000,1,L02-1,2,0,0,0,431,431
3490001,3495000,3,L02-1,2,0,0,0,2203,2203
3495001,3500000,2,L02-1,2,0,0,0,1819,1819
3520001,3525000,2,L02-1,2,0,0,0,700,700
3525001,3530000,2,L02-1,2,0,0,0,1328,1328
3530001,3535000,6,L02-1,2,0,0,0,3789,3789
3535001,3540000,14,L02-1,2,0,0,0,4706,4706
3540001,3545000,9,L02-1,2,0,0,0,4327,4327
3545001,3550000,3,L02-1,2,0,0,0,3027,3027
3560001,3565000,0,L02-1,2,1,0,0,0,1393
3565001,3570000,0,L02-1,2,1,0,0,0,1700
3590001,3595000,1,L02-1,2,0,0,0,1004,1004
3600001,3605000,1,L02-1,2,0,0,0,174,174
3605001,3610000,1,L02-1,2,0,0,0,1961,1961
3650001,3655000,1,L02-1,2,0,0,0,1103,1103
3670001,3675000,0,L02-1,2,1,0,0,0,3093
3675001,3680000,3,L02-1,2,0,0,0,2277,2277
3680001,3685000,2,L02-1,2,0,0,0,1788,1788
3695001,3700000,0,L02-1,2,0,1,0,0,0
3780001,3785000,0,L02-1,2,1,0,0,0,1609
3785001,3790000,0,L02-1,2,1,0,0,0,1484
3790001,3795000,2,L02-1,2,0,0,0,2572,2572
3795001,3800000,1,L02-1,2,0,0,0,408,408
3800001,3805000,0,L02-1,2,1,0,0,0,2014
3805001,3810000,0,L02-1,2,1,0,0,0,1728
3825001,3830000,0,L02-1,2,1,0,0,0,3743
3845001,3850000,0,L02-1,2,1,0,0,0,1214
3850001,3855000,0,L02-1,2,1,0,0,0,2528
3870001,3875000,0,L02-1,2,1,0,0,0,3316
3875001,3880000,0,L02-1,2,1,0,0,0,426
3915001,3920000,1,L02-1,2,0,0,0,1019,1019
3930001,3935000,0,L02-1,2,1,0,0,0,1160
3935001,3940000,0,L02-1,2,1,0,0,0,1933
3940001,3945000,2,L02-1,2,0,0,0,1463,1463
3945001,3950000,4,L02-1,2,0,0,0,2184,2184
3955001,3960000,2,L02-1,2,0,0,0,2731,2731
4010001,4015000,1,L02-1,2,0,0,0,2391,2391
4015001,4020000,6,L02-1,2,0,0,0,3045,3045
4020001,4025000,1,L02-1,2,0,0,0,1626,1626
4030001,4035000,0,L02-1,2,1,0,0,0,694
4035001,4040000,0,L02-1,2,1,1,0,0,2399
4045001,4050000,1,L02-1,2,0,0,0,1307,1307
4050001,4055000,2,L02-1,2,0,0,0,1892,1892
20001,25000,1,L02-2,1,0,0,0,75,75
40001,45000,1,L02-2,1,0,0,0,1259,1259
55001,60000,3,L02-2,1,0,0,0,228,228
60001,65000,2,L02-2,1,0,0,0,1658,1658
65001,70000,1,L02-2,1,0,0,0,20,20
105001,110000,1,L02-2,1,0,0,0,545,545
120001,125000,2,L02-2,1,0,0,0,3382,3382
125001,130000,1,L02-2,1,0,0,0,0,0
195001,200000,2,L02-2,1,0,0,0,2093,2093
200001,205000,1,L02-2,1,0,0,0,1064,1064
235001,240000,1,L02-2,1,0,0,0,318,318
240001,245000,1,L02-2,1,0,0,0,539,539
245001,250000,5,L02-2,1,0,0,0,3088,3088
250001,255000,5,L02-2,1,0,0,0,1612,1612
255001,260000,3,L02-2,1,0,0,0,4603,4603
260001,265000,1,L02-2,1,0,0,0,3827,3827
325001,330000,2,L02-2,1,0,0,0,2575,2575
330001,335000,2,L02-2,1,0,0,0,1328,1328
335001,340000,1,L02-2,1,0,0,0,1415,1415
340001,345000,1,L02-2,1,0,0,0,0,0
345001,350000,1,L02-2,1,0,0,0,536,536
440001,445000,1,L02-2,1,0,0,0,171,171
445001,450000,3,L02-2,1,0,0,0,1928,1928
450001,455000,1,L02-2,1,0,0,0,406,406
460001,465000,2,L02-2,1,0,0,0,1370,1370
465001,470000,3,L02-2,1,0,0,0,1469,1469
470001,475000,1,L02-2,1,0,0,0,187,187
495001,500000,1,L02-2,1,0,0,0,23,23
500001,505000,1,L02-2,1,0,0,0,204,204
520001,525000,1,L02-2,1,0,0,0,530,530
550001,555000,0,L02-2,1,0,2,0,0,0
555001,560000,1,L02-2,1,0,0,0,2855,2855
560001,565000,2,L02-2,1,0,0,0,2182,2182
575001,580000,1,L02-2,1,0,0,0,184,184
580001,585000,2,L02-2,1,0,0,0,1092,1092
635001,640000,2,L02-2,1,0,0,0,2500,2500
640001,645000,4,L02-2,1,0,0,0,3277,3277
645001,650000,1,L02-2,1,0,0,0,245,245
665001,670000,1,L02-2,1,0,0,0,479,479
670001,675000,1,L02-2,1,0,0,0,2354,2354
705001,710000,3,L02-2,1,0,0,0,2902,2902
710001,715000,5,L02-2,1,0,0,0,4997,4997
715001,720000,4,L02-2,1,0,0,0,4031,4031
720001,725000,6,L02-2,1,0,0,0,4545,4545
725001,730000,2,L02-2,1,0,0,0,2653,2653
755001,760000,1,L02-2,1,0,0,0,662,662
765001,770000,0,L02-2,1,0,1,1,0,0
770001,775000,1,L02-2,1,0,0,0,479,479
780001,785000,1,L02-2,1,0,0,0,1263,1263
785001,790000,2,L02-2,1,0,0,0,361,361
795001,800000,3,L02-2,1,0,0,0,1618,1618
800001,805000,5,L02-2,1,0,0,0,4054,4054
805001,810000,4,L02-2,1,0,0,0,4907,4907
810001,815000,5,L02-2,1,0,0,0,3911,3911
815001,820000,2,L02-2,1,0,0,0,4441,4441
820001,825000,1,L02-2,1,0,0,0,1298,1298
825001,830000,1,L02-2,1,0,0,0,1718,1718
925001,930000,1,L02-2,1,0,0,0,974,974
955001,960000,2,L02-2,1,0,0,0,2818,2818
960001,965000,4,L02-2,1,0,0,0,2341,2341
965001,970000,3,L02-2,1,0,0,0,3271,3271
970001,975000,1,L02-2,1,0,0,0,118,118
1005001,1010000,1,L02-2,1,0,1,1,113,113
1020001,1025000,1,L02-2,1,0,0,0,1931,1931
1025001,1030000,2,L02-2,1,0,0,0,1606,1606
1070001,1075000,1,L02-2,1,0,0,0,55,55
1075001,1080000,3,L02-2,1,0,0,0,2918,2918
1085001,1090000,1,L02-2,1,0,0,0,76,76
1155001,1160000,1,L02-2,1,0,0,0,12,12
1160001,1165000,3,L02-2,1,0,0,0,3285,3285
1165001,1170000,4,L02-2,1,0,0,0,4551,4551
1180001,1185000,1,L02-2,1,0,0,0,1538,1538
1190001,1195000,1,L02-2,1,0,0,0,84,84
1195001,1200000,1,L02-2,1,0,0,0,306,306
1200001,1205000,2,L02-2,1,0,0,0,1822,1822
1205001,1210000,1,L02-2,1,0,0,0,66,66
1270001,1275000,0,L02-2,1,1,0,0,0,2360
1275001,1280000,0,L02-2,1,1,0,0,0,733
1330001,1335000,0,L02-2,1,0,1,1,0,0
1410001,1415000,1,L02-2,1,0,0,0,218,218
1420001,1425000,1,L02-2,1,0,0,0,3544,3544
1425001,1430000,3,L02-2,1,0,0,0,2351,2351
1450001,1455000,2,L02-2,1,0,0,0,1820,1820
1455001,1460000,3,L02-2,1,0,0,0,3330,3330
1460001,1465000,3,L02-2,1,0,0,0,2440,2440
1465001,1470000,1,L02-2,1,0,0,0,4019,4019
1475001,1480000,1,L02-2,1,0,0,0,1400,1400
1500001,1505000,1,L02-2,1,0,0,0,518,518
1515001,1520000,0,L02-2,1,1,0,0,0,3092
1520001,1525000,1,L02-2,1,0,0,0,87,87
1595001,1600000,1,L02-2,1,0,0,0,603,603
1600001,1605000,3,L02-2,1,0,0,0,4437,4437
1605001,1610000,1,L02-2,1,0,0,0,305,305
1610001,1615000,3,L02-2,1,0,0,0,1594,1594
1615001,1620000,2,L02-2,1,0,0,0,1642,1642
1635001,1640000,3,L02-2,1,0,0,0,3137,3137
1650001,1655000,1,L02-2,1,0,0,0,1106,1106
1660001,1665000,0,L02-2,1,1,0,0,0,577
1665001,1670000,0,L02-2,1,1,0,0,0,2516
1695001,1700000,4,L02-2,1,0,0,0,2380,2380
1700001,1705000,5,L02-2,1,0,0,0,3796,3796
1705001,1710000,1,L02-2,1,0,0,0,854,854
1765001,1770000,1,L02-2,1,0,0,0,2597,2597
1770001,1775000,1,L02-2,1,0,0,0,500,500
1775001,1780000,1,L02-2,1,0,0,0,90,90
1785001,1790000,1,L02-2,1,0,0,0,788,788
1810001,1815000,0,L02-2,1,0,1,1,0,0
2025001,2030000,1,L02-2,1,0,0,0,770,770
2030001,2035000,1,L02-2,1,0,0,0,504,504
2055001,2060000,1,L02-2,1,0,0,0,641,641
2105001,2110000,1,L02-2,1,0,0,0,1162,1162
2110001,2115000,5,L02-2,1,0,0,0,4183,4183
2115001,2120000,1,L02-2,1,0,0,0,851,851
2135001,2140000,1,L02-2,1,0,0,0,827,827
2175001,2180000,1,L02-2,1,0,0,0,995,995
2200001,2205000,1,L02-2,1,0,0,0,695,695
2260001,2265000,1,L02-2,1,0,0,0,1772,1772
2270001,2275000,1,L02-2,1,0,0,0,1733,1733
2285001,2290000,3,L02-2,1,0,0,0,707,707
2300001,2305000,0,L02-2,1,1,0,0,0,956
2305001,2310000,0,L02-2,1,1,0,0,0,2136
2395001,2400000,0,L02-2,1,1,1,0,0,268
2400001,2405000,0,L02-2,1,1,0,0,0,2825
2405001,2410000,1,L02-2,1,0,0,0,2033,2033
2450001,2455000,1,L02-2,1,0,0,0,0,0
2455001,2460000,1,L02-2,1,0,0,0,668,668
2465001,2470000,0,L02-2,1,0,1,1,0,0
2495001,2500000,1,L02-2,1,0,0,0,1760,1760
2545001,2550000,1,L02-2,1,0,0,0,2627,2627
2550001,2555000,1,L02-2,1,0,0,0,1883,1883
2555001,2560000,2,L02-2,1,0,0,0,1532,1532
2635001,2640000,1,L02-2,1,0,0,0,74,74
2640001,2645000,2,L02-2,1,0,0,0,2108,2108
2645001,2650000,1,L02-2,1,0,0,0,1220,1220
2675001,2680000,0,L02-2,1,1,0,0,0,602
2680001,2685000,0,L02-2,1,1,0,0,0,2491
2710001,2715000,1,L02-2,1,0,0,0,1415,1415
2720001,2725000,2,L02-2,1,0,0,0,3001,3001
2775001,2780000,1,L02-2,1,0,0,0,1127,1127
2785001,2790000,1,L02-2,1,0,0,0,878,878
2800001,2805000,1,L02-2,1,0,0,0,315,315
2805001,2810000,1,L02-2,1,0,0,0,431,431
2815001,2820000,0,L02-2,1,0,1,1,0,0
2820001,2825000,1,L02-2,1,0,0,0,1472,1472
2825001,2830000,2,L02-2,1,0,0,0,2392,2392
2850001,2855000,1,L02-2,1,0,0,0,803,803
2885001,2890000,2,L02-2,1,0,0,0,1285,1285
2890001,2895000,2,L02-2,1,0,0,0,974,974
2905001,2910000,1,L02-2,1,0,0,0,665,665
2910001,2915000,1,L02-2,1,0,0,0,690,690
2915001,2920000,0,L02-2,1,1,0,0,0,633
2920001,2925000,0,L02-2,1,1,0,0,0,2460
2925001,2930000,1,L02-2,1,0,0,0,737,737
2930001,2935000,2,L02-2,1,0,0,0,1065,1065
2935001,2940000,4,L02-2,1,0,0,0,1833,1833
2940001,2945000,2,L02-2,1,0,0,0,1296,1296
2970001,2975000,3,L02-2,1,0,0,0,1277,1277
2975001,2980000,1,L02-2,1,0,0,0,1629,1629
3025001,3030000,3,L02-2,1,0,0,0,1500,1500
3040001,3045000,0,L02-2,1,0,1,0,0,0
3060001,3065000,1,L02-2,1,1,0,0,645,3738
3065001,3070000,2,L02-2,1,0,0,0,2290,2290
3120001,3125000,1,L02-2,1,0,0,0,875,875
3185001,3190000,1,L02-2,1,0,0,0,981,981
3190001,3195000,1,L02-2,1,0,0,0,117,117
3220001,3225000,1,L02-2,1,0,0,0,1000,1000
3225001,3230000,2,L02-2,1,0,0,0,1242,1242
3240001,3245000,1,L02-2,1,0,0,0,1154,1154
3245001,3250000,1,L02-2,1,0,0,0,416,416
3290001,3295000,2,L02-2,1,0,0,0,2995,2995
3300001,3305000,1,L02-2,1,0,0,0,1892,1892
3310001,3315000,1,L02-2,1,0,0,0,653,653
3320001,3325000,2,L02-2,1,0,0,0,1510,1510
3325001,3330000,1,L02-2,1,0,0,0,96,96
3330001,3335000,3,L02-2,1,0,0,0,4204,4204
3335001,3340000,1,L02-2,1,0,0,0,395,395
3370001,3375000,0,L02-2,1,1,0,0,0,1700
3375001,3380000,0,L02-2,1,1,0,0,0,1393
3390001,3395000,1,L02-2,1,0,0,0,375,375
3435001,3440000,2,L02-2,1,0,0,0,3031,3031
3440001,3445000,1,L02-2,1,0,0,0,1128,1128
3445001,3450000,3,L02-2,1,0,0,0,2820,2820
3450001,3455000,2,L02-2,1,0,0,0,1353,1353
3455001,3460000,5,L02-2,1,0,0,0,3059,3059
3460001,3465000,1,L02-2,1,0,0,0,95,95
3465001,3470000,4,L02-2,1,0,0,0,2389,2389
3495001,3500000,2,L02-2,1,1,0,0,820,3049
3500001,3505000,1,L02-2,1,1,0,0,1067,1930
3515001,3520000,1,L02-2,1,0,0,0,392,392
3520001,3525000,3,L02-2,1,0,0,0,2242,2242
3525001,3530000,2,L02-2,1,0,0,0,1819,1819
3550001,3555000,2,L02-2,1,0,0,0,663,663
3555001,3560000,2,L02-2,1,0,0,0,1365,1365
3560001,3565000,6,L02-2,1,0,0,0,3752,3752
3565001,3570000,14,L02-2,1,0,0,0,4706,4706
3570001,3575000,9,L02-2,1,0,0,0,4364,4364
3575001,3580000,3,L02-2,1,0,0,0,3027,3027
3615001,3620000,1,L02-2,1,0,0,0,1004,1004
3630001,3635000,1,L02-2,1,0,0,0,2135,2135
3675001,3680000,1,L02-2,1,0,0,0,933,933
3680001,3685000,1,L02-2,1,0,0,0,170,170
3695001,3700000,0,L02-2,1,1,0,0,0,2071
3700001,3705000,1,L02-2,1,1,0,0,586,1608
3705001,3710000,4,L02-2,1,0,0,0,3479,3479
3730001,3735000,0,L02-2,1,0,1,0,0,0
3745001,3750000,0,L02-2,1,0,1,0,0,0
3810001,3815000,0,L02-2,1,1,0,0,0,3093
3815001,3820000,1,L02-2,1,0,0,0,642,642
3820001,3825000,2,L02-2,1,0,0,0,2338,2338
3825001,3830000,0,L02-2,1,1,0,0,0,74
3830001,3835000,0,L02-2,1,1,0,0,0,5000
3835001,3840000,0,L02-2,1,1,0,0,0,1121
3875001,3880000,1,L02-2,1,0,0,0,1019,1019
3885001,3890000,0,L02-2,1,0,1,0,0,0
3895001,3900000,0,L02-2,1,1,0,0,0,3064
3900001,3905000,0,L02-2,1,1,1,0,0,28
3905001,3910000,3,L02-2,1,0,0,0,1992,1992
3910001,3915000,2,L02-2,1,0,0,0,1656,1656
3915001,3920000,1,L02-2,1,0,0,0,573,573
3920001,3925000,2,L02-2,1,0,0,0,2158,2158
3975001,3980000,2,L02-2,1,0,0,0,3193,3193
3980001,3985000,5,L02-2,1,0,0,0,3869,3869
3995001,4000000,0,L02-2,1,1,0,0,0,1446
4000001,4005000,0,L02-2,1,1,1,0,0,1647
4010001,4015000,2,L02-2,1,0,0,0,1897,1897
4015001,4020000,1,L02-2,1,0,0,0,1302,1302
20001,25000,1,L02-2,2,0,0,0,75,75
40001,45000,1,L02-2,2,0,0,0,1259,1259
55001,60000,3,L02-2,2,0,0,0,228,228
60001,65000,2,L02-2,2,0,0,0,1656,1656
65001,70000,1,L02-2,2,0,0,0,22,22
105001,110000,1,L02-2,2,0,0,0,545,545
120001,125000,2,L02-2,2,0,0,0,3382,3382
125001,130000,1,L02-2,2,0,0,0,0,0
195001,200000,2,L02-2,2,0,0,0,2091,2091
200001,205000,1,L02-2,2,0,0,0,1066,1066
235001,240000,1,L02-2,2,0,0,0,316,316
240001,245000,1,L02-2,2,0,0,0,541,541
245001,250000,5,L02-2,2,0,0,0,3086,3086
250001,255000,5,L02-2,2,0,0,0,1612,1612
255001,260000,3,L02-2,2,0,0,0,4603,4603
260001,265000,1,L02-2,2,0,0,0,3829,3829
325001,330000,2,L02-2,2,0,0,0,2573,2573
330001,335000,2,L02-2,2,0,0,0,1330,1330
335001,340000,1,L02-2,2,0,0,0,1415,1415
340001,345000,1,L02-2,2,0,0,0,0,0
345001,350000,1,L02-2,2,0,0,0,536,536
440001,445000,1,L02-2,2,0,0,0,167,167
445001,450000,3,L02-2,2,0,0,0,1928,1928
450001,455000,1,L02-2,2,0,0,0,410,410
460001,465000,2,L02-2,2,0,0,0,1366,1366
465001,470000,3,L02-2,2,0,0,0,1469,1469
470001,475000,1,L02-2,2,0,0,0,191,191
495001,500000,1,L02-2,2,0,0,0,16,16
500001,505000,1,L02-2,2,0,0,0,211,211
520001,525000,1,L02-2,2,0,0,0,530,530
550001,555000,0,L02-2,2,1,0,0,0,928
555001,560000,1,L02-2,2,1,0,0,1813,4627
560001,565000,3,L02-2,2,0,0,0,2619,2619
565001,570000,1,L02-2,2,0,0,0,605,605
580001,585000,2,L02-2,2,0,0,0,1276,1276
640001,645000,3,L02-2,2,0,0,0,4251,4251
645001,650000,2,L02-2,2,0,0,0,1771,1771
665001,670000,1,L02-2,2,0,0,0,479,479
670001,675000,1,L02-2,2,0,0,0,1122,1122
675001,680000,1,L02-2,2,0,0,0,1232,1232
710001,715000,4,L02-2,2,0,0,0,4829,4829
715001,720000,6,L02-2,2,0,0,0,4943,4943
720001,725000,4,L02-2,2,0,0,0,4024,4024
725001,730000,4,L02-2,2,0,0,0,4606,4606
730001,735000,2,L02-2,2,0,0,0,727,727
760001,765000,1,L02-2,2,0,0,0,662,662
765001,770000,0,L02-2,2,1,0,0,0,0
770001,775000,0,L02-2,2,1,0,0,0,3093
775001,780000,1,L02-2,2,0,0,0,479,479
785001,790000,1,L02-2,2,0,0,0,86,86
790001,795000,2,L02-2,2,0,0,0,1538,1538
800001,805000,1,L02-2,2,0,0,0,824,824
805001,810000,6,L02-2,2,0,0,0,3819,3819
810001,815000,5,L02-2,2,0,0,0,4759,4759
815001,820000,5,L02-2,2,0,0,0,4280,4280
820001,825000,3,L02-2,2,0,0,0,4357,4357
825001,830000,2,L02-2,2,0,0,0,2190,2190
830001,835000,1,L02-2,2,0,0,0,1631,1631
835001,840000,1,L02-2,2,0,0,0,87,87
930001,935000,1,L02-2,2,0,0,0,974,974
960001,965000,2,L02-2,2,0,0,0,2148,2148
965001,970000,3,L02-2,2,0,0,0,1932,1932
970001,975000,4,L02-2,2,0,0,0,3198,3198
975001,980000,2,L02-2,2,0,0,0,1270,1270
1010001,1015000,1,L02-2,2,0,0,0,113,113
1015001,1020000,0,L02-2,2,1,0,0,0,3093
1030001,1035000,1,L02-2,2,0,0,0,1931,1931
1035001,1040000,2,L02-2,2,0,0,0,1606,1606
1080001,1085000,1,L02-2,2,0,0,0,722,722
1085001,1090000,2,L02-2,2,0,0,0,2251,2251
1095001,1100000,1,L02-2,2,0,0,0,76,76
1165001,1170000,1,L02-2,2,0,0,0,730,730
1170001,1175000,4,L02-2,2,0,0,0,3281,3281
1175001,1180000,3,L02-2,2,0,0,0,3837,3837
1190001,1195000,1,L02-2,2,0,0,0,1538,1538
1195001,1200000,1,L02-2,2,0,0,0,84,84
1205001,1210000,1,L02-2,2,0,0,0,1023,1023
1210001,1215000,2,L02-2,2,0,0,0,1171,1171
1280001,1285000,0,L02-2,2,1,0,0,0,3077
1285001,1290000,0,L02-2,2,1,0,0,0,16
1340001,1345000,0,L02-2,2,1,0,0,0,3093
1425001,1430000,1,L02-2,2,0,0,0,218,218
1430001,1435000,1,L02-2,2,0,0,0,1157,1157
1435001,1440000,2,L02-2,2,0,0,0,3446,3446
1440001,1445000,1,L02-2,2,0,0,0,1292,1292
1460001,1465000,1,L02-2,2,0,0,0,1673,1673
1465001,1470000,2,L02-2,2,0,0,0,2731,2731
1470001,1475000,2,L02-2,2,0,0,0,808,808
1475001,1480000,3,L02-2,2,0,0,0,4992,4992
1480001,1485000,1,L02-2,2,0,0,0,1405,1405
1485001,1490000,1,L02-2,2,0,0,0,1400,1400
1515001,1520000,1,L02-2,2,0,0,0,518,518
1525001,1530000,0,L02-2,2,1,0,0,0,1709
1530001,1535000,0,L02-2,2,1,0,0,0,1384
1535001,1540000,1,L02-2,2,0,0,0,87,87
1610001,1615000,2,L02-2,2,0,0,0,2993,2993
1615001,1620000,2,L02-2,2,0,0,0,2047,2047
1620001,1625000,3,L02-2,2,0,0,0,1899,1899
1625001,1630000,2,L02-2,2,0,0,0,1642,1642
1645001,1650000,3,L02-2,2,0,0,0,2213,2213
1650001,1655000,1,L02-2,2,0,0,0,924,924
1665001,1670000,1,L02-2,2,0,0,0,1106,1106
1675001,1680000,0,L02-2,2,1,0,0,0,3093
1705001,1710000,1,L02-2,2,0,0,0,584,584
1710001,1715000,5,L02-2,2,0,0,0,4148,4148
1715001,1720000,3,L02-2,2,0,0,0,2298,2298
1775001,1780000,1,L02-2,2,0,0,0,634,634
1780001,1785000,1,L02-2,2,0,0,0,1963,1963
1785001,1790000,1,L02-2,2,0,0,0,590,590
1795001,1800000,1,L02-2,2,0,0,0,788,788
1820001,1825000,0,L02-2,2,1,0,0,0,964
1825001,1830000,0,L02-2,2,1,0,0,0,2129
2040001,2045000,1,L02-2,2,0,0,0,277,277
2045001,2050000,1,L02-2,2,0,0,0,997,997
2070001,2075000,1,L02-2,2,0,0,0,641,641
2120001,2125000,1,L02-2,2,0,0,0,668,668
2125001,2130000,5,L02-2,2,0,0,0,4183,4183
2130001,2135000,1,L02-2,2,0,0,0,1345,1345
2150001,2155000,1,L02-2,2,0,0,0,827,827
2190001,2195000,1,L02-2,2,0,0,0,995,995
2200001,2205000,0,L02-2,2,0,1,1,0,0
2215001,2220000,1,L02-2,2,0,0,0,695,695
2275001,2280000,1,L02-2,2,0,0,0,1772,1772
2285001,2290000,1,L02-2,2,0,0,0,1733,1733
2300001,2305000,3,L02-2,2,0,0,0,707,707
2315001,2320000,0,L02-2,2,1,0,0,0,452
2320001,2325000,0,L02-2,2,1,1,0,0,2641
2410001,2415000,0,L02-2,2,1,0,0,0,3093
2415001,2420000,1,L02-2,2,0,0,0,2033,2033
2450001,2455000,0,L02-2,2,0,1,1,0,0
2465001,2470000,1,L02-2,2,0,0,0,668,668
2475001,2480000,0,L02-2,2,1,0,0,0,472
2480001,2485000,0,L02-2,2,1,0,0,0,2621
2510001,2515000,1,L02-2,2,0,0,0,1760,1760
2555001,2560000,1,L02-2,2,0,0,0,437,437
2560001,2565000,1,L02-2,2,0,0,0,2190,2190
2565001,2570000,1,L02-2,2,0,0,0,2285,2285
2570001,2575000,1,L02-2,2,0,0,0,1130,1130
2650001,2655000,1,L02-2,2,0,0,0,556,556
2655001,2660000,2,L02-2,2,0,0,0,1626,1626
2660001,2665000,1,L02-2,2,0,0,0,1220,1220
2690001,2695000,0,L02-2,2,1,0,0,0,1085
2695001,2700000,0,L02-2,2,1,0,0,0,1983
2725001,2730000,1,L02-2,2,0,0,0,1415,1415
2735001,2740000,2,L02-2,2,0,0,0,3001,3001
2790001,2795000,1,L02-2,2,0,0,0,1127,1127
2795001,2800000,1,L02-2,2,0,0,0,14,14
2800001,2805000,1,L02-2,2,0,0,0,864,864
2815001,2820000,1,L02-2,2,0,0,0,746,746
2830001,2835000,0,L02-2,2,1,0,0,0,3093
2840001,2845000,3,L02-2,2,0,0,0,2854,2854
2845001,2850000,1,L02-2,2,0,0,0,1010,1010
2865001,2870000,1,L02-2,2,0,0,0,803,803
2900001,2905000,1,L02-2,2,0,0,0,176,176
2905001,2910000,3,L02-2,2,0,0,0,2083,2083
2925001,2930000,1,L02-2,2,0,0,0,1355,1355
2935001,2940000,0,L02-2,2,1,0,0,0,3035
2940001,2945000,1,L02-2,2,1,0,0,737,795
2950001,2955000,4,L02-2,2,0,0,0,2620,2620
2955001,2960000,3,L02-2,2,0,0,0,1574,1574
2990001,2995000,3,L02-2,2,0,0,0,2907,2907
3040001,3045000,3,L02-2,2,0,0,0,1464,1464
3045001,3050000,1,L02-2,2,0,0,0,36,36
3055001,3060000,0,L02-2,2,1,0,0,0,908
3060001,3065000,2,L02-2,2,1,0,0,2492,4677
3065001,3070000,1,L02-2,2,0,0,0,443,443
3120001,3125000,1,L02-2,2,0,0,0,875,875
3185001,3190000,1,L02-2,2,0,0,0,1098,1098
3220001,3225000,2,L02-2,2,0,0,0,2242,2242
3235001,3240000,1,L02-2,2,0,0,0,1154,1154
3240001,3245000,1,L02-2,2,0,0,0,309,309
3245001,3250000,1,L02-2,2,0,0,0,107,107
3285001,3290000,2,L02-2,2,0,0,0,1531,1531
3290001,3295000,1,L02-2,2,0,0,0,1464,1464
3295001,3300000,1,L02-2,2,0,0,0,1005,1005
3300001,3305000,1,L02-2,2,0,0,0,887,887
3305001,3310000,1,L02-2,2,0,0,0,653,653
3320001,3325000,2,L02-2,2,0,0,0,1606,1606
3325001,3330000,2,L02-2,2,0,0,0,1331,1331
3330001,3335000,2,L02-2,2,0,0,0,3268,3268
3370001,3375000,0,L02-2,2,1,0,0,0,3093
3375001,3380000,0,L02-2,2,0,1,0,0,0
3390001,3395000,1,L02-2,2,0,0,0,376,376
3435001,3440000,2,L02-2,2,0,0,0,4159,4159
3440001,3445000,2,L02-2,2,0,0,0,676,676
3445001,3450000,2,L02-2,2,0,0,0,2681,2681
3450001,3455000,3,L02-2,2,0,0,0,1612,1612
3455001,3460000,3,L02-2,2,0,0,0,2358,2358
3460001,3465000,2,L02-2,2,0,0,0,1050,1050
3465001,3470000,3,L02-2,2,0,0,0,1339,1339
3490001,3495000,2,L02-2,2,0,0,0,820,820
3495001,3500000,0,L02-2,2,1,0,0,0,3093
3500001,3505000,1,L02-2,2,0,0,0,1067,1067
3515001,3520000,3,L02-2,2,0,0,0,2249,2249
3520001,3525000,2,L02-2,2,0,0,0,651,651
3525001,3530000,2,L02-2,2,0,0,0,1553,1553
3550001,3555000,3,L02-2,2,0,0,0,2028,2028
3555001,3560000,2,L02-2,2,0,0,0,1045,1045
3560001,3565000,10,L02-2,2,0,0,0,4587,4587
3565001,3570000,13,L02-2,2,0,0,0,4684,4684
3570001,3575000,6,L02-2,2,0,0,0,2734,2734
3575001,3580000,3,L02-2,2,0,0,0,2799,2799
3615001,3620000,1,L02-2,2,0,0,0,1004,1004
3625001,3630000,1,L02-2,2,0,0,0,159,159
3630001,3635000,1,L02-2,2,0,0,0,1976,1976
3675001,3680000,1,L02-2,2,0,0,0,1103,1103
3695001,3700000,0,L02-2,2,1,0,0,0,3093
3720001,3725000,1,L02-2,2,0,0,0,970,970
3725001,3730000,4,L02-2,2,0,0,0,3096,3096
3730001,3735000,0,L02-2,2,1,0,0,0,3093
3735001,3740000,0,L02-2,2,0,1,0,0,0
3795001,3800000,0,L02-2,2,1,0,0,0,3093
3815001,3820000,0,L02-2,2,1,0,0,0,3093
3835001,3840000,0,L02-2,2,1,0,0,0,3742
3845001,3850000,1,L02-2,2,0,0,0,1019,1019
3885001,3890000,0,L02-2,2,1,0,0,0,498
3890001,3895000,0,L02-2,2,1,0,0,0,5000
3895001,3900000,0,L02-2,2,1,0,0,0,4446
3910001,3915000,0,L02-2,2,1,0,0,0,3093
3915001,3920000,1,L02-2,2,0,0,0,534,534
3920001,3925000,5,L02-2,2,0,0,0,2801,2801
3925001,3930000,1,L02-2,2,0,0,0,313,313
3930001,3935000,2,L02-2,2,0,0,0,2379,2379
3935001,3940000,1,L02-2,2,0,0,0,352,352
3985001,3990000,1,L02-2,2,0,0,0,1451,1451
3990001,3995000,3,L02-2,2,0,0,0,3466,3466
3995001,4000000,3,L02-2,2,0,0,0,2145,2145
4010001,4015000,0,L02-2,2,1,0,0,0,3093
4025001,4030000,2,L02-2,2,0,0,0,3199,3199
20001,25000,1,L02-3,1,0,0,0,75,75
40001,45000,1,L02-3,1,0,0,0,1259,1259
55001,60000,3,L02-3,1,0,0,0,228,228
60001,65000,2,L02-3,1,0,0,0,1658,1658
65001,70000,1,L02-3,1,0,0,0,20,20
105001,110000,1,L02-3,1,0,0,0,545,545
120001,125000,2,L02-3,1,0,0,0,3382,3382
125001,130000,1,L02-3,1,0,0,0,0,0
195001,200000,2,L02-3,1,0,0,0,2093,2093
200001,205000,1,L02-3,1,0,0,0,1064,1064
235001,240000,1,L02-3,1,0,0,0,318,318
240001,245000,1,L02-3,1,0,0,0,539,539
245001,250000,5,L02-3,1,0,0,0,3088,3088
250001,255000,5,L02-3,1,0,0,0,1612,1612
255001,260000,3,L02-3,1,0,0,0,4603,4603
260001,265000,1,L02-3,1,0,0,0,3827,3827
325001,330000,2,L02-3,1,0,0,0,2575,2575
330001,335000,2,L02-3,1,0,0,0,1328,1328
335001,340000,1,L02-3,1,0,0,0,1415,1415
340001,345000,1,L02-3,1,0,0,0,0,0
345001,350000,1,L02-3,1,0,0,0,536,536
440001,445000,1,L02-3,1,0,0,0,171,171
445001,450000,3,L02-3,1,0,0,0,1928,1928
450001,455000,1,L02-3,1,0,0,0,406,406
460001,465000,2,L02-3,1,0,0,0,1370,1370
465001,470000,3,L02-3,1,0,0,0,1469,1469
470001,475000,1,L02-3,1,0,0,0,187,187
495001,500000,1,L02-3,1,0,0,0,23,23
500001,505000,1,L02-3,1,0,0,0,204,204
520001,525000,1,L02-3,1,0,0,0,530,530
555001,560000,1,L02-3,1,0,0,0,2855,2855
560001,565000,2,L02-3,1,0,0,0,2182,2182
575001,580000,1,L02-3,1,0,0,0,184,184
580001,585000,2,L02-3,1,0,0,0,1092,1092
635001,640000,2,L02-3,1,0,0,0,2500,2500
640001,645000,4,L02-3,1,0,0,0,3277,3277
645001,650000,1,L02-3,1,0,0,0,245,245
665001,670000,1,L02-3,1,0,0,0,479,479
670001,675000,1,L02-3,1,0,0,0,2354,2354
705001,710000,3,L02-3,1,0,0,0,2902,2902
710001,715000,5,L02-3,1,0,0,0,4997,4997
715001,720000,4,L02-3,1,0,0,0,4031,4031
720001,725000,6,L02-3,1,0,0,0,4545,4545
725001,730000,2,L02-3,1,0,0,0,2653,2653
755001,760000,1,L02-3,1,0,0,0,662,662
770001,775000,1,L02-3,1,0,0,0,479,479
780001,785000,1,L02-3,1,0,0,0,1263,1263
785001,790000,2,L02-3,1,0,0,0,361,361
795001,800000,3,L02-3,1,0,0,0,1618,1618
800001,805000,5,L02-3,1,0,0,0,4054,4054
805001,810000,4,L02-3,1,0,0,0,4907,4907
810001,815000,5,L02-3,1,0,0,0,3911,3911
815001,820000,2,L02-3,1,0,0,0,4441,4441
820001,825000,1,L02-3,1,0,0,0,1298,1298
825001,830000,1,L02-3,1,0,0,0,1718,1718
925001,930000,1,L02-3,1,0,0,0,974,974
955001,960000,2,L02-3,1,0,0,0,2818,2818
960001,965000,4,L02-3,1,0,0,0,2341,2341
965001,970000,3,L02-3,1,0,0,0,3271,3271
970001,975000,1,L02-3,1,0,0,0,118,118
1005001,1010000,1,L02-3,1,0,0,0,113,113
1020001,1025000,1,L02-3,1,0,0,0,1931,1931
1025001,1030000,2,L02-3,1,0,0,0,1606,1606
1045001,1050000,0,L02-3,1,0,1,1,0,0
1070001,1075000,1,L02-3,1,0,0,0,55,55
1075001,1080000,3,L02-3,1,0,0,0,2918,2918
1085001,1090000,1,L02-3,1,0,0,0,76,76
1110001,1115000,0,L02-3,1,0,1,1,0,0
1155001,1160000,1,L02-3,1,0,0,0,12,12
1160001,1165000,3,L02-3,1,0,0,0,3285,3285
1165001,1170000,4,L02-3,1,0,0,0,4551,4551
1180001,1185000,1,L02-3,1,0,0,0,1538,1538
1190001,1195000,1,L02-3,1,0,0,0,84,84
1195001,1200000,1,L02-3,1,0,0,0,306,306
1200001,1205000,2,L02-3,1,0,0,0,1822,1822
1205001,1210000,1,L02-3,1,0,0,0,66,66
1210001,1215000,0,L02-3,1,0,1,0,0,0
1230001,1235000,0,L02-3,1,0,1,0,0,0
1270001,1275000,0,L02-3,1,1,0,0,0,2360
1275001,1280000,0,L02-3,1,1,0,0,0,733
1325001,1330000,0,L02-3,1,0,1,1,0,0
1410001,1415000,1,L02-3,1,0,0,0,218,218
1420001,1425000,1,L02-3,1,0,0,0,3544,3544
1425001,1430000,3,L02-3,1,0,0,0,2351,2351
1450001,1455000,2,L02-3,1,0,0,0,1820,1820
1455001,1460000,3,L02-3,1,0,0,0,3330,3330
1460001,1465000,3,L02-3,1,0,0,0,2440,2440
1465001,1470000,1,L02-3,1,0,0,0,4019,4019
1475001,1480000,1,L02-3,1,0,0,0,1400,1400
1500001,1505000,1,L02-3,1,0,0,0,518,518
1515001,1520000,0,L02-3,1,1,0,0,0,3092
1520001,1525000,1,L02-3,1,0,0,0,87,87
1595001,1600000,1,L02-3,1,0,0,0,603,603
1600001,1605000,3,L02-3,1,0,0,0,4437,4437
1605001,1610000,1,L02-3,1,0,0,0,305,305
1610001,1615000,3,L02-3,1,0,0,0,1594,1594
1615001,1620000,2,L02-3,1,0,0,0,1642,1642
1635001,1640000,3,L02-3,1,0,0,0,3137,3137
1650001,1655000,1,L02-3,1,0,0,0,1106,1106
1660001,1665000,0,L02-3,1,1,0,0,0,577
1665001,1670000,0,L02-3,1,1,1,0,0,2516
1695001,1700000,4,L02-3,1,0,0,0,2380,2380
1700001,1705000,5,L02-3,1,0,0,0,3796,3796
1705001,1710000,1,L02-3,1,0,0,0,854,854
1765001,1770000,1,L02-3,1,0,0,0,2597,2597
1770001,1775000,1,L02-3,1,0,0,0,500,500
1775001,1780000,1,L02-3,1,0,0,0,90,90
1785001,1790000,1,L02-3,1,0,0,0,788,788
2025001,2030000,1,L02-3,1,0,0,0,770,770
2030001,2035000,1,L02-3,1,0,0,0,504,504
2055001,2060000,1,L02-3,1,0,0,0,641,641
2105001,2110000,1,L02-3,1,0,0,0,1162,1162
2110001,2115000,5,L02-3,1,0,0,0,4183,4183
2115001,2120000,1,L02-3,1,0,0,0,851,851
2135001,2140000,1,L02-3,1,0,0,0,827,827
2175001,2180000,1,L02-3,1,0,0,0,995,995
2200001,2205000,1,L02-3,1,0,0,0,695,695
2260001,2265000,1,L02-3,1,0,0,0,1772,1772
2270001,2275000,1,L02-3,1,0,0,0,1733,1733
2275001,2280000,0,L02-3,1,0,1,1,0,0
2285001,2290000,3,L02-3,1,0,0,0,707,707
2300001,2305000,0,L02-3,1,1,0,0,0,956
2305001,2310000,0,L02-3,1,1,0,0,0,2136
2355001,2360000,0,L02-3,1,0,1,1,0,0
2395001,2400000,0,L02-3,1,1,0,0,0,268
2400001,2405000,0,L02-3,1,1,1,0,0,2825
2405001,2410000,1,L02-3,1,0,0,0,2033,2033
2450001,2455000,1,L02-3,1,0,0,0,0,0
2455001,2460000,1,L02-3,1,0,0,0,668,668
2495001,2500000,1,L02-3,1,0,0,0,1760,1760
2545001,2550000,1,L02-3,1,0,0,0,2627,2627
2550001,2555000,1,L02-3,1,0,0,0,1883,1883
2555001,2560000,2,L02-3,1,0,0,0,1532,1532
2570001,2575000,0,L02-3,1,0,1,0,0,0
2590001,2595000,0,L02-3,1,0,1,0,0,0
2635001,2640000,1,L02-3,1,0,0,0,74,74
2640001,2645000,2,L02-3,1,0,0,0,2108,2108
2645001,2650000,1,L02-3,1,0,0,0,1220,1220
2675001,2680000,0,L02-3,1,1,0,0,0,602
2680001,2685000,0,L02-3,1,1,0,0,0,2491
2710001,2715000,1,L02-3,1,0,0,0,1415,1415
2715001,2720000,0,L02-3,1,0,1,1,0,0
2720001,2725000,2,L02-3,1,0,0,0,3001,3001
2775001,2780000,1,L02-3,1,0,0,0,1127,1127
2785001,2790000,1,L02-3,1,0,0,0,878,878
2800001,2805000,1,L02-3,1,0,0,0,315,315
2805001,2810000,1,L02-3,1,0,0,0,431,431
2820001,2825000,1,L02-3,1,0,0,0,1472,1472
2825001,2830000,2,L02-3,1,0,0,0,2392,2392
2850001,2855000,1,L02-3,1,0,0,0,803,803
2885001,2890000,2,L02-3,1,0,0,0,1285,1285
2890001,2895000,2,L02-3,1,0,0,0,974,974
2905001,2910000,1,L02-3,1,0,0,0,665,665
2910001,2915000,1,L02-3,1,0,0,0,690,690
2915001,2920000,0,L02-3,1,1,0,0,0,633
2920001,2925000,0,L02-3,1,1,0,0,0,2460
2925001,2930000,1,L02-3,1,0,0,0,737,737
2930001,2935000,2,L02-3,1,0,0,0,1065,1065
2935001,2940000,4,L02-3,1,0,0,0,1833,1833
2940001,2945000,2,L02-3,1,0,0,0,1296,1296
2970001,2975000,3,L02-3,1,0,0,0,1277,1277
2975001,2980000,1,L02-3,1,0,0,0,1629,1629
3025001,3030000,3,L02-3,1,0,0,0,1500,1500
3060001,3065000,1,L02-3,1,1,0,0,645,3738
3065001,3070000,2,L02-3,1,0,0,0,2290,2290
3120001,3125000,1,L02-3,1,0,0,0,875,875
3185001,3190000,1,L02-3,1,0,0,0,981,981
3190001,3195000,1,L02-3,1,0,0,0,117,117
3220001,3225000,1,L02-3,1,0,0,0,1000,1000
3225001,3230000,2,L02-3,1,0,0,0,1242,1242
3240001,3245000,1,L02-3,1,0,0,0,1154,1154
3245001,3250000,1,L02-3,1,0,0,0,416,416
3290001,3295000,2,L02-3,1,0,0,0,2995,2995
3300001,3305000,1,L02-3,1,0,0,0,1892,1892
3310001,3315000,1,L02-3,1,0,0,0,653,653
3320001,3325000,2,L02-3,1,0,0,0,1510,1510
3325001,3330000,1,L02-3,1,0,0,0,96,96
3330001,3335000,3,L02-3,1,0,0,0,4204,4204
3335001,3340000,1,L02-3,1,0,0,0,395,395
3370001,3375000,0,L02-3,1,1,0,0,0,1700
3375001,3380000,0,L02-3,1,1,1,0,0,1393
3390001,3395000,1,L02-3,1,0,0,0,375,375
3435001,3440000,2,L02-3,1,0,0,0,3031,3031
3440001,3445000,1,L02-3,1,0,0,0,1128,1128
3445001,3450000,3,L02-3,1,0,0,0,2820,2820
3450001,3455000,2,L02-3,1,0,0,0,1353,1353
3455001,3460000,5,L02-3,1,0,0,0,3059,3059
3460001,3465000,1,L02-3,1,0,0,0,95,95
3465001,3470000,4,L02-3,1,0,0,0,2389,2389
3495001,3500000,2,L02-3,1,1,0,0,820,3049
3500001,3505000,1,L02-3,1,1,0,0,1067,1930
3515001,3520000,1,L02-3,1,0,0,0,392,392
3520001,3525000,3,L02-3,1,0,0,0,2242,2242
3525001,3530000,2,L02-3,1,0,0,0,1819,1819
3550001,3555000,2,L02-3,1,0,0,0,663,663
3555001,3560000,2,L02-3,1,0,0,0,1365,1365
3560001,3565000,6,L02-3,1,0,0,0,3752,3752
3565001,3570000,14,L02-3,1,0,0,0,4706,4706
3570001,3575000,9,L02-3,1,0,0,0,4364,4364
3575001,3580000,3,L02-3,1,0,0,0,3027,3027
3615001,3620000,1,L02-3,1,0,0,0,1004,1004
3630001,3635000,1,L02-3,1,0,0,0,2135,2135
3635001,3640000,0,L02-3,1,0,1,1,0,0
3675001,3680000,1,L02-3,1,0,0,0,933,933
3680001,3685000,1,L02-3,1,0,0,0,170,170
3695001,3700000,0,L02-3,1,1,0,0,0,2071
3700001,3705000,1,L02-3,1,1,0,0,586,1608
3705001,3710000,4,L02-3,1,0,0,0,3479,3479
3790001,3795000,0,L02-3,1,0,1,0,0,0
3810001,3815000,0,L02-3,1,1,0,0,0,3093
3815001,3820000,1,L02-3,1,0,0,0,642,642
3820001,3825000,2,L02-3,1,0,0,0,2338,2338
3825001,3830000,0,L02-3,1,1,0,0,0,74
3830001,3835000,0,L02-3,1,1,0,0,0,5000
3835001,3840000,0,L02-3,1,1,0,0,0,1121
3855001,3860000,0,L02-3,1,0,1,0,0,0
3875001,3880000,1,L02-3,1,0,0,0,1019,1019
3895001,3900000,0,L02-3,1,1,0,0,0,3064
3900001,3905000,0,L02-3,1,1,0,0,0,28
3905001,3910000,3,L02-3,1,0,0,0,1992,1992
3910001,3915000,2,L02-3,1,0,0,0,1656,1656
3915001,3920000,1,L02-3,1,0,0,0,573,573
3920001,3925000,2,L02-3,1,0,0,0,2158,2158
3975001,3980000,2,L02-3,1,0,0,0,3193,3193
3980001,3985000,5,L02-3,1,0,0,0,3869,3869
3995001,4000000,0,L02-3,1,1,0,0,0,1446
4000001,4005000,0,L02-3,1,1,0,0,0,1647
4010001,4015000,2,L02-3,1,0,0,0,1897,1897
20001,25000,1,L02-3,2,0,0,0,75,75
40001,45000,1,L02-3,2,0,0,0,1259,1259
55001,60000,3,L02-3,2,0,0,0,228,228
60001,65000,2,L02-3,2,0,0,0,1658,1658
65001,70000,1,L02-3,2,0,0,0,20,20
105001,110000,1,L02-3,2,0,0,0,545,545
120001,125000,2,L02-3,2,0,0,0,3382,3382
125001,130000,1,L02-3,2,0,0,0,0,0
195001,200000,2,L02-3,2,0,0,0,2093,2093
200001,205000,1,L02-3,2,0,0,0,1064,1064
235001,240000,1,L02-3,2,0,0,0,318,318
240001,245000,1,L02-3,2,0,0,0,539,539
245001,250000,5,L02-3,2,0,0,0,3089,3089
250001,255000,5,L02-3,2,0,0,0,1612,1612
255001,260000,3,L02-3,2,0,0,0,4603,4603
260001,265000,1,L02-3,2,0,0,0,3826,3826
325001,330000,2,L02-3,2,0,0,0,2577,2577
330001,335000,2,L02-3,2,0,0,0,1326,1326
335001,340000,1,L02-3,2,0,0,0,1415,1415
345001,350000,1,L02-3,2,0,0,0,536,536
440001,445000,1,L02-3,2,0,0,0,174,174
445001,450000,3,L02-3,2,0,0,0,1928,1928
450001,455000,1,L02-3,2,0,0,0,403,403
460001,465000,2,L02-3,2,0,0,0,1373,1373
465001,470000,3,L02-3,2,0,0,0,1470,1470
470001,475000,1,L02-3,2,0,0,0,183,183
495001,500000,1,L02-3,2,0,0,0,26,26
500001,505000,1,L02-3,2,0,0,0,201,201
520001,525000,1,L02-3,2,0,0,0,530,530
555001,560000,1,L02-3,2,0,0,0,2855,2855
560001,565000,2,L02-3,2,0,0,0,2182,2182
575001,580000,1,L02-3,2,0,0,0,190,190
580001,585000,2,L02-3,2,0,0,0,1086,1086
635001,640000,2,L02-3,2,0,0,0,2507,2507
640001,645000,4,L02-3,2,0,0,0,3277,3277
645001,650000,1,L02-3,2,0,0,0,238,238
665001,670000,1,L02-3,2,0,0,0,479,479
670001,675000,1,L02-3,2,0,0,0,2354,2354
705001,710000,3,L02-3,2,0,0,0,2910,2910
710001,715000,5,L02-3,2,0,0,0,4997,4997
715001,720000,4,L02-3,2,0,0,0,4031,4031
720001,725000,6,L02-3,2,0,0,0,4545,4545
725001,730000,2,L02-3,2,0,0,0,2646,2646
755001,760000,1,L02-3,2,0,0,0,662,662
770001,775000,1,L02-3,2,0,0,0,479,479
780001,785000,1,L02-3,2,0,0,0,1270,1270
785001,790000,2,L02-3,2,0,0,0,354,354
795001,800000,3,L02-3,2,0,0,0,1618,1618
800001,805000,5,L02-3,2,0,0,0,4054,4054
805001,810000,4,L02-3,2,0,0,0,4915,4915
810001,815000,5,L02-3,2,0,0,0,3902,3902
815001,820000,2,L02-3,2,0,0,0,4441,4441
820001,825000,1,L02-3,2,0,0,0,1298,1298
825001,830000,1,L02-3,2,0,0,0,1718,1718
925001,930000,1,L02-3,2,0,0,0,974,974
955001,960000,2,L02-3,2,0,0,0,2818,2818
960001,965000,4,L02-3,2,0,0,0,2354,2354
965001,970000,3,L02-3,2,0,0,0,3271,3271
970001,975000,1,L02-3,2,0,0,0,105,105
1005001,1010000,1,L02-3,2,0,0,0,113,113
1020001,1025000,1,L02-3,2,0,0,0,1930,1930
1025001,1030000,2,L02-3,2,0,0,0,1606,1606
1045001,1050000,0,L02-3,2,1,0,0,0,3092
1075001,1080000,2,L02-3,2,0,0,0,1294,1294
1080001,1085000,2,L02-3,2,0,0,0,1679,1679
1085001,1090000,1,L02-3,2,0,0,0,76,76
1100001,1105000,0,L02-3,2,0,1,0,0,0
1115001,1120000,0,L02-3,2,1,0,0,0,3093
1120001,1125000,0,L02-3,2,1,0,0,0,0
1160001,1165000,0,L02-3,2,0,1,1,0,0
1165001,1170000,2,L02-3,2,0,0,0,3013,3013
1170001,1175000,4,L02-3,2,0,0,0,4073,4073
1175001,1180000,1,L02-3,2,0,0,0,762,762
1185001,1190000,1,L02-3,2,0,0,0,862,862
1190001,1195000,1,L02-3,2,0,0,0,676,676
1195001,1200000,1,L02-3,2,0,0,0,84,84
1205001,1210000,1,L02-3,2,0,0,0,1664,1664
1210001,1215000,1,L02-3,2,0,0,0,530,530
1220001,1225000,0,L02-3,2,1,0,0,0,3092
1260001,1265000,0,L02-3,2,1,0,0,0,1101
1265001,1270000,0,L02-3,2,1,0,0,0,1992
1315001,1320000,0,L02-3,2,1,0,0,0,2534
1320001,1325000,0,L02-3,2,1,0,0,0,559
1405001,1410000,1,L02-3,2,0,0,0,218,218
1415001,1420000,2,L02-3,2,0,0,0,4030,4030
1420001,1425000,2,L02-3,2,0,0,0,1865,1865
1440001,1445000,1,L02-3,2,0,0,0,414,414
1445001,1450000,2,L02-3,2,0,0,0,2047,2047
1450001,1455000,3,L02-3,2,0,0,0,2689,2689
1455001,1460000,3,L02-3,2,0,0,0,3082,3082
1460001,1465000,1,L02-3,2,0,0,0,3377,3377
1470001,1475000,1,L02-3,2,0,0,0,1400,1400
1480001,1485000,0,L02-3,2,0,1,0,0,0
1495001,1500000,1,L02-3,2,0,0,0,518,518
1510001,1515000,0,L02-3,2,1,0,0,0,3093
1515001,1520000,1,L02-3,2,0,0,0,87,87
1590001,1595000,1,L02-3,2,0,0,0,1242,1242
1595001,1600000,3,L02-3,2,0,0,0,3798,3798
1600001,1605000,2,L02-3,2,0,0,0,931,931
1605001,1610000,4,L02-3,2,0,0,0,1518,1518
1610001,1615000,2,L02-3,2,0,0,0,1092,1092
1625001,1630000,1,L02-3,2,0,0,0,247,247
1630001,1635000,3,L02-3,2,0,0,0,2891,2891
1645001,1650000,1,L02-3,2,0,0,0,1106,1106
1655001,1660000,0,L02-3,2,1,0,0,0,1216
1660001,1665000,0,L02-3,2,1,0,0,0,1877
1685001,1690000,1,L02-3,2,0,0,0,584,584
1690001,1695000,4,L02-3,2,0,0,0,2785,2785
1695001,1700000,4,L02-3,2,0,0,0,3661,3661
1760001,1765000,1,L02-3,2,0,0,0,2597,2597
1765001,1770000,1,L02-3,2,0,0,0,590,590
1775001,1780000,1,L02-3,2,0,0,0,27,27
1780001,1785000,1,L02-3,2,0,0,0,761,761
2020001,2025000,1,L02-3,2,0,0,0,1274,1274
2045001,2050000,1,L02-3,2,0,0,0,330,330
2050001,2055000,1,L02-3,2,0,0,0,311,311
2100001,2105000,1,L02-3,2,0,0,0,2374,2374
2105001,2110000,5,L02-3,2,0,0,0,3822,3822
2125001,2130000,1,L02-3,2,0,0,0,474,474
2130001,2135000,1,L02-3,2,0,0,0,353,353
2165001,2170000,1,L02-3,2,0,0,0,164,164
2170001,2175000,1,L02-3,2,0,0,0,831,831
2195001,2200000,1,L02-3,2,0,1,1,695,695
2250001,2255000,1,L02-3,2,0,0,0,624,624
2255001,2260000,1,L02-3,2,0,0,0,1148,1148
2265001,2270000,1,L02-3,2,1,0,0,1733,2014
2270001,2275000,0,L02-3,2,1,0,0,0,3461
2280001,2285000,3,L02-3,2,0,0,0,279,279
2285001,2290000,1,L02-3,2,0,0,0,428,428
2300001,2305000,0,L02-3,2,1,0,0,0,3093
2355001,2360000,0,L02-3,2,1,0,0,0,3092
2375001,2380000,0,L02-3,2,0,1,0,0,0
2400001,2405000,0,L02-3,2,1,0,0,0,3093
2405001,2410000,1,L02-3,2,0,0,0,2033,2033
2450001,2455000,1,L02-3,2,0,0,0,668,668
2495001,2500000,1,L02-3,2,0,0,0,1760,1760
2540001,2545000,1,L02-3,2,0,0,0,1112,1112
2545001,2550000,1,L02-3,2,0,0,0,1515,1515
2550001,2555000,2,L02-3,2,0,0,0,2806,2806
2555001,2560000,1,L02-3,2,0,0,0,609,609
2570001,2575000,0,L02-3,2,1,0,0,0,3092
2620001,2625000,1,L02-3,2,0,0,0,792,792
2625001,2630000,2,L02-3,2,0,0,0,1390,1390
2630001,2635000,1,L02-3,2,0,0,0,1220,1220
2660001,2665000,0,L02-3,2,1,0,0,0,1324
2665001,2670000,0,L02-3,2,1,0,0,0,1769
2695001,2700000,1,L02-3,2,0,0,0,1415,1415
2700001,2705000,0,L02-3,2,1,0,0,0,2245
2705001,2710000,1,L02-3,2,1,0,0,1059,1907
2710001,2715000,2,L02-3,2,0,0,0,1942,1942
2765001,2770000,1,L02-3,2,0,0,0,1127,1127
2770001,2775000,1,L02-3,2,0,0,0,878,878
2790001,2795000,1,L02-3,2,0,0,0,746,746
2805001,2810000,1,L02-3,2,0,0,0,130,130
2810001,2815000,3,L02-3,2,0,0,0,2944,2944
2815001,2820000,1,L02-3,2,0,0,0,790,790
2835001,2840000,1,L02-3,2,0,0,0,803,803
2870001,2875000,1,L02-3,2,0,0,0,380,380
2875001,2880000,3,L02-3,2,0,0,0,1879,1879
2895001,2900000,1,L02-3,2,0,0,0,1355,1355
2905001,2910000,0,L02-3,2,1,0,0,0,3092
2910001,2915000,1,L02-3,2,0,0,0,737,737
2920001,2925000,4,L02-3,2,0,0,0,2723,2723
2925001,2930000,2,L02-3,2,0,0,0,1470,1470
2960001,2965000,3,L02-3,2,0,0,0,2907,2907
3010001,3015000,3,L02-3,2,0,0,0,1500,1500
3045001,3050000,0,L02-3,2,1,0,0,0,1596
3050001,3055000,2,L02-3,2,1,0,0,2935,4432
3110001,3115000,1,L02-3,2,0,0,0,875,875
3175001,3180000,1,L02-3,2,0,0,0,1098,1098
3210001,3215000,2,L02-3,2,0,0,0,2242,2242
3225001,3230000,1,L02-3,2,0,0,0,1154,1154
3230001,3235000,1,L02-3,2,0,0,0,416,416
3275001,3280000,2,L02-3,2,0,0,0,2227,2227
3280001,3285000,1,L02-3,2,0,0,0,768,768
3285001,3290000,1,L02-3,2,0,0,0,1701,1701
3290001,3295000,1,L02-3,2,0,0,0,191,191
3295001,3300000,1,L02-3,2,0,0,0,653,653
3305001,3310000,1,L02-3,2,0,0,0,231,231
3310001,3315000,2,L02-3,2,0,0,0,1375,1375
3315001,3320000,2,L02-3,2,0,0,0,2028,2028
3320001,3325000,2,L02-3,2,0,0,0,2571,2571
3360001,3365000,0,L02-3,2,1,0,0,0,3093
3380001,3385000,1,L02-3,2,0,0,0,375,375
3420001,3425000,1,L02-3,2,0,0,0,1188,1188
3425001,3430000,2,L02-3,2,0,0,0,2971,2971
3430001,3435000,2,L02-3,2,0,0,0,1423,1423
3435001,3440000,1,L02-3,2,0,0,0,1934,1934
3440001,3445000,4,L02-3,2,0,0,0,2561,2561
3445001,3450000,2,L02-3,2,0,0,0,1409,1409
3450001,3455000,4,L02-3,2,0,0,0,2251,2251
3455001,3460000,1,L02-3,2,0,0,0,138,138
3480001,3485000,2,L02-3,2,1,0,0,820,1180
3485001,3490000,0,L02-3,2,1,0,0,0,2732
3490001,3495000,1,L02-3,2,0,0,0,1067,1067
3505001,3510000,3,L02-3,2,0,0,0,2634,2634
3510001,3515000,2,L02-3,2,0,0,0,1464,1464
3515001,3520000,1,L02-3,2,0,0,0,355,355
3535001,3540000,1,L02-3,2,0,0,0,572,572
3540001,3545000,2,L02-3,2,0,0,0,1456,1456
3545001,3550000,4,L02-3,2,0,0,0,2196,2196
3550001,3555000,11,L02-3,2,0,0,0,4585,4585
3555001,3560000,12,L02-3,2,0,0,0,4728,4728
3560001,3565000,4,L02-3,2,0,0,0,2752,2752
3565001,3570000,3,L02-3,2,0,0,0,1588,1588
3600001,3605000,1,L02-3,2,0,0,0,206,206
3605001,3610000,1,L02-3,2,0,0,0,798,798
3615001,3620000,1,L02-3,2,0,0,0,1371,1371
3620001,3625000,1,L02-3,2,1,0,0,764,784
3625001,3630000,0,L02-3,2,1,0,0,0,3073
3665001,3670000,1,L02-3,2,0,0,0,964,964
3670001,3675000,1,L02-3,2,0,0,0,139,139
3685001,3690000,0,L02-3,2,1,0,0,0,2102
3690001,3695000,1,L02-3,2,1,0,0,617,1608
3695001,3700000,4,L02-3,2,0,0,0,3449,3449
3780001,3785000,0,L02-3,2,1,0,0,0,3093
3785001,3790000,1,L02-3,2,0,0,0,28,28
3790001,3795000,2,L02-3,2,0,0,0,2952,2952
3800001,3805000,0,L02-3,2,1,0,0,0,3742
3820001,3825000,0,L02-3,2,1,0,0,0,1561
3825001,3830000,0,L02-3,2,1,0,0,0,2181
3865001,3870000,1,L02-3,2,0,0,0,1019,1019
3885001,3890000,0,L02-3,2,1,0,0,0,2009
3890001,3895000,0,L02-3,2,1,0,0,0,1084
3895001,3900000,2,L02-3,2,0,0,0,1756,1756
3900001,3905000,3,L02-3,2,0,0,0,1891,1891
3910001,3915000,2,L02-3,2,0,0,0,2731,2731
3965001,3970000,1,L02-3,2,0,0,0,2414,2414
3970001,3975000,5,L02-3,2,0,0,0,3874,3874
3975001,3980000,1,L02-3,2,0,0,0,774,774
3985001,3990000,0,L02-3,2,1,0,0,0,395
3990001,3995000,0,L02-3,2,1,1,0,0,2698
4000001,4005000,1,L02-3,2,0,0,0,1008,1008
4005001,4010000,2,L02-3,2,0,0,0,2191,2191
20001,25000,1,L02-4,1,0,0,0,75,75
40001,45000,1,L02-4,1,0,0,0,1259,1259
55001,60000,3,L02-4,1,0,0,0,228,228
60001,65000,2,L02-4,1,0,0,0,1658,1658
65001,70000,1,L02-4,1,0,0,0,20,20
105001,110000,1,L02-4,1,0,0,0,545,545
120001,125000,2,L02-4,1,0,0,0,3382,3382
125001,130000,1,L02-4,1,0,0,0,0,0
135001,140000,0,L02-4,1,0,1,1,0,0
140001,145000,0,L02-4,1,0,1,1,0,0
195001,200000,2,L02-4,1,0,0,0,2093,2093
200001,205000,1,L02-4,1,0,0,0,1064,1064
235001,240000,1,L02-4,1,0,0,0,318,318
240001,245000,1,L02-4,1,0,0,0,539,539
245001,250000,5,L02-4,1,0,0,0,3088,3088
250001,255000,5,L02-4,1,0,0,0,1612,1612
255001,260000,3,L02-4,1,0,0,0,4603,4603
260001,265000,1,L02-4,1,0,0,0,3827,3827
325001,330000,2,L02-4,1,0,0,0,2575,2575
330001,335000,2,L02-4,1,0,0,0,1328,1328
335001,340000,1,L02-4,1,0,0,0,1415,1415
340001,345000,1,L02-4,1,0,0,0,0,0
345001,350000,1,L02-4,1,0,0,0,536,536
440001,445000,1,L02-4,1,0,0,0,171,171
445001,450000,3,L02-4,1,0,0,0,1928,1928
450001,455000,1,L02-4,1,0,0,0,406,406
460001,465000,2,L02-4,1,0,0,0,1370,1370
465001,470000,3,L02-4,1,0,0,0,1469,1469
470001,475000,1,L02-4,1,0,0,0,187,187
495001,500000,1,L02-4,1,0,0,0,23,23
500001,505000,1,L02-4,1,0,0,0,204,204
520001,525000,1,L02-4,1,0,0,0,530,530
555001,560000,1,L02-4,1,0,0,0,2855,2855
560001,565000,2,L02-4,1,0,0,0,2182,2182
575001,580000,1,L02-4,1,0,0,0,184,184
580001,585000,2,L02-4,1,0,0,0,1092,1092
635001,640000,2,L02-4,1,0,0,0,2500,2500
640001,645000,4,L02-4,1,0,0,0,3277,3277
645001,650000,1,L02-4,1,0,0,0,245,245
665001,670000,1,L02-4,1,0,0,0,479,479
670001,675000,1,L02-4,1,0,0,0,2354,2354
705001,710000,3,L02-4,1,0,0,0,2902,2902
710001,715000,5,L02-4,1,0,0,0,4997,4997
715001,720000,4,L02-4,1,0,0,0,4031,4031
720001,725000,6,L02-4,1,0,0,0,4545,4545
725001,730000,2,L02-4,1,0,0,0,2653,2653
755001,760000,1,L02-4,1,0,0,0,662,662
770001,775000,1,L02-4,1,0,0,0,479,479
780001,785000,1,L02-4,1,0,0,0,1263,1263
785001,790000,2,L02-4,1,0,0,0,361,361
795001,800000,3,L02-4,1,0,0,0,1618,1618
800001,805000,5,L02-4,1,0,0,0,4054,4054
805001,810000,4,L02-4,1,0,0,0,4907,4907
810001,815000,5,L02-4,1,0,0,0,3911,3911
815001,820000,2,L02-4,1,0,0,0,4441,4441
820001,825000,1,L02-4,1,0,0,0,1298,1298
825001,830000,1,L02-4,1,0,0,0,1718,1718
925001,930000,1,L02-4,1,0,0,0,974,974
955001,960000,2,L02-4,1,0,0,0,2818,2818
960001,965000,4,L02-4,1,0,0,0,2341,2341
965001,970000,3,L02-4,1,0,0,0,3271,3271
970001,975000,1,L02-4,1,0,0,0,118,118
1005001,1010000,1,L02-4,1,0,0,0,113,113
1020001,1025000,1,L02-4,1,0,0,0,1931,1931
1025001,1030000,2,L02-4,1,0,0,0,1606,1606
1070001,1075000,1,L02-4,1,0,0,0,55,55
1075001,1080000,3,L02-4,1,0,0,0,2918,2918
1085001,1090000,1,L02-4,1,0,0,0,76,76
1155001,1160000,1,L02-4,1,0,0,0,12,12
1160001,1165000,3,L02-4,1,0,0,0,3285,3285
1165001,1170000,4,L02-4,1,0,0,0,4551,4551
1180001,1185000,1,L02-4,1,0,0,0,1538,1538
1190001,1195000,1,L02-4,1,0,0,0,84,84
1195001,1200000,1,L02-4,1,0,0,0,306,306
1200001,1205000,2,L02-4,1,0,0,0,1822,1822
1205001,1210000,1,L02-4,1,0,0,0,66,66
1270001,1275000,0,L02-4,1,1,0,0,0,2360
1275001,1280000,0,L02-4,1,1,0,0,0,733
1410001,1415000,1,L02-4,1,0,0,0,218,218
1420001,1425000,1,L02-4,1,0,0,0,3544,3544
1425001,1430000,3,L02-4,1,0,0,0,2351,2351
1450001,1455000,2,L02-4,1,0,0,0,1820,1820
1455001,1460000,3,L02-4,1,0,0,0,3330,3330
1460001,1465000,3,L02-4,1,0,0,0,2440,2440
1465001,1470000,1,L02-4,1,0,0,0,4019,4019
1475001,1480000,1,L02-4,1,0,0,0,1400,1400
1500001,1505000,1,L02-4,1,0,0,0,518,518
1515001,1520000,0,L02-4,1,1,0,0,0,3092
1520001,1525000,1,L02-4,1,0,0,0,87,87
1545001,1550000,0,L02-4,1,0,1,1,0,0
1595001,1600000,1,L02-4,1,0,0,0,603,603
1600001,1605000,3,L02-4,1,0,0,0,4437,4437
1605001,1610000,1,L02-4,1,0,0,0,305,305
1610001,1615000,3,L02-4,1,0,0,0,1594,1594
1615001,1620000,2,L02-4,1,0,0,0,1642,1642
1635001,1640000,3,L02-4,1,0,0,0,3137,3137
1650001,1655000,1,L02-4,1,0,0,0,1106,1106
1660001,1665000,0,L02-4,1,1,0,0,0,577
1665001,1670000,0,L02-4,1,1,0,0,0,2516
1695001,1700000,4,L02-4,1,0,0,0,2380,2380
1700001,1705000,5,L02-4,1,0,0,0,3796,3796
1705001,1710000,1,L02-4,1,0,0,0,854,854
1735001,1740000,0,L02-4,1,0,1,1,0,0
1765001,1770000,1,L02-4,1,0,0,0,2597,2597
1770001,1775000,1,L02-4,1,0,0,0,500,500
1775001,1780000,1,L02-4,1,0,0,0,90,90
1785001,1790000,1,L02-4,1,0,0,0,788,788
2025001,2030000,1,L02-4,1,0,0,0,770,770
2030001,2035000,1,L02-4,1,0,0,0,504,504
2055001,2060000,1,L02-4,1,0,0,0,641,641
2105001,2110000,1,L02-4,1,0,0,0,1162,1162
2110001,2115000,5,L02-4,1,0,0,0,4183,4183
2115001,2120000,1,L02-4,1,0,0,0,851,851
2135001,2140000,1,L02-4,1,0,0,0,827,827
2155001,2160000,0,L02-4,1,0,1,1,0,0
2175001,2180000,1,L02-4,1,0,0,0,995,995
2195001,2200000,0,L02-4,1,0,1,1,0,0
2200001,2205000,1,L02-4,1,0,0,0,695,695
2260001,2265000,1,L02-4,1,0,0,0,1772,1772
2270001,2275000,1,L02-4,1,0,0,0,1733,1733
2285001,2290000,3,L02-4,1,0,0,0,707,707
2300001,2305000,0,L02-4,1,1,0,0,0,956
2305001,2310000,0,L02-4,1,1,0,0,0,2136
2340001,2345000,0,L02-4,1,0,1,0,0,0
2395001,2400000,0,L02-4,1,1,0,0,0,268
2400001,2405000,0,L02-4,1,1,0,0,0,2825
2405001,2410000,1,L02-4,1,0,0,0,2033,2033
2450001,2455000,1,L02-4,1,0,0,0,0,0
2455001,2460000,1,L02-4,1,0,0,0,668,668
2485001,2490000,0,L02-4,1,0,1,0,0,0
2495001,2500000,1,L02-4,1,0,0,0,1760,1760
2545001,2550000,1,L02-4,1,0,0,0,2627,2627
2550001,2555000,1,L02-4,1,0,0,0,1883,1883
2555001,2560000,2,L02-4,1,0,0,0,1532,1532
2615001,2620000,0,L02-4,1,0,1,1,0,0
2635001,2640000,1,L02-4,1,0,0,0,74,74
2640001,2645000,2,L02-4,1,0,0,0,2108,2108
2645001,2650000,1,L02-4,1,0,0,0,1220,1220
2675001,2680000,0,L02-4,1,1,0,0,0,602
2680001,2685000,0,L02-4,1,1,0,0,0,2491
2710001,2715000,1,L02-4,1,0,0,0,1415,1415
2720001,2725000,2,L02-4,1,0,0,0,3001,3001
2775001,2780000,1,L02-4,1,0,0,0,1127,1127
2785001,2790000,1,L02-4,1,0,0,0,878,878
2800001,2805000,1,L02-4,1,0,0,0,315,315
2805001,2810000,1,L02-4,1,0,0,0,431,431
2820001,2825000,1,L02-4,1,0,0,0,1472,1472
2825001,2830000,2,L02-4,1,0,0,0,2392,2392
2850001,2855000,1,L02-4,1,0,0,0,803,803
2885001,2890000,2,L02-4,1,0,0,0,1285,1285
2890001,2895000,2,L02-4,1,0,0,0,974,974
2905001,2910000,1,L02-4,1,0,0,0,665,665
2910001,2915000,1,L02-4,1,0,0,0,690,690
2915001,2920000,0,L02-4,1,1,0,0,0,633
2920001,2925000,0,L02-4,1,1,0,0,0,2460
2925001,2930000,1,L02-4,1,0,0,0,737,737
2930001,2935000,2,L02-4,1,0,0,0,1065,1065
2935001,2940000,4,L02-4,1,0,0,0,1833,1833
2940001,2945000,2,L02-4,1,0,0,0,1296,1296
2970001,2975000,3,L02-4,1,0,0,0,1277,1277
2975001,2980000,1,L02-4,1,0,0,0,1629,1629
3025001,3030000,3,L02-4,1,0,0,0,1500,1500
3060001,3065000,1,L02-4,1,1,0,0,645,3738
3065001,3070000,2,L02-4,1,0,0,0,2290,2290
3120001,3125000,1,L02-4,1,0,0,0,875,875
3160001,3165000,0,L02-4,1,0,1,0,0,0
3165001,3170000,0,L02-4,1,0,1,0,0,0
3185001,3190000,1,L02-4,1,0,0,0,981,981
3190001,3195000,1,L02-4,1,0,0,0,117,117
3220001,3225000,1,L02-4,1,0,0,0,1000,1000
3225001,3230000,2,L02-4,1,0,0,0,1242,1242
3240001,3245000,1,L02-4,1,0,0,0,1154,1154
3245001,3250000,1,L02-4,1,0,0,0,416,416
3290001,3295000,2,L02-4,1,0,0,0,2995,2995
3300001,3305000,1,L02-4,1,0,0,0,1892,1892
3310001,3315000,1,L02-4,1,0,0,0,653,653
3320001,3325000,2,L02-4,1,0,0,0,1510,1510
3325001,3330000,1,L02-4,1,0,0,0,96,96
3330001,3335000,3,L02-4,1,0,0,0,4204,4204
3335001,3340000,1,L02-4,1,0,0,0,395,395
3355001,3360000,0,L02-4,1,0,1,0,0,0
3370001,3375000,0,L02-4,1,1,0,0,0,1700
3375001,3380000,0,L02-4,1,1,0,0,0,1393
3390001,3395000,1,L02-4,1,0,1,0,375,375
3435001,3440000,2,L02-4,1,0,0,0,3031,3031
3440001,3445000,1,L02-4,1,0,0,0,1128,1128
3445001,3450000,3,L02-4,1,0,0,0,2820,2820
3450001,3455000,2,L02-4,1,0,0,0,1353,1353
3455001,3460000,5,L02-4,1,0,0,0,3059,3059
3460001,3465000,1,L02-4,1,0,0,0,95,95
3465001,3470000,4,L02-4,1,0,0,0,2389,2389
3495001,3500000,2,L02-4,1,1,0,0,820,3049
3500001,3505000,1,L02-4,1,1,0,0,1067,1930
3515001,3520000,1,L02-4,1,0,0,0,392,392
3520001,3525000,3,L02-4,1,0,0,0,2242,2242
3525001,3530000,2,L02-4,1,0,0,0,1819,1819
3530001,3535000,0,L02-4,1,0,1,1,0,0
3550001,3555000,2,L02-4,1,0,0,0,663,663
3555001,3560000,2,L02-4,1,0,0,0,1365,1365
3560001,3565000,6,L02-4,1,0,0,0,3752,3752
3565001,3570000,14,L02-4,1,0,0,0,4706,4706
3570001,3575000,9,L02-4,1,0,0,0,4364,4364
3575001,3580000,3,L02-4,1,0,0,0,3027,3027
3615001,3620000,1,L02-4,1,0,0,0,1004,1004
3630001,3635000,1,L02-4,1,0,0,0,2135,2135
3675001,3680000,1,L02-4,1,0,0,0,933,933
3680001,3685000,1,L02-4,1,0,0,0,170,170
3695001,3700000,0,L02-4,1,1,0,0,0,2071
3700001,3705000,1,L02-4,1,1,0,0,586,1608
3705001,3710000,4,L02-4,1,0,0,0,3479,3479
3810001,3815000,0,L02-4,1,1,0,0,0,3093
3815001,3820000,1,L02-4,1,0,0,0,642,642
3820001,3825000,2,L02-4,1,0,0,0,2338,2338
3825001,3830000,0,L02-4,1,1,1,0,0,74
3830001,3835000,0,L02-4,1,1,0,0,0,5000
3835001,3840000,0,L02-4,1,1,0,0,0,1121
3875001,3880000,1,L02-4,1,0,0,0,1019,1019
3895001,3900000,0,L02-4,1,1,0,0,0,3064
3900001,3905000,0,L02-4,1,1,0,0,0,28
3905001,3910000,3,L02-4,1,0,0,0,1992,1992
3910001,3915000,2,L02-4,1,0,0,0,1656,1656
3915001,3920000,1,L02-4,1,0,0,0,573,573
3920001,3925000,2,L02-4,1,0,0,0,2158,2158
3935001,3940000,0,L02-4,1,0,1,1,0,0
3940001,3945000,0,L02-4,1,0,2,0,0,0
20001,25000,1,L02-4,2,0,0,0,75,75
40001,45000,1,L02-4,2,0,0,0,1259,1259
55001,60000,3,L02-4,2,0,0,0,228,228
60001,65000,2,L02-4,2,0,0,0,1662,1662
65001,70000,1,L02-4,2,0,0,0,16,16
105001,110000,1,L02-4,2,0,0,0,545,545
120001,125000,2,L02-4,2,0,0,0,3382,3382
135001,140000,0,L02-4,2,1,0,0,0,2626
140001,145000,0,L02-4,2,1,0,0,0,467
145001,150000,0,L02-4,2,1,0,0,0,2675
150001,155000,0,L02-4,2,1,1,0,0,416
190001,195000,0,L02-4,2,0,1,1,0,0
200001,205000,1,L02-4,2,0,0,0,959,959
205001,210000,1,L02-4,2,0,0,0,2198,2198
245001,250000,1,L02-4,2,0,0,0,857,857
250001,255000,3,L02-4,2,0,0,0,2467,2467
255001,260000,5,L02-4,2,0,0,0,1550,1550
260001,265000,3,L02-4,2,0,0,0,4170,4170
265001,270000,2,L02-4,2,0,0,0,4923,4923
270001,275000,1,L02-4,2,0,0,0,20,20
330001,335000,2,L02-4,2,0,0,0,1383,1383
335001,340000,2,L02-4,2,0,0,0,2520,2520
340001,345000,1,L02-4,2,0,0,0,240,240
345001,350000,1,L02-4,2,0,0,0,1175,1175
350001,355000,1,L02-4,2,0,0,0,429,429
355001,360000,1,L02-4,2,0,0,0,107,107
450001,455000,2,L02-4,2,0,0,0,1939,1939
455001,460000,1,L02-4,2,0,0,0,566,566
465001,470000,1,L02-4,2,0,0,0,275,275
470001,475000,3,L02-4,2,0,0,0,2290,2290
475001,480000,1,L02-4,2,0,0,0,461,461
505001,510000,1,L02-4,2,0,0,0,227,227
525001,530000,1,L02-4,2,0,0,0,530,530
530001,535000,1,L02-4,2,0,0,0,0,0
560001,565000,1,L02-4,2,0,0,0,2855,2855
565001,570000,2,L02-4,2,0,0,0,2182,2182
585001,590000,2,L02-4,2,0,0,0,1276,1276
605001,610000,0,L02-4,2,0,1,1,0,0
640001,645000,2,L02-4,2,0,0,0,1309,1309
645001,650000,3,L02-4,2,0,0,0,3892,3892
650001,655000,1,L02-4,2,0,0,0,821,821
670001,675000,1,L02-4,2,0,0,0,479,479
675001,680000,1,L02-4,2,0,0,0,2354,2354
710001,715000,2,L02-4,2,0,0,0,1712,1712
715001,720000,5,L02-4,2,0,0,0,4997,4997
720001,725000,4,L02-4,2,0,0,0,4426,4426
725001,730000,5,L02-4,2,0,0,0,4212,4212
730001,735000,3,L02-4,2,0,0,0,3323,3323
735001,740000,1,L02-4,2,0,0,0,459,459
760001,765000,1,L02-4,2,0,0,0,662,662
775001,780000,1,L02-4,2,0,0,0,479,479
785001,790000,1,L02-4,2,0,0,0,71,71
790001,795000,2,L02-4,2,0,0,0,1553,1553
800001,805000,1,L02-4,2,0,0,0,824,824
805001,810000,6,L02-4,2,0,0,0,3805,3805
810001,815000,5,L02-4,2,0,0,0,4759,4759
815001,820000,5,L02-4,2,0,0,0,4280,4280
820001,825000,3,L02-4,2,0,0,0,4357,4357
825001,830000,2,L02-4,2,0,0,0,2203,2203
830001,835000,1,L02-4,2,0,0,0,1619,1619
835001,840000,1,L02-4,2,0,0,0,99,99
930001,935000,1,L02-4,2,0,0,0,974,974
960001,965000,2,L02-4,2,0,0,0,2143,2143
965001,970000,3,L02-4,2,0,0,0,1932,1932
970001,975000,4,L02-4,2,0,0,0,3198,3198
975001,980000,2,L02-4,2,0,0,0,1275,1275
1010001,1015000,1,L02-4,2,0,0,0,113,113
1025001,1030000,1,L02-4,2,0,0,0,1930,1930
1030001,1035000,2,L02-4,2,0,0,0,1606,1606
1080001,1085000,3,L02-4,2,0,0,0,2324,2324
1085001,1090000,1,L02-4,2,0,0,0,649,649
1090001,1095000,1,L02-4,2,0,0,0,76,76
1165001,1170000,2,L02-4,2,0,0,0,3013,3013
1170001,1175000,4,L02-4,2,0,0,0,4084,4084
1175001,1180000,1,L02-4,2,0,0,0,751,751
1185001,1190000,1,L02-4,2,0,0,0,874,874
1190001,1195000,1,L02-4,2,0,0,0,664,664
1195001,1200000,1,L02-4,2,0,0,0,84,84
1205001,1210000,1,L02-4,2,0,0,0,1664,1664
1210001,1215000,1,L02-4,2,0,0,0,530,530
1275001,1280000,0,L02-4,2,1,0,0,0,1291
1280001,1285000,0,L02-4,2,1,0,0,0,1801
1420001,1425000,1,L02-4,2,0,0,0,218,218
1425001,1430000,1,L02-4,2,0,0,0,2477,2477
1430001,1435000,3,L02-4,2,0,0,0,3399,3399
1435001,1440000,1,L02-4,2,0,0,0,19,19
1455001,1460000,1,L02-4,2,0,0,0,1673,1673
1460001,1465000,2,L02-4,2,0,0,0,2731,2731
1465001,1470000,3,L02-4,2,0,0,0,2120,2120
1470001,1475000,2,L02-4,2,0,0,0,5000,5000
1475001,1480000,1,L02-4,2,0,0,0,85,85
1480001,1485000,1,L02-4,2,0,0,0,1400,1400
1510001,1515000,1,L02-4,2,0,0,0,518,518
1520001,1525000,0,L02-4,2,1,0,0,0,3034
1525001,1530000,1,L02-4,2,1,0,0,87,145
1550001,1555000,0,L02-4,2,1,0,0,0,1244
1555001,1560000,0,L02-4,2,1,0,0,0,1849
1605001,1610000,1,L02-4,2,0,0,0,1437,1437
1610001,1615000,3,L02-4,2,0,0,0,3603,3603
1615001,1620000,2,L02-4,2,0,0,0,1126,1126
1620001,1625000,4,L02-4,2,0,0,0,1516,1516
1625001,1630000,1,L02-4,2,0,0,0,899,899
1640001,1645000,1,L02-4,2,0,0,0,441,441
1645001,1650000,3,L02-4,2,0,0,0,2696,2696
1660001,1665000,1,L02-4,2,0,0,0,1106,1106
1670001,1675000,0,L02-4,2,1,0,0,0,1411
1675001,1680000,0,L02-4,2,1,0,0,0,1682
1700001,1705000,1,L02-4,2,0,0,0,584,584
1705001,1710000,4,L02-4,2,0,0,0,2421,2421
1710001,1715000,4,L02-4,2,0,0,0,3718,3718
1715001,1720000,1,L02-4,2,0,0,0,307,307
1745001,1750000,0,L02-4,2,1,0,0,0,3093
1775001,1780000,1,L02-4,2,0,0,0,760,760
1780001,1785000,1,L02-4,2,0,0,0,1837,1837
1785001,1790000,1,L02-4,2,0,0,0,590,590
1795001,1800000,1,L02-4,2,0,0,0,788,788
1830001,1835000,0,L02-4,2,0,1,1,0,0
1925001,1930000,0,L02-4,2,0,1,1,0,0
2040001,2045000,1,L02-4,2,0,0,0,1274,1274
2065001,2070000,1,L02-4,2,0,0,0,641,641
2120001,2125000,3,L02-4,2,0,0,0,3446,3446
2125001,2130000,3,L02-4,2,0,0,0,2750,2750
2145001,2150000,1,L02-4,2,0,0,0,827,827
2165001,2170000,0,L02-4,2,1,0,0,0,476
2170001,2175000,0,L02-4,2,1,0,0,0,2617
2190001,2195000,1,L02-4,2,0,0,0,995,995
2195001,2200000,0,L02-4,2,0,1,0,0,0
2205001,2210000,0,L02-4,2,0,1,0,0,0
2210001,2215000,0,L02-4,2,1,0,0,0,2119
2215001,2220000,0,L02-4,2,1,0,0,0,974
2220001,2225000,1,L02-4,2,0,0,0,695,695
2275001,2280000,1,L02-4,2,0,0,0,960,960
2280001,2285000,1,L02-4,2,0,0,0,812,812
2290001,2295000,1,L02-4,2,0,0,0,1733,1733
2305001,2310000,3,L02-4,2,0,0,0,707,707
2320001,2325000,0,L02-4,2,1,0,0,0,2504
2325001,2330000,0,L02-4,2,1,0,0,0,589
2330001,2335000,0,L02-4,2,0,1,0,0,0
2355001,2360000,0,L02-4,2,1,0,0,0,113
2360001,2365000,0,L02-4,2,1,0,0,0,2979
2390001,2395000,1,L02-4,2,0,0,0,668,668
2435001,2440000,1,L02-4,2,0,0,0,241,241
2440001,2445000,1,L02-4,2,0,0,0,1792,1792
2445001,2450000,0,L02-4,2,1,0,0,0,3092
2455001,2460000,1,L02-4,2,0,0,0,333,333
2460001,2465000,1,L02-4,2,0,0,0,1427,1427
2505001,2510000,1,L02-4,2,0,0,0,1698,1698
2510001,2515000,1,L02-4,2,0,0,0,929,929
2515001,2520000,2,L02-4,2,0,0,0,3392,3392
2520001,2525000,1,L02-4,2,0,0,0,23,23
2575001,2580000,0,L02-4,2,1,0,0,0,1622
2580001,2585000,0,L02-4,2,1,0,0,0,1471
2605001,2610000,2,L02-4,2,0,0,0,2182,2182
2610001,2615000,1,L02-4,2,0,0,0,10,10
2615001,2620000,1,L02-4,2,0,0,0,1210,1210
2645001,2650000,0,L02-4,2,1,0,0,0,3091
2675001,2680000,1,L02-4,2,0,0,0,995,995
2680001,2685000,1,L02-4,2,0,0,0,420,420
2685001,2690000,2,L02-4,2,0,0,0,2020,2020
2690001,2695000,1,L02-4,2,0,0,0,981,981
2740001,2745000,1,L02-4,2,0,0,0,438,438
2745001,2750000,1,L02-4,2,0,0,0,689,689
2750001,2755000,1,L02-4,2,0,0,0,878,878
2770001,2775000,1,L02-4,2,0,0,0,746,746
2785001,2790000,1,L02-4,2,0,0,0,1163,1163
2790001,2795000,3,L02-4,2,0,0,0,2701,2701
2815001,2820000,1,L02-4,2,0,0,0,803,803
2850001,2855000,1,L02-4,2,0,0,0,380,380
2855001,2860000,2,L02-4,2,0,0,0,1879,1879
2875001,2880000,1,L02-4,2,0,0,0,1355,1355
2885001,2890000,0,L02-4,2,1,0,0,0,3092
2890001,2895000,1,L02-4,2,0,0,0,737,737
2900001,2905000,4,L02-4,2,0,0,0,2723,2723
2905001,2910000,2,L02-4,2,0,0,0,1471,1471
2935001,2940000,2,L02-4,2,0,0,0,174,174
2940001,2945000,2,L02-4,2,0,0,0,2732,2732
2990001,2995000,3,L02-4,2,0,0,0,1500,1500
3025001,3030000,0,L02-4,2,1,0,0,0,2629
3030001,3035000,2,L02-4,2,1,0,0,2935,3400
3085001,3090000,1,L02-4,2,0,0,0,783,783
3090001,3095000,1,L02-4,2,0,0,0,92,92
3110001,3115000,0,L02-4,2,0,2,0,0,0
3115001,3120000,0,L02-4,2,0,1,0,0,0
3125001,3130000,0,L02-4,2,1,1,0,0,3529
3130001,3135000,0,L02-4,2,1,0,0,0,1288
3150001,3155000,1,L02-4,2,0,0,0,1098,1098
3185001,3190000,2,L02-4,2,0,0,0,2242,2242
3200001,3205000,1,L02-4,2,0,0,0,1154,1154
3205001,3210000,1,L02-4,2,0,0,0,416,416
3250001,3255000,2,L02-4,2,0,0,0,2927,2927
3255001,3260000,1,L02-4,2,0,0,0,69,69
3260001,3265000,1,L02-4,2,0,0,0,1892,1892
3270001,3275000,1,L02-4,2,0,0,0,653,653
3280001,3285000,1,L02-4,2,0,0,0,929,929
3285001,3290000,2,L02-4,2,0,0,0,677,677
3290001,3295000,2,L02-4,2,0,0,0,2726,2726
3295001,3300000,2,L02-4,2,0,0,0,1873,1873
3315001,3320000,0,L02-4,2,1,0,0,0,2812
3320001,3325000,0,L02-4,2,1,0,0,0,930
3325001,3330000,2,L02-4,2,0,0,0,2980,2980
3330001,3335000,0,L02-4,2,1,0,0,0,540
3335001,3340000,0,L02-4,2,1,0,0,0,2553
3435001,3440000,1,L02-4,2,0,0,0,842,842
3440001,3445000,4,L02-4,2,0,0,0,3224,3224
3445001,3450000,0,L02-4,2,1,0,0,0,3092
3465001,3470000,1,L02-4,2,0,0,0,1103,1103
3510001,3515000,1,L02-4,2,0,0,0,1010,1010
3515001,3520000,1,L02-4,2,0,0,0,1125,1125
3525001,3530000,1,L02-4,2,0,0,0,1004,1004
3540001,3545000,0,L02-4,2,0,2,0,0,0
3565001,3570000,3,L02-4,2,0,0,0,1833,1833
3570001,3575000,5,L02-4,2,0,0,0,2752,2752
3575001,3580000,13,L02-4,2,0,0,0,4713,4713
3580001,3585000,11,L02-4,2,0,0,0,4566,4566
3585001,3590000,3,L02-4,2,0,0,0,1986,1986
3590001,3595000,2,L02-4,2,0,0,0,1456,1456
3595001,3600000,1,L02-4,2,0,0,0,572,572
3610001,3615000,0,L02-4,2,1,0,0,0,2005
3615001,3620000,0,L02-4,2,1,0,0,0,1087
3620001,3625000,2,L02-4,2,0,0,0,1819,1819
3625001,3630000,2,L02-4,2,0,0,0,1252,1252
3630001,3635000,2,L02-4,2,0,0,0,1382,1382
3645001,3650000,1,L02-4,2,0,0,0,1067,1067
3650001,3655000,2,L02-4,2,1,0,0,765,3858
3655001,3660000,1,L02-4,2,0,0,0,55,55
3680001,3685000,4,L02-4,2,0,0,0,2273,2273
3685001,3690000,1,L02-4,2,0,0,0,116,116
3690001,3695000,4,L02-4,2,0,0,0,2798,2798
3695001,3700000,1,L02-4,2,0,0,0,1172,1172
3700001,3705000,2,L02-4,2,0,0,0,3271,3271
3705001,3710000,2,L02-4,2,0,0,0,224,224
3710001,3715000,2,L02-4,2,0,0,0,4021,4021
3755001,3760000,1,L02-4,2,0,0,0,375,375
3760001,3765000,0,L02-4,2,1,0,0,0,3739
3785001,3790000,0,L02-4,2,0,1,1,0,0
3805001,3810000,1,L02-4,2,0,0,0,1019,1019
3810001,3815000,0,L02-4,2,0,2,0,0,0
3825001,3830000,0,L02-4,2,1,0,0,0,3092
3835001,3840000,4,L02-4,2,0,0,0,2611,2611
3840001,3845000,2,L02-4,2,0,0,0,1036,1036
3845001,3850000,2,L02-4,2,0,0,0,1656,1656
3850001,3855000,1,L02-4,2,0,0,0,1075,1075
3860001,3865000,0,L02-4,2,1,0,0,0,495
3865001,3870000,0,L02-4,2,1,0,0,0,2598
3870001,3875000,0,L02-4,2,1,0,0,0,2378
3875001,3880000,0,L02-4,2,1,0,0,0,1363
3890001,3895000,0,L02-4,2,0,2,0,0,0
3910001,3915000,3,L02-4,2,0,0,0,3856,3856
3915001,3920000,4,L02-4,2,0,0,0,3206,3206
3930001,3935000,0,L02-4,2,1,1,0,0,2114
3935001,3940000,0,L02-4,2,1,0,0,0,978
3940001,3945000,0,L02-4,2,0,1,0,0,0
3945001,3950000,2,L02-4,2,0,0,0,2567,2567
3950001,3955000,1,L02-4,2,0,0,0,632,632
20001,25000,1,L03-1,1,0,0,0,75,75
40001,45000,1,L03-1,1,0,0,0,1259,1259
55001,60000,3,L03-1,1,0,0,0,228,228
60001,65000,2,L03-1,1,0,0,0,1655,1655
65001,70000,1,L03-1,1,0,0,0,23,23
105001,110000,1,L03-1,1,0,0,0,545,545
120001,125000,2,L03-1,1,0,0,0,3382,3382
125001,130000,1,L03-1,1,0,0,0,0,0
195001,200000,2,L03-1,1,0,0,0,2091,2091
200001,205000,1,L03-1,1,0,0,0,1066,1066
205001,210000,0,L03-1,1,1,0,0,0,2028
210001,215000,0,L03-1,1,1,0,0,0,1064
240001,245000,1,L03-1,1,0,0,0,857,857
245001,250000,1,L03-1,1,0,0,0,586,586
250001,255000,6,L03-1,1,0,0,0,2788,2788
255001,260000,5,L03-1,1,0,0,0,2903,2903
260001,265000,2,L03-1,1,0,0,0,4923,4923
265001,270000,1,L03-1,1,0,0,0,1930,1930
330001,335000,3,L03-1,1,0,0,0,3822,3822
335001,340000,1,L03-1,1,0,0,0,81,81
340001,345000,1,L03-1,1,0,0,0,1415,1415
350001,355000,1,L03-1,1,0,0,0,536,536
445001,450000,2,L03-1,1,0,0,0,1939,1939
450001,455000,1,L03-1,1,0,0,0,566,566
465001,470000,3,L03-1,1,0,0,0,2565,2565
470001,475000,1,L03-1,1,0,0,0,461,461
500001,505000,1,L03-1,1,0,0,0,227,227
525001,530000,1,L03-1,1,0,0,0,530,530
555001,560000,1,L03-1,1,0,0,0,1773,1773
560001,565000,3,L03-1,1,0,0,0,2619,2619
565001,570000,1,L03-1,1,0,0,0,645,645
580001,585000,2,L03-1,1,0,0,0,1276,1276
640001,645000,3,L03-1,1,0,0,0,4251,4251
645001,650000,2,L03-1,1,0,0,0,1770,1770
665001,670000,1,L03-1,1,0,0,0,479,479
670001,675000,1,L03-1,1,0,0,0,1085,1085
675001,680000,1,L03-1,1,0,0,0,1269,1269
710001,715000,4,L03-1,1,0,0,0,4793,4793
715001,720000,6,L03-1,1,0,0,0,4943,4943
720001,725000,4,L03-1,1,0,0,0,4024,4024
725001,730000,4,L03-1,1,0,0,0,4606,4606
730001,735000,2,L03-1,1,0,0,0,763,763
760001,765000,1,L03-1,1,0,0,0,662,662
775001,780000,1,L03-1,1,0,0,0,479,479
785001,790000,2,L03-1,1,0,0,0,1423,1423
790001,795000,1,L03-1,1,0,0,0,201,201
795001,800000,1,L03-1,1,0,0,0,824,824
800001,805000,3,L03-1,1,0,0,0,2370,2370
805001,810000,6,L03-1,1,0,0,0,4304,4304
810001,815000,3,L03-1,1,0,0,0,4359,4359
815001,820000,5,L03-1,1,0,0,0,4261,4261
820001,825000,2,L03-1,1,0,0,0,2813,2813
825001,830000,1,L03-1,1,0,0,0,1298,1298
830001,835000,1,L03-1,1,0,0,0,1718,1718
930001,935000,1,L03-1,1,0,0,0,974,974
955001,960000,1,L03-1,1,0,0,0,226,226
960001,965000,2,L03-1,1,0,0,0,2592,2592
965001,970000,4,L03-1,1,0,0,0,2969,2969
970001,975000,2,L03-1,1,0,0,0,2761,2761
1005001,1010000,1,L03-1,1,0,0,0,113,113
1020001,1025000,1,L03-1,1,0,0,0,782,782
1025001,1030000,2,L03-1,1,0,0,0,1793,1793
1030001,1035000,1,L03-1,1,0,0,0,962,962
1075001,1080000,2,L03-1,1,0,0,0,1273,1273
1080001,1085000,2,L03-1,1,0,0,0,1700,1700
1085001,1090000,1,L03-1,1,0,0,0,76,76
1110001,1115000,0,L03-1,1,1,0,0,0,3093
1165001,1170000,2,L03-1,1,0,0,0,3013,3013
1170001,1175000,4,L03-1,1,0,0,0,4051,4051
1175001,1180000,1,L03-1,1,0,0,0,784,784
1185001,1190000,1,L03-1,1,0,0,0,840,840
1190001,1195000,1,L03-1,1,0,0,0,698,698
1195001,1200000,1,L03-1,1,0,0,0,84,84
1205001,1210000,1,L03-1,1,0,0,0,1664,1664
1210001,1215000,1,L03-1,1,0,0,0,530,530
1275001,1280000,0,L03-1,1,1,0,0,0,1147
1280001,1285000,0,L03-1,1,1,0,0,0,1946
1340001,1345000,0,L03-1,1,0,1,1,0,0
1420001,1425000,1,L03-1,1,0,0,0,218,218
1425001,1430000,1,L03-1,1,0,0,0,2328,2328
1430001,1435000,3,L03-1,1,0,0,0,3399,3399
1435001,1440000,1,L03-1,1,0,0,0,168,168
1455001,1460000,1,L03-1,1,0,0,0,1673,1673
1460001,1465000,2,L03-1,1,0,0,0,2731,2731
1465001,1470000,2,L03-1,1,0,0,0,1979,1979
1470001,1475000,3,L03-1,1,0,0,0,4992,4992
1475001,1480000,1,L03-1,1,0,0,0,234,234
1480001,1485000,1,L03-1,1,0,1,1,1400,1400
1510001,1515000,1,L03-1,1,0,0,0,518,518
1525001,1530000,1,L03-1,1,0,0,0,87,87
1600001,1605000,2,L03-1,1,0,0,0,2268,2268
1605001,1610000,2,L03-1,1,0,0,0,2772,2772
1610001,1615000,3,L03-1,1,0,0,0,1899,1899
1615001,1620000,2,L03-1,1,0,0,0,1642,1642
1635001,1640000,2,L03-1,1,0,0,0,1488,1488
1640001,1645000,2,L03-1,1,0,0,0,1649,1649
1655001,1660000,1,L03-1,1,0,0,0,1106,1106
1665001,1670000,0,L03-1,1,1,0,0,0,3092
1695001,1700000,2,L03-1,1,0,0,0,954,954
1700001,1705000,6,L03-1,1,0,0,0,4593,4593
1705001,1710000,2,L03-1,1,0,0,0,1483,1483
1765001,1770000,1,L03-1,1,0,0,0,1449,1449
1770001,1775000,1,L03-1,1,0,0,0,1148,1148
1775001,1780000,1,L03-1,1,0,0,0,590,590
1785001,1790000,1,L03-1,1,0,0,0,788,788
1870001,1875000,0,L03-1,1,1,0,0,0,2015
1875001,1880000,0,L03-1,1,1,0,0,0,3156
1975001,1980000,1,L03-1,1,0,0,0,1274,1274
2005001,2010000,1,L03-1,1,0,0,0,641,641
2040001,2045000,0,L03-1,1,0,1,1,0,0
2055001,2060000,1,L03-1,1,0,0,0,1863,1863
2060001,2065000,5,L03-1,1,0,0,0,4183,4183
2065001,2070000,1,L03-1,1,0,0,0,150,150
2085001,2090000,1,L03-1,1,0,0,0,827,827
2125001,2130000,1,L03-1,1,0,0,0,995,995
2150001,2155000,1,L03-1,1,0,0,0,695,695
2205001,2210000,1,L03-1,1,0,0,0,120,120
2210001,2215000,1,L03-1,1,0,0,0,1652,1652
2220001,2225000,1,L03-1,1,0,0,0,1733,1733
2235001,2240000,3,L03-1,1,0,0,0,707,707
2345001,2350000,1,L03-1,1,0,0,0,574,574
2350001,2355000,1,L03-1,1,0,0,0,1459,1459
2385001,2390000,0,L03-1,1,0,1,1,0,0
2395001,2400000,1,L03-1,1,0,0,0,668,668
2435001,2440000,1,L03-1,1,0,0,0,499,499
2440001,2445000,1,L03-1,1,0,0,0,1261,1261
2485001,2490000,1,L03-1,1,0,0,0,1861,1861
2490001,2495000,1,L03-1,1,0,0,0,766,766
2495001,2500000,2,L03-1,1,0,0,0,3415,3415
2515001,2520000,0,L03-1,1,1,0,0,0,3093
2575001,2580000,0,L03-1,1,1,0,0,0,1393
2580001,2585000,0,L03-1,1,1,0,0,0,1700
2585001,2590000,2,L03-1,1,0,0,0,1776,1776
2590001,2595000,1,L03-1,1,0,0,0,406,406
2595001,2600000,1,L03-1,1,0,0,0,1220,1220
2655001,2660000,1,L03-1,1,0,0,0,1415,1415
2665001,2670000,2,L03-1,1,0,0,0,3001,3001
2720001,2725000,1,L03-1,1,0,0,0,1127,1127
2730001,2735000,1,L03-1,1,0,0,0,878,878
2745001,2750000,1,L03-1,1,0,0,0,196,196
2750001,2755000,1,L03-1,1,0,0,0,550,550
2765001,2770000,1,L03-1,1,0,0,0,1472,1472
2770001,2775000,2,L03-1,1,0,0,0,2392,2392
2795001,2800000,1,L03-1,1,0,0,0,803,803
2830001,2835000,2,L03-1,1,0,0,0,1171,1171
2835001,2840000,2,L03-1,1,0,0,0,1088,1088
2850001,2855000,1,L03-1,1,0,0,0,544,544
2855001,2860000,1,L03-1,1,0,0,0,811,811
2865001,2870000,1,L03-1,1,0,0,0,737,737
2875001,2880000,4,L03-1,1,0,0,0,2723,2723
2880001,2885000,2,L03-1,1,0,0,0,1471,1471
2915001,2920000,3,L03-1,1,0,0,0,2907,2907
2965001,2970000,3,L03-1,1,0,0,0,1500,1500
3000001,3005000,2,L03-1,1,0,0,0,1633,1633
3005001,3010000,1,L03-1,1,0,0,0,1302,1302
3060001,3065000,1,L03-1,1,0,0,0,875,875
3125001,3130000,1,L03-1,1,0,0,0,1098,1098
3160001,3165000,2,L03-1,1,0,0,0,1865,1865
3165001,3170000,1,L03-1,1,0,0,0,377,377
3175001,3180000,1,L03-1,1,0,0,0,540,540
3180001,3185000,1,L03-1,1,0,0,0,614,614
3185001,3190000,1,L03-1,1,0,0,0,416,416
3225001,3230000,1,L03-1,1,0,0,0,737,737
3230001,3235000,1,L03-1,1,0,0,0,2258,2258
3235001,3240000,1,L03-1,1,0,0,0,154,154
3240001,3245000,1,L03-1,1,0,0,0,1738,1738
3250001,3255000,1,L03-1,1,0,0,0,653,653
3260001,3265000,2,L03-1,1,0,0,0,1606,1606
3265001,3270000,1,L03-1,1,0,0,0,1013,1013
3270001,3275000,2,L03-1,1,0,0,0,3586,3586
3325001,3330000,1,L03-1,1,0,0,0,359,359
3330001,3335000,1,L03-1,1,0,0,0,16,16
3370001,3375000,1,L03-1,1,0,0,0,2236,2236
3375001,3380000,2,L03-1,1,0,0,0,1923,1923
3380001,3385000,3,L03-1,1,0,0,0,2000,2000
3385001,3390000,2,L03-1,1,0,0,0,1357,1357
3390001,3395000,5,L03-1,1,0,0,0,3055,3055
3395001,3400000,1,L03-1,1,0,0,0,915,915
3400001,3405000,4,L03-1,1,0,0,0,2389,2389
3420001,3425000,0,L03-1,1,1,0,0,0,3093
3465001,3470000,2,L03-1,1,0,0,0,2731,2731
3475001,3480000,3,L03-1,1,0,0,0,1891,1891
3480001,3485000,2,L03-1,1,0,0,0,1756,1756
3505001,3510000,1,L03-1,1,0,0,0,1019,1019
3555001,3560000,2,L03-1,1,0,0,0,2980,2980
3560001,3565000,0,L03-1,1,0,1,1,0,0
3665001,3670000,3,L03-1,1,0,0,0,2617,2617
3670001,3675000,2,L03-1,1,0,0,0,1449,1449
3690001,3695000,1,L03-1,1,0,0,0,1103,1103
3735001,3740000,1,L03-1,1,0,0,0,891,891
3740001,3745000,1,L03-1,1,0,0,0,1244,1244
3750001,3755000,1,L03-1,1,0,0,0,925,925
3755001,3760000,1,L03-1,1,0,0,0,79,79
3790001,3795000,3,L03-1,1,0,0,0,1716,1716
3795001,3800000,4,L03-1,1,0,0,0,2752,2752
3800001,3805000,13,L03-1,1,0,0,0,4713,4713
3805001,3810000,10,L03-1,1,0,0,0,4600,4600
3810001,3815000,4,L03-1,1,0,0,0,2068,2068
3815001,3820000,2,L03-1,1,0,0,0,1456,1456
3820001,3825000,1,L03-1,1,0,0,0,572,572
3840001,3845000,1,L03-1,1,0,0,0,482,482
3845001,3850000,2,L03-1,1,0,0,0,1337,1337
3850001,3855000,3,L03-1,1,0,0,0,2634,2634
3865001,3870000,1,L03-1,1,0,0,0,1067,1067
3870001,3875000,2,L03-1,1,0,0,0,820,820
3880001,3885000,0,L03-1,1,1,0,0,0,1020
3885001,3890000,0,L03-1,1,1,0,0,0,2073
3895001,3900000,1,L03-1,1,0,0,0,2122,2122
3900001,3905000,5,L03-1,1,0,0,0,3269,3269
3905001,3910000,2,L03-1,1,0,0,0,1670,1670
3930001,3935000,2,L03-1,1,0,0,0,2827,2827
3935001,3940000,1,L03-1,1,0,0,0,372,372
20001,25000,1,L03-1,2,0,0,0,75,75
40001,45000,1,L03-1,2,0,0,0,1259,1259
55001,60000,3,L03-1,2,0,0,0,228,228
60001,65000,2,L03-1,2,0,0,0,1660,1660
65001,70000,1,L03-1,2,0,0,0,18,18
105001,110000,1,L03-1,2,0,0,0,545,545
120001,125000,2,L03-1,2,0,0,0,3382,3382
195001,200000,2,L03-1,2,0,0,0,2098,2098
200001,205000,1,L03-1,2,0,0,0,1059,1059
205001,210000,0,L03-1,2,1,0,0,0,2035
210001,215000,0,L03-1,2,1,0,0,0,1058
240001,245000,1,L03-1,2,0,0,0,857,857
245001,250000,1,L03-1,2,0,0,0,592,592
250001,255000,6,L03-1,2,0,0,0,2788,2788
255001,260000,5,L03-1,2,0,0,0,2903,2903
260001,265000,2,L03-1,2,0,0,0,4923,4923
265001,270000,1,L03-1,2,0,0,0,1924,1924
330001,335000,3,L03-1,2,0,0,0,3832,3832
335001,340000,1,L03-1,2,0,0,0,71,71
340001,345000,1,L03-1,2,0,0,0,1415,1415
350001,355000,1,L03-1,2,0,0,0,536,536
445001,450000,2,L03-1,2,0,0,0,1939,1939
450001,455000,1,L03-1,2,0,0,0,566,566
455001,460000,0,L03-1,2,0,1,1,0,0
465001,470000,3,L03-1,2,0,0,0,2564,2564
470001,475000,1,L03-1,2,0,0,0,461,461
500001,505000,1,L03-1,2,0,0,0,227,227
525001,530000,1,L03-1,2,0,0,0,530,530
555001,560000,1,L03-1,2,0,0,0,1797,1797
560001,565000,3,L03-1,2,0,0,0,2619,2619
565001,570000,1,L03-1,2,0,0,0,621,621
580001,585000,2,L03-1,2,0,0,0,1276,1276
640001,645000,3,L03-1,2,0,0,0,4251,4251
645001,650000,2,L03-1,2,0,0,0,1771,1771
665001,670000,1,L03-1,2,0,0,0,479,479
670001,675000,1,L03-1,2,0,0,0,1113,1113
675001,680000,1,L03-1,2,0,0,0,1241,1241
710001,715000,4,L03-1,2,0,0,0,4823,4823
715001,720000,6,L03-1,2,0,0,0,4943,4943
720001,725000,4,L03-1,2,0,0,0,4024,4024
725001,730000,4,L03-1,2,0,0,0,4606,4606
730001,735000,2,L03-1,2,0,0,0,733,733
760001,765000,1,L03-1,2,0,0,0,662,662
775001,780000,1,L03-1,2,0,0,0,479,479
785001,790000,2,L03-1,2,0,0,0,1454,1454
790001,795000,1,L03-1,2,0,0,0,170,170
795001,800000,1,L03-1,2,0,0,0,824,824
800001,805000,3,L03-1,2,0,0,0,2370,2370
805001,810000,6,L03-1,2,0,0,0,4336,4336
810001,815000,3,L03-1,2,0,0,0,4359,4359
815001,820000,5,L03-1,2,0,0,0,4261,4261
820001,825000,2,L03-1,2,0,0,0,2781,2781
825001,830000,1,L03-1,2,0,0,0,1298,1298
830001,835000,1,L03-1,2,0,0,0,1718,1718
930001,935000,1,L03-1,2,0,0,0,974,974
955001,960000,1,L03-1,2,0,0,0,261,261
960001,965000,2,L03-1,2,0,0,0,2557,2557
965001,970000,4,L03-1,2,0,0,0,2969,2969
970001,975000,2,L03-1,2,0,0,0,2761,2761
1005001,1010000,1,L03-1,2,0,0,0,113,113
1020001,1025000,1,L03-1,2,0,0,0,816,816
1025001,1030000,2,L03-1,2,0,0,0,1758,1758
1030001,1035000,1,L03-1,2,0,1,0,962,962
1045001,1050000,0,L03-1,2,0,1,0,0,0
1075001,1080000,2,L03-1,2,0,0,0,1309,1309
1080001,1085000,2,L03-1,2,0,0,0,1663,1663
1085001,1090000,1,L03-1,2,0,0,0,76,76
1105001,1110000,0,L03-1,2,1,0,0,0,0
1110001,1115000,0,L03-1,2,1,0,0,0,3093
1165001,1170000,2,L03-1,2,0,0,0,3013,3013
1170001,1175000,4,L03-1,2,0,0,0,4089,4089
1175001,1180000,1,L03-1,2,0,0,0,746,746
1185001,1190000,1,L03-1,2,0,0,0,879,879
1190001,1195000,1,L03-1,2,0,0,0,659,659
1195001,1200000,1,L03-1,2,0,0,0,84,84
1205001,1210000,1,L03-1,2,0,0,0,1664,1664
1210001,1215000,1,L03-1,2,0,0,0,530,530
1275001,1280000,0,L03-1,2,1,0,0,0,1185
1280001,1285000,0,L03-1,2,1,0,0,0,1908
1340001,1345000,0,L03-1,2,1,1,0,0,1343
1345001,1350000,0,L03-1,2,1,0,0,0,1750
1355001,1360000,0,L03-1,2,0,1,0,0,0
1420001,1425000,1,L03-1,2,0,0,0,218,218
1430001,1435000,2,L03-1,2,0,0,0,4115,4115
1435001,1440000,2,L03-1,2,0,0,0,1780,1780
1455001,1460000,1,L03-1,2,0,0,0,500,500
1460001,1465000,2,L03-1,2,0,0,0,2047,2047
1465001,1470000,3,L03-1,2,0,0,0,2603,2603
1470001,1475000,3,L03-1,2,0,0,0,3168,3168
1475001,1480000,1,L03-1,2,0,0,0,3291,3291
1480001,1485000,0,L03-1,2,1,0,0,0,996
1485001,1490000,1,L03-1,2,1,0,0,1400,3497
1515001,1520000,1,L03-1,2,0,0,0,518,518
1530001,1535000,1,L03-1,2,0,0,0,87,87
1605001,1610000,1,L03-1,2,0,0,0,1330,1330
1610001,1615000,3,L03-1,2,0,0,0,3710,3710
1615001,1620000,2,L03-1,2,0,0,0,1021,1021
1620001,1625000,4,L03-1,2,0,0,0,1517,1517
1625001,1630000,2,L03-1,2,0,0,0,1003,1003
1640001,1645000,1,L03-1,2,0,0,0,335,335
1645001,1650000,3,L03-1,2,0,0,0,2802,2802
1660001,1665000,1,L03-1,2,0,0,0,1106,1106
1670001,1675000,0,L03-1,2,1,0,0,0,2680
1675001,1680000,0,L03-1,2,1,0,0,0,413
1700001,1705000,1,L03-1,2,0,0,0,584,584
1705001,1710000,5,L03-1,2,0,0,0,3809,3809
1710001,1715000,3,L03-1,2,0,0,0,2638,2638
1770001,1775000,1,L03-1,2,0,0,0,297,297
1775001,1780000,1,L03-1,2,0,0,0,2300,2300
1780001,1785000,1,L03-1,2,0,0,0,590,590
1790001,1795000,1,L03-1,2,0,0,0,788,788
1875001,1880000,0,L03-1,2,1,1,0,0,873
1880001,1885000,0,L03-1,2,1,0,0,0,4298
1940001,1945000,0,L03-1,2,0,1,0,0,0
1980001,1985000,1,L03-1,2,0,0,0,331,331
1985001,1990000,1,L03-1,2,0,0,0,943,943
2010001,2015000,1,L03-1,2,0,0,0,640,640
2045001,2050000,0,L03-1,2,1,0,0,0,2689
2050001,2055000,0,L03-1,2,1,0,0,0,403
2055001,2060000,0,L03-1,2,0,1,0,0,0
2065001,2070000,2,L03-1,2,0,0,0,2610,2610
2070001,2075000,4,L03-1,2,0,0,0,3586,3586
2090001,2095000,1,L03-1,2,0,0,0,723,723
2095001,2100000,1,L03-1,2,0,0,0,104,104
2130001,2135000,1,L03-1,2,0,0,0,412,412
2135001,2140000,1,L03-1,2,0,0,0,583,583
2160001,2165000,1,L03-1,2,0,0,0,695,695
2215001,2220000,1,L03-1,2,0,0,0,870,870
2220001,2225000,1,L03-1,2,0,0,0,902,902
2230001,2235000,1,L03-1,2,0,0,0,1733,1733
2245001,2250000,3,L03-1,2,0,0,0,707,707
2355001,2360000,1,L03-1,2,0,0,0,1328,1328
2360001,2365000,1,L03-1,2,0,0,0,705,705
2395001,2400000,0,L03-1,2,1,1,0,0,1416
2400001,2405000,0,L03-1,2,1,0,0,0,1677
2410001,2415000,1,L03-1,2,0,0,0,668,668
2450001,2455000,1,L03-1,2,0,0,0,1760,1760
2500001,2505000,1,L03-1,2,0,0,0,2627,2627
2505001,2510000,1,L03-1,2,0,0,0,1443,1443
2510001,2515000,2,L03-1,2,0,0,0,1972,1972
2525001,2530000,0,L03-1,2,1,0,0,0,1229
2530001,2535000,0,L03-1,2,1,0,0,0,1864
2590001,2595000,0,L03-1,2,1,0,0,0,3093
2600001,2605000,2,L03-1,2,0,0,0,2182,2182
2605001,2610000,1,L03-1,2,0,0,0,789,789
2610001,2615000,1,L03-1,2,0,0,0,431,431
2670001,2675000,1,L03-1,2,0,0,0,1415,1415
2675001,2680000,1,L03-1,2,0,0,0,971,971
2680001,2685000,2,L03-1,2,0,0,0,2030,2030
2735001,2740000,1,L03-1,2,0,0,0,1127,1127
2740001,2745000,1,L03-1,2,0,0,0,878,878
2760001,2765000,1,L03-1,2,0,0,0,746,746
2775001,2780000,1,L03-1,2,0,0,0,45,45
2780001,2785000,3,L03-1,2,0,0,0,2944,2944
2785001,2790000,1,L03-1,2,0,0,0,875,875
2805001,2810000,1,L03-1,2,0,0,0,803,803
2840001,2845000,1,L03-1,2,0,0,0,311,311
2845001,2850000,3,L03-1,2,0,0,0,1948,1948
2865001,2870000,1,L03-1,2,0,0,0,1355,1355
2880001,2885000,1,L03-1,2,0,0,0,737,737
2885001,2890000,3,L03-1,2,0,0,0,1114,1114
2890001,2895000,4,L03-1,2,0,0,0,2301,2301
2895001,2900000,1,L03-1,2,0,0,0,779,779
2925001,2930000,3,L03-1,2,0,0,0,1918,1918
2930001,2935000,1,L03-1,2,0,0,0,988,988
2980001,2985000,3,L03-1,2,0,0,0,1500,1500
2990001,2995000,0,L03-1,2,0,1,1,0,0
3015001,3020000,2,L03-1,2,0,0,0,2935,2935
3070001,3075000,1,L03-1,2,0,0,0,870,870
3075001,3080000,1,L03-1,2,0,0,0,5,5
3140001,3145000,1,L03-1,2,0,0,0,1098,1098
3175001,3180000,2,L03-1,2,0,0,0,2242,2242
3190001,3195000,1,L03-1,2,0,0,0,1154,1154
3195001,3200000,1,L03-1,2,0,0,0,416,416
3240001,3245000,2,L03-1,2,0,0,0,2995,2995
3250001,3255000,1,L03-1,2,0,0,0,1892,1892
3260001,3265000,1,L03-1,2,0,0,0,653,653
3270001,3275000,1,L03-1,2,0,0,0,1238,1238
3275001,3280000,1,L03-1,2,0,0,0,368,368
3280001,3285000,3,L03-1,2,0,0,0,2956,2956
3285001,3290000,1,L03-1,2,0,0,0,1643,1643
3340001,3345000,1,L03-1,2,0,0,0,376,376
3385001,3390000,2,L03-1,2,0,0,0,4159,4159
3390001,3395000,2,L03-1,2,0,0,0,604,604
3395001,3400000,2,L03-1,2,0,0,0,2753,2753
3400001,3405000,3,L03-1,2,0,0,0,1540,1540
3405001,3410000,3,L03-1,2,0,0,0,2430,2430
3410001,3415000,2,L03-1,2,0,0,0,979,979
3415001,3420000,3,L03-1,2,0,0,0,1410,1410
3430001,3435000,0,L03-1,2,1,0,0,0,2164
3435001,3440000,0,L03-1,2,1,0,0,0,928
3455001,3460000,0,L03-1,2,0,1,0,0,0
3475001,3480000,1,L03-1,2,0,0,0,1673,1673
3480001,3485000,2,L03-1,2,0,0,0,1058,1058
3485001,3490000,2,L03-1,2,0,0,0,1634,1634
3490001,3495000,4,L03-1,2,0,0,0,2013,2013
3515001,3520000,1,L03-1,2,0,0,0,911,911
3520001,3525000,1,L03-1,2,0,0,0,108,108
3565001,3570000,1,L03-1,2,0,0,0,819,819
3570001,3575000,2,L03-1,2,1,0,0,2161,2287
3575001,3580000,0,L03-1,2,1,0,0,0,2966
3680001,3685000,3,L03-1,2,0,0,0,2195,2195
3685001,3690000,2,L03-1,2,0,0,0,1869,1869
3705001,3710000,1,L03-1,2,0,0,0,1103,1103
3750001,3755000,1,L03-1,2,0,0,0,470,470
3755001,3760000,1,L03-1,2,0,0,0,1665,1665
3765001,3770000,1,L03-1,2,0,0,0,505,505
3770001,3775000,1,L03-1,2,0,0,0,499,499
3805001,3810000,3,L03-1,2,0,0,0,1295,1295
3810001,3815000,4,L03-1,2,0,0,0,2752,2752
3815001,3820000,12,L03-1,2,0,0,0,4728,4728
3820001,3825000,10,L03-1,2,0,0,0,4602,4602
3825001,3830000,5,L03-1,2,0,0,0,2472,2472
3830001,3835000,2,L03-1,2,0,0,0,1456,1456
3835001,3840000,1,L03-1,2,0,0,0,571,571
3855001,3860000,1,L03-1,2,0,0,0,62,62
3860001,3865000,2,L03-1,2,0,0,0,1757,1757
3865001,3870000,3,L03-1,2,0,0,0,2634,2634
3880001,3885000,1,L03-1,2,0,0,0,1064,1064
3885001,3890000,3,L03-1,2,0,0,0,823,823
3895001,3900000,0,L03-1,2,1,0,0,0,594
3900001,3905000,0,L03-1,2,1,0,0,0,2499
3910001,3915000,1,L03-1,2,0,0,0,1696,1696
20001,25000,1,L03-2,1,0,0,0,75,75
40001,45000,1,L03-2,1,0,0,0,1259,1259
55001,60000,3,L03-2,1,0,0,0,228,228
60001,65000,2,L03-2,1,0,0,0,1655,1655
65001,70000,1,L03-2,1,0,0,0,23,23
105001,110000,1,L03-2,1,0,0,0,545,545
120001,125000,2,L03-2,1,0,0,0,3382,3382
125001,130000,1,L03-2,1,0,0,0,0,0
195001,200000,2,L03-2,1,0,0,0,2091,2091
200001,205000,1,L03-2,1,0,0,0,1066,1066
205001,210000,0,L03-2,1,1,0,0,0,2028
210001,215000,0,L03-2,1,1,0,0,0,1064
240001,245000,1,L03-2,1,0,0,0,857,857
245001,250000,1,L03-2,1,0,0,0,586,586
250001,255000,6,L03-2,1,0,0,0,2788,2788
255001,260000,5,L03-2,1,0,0,0,2903,2903
260001,265000,2,L03-2,1,0,0,0,4923,4923
265001,270000,1,L03-2,1,0,0,0,1930,1930
295001,300000,0,L03-2,1,0,1,1,0,0
310001,315000,0,L03-2,1,0,1,1,0,0
330001,335000,3,L03-2,1,0,0,0,3822,3822
335001,340000,1,L03-2,1,0,0,0,81,81
340001,345000,1,L03-2,1,0,0,0,1415,1415
350001,355000,1,L03-2,1,0,0,0,536,536
410001,415000,0,L03-2,1,0,1,1,0,0
445001,450000,2,L03-2,1,0,0,0,1939,1939
450001,455000,1,L03-2,1,0,0,0,566,566
465001,470000,3,L03-2,1,0,0,0,2565,2565
470001,475000,1,L03-2,1,0,0,0,461,461
500001,505000,1,L03-2,1,0,0,0,227,227
525001,530000,1,L03-2,1,0,0,0,530,530
555001,560000,1,L03-2,1,0,0,0,1773,1773
560001,565000,3,L03-2,1,0,0,0,2619,2619
565001,570000,1,L03-2,1,0,0,0,645,645
580001,585000,2,L03-2,1,0,0,0,1276,1276
640001,645000,3,L03-2,1,0,0,0,4251,4251
645001,650000,2,L03-2,1,0,0,0,1770,1770
665001,670000,1,L03-2,1,0,0,0,479,479
670001,675000,1,L03-2,1,0,0,0,1085,1085
675001,680000,1,L03-2,1,0,0,0,1269,1269
710001,715000,4,L03-2,1,0,0,0,4793,4793
715001,720000,6,L03-2,1,0,0,0,4943,4943
720001,725000,4,L03-2,1,0,0,0,4024,4024
725001,730000,4,L03-2,1,0,0,0,4606,4606
730001,735000,2,L03-2,1,0,0,0,763,763
760001,765000,1,L03-2,1,0,0,0,662,662
775001,780000,1,L03-2,1,0,0,0,479,479
785001,790000,2,L03-2,1,0,0,0,1423,1423
790001,795000,1,L03-2,1,0,0,0,201,201
795001,800000,1,L03-2,1,0,0,0,824,824
800001,805000,3,L03-2,1,0,0,0,2370,2370
805001,810000,6,L03-2,1,0,0,0,4304,4304
810001,815000,3,L03-2,1,0,0,0,4359,4359
815001,820000,5,L03-2,1,0,0,0,4261,4261
820001,825000,2,L03-2,1,0,0,0,2813,2813
825001,830000,1,L03-2,1,0,0,0,1298,1298
830001,835000,1,L03-2,1,0,0,0,1718,1718
850001,855000,0,L03-2,1,0,2,2,0,0
930001,935000,1,L03-2,1,0,0,0,974,974
955001,960000,1,L03-2,1,0,0,0,226,226
960001,965000,2,L03-2,1,0,0,0,2592,2592
965001,970000,4,L03-2,1,0,0,0,2969,2969
970001,975000,2,L03-2,1,0,0,0,2761,2761
1005001,1010000,1,L03-2,1,0,0,0,113,113
1020001,1025000,1,L03-2,1,0,0,0,782,782
1025001,1030000,2,L03-2,1,0,0,0,1793,1793
1030001,1035000,1,L03-2,1,0,0,0,962,962
1075001,1080000,2,L03-2,1,0,0,0,1273,1273
1080001,1085000,2,L03-2,1,0,0,0,1700,1700
1085001,1090000,1,L03-2,1,0,0,0,76,76
1110001,1115000,0,L03-2,1,1,1,0,0,3093
1165001,1170000,2,L03-2,1,0,0,0,3013,3013
1170001,1175000,4,L03-2,1,0,0,0,4051,4051
1175001,1180000,1,L03-2,1,0,0,0,784,784
1185001,1190000,1,L03-2,1,0,0,0,840,840
1190001,1195000,1,L03-2,1,0,0,0,698,698
1195001,1200000,1,L03-2,1,0,0,0,84,84
1205001,1210000,1,L03-2,1,0,0,0,1664,1664
1210001,1215000,1,L03-2,1,0,0,0,530,530
1275001,1280000,0,L03-2,1,1,0,0,0,1147
1280001,1285000,0,L03-2,1,1,0,0,0,1946
1420001,1425000,1,L03-2,1,0,0,0,218,218
1425001,1430000,1,L03-2,1,0,0,0,2328,2328
1430001,1435000,3,L03-2,1,0,0,0,3399,3399
1435001,1440000,1,L03-2,1,0,0,0,168,168
1455001,1460000,1,L03-2,1,0,0,0,1673,1673
1460001,1465000,2,L03-2,1,0,0,0,2731,2731
1465001,1470000,2,L03-2,1,0,0,0,1979,1979
1470001,1475000,3,L03-2,1,0,0,0,4992,4992
1475001,1480000,1,L03-2,1,0,0,0,234,234
1480001,1485000,1,L03-2,1,0,0,0,1400,1400
1510001,1515000,1,L03-2,1,0,0,0,518,518
1525001,1530000,1,L03-2,1,0,0,0,87,87
1600001,1605000,2,L03-2,1,0,0,0,2268,2268
1605001,1610000,2,L03-2,1,0,0,0,2772,2772
1610001,1615000,3,L03-2,1,0,0,0,1899,1899
1615001,1620000,2,L03-2,1,0,0,0,1642,1642
1635001,1640000,2,L03-2,1,0,0,0,1488,1488
1640001,1645000,2,L03-2,1,0,0,0,1649,1649
1655001,1660000,1,L03-2,1,0,0,0,1106,1106
1665001,1670000,0,L03-2,1,1,0,0,0,3092
1695001,1700000,2,L03-2,1,0,0,0,954,954
1700001,1705000,6,L03-2,1,0,0,0,4593,4593
1705001,1710000,2,L03-2,1,0,0,0,1483,1483
1765001,1770000,1,L03-2,1,0,0,0,1449,1449
1770001,1775000,1,L03-2,1,0,0,0,1148,1148
1775001,1780000,1,L03-2,1,0,0,0,590,590
1785001,1790000,1,L03-2,1,0,0,0,788,788
1870001,1875000,0,L03-2,1,1,0,0,0,2015
1875001,1880000,0,L03-2,1,1,0,0,0,3156
1975001,1980000,1,L03-2,1,0,0,0,1274,1274
2005001,2010000,1,L03-2,1,0,0,0,641,641
2020001,2025000,0,L03-2,1,0,1,0,0,0
2025001,2030000,0,L03-2,1,0,1,0,0,0
2055001,2060000,1,L03-2,1,0,0,0,1863,1863
2060001,2065000,5,L03-2,1,0,0,0,4183,4183
2065001,2070000,1,L03-2,1,0,0,0,150,150
2085001,2090000,1,L03-2,1,0,0,0,827,827
2125001,2130000,1,L03-2,1,0,0,0,995,995
2150001,2155000,1,L03-2,1,0,0,0,695,695
2205001,2210000,1,L03-2,1,0,0,0,120,120
2210001,2215000,1,L03-2,1,0,0,0,1652,1652
2220001,2225000,1,L03-2,1,0,0,0,1733,1733
2235001,2240000,3,L03-2,1,0,0,0,707,707
2315001,2320000,0,L03-2,1,0,2,0,0,0
2345001,2350000,1,L03-2,1,0,0,0,574,574
2350001,2355000,1,L03-2,1,0,0,0,1459,1459
2395001,2400000,1,L03-2,1,0,0,0,668,668
2435001,2440000,1,L03-2,1,0,0,0,499,499
2440001,2445000,1,L03-2,1,0,0,0,1261,1261
2485001,2490000,1,L03-2,1,0,0,0,1861,1861
2490001,2495000,1,L03-2,1,0,0,0,766,766
2495001,2500000,2,L03-2,1,0,0,0,3415,3415
2515001,2520000,0,L03-2,1,1,0,0,0,3093
2575001,2580000,0,L03-2,1,1,0,0,0,1393
2580001,2585000,0,L03-2,1,1,0,0,0,1700
2585001,2590000,2,L03-2,1,0,0,0,1776,1776
2590001,2595000,1,L03-2,1,0,0,0,406,406
2595001,2600000,1,L03-2,1,0,0,0,1220,1220
2655001,2660000,1,L03-2,1,0,0,0,1415,1415
2665001,2670000,2,L03-2,1,0,0,0,3001,3001
2720001,2725000,1,L03-2,1,0,0,0,1127,1127
2730001,2735000,1,L03-2,1,0,0,0,878,878
2745001,2750000,1,L03-2,1,0,0,0,196,196
2750001,2755000,1,L03-2,1,0,0,0,550,550
2765001,2770000,1,L03-2,1,0,0,0,1472,1472
2770001,2775000,2,L03-2,1,0,0,0,2392,2392
2795001,2800000,1,L03-2,1,0,0,0,803,803
2830001,2835000,2,L03-2,1,0,0,0,1171,1171
2835001,2840000,2,L03-2,1,0,0,0,1088,1088
2850001,2855000,1,L03-2,1,0,0,0,544,544
2855001,2860000,1,L03-2,1,0,0,0,811,811
2865001,2870000,1,L03-2,1,0,0,0,737,737
2875001,2880000,4,L03-2,1,0,0,0,2723,2723
2880001,2885000,2,L03-2,1,0,0,0,1471,1471
2915001,2920000,3,L03-2,1,0,0,0,2907,2907
2965001,2970000,3,L03-2,1,0,0,0,1500,1500
3000001,3005000,2,L03-2,1,0,0,0,1633,1633
3005001,3010000,1,L03-2,1,0,0,0,1302,1302
3060001,3065000,1,L03-2,1,0,0,0,875,875
3120001,3125000,0,L03-2,1,0,1,1,0,0
3125001,3130000,1,L03-2,1,0,0,0,1098,1098
3160001,3165000,2,L03-2,1,0,0,0,1865,1865
3165001,3170000,1,L03-2,1,0,0,0,377,377
3175001,3180000,1,L03-2,1,0,0,0,540,540
3180001,3185000,1,L03-2,1,0,0,0,614,614
3185001,3190000,1,L03-2,1,0,0,0,416,416
3225001,3230000,1,L03-2,1,0,0,0,737,737
3230001,3235000,1,L03-2,1,0,0,0,2258,2258
3235001,3240000,1,L03-2,1,0,0,0,154,154
3240001,3245000,1,L03-2,1,0,0,0,1738,1738
3250001,3255000,1,L03-2,1,0,0,0,653,653
3260001,3265000,2,L03-2,1,0,0,0,1606,1606
3265001,3270000,1,L03-2,1,0,0,0,1013,1013
3270001,3275000,2,L03-2,1,0,0,0,3586,3586
3325001,3330000,1,L03-2,1,0,0,0,359,359
3330001,3335000,1,L03-2,1,0,0,0,16,16
3370001,3375000,1,L03-2,1,0,0,0,2236,2236
3375001,3380000,2,L03-2,1,0,0,0,1923,1923
3380001,3385000,3,L03-2,1,0,0,0,2000,2000
3385001,3390000,2,L03-2,1,0,0,0,1357,1357
3390001,3395000,5,L03-2,1,0,0,0,3055,3055
3395001,3400000,1,L03-2,1,0,0,0,915,915
3400001,3405000,4,L03-2,1,0,0,0,2389,2389
3420001,3425000,0,L03-2,1,1,0,0,0,3093
3465001,3470000,2,L03-2,1,0,0,0,2731,2731
3475001,3480000,3,L03-2,1,0,0,0,1891,1891
3480001,3485000,2,L03-2,1,0,0,0,1756,1756
3490001,3495000,0,L03-2,1,0,1,1,0,0
3505001,3510000,1,L03-2,1,0,0,0,1019,1019
3555001,3560000,2,L03-2,1,0,0,0,2980,2980
3620001,3625000,0,L03-2,1,0,1,0,0,0
3665001,3670000,3,L03-2,1,0,0,0,2617,2617
3670001,3675000,2,L03-2,1,0,0,0,1449,1449
3690001,3695000,1,L03-2,1,0,0,0,1103,1103
3735001,3740000,1,L03-2,1,0,0,0,891,891
3740001,3745000,1,L03-2,1,0,0,0,1244,1244
3750001,3755000,1,L03-2,1,0,0,0,925,925
3755001,3760000,1,L03-2,1,0,0,0,79,79
3790001,3795000,3,L03-2,1,0,0,0,1716,1716
3795001,3800000,4,L03-2,1,0,0,0,2752,2752
3800001,3805000,13,L03-2,1,0,0,0,4713,4713
3805001,3810000,10,L03-2,1,0,0,0,4600,4600
3810001,3815000,4,L03-2,1,0,0,0,2068,2068
3815001,3820000,2,L03-2,1,0,0,0,1456,1456
3820001,3825000,1,L03-2,1,0,0,0,572,572
3840001,3845000,1,L03-2,1,0,0,0,482,482
3845001,3850000,2,L03-2,1,0,0,0,1337,1337
3850001,3855000,3,L03-2,1,0,0,0,2634,2634
3865001,3870000,1,L03-2,1,0,0,0,1067,1067
3870001,3875000,2,L03-2,1,0,0,0,820,820
3880001,3885000,0,L03-2,1,1,0,0,0,1020
3885001,3890000,0,L03-2,1,1,0,0,0,2073
3895001,3900000,1,L03-2,1,0,0,0,2122,2122
3900001,3905000,5,L03-2,1,0,0,0,3269,3269
3905001,3910000,2,L03-2,1,0,0,0,1670,1670
3930001,3935000,2,L03-2,1,0,0,0,2827,2827
3935001,3940000,1,L03-2,1,0,0,0,372,372
20001,25000,1,L03-2,2,0,0,0,75,75
40001,45000,1,L03-2,2,0,0,0,1259,1259
55001,60000,3,L03-2,2,0,0,0,228,228
60001,65000,2,L03-2,2,0,0,0,1659,1659
65001,70000,1,L03-2,2,0,0,0,19,19
105001,110000,1,L03-2,2,0,0,0,545,545
120001,125000,2,L03-2,2,0,0,0,3382,3382
195001,200000,2,L03-2,2,0,0,0,2101,2101
200001,205000,1,L03-2,2,0,0,0,1056,1056
205001,210000,0,L03-2,2,1,0,0,0,2038
210001,215000,0,L03-2,2,1,0,0,0,1054
240001,245000,1,L03-2,2,0,0,0,857,857
245001,250000,1,L03-2,2,0,0,0,596,596
250001,255000,6,L03-2,2,0,0,0,2787,2787
255001,260000,5,L03-2,2,0,0,0,2903,2903
260001,265000,2,L03-2,2,0,0,0,4923,4923
265001,270000,1,L03-2,2,0,0,0,1921,1921
295001,300000,0,L03-2,2,1,0,0,0,2369
300001,305000,0,L03-2,2,1,0,0,0,723
315001,320000,0,L03-2,2,1,1,0,0,3092
335001,340000,2,L03-2,2,0,0,0,3286,3286
340001,345000,2,L03-2,2,0,0,0,617,617
345001,350000,1,L03-2,2,0,0,0,1415,1415
355001,360000,1,L03-2,2,0,0,0,536,536
415001,420000,0,L03-2,2,1,0,0,0,1815
420001,425000,0,L03-2,2,1,0,0,0,1277
455001,460000,2,L03-2,2,0,0,0,1939,1939
460001,465000,1,L03-2,2,0,0,0,566,566
475001,480000,3,L03-2,2,0,0,0,2565,2565
480001,485000,1,L03-2,2,0,0,0,461,461
510001,515000,1,L03-2,2,0,0,0,227,227
535001,540000,1,L03-2,2,0,0,0,530,530
565001,570000,1,L03-2,2,0,0,0,2499,2499
570001,575000,3,L03-2,2,0,0,0,2538,2538
590001,595000,2,L03-2,2,0,0,0,1276,1276
645001,650000,1,L03-2,2,0,0,0,164,164
650001,655000,4,L03-2,2,0,0,0,4381,4381
655001,660000,2,L03-2,2,0,0,0,1476,1476
675001,680000,1,L03-2,2,0,0,0,479,479
680001,685000,1,L03-2,2,0,0,0,1817,1817
685001,690000,1,L03-2,2,0,0,0,537,537
715001,720000,2,L03-2,2,0,0,0,526,526
720001,725000,4,L03-2,2,0,0,0,5000,5000
725001,730000,5,L03-2,2,0,0,0,4943,4943
730001,735000,5,L03-2,2,0,0,0,3923,3923
735001,740000,3,L03-2,2,0,0,0,4117,4117
740001,745000,1,L03-2,2,0,0,0,620,620
770001,775000,1,L03-2,2,0,0,0,662,662
785001,790000,1,L03-2,2,0,0,0,479,479
795001,800000,2,L03-2,2,0,0,0,1624,1624
805001,810000,1,L03-2,2,0,0,0,824,824
810001,815000,4,L03-2,2,0,0,0,3004,3004
815001,820000,6,L03-2,2,0,0,0,4405,4405
820001,825000,4,L03-2,2,0,0,0,4254,4254
825001,830000,4,L03-2,2,0,0,0,4366,4366
830001,835000,3,L03-2,2,0,0,0,2236,2236
835001,840000,2,L03-2,2,0,0,0,1572,1572
840001,845000,1,L03-2,2,0,0,0,1286,1286
860001,865000,0,L03-2,2,2,0,0,0,3275
865001,870000,0,L03-2,2,1,0,0,0,2908
945001,950000,1,L03-2,2,0,0,0,974,974
975001,980000,2,L03-2,2,0,0,0,2818,2818
980001,985000,4,L03-2,2,0,0,0,2969,2969
985001,990000,2,L03-2,2,0,0,0,2761,2761
1020001,1025000,1,L03-2,2,0,0,0,113,113
1035001,1040000,1,L03-2,2,0,0,0,315,315
1040001,1045000,2,L03-2,2,0,0,0,1847,1847
1045001,1050000,2,L03-2,2,0,0,0,1373,1373
1090001,1095000,2,L03-2,2,0,0,0,810,810
1095001,1100000,2,L03-2,2,0,0,0,2163,2163
1105001,1110000,1,L03-2,2,0,0,0,76,76
1125001,1130000,0,L03-2,2,1,0,0,0,3092
1180001,1185000,2,L03-2,2,0,0,0,3013,3013
1185001,1190000,4,L03-2,2,0,0,0,3951,3951
1190001,1195000,1,L03-2,2,0,0,0,884,884
1200001,1205000,1,L03-2,2,0,0,0,741,741
1205001,1210000,1,L03-2,2,0,0,0,797,797
1210001,1215000,1,L03-2,2,0,0,0,84,84
1220001,1225000,1,L03-2,2,0,0,0,1664,1664
1225001,1230000,1,L03-2,2,0,0,0,530,530
1290001,1295000,0,L03-2,2,1,0,0,0,1047
1295001,1300000,0,L03-2,2,1,0,0,0,2043
1330001,1335000,0,L03-2,2,0,1,1,0,0
1435001,1440000,1,L03-2,2,0,0,0,218,218
1440001,1445000,1,L03-2,2,0,0,0,2239,2239
1445001,1450000,3,L03-2,2,0,0,0,3399,3399
1450001,1455000,1,L03-2,2,0,0,0,257,257
1470001,1475000,1,L03-2,2,0,0,0,1673,1673
1475001,1480000,2,L03-2,2,0,0,0,2731,2731
1480001,1485000,2,L03-2,2,0,0,0,1890,1890
1485001,1490000,3,L03-2,2,0,0,0,4992,4992
1490001,1495000,1,L03-2,2,0,0,0,323,323
1495001,1500000,1,L03-2,2,0,0,0,1400,1400
1525001,1530000,1,L03-2,2,0,0,0,518,518
1540001,1545000,1,L03-2,2,0,0,0,87,87
1615001,1620000,2,L03-2,2,0,0,0,2185,2185
1620001,1625000,2,L03-2,2,0,0,0,2855,2855
1625001,1630000,3,L03-2,2,0,0,0,1881,1881
1630001,1635000,3,L03-2,2,0,0,0,1660,1660
1650001,1655000,2,L03-2,2,0,0,0,1407,1407
1655001,1660000,2,L03-2,2,0,0,0,1730,1730
1670001,1675000,1,L03-2,2,0,0,0,1106,1106
1680001,1685000,0,L03-2,2,1,0,0,0,3093
1710001,1715000,2,L03-2,2,0,0,0,869,869
1715001,1720000,6,L03-2,2,0,0,0,4593,4593
1720001,1725000,2,L03-2,2,0,0,0,1568,1568
1780001,1785000,1,L03-2,2,0,0,0,1363,1363
1785001,1790000,1,L03-2,2,0,0,0,1234,1234
1790001,1795000,1,L03-2,2,0,0,0,590,590
1800001,1805000,1,L03-2,2,0,0,0,788,788
1885001,1890000,0,L03-2,2,1,0,0,0,1938
1890001,1895000,0,L03-2,2,1,0,0,0,3232
1990001,1995000,1,L03-2,2,0,0,0,1274,1274
2020001,2025000,1,L03-2,2,0,0,0,641,641
2035001,2040000,0,L03-2,2,1,0,0,0,3092
2070001,2075000,3,L03-2,2,0,0,0,3726,3726
2075001,2080000,2,L03-2,2,0,0,0,2470,2470
2095001,2100000,1,L03-2,2,0,0,0,827,827
2135001,2140000,1,L03-2,2,0,0,0,995,995
2160001,2165000,1,L03-2,2,0,0,0,695,695
2220001,2225000,1,L03-2,2,0,0,0,1772,1772
2230001,2235000,1,L03-2,2,0,0,0,1372,1372
2235001,2240000,1,L03-2,2,0,0,0,361,361
2245001,2250000,3,L03-2,2,0,0,0,707,707
2265001,2270000,0,L03-2,2,0,1,1,0,0
2330001,2335000,0,L03-2,2,1,1,0,0,3093
2360001,2365000,1,L03-2,2,0,0,0,782,782
2365001,2370000,1,L03-2,2,0,0,0,1251,1251
2410001,2415000,1,L03-2,2,0,0,0,668,668
2450001,2455000,1,L03-2,2,0,0,0,708,708
2455001,2460000,1,L03-2,2,0,0,0,1052,1052
2500001,2505000,1,L03-2,2,0,0,0,2073,2073
2505001,2510000,1,L03-2,2,0,0,0,554,554
2510001,2515000,2,L03-2,2,0,0,0,3415,3415
2530001,2535000,0,L03-2,2,1,0,0,0,3093
2590001,2595000,0,L03-2,2,1,0,0,0,1605
2595001,2600000,0,L03-2,2,1,0,0,0,1488
2600001,2605000,2,L03-2,2,0,0,0,1988,1988
2605001,2610000,1,L03-2,2,0,0,0,194,194
2610001,2615000,1,L03-2,2,0,0,0,1220,1220
2670001,2675000,1,L03-2,2,0,0,0,1415,1415
2680001,2685000,2,L03-2,2,0,0,0,3001,3001
2735001,2740000,1,L03-2,2,0,0,0,1127,1127
2745001,2750000,1,L03-2,2,0,0,0,878,878
2760001,2765000,1,L03-2,2,0,0,0,410,410
2765001,2770000,1,L03-2,2,0,0,0,336,336
2780001,2785000,1,L03-2,2,0,0,0,1472,1472
2785001,2790000,2,L03-2,2,0,0,0,2392,2392
2805001,2810000,1,L03-2,2,0,0,0,46,46
2810001,2815000,1,L03-2,2,0,0,0,757,757
2845001,2850000,2,L03-2,2,0,0,0,1285,1285
2850001,2855000,1,L03-2,2,0,0,0,974,974
2865001,2870000,1,L03-2,2,0,0,0,762,762
2870001,2875000,1,L03-2,2,0,0,0,593,593
2880001,2885000,1,L03-2,2,0,0,0,737,737
2890001,2895000,4,L03-2,2,0,0,0,2723,2723
2895001,2900000,2,L03-2,2,0,0,0,1471,1471
2925001,2930000,1,L03-2,2,0,0,0,28,28
2930001,2935000,3,L03-2,2,0,0,0,2878,2878
2980001,2985000,3,L03-2,2,0,0,0,1500,1500
3015001,3020000,2,L03-2,2,0,0,0,1852,1852
3020001,3025000,1,L03-2,2,0,0,0,1083,1083
3075001,3080000,1,L03-2,2,0,0,0,875,875
3135001,3140000,0,L03-2,2,1,0,0,0,506
3140001,3145000,0,L03-2,2,1,0,0,0,2585
3145001,3150000,1,L03-2,2,0,0,0,1098,1098
3180001,3185000,2,L03-2,2,0,0,0,2242,2242
3195001,3200000,1,L03-2,2,0,0,0,1154,1154
3200001,3205000,1,L03-2,2,0,0,0,416,416
3245001,3250000,2,L03-2,2,0,0,0,2795,2795
3250001,3255000,1,L03-2,2,0,0,0,200,200
3255001,3260000,1,L03-2,2,0,0,0,1892,1892
3265001,3270000,1,L03-2,2,0,0,0,653,653
3275001,3280000,1,L03-2,2,0,0,0,798,798
3280001,3285000,2,L03-2,2,0,0,0,808,808
3285001,3290000,2,L03-2,2,0,0,0,2594,2594
3290001,3295000,2,L03-2,2,0,0,0,2004,2004
3345001,3350000,1,L03-2,2,0,0,0,375,375
3390001,3395000,2,L03-2,2,0,0,0,4159,4159
3395001,3400000,1,L03-2,2,0,0,0,86,86
3400001,3405000,2,L03-2,2,0,0,0,3271,3271
3405001,3410000,1,L03-2,2,0,0,0,1172,1172
3410001,3415000,4,L03-2,2,0,0,0,2798,2798
3415001,3420000,1,L03-2,2,0,0,0,424,424
3420001,3425000,4,L03-2,2,0,0,0,1965,1965
3435001,3440000,0,L03-2,2,1,0,0,0,1608
3440001,3445000,0,L03-2,2,1,0,0,0,1485
3505001,3510000,2,L03-2,2,0,0,0,2980,2980
3555001,3560000,1,L03-2,2,0,0,0,1019,1019
3570001,3575000,0,L03-2,2,1,0,0,0,885
3575001,3580000,0,L03-2,2,1,0,0,0,2206
3585001,3590000,2,L03-2,2,0,0,0,1756,1756
3590001,3595000,3,L03-2,2,0,0,0,1891,1891
3600001,3605000,2,L03-2,2,0,0,0,2731,2731
3625001,3630000,0,L03-2,2,0,1,1,0,0
3645001,3650000,0,L03-2,2,1,0,0,0,3092
3690001,3695000,4,L03-2,2,0,0,0,3305,3305
3695001,3700000,1,L03-2,2,0,0,0,759,759
3715001,3720000,1,L03-2,2,0,0,0,1103,1103
3760001,3765000,1,L03-2,2,0,0,0,1826,1826
3765001,3770000,1,L03-2,2,0,0,0,309,309
3775001,3780000,1,L03-2,2,0,0,0,1004,1004
3815001,3820000,3,L03-2,2,0,0,0,2653,2653
3820001,3825000,6,L03-2,2,0,0,0,2734,2734
3825001,3830000,13,L03-2,2,0,0,0,4684,4684
3830001,3835000,10,L03-2,2,0,0,0,4587,4587
3835001,3840000,2,L03-2,2,0,0,0,1191,1191
3840001,3845000,3,L03-2,2,0,0,0,2024,2024
3845001,3850000,1,L03-2,2,0,0,0,3,3
3865001,3870000,2,L03-2,2,0,0,0,1408,1408
3870001,3875000,2,L03-2,2,0,0,0,651,651
3875001,3880000,3,L03-2,2,0,0,0,2394,2394
3890001,3895000,1,L03-2,2,0,0,0,1067,1067
3895001,3900000,2,L03-2,2,0,0,0,820,820
3905001,3910000,0,L03-2,2,1,0,0,0,1959
3910001,3915000,0,L03-2,2,1,0,0,0,1133
3920001,3925000,1,L03-2,2,0,1,0,2414,2414
3925001,3930000,5,L03-2,2,0,0,0,3694,3694
3930001,3935000,1,L03-2,2,0,0,0,954,954
3955001,3960000,2,L03-2,2,0,0,0,3199,3199
20001,25000,1,L03-3,1,0,0,0,75,75
40001,45000,1,L03-3,1,0,0,0,1259,1259
55001,60000,3,L03-3,1,0,0,0,228,228
60001,65000,2,L03-3,1,0,0,0,1655,1655
65001,70000,1,L03-3,1,0,0,0,23,23
105001,110000,1,L03-3,1,0,0,0,545,545
120001,125000,2,L03-3,1,0,0,0,3382,3382
125001,130000,1,L03-3,1,0,0,0,0,0
195001,200000,2,L03-3,1,0,0,0,2091,2091
200001,205000,1,L03-3,1,0,0,0,1066,1066
205001,210000,0,L03-3,1,1,0,0,0,2028
210001,215000,0,L03-3,1,1,0,0,0,1064
240001,245000,1,L03-3,1,0,0,0,857,857
245001,250000,1,L03-3,1,0,0,0,586,586
250001,255000,6,L03-3,1,0,0,0,2788,2788
255001,260000,5,L03-3,1,0,0,0,2903,2903
260001,265000,2,L03-3,1,0,0,0,4923,4923
265001,270000,1,L03-3,1,0,0,0,1930,1930
330001,335000,3,L03-3,1,0,0,0,3822,3822
335001,340000,1,L03-3,1,0,0,0,81,81
340001,345000,1,L03-3,1,0,0,0,1415,1415
345001,350000,0,L03-3,1,0,1,1,0,0
350001,355000,1,L03-3,1,0,0,0,536,536
445001,450000,2,L03-3,1,0,0,0,1939,1939
450001,455000,1,L03-3,1,0,0,0,566,566
465001,470000,3,L03-3,1,0,0,0,2565,2565
470001,475000,1,L03-3,1,0,0,0,461,461
500001,505000,1,L03-3,1,0,0,0,227,227
525001,530000,1,L03-3,1,0,0,0,530,530
555001,560000,1,L03-3,1,0,0,0,1773,1773
560001,565000,3,L03-3,1,0,0,0,2619,2619
565001,570000,1,L03-3,1,0,0,0,645,645
580001,585000,2,L03-3,1,0,0,0,1276,1276
640001,645000,3,L03-3,1,0,0,0,4251,4251
645001,650000,2,L03-3,1,0,0,0,1770,1770
665001,670000,1,L03-3,1,0,0,0,479,479
670001,675000,1,L03-3,1,0,0,0,1085,1085
675001,680000,1,L03-3,1,0,0,0,1269,1269
710001,715000,4,L03-3,1,0,0,0,4793,4793
715001,720000,6,L03-3,1,0,0,0,4943,4943
720001,725000,4,L03-3,1,0,0,0,4024,4024
725001,730000,4,L03-3,1,0,0,0,4606,4606
730001,735000,2,L03-3,1,0,0,0,763,763
760001,765000,1,L03-3,1,0,0,0,662,662
775001,780000,1,L03-3,1,0,0,0,479,479
785001,790000,2,L03-3,1,0,0,0,1423,1423
790001,795000,1,L03-3,1,0,0,0,201,201
795001,800000,1,L03-3,1,0,0,0,824,824
800001,805000,3,L03-3,1,0,0,0,2370,2370
805001,810000,6,L03-3,1,0,0,0,4304,4304
810001,815000,3,L03-3,1,0,0,0,4359,4359
815001,820000,5,L03-3,1,0,0,0,4261,4261
820001,825000,2,L03-3,1,0,0,0,2813,2813
825001,830000,1,L03-3,1,0,0,0,1298,1298
830001,835000,1,L03-3,1,0,0,0,1718,1718
930001,935000,1,L03-3,1,0,0,0,974,974
955001,960000,1,L03-3,1,0,0,0,226,226
960001,965000,2,L03-3,1,0,0,0,2592,2592
965001,970000,4,L03-3,1,0,0,0,2969,2969
970001,975000,2,L03-3,1,0,0,0,2761,2761
1005001,1010000,1,L03-3,1,0,0,0,113,113
1020001,1025000,1,L03-3,1,0,0,0,782,782
1025001,1030000,2,L03-3,1,0,0,0,1793,1793
1030001,1035000,1,L03-3,1,0,0,0,962,962
1075001,1080000,2,L03-3,1,0,0,0,1273,1273
1080001,1085000,2,L03-3,1,0,0,0,1700,1700
1085001,1090000,1,L03-3,1,0,0,0,76,76
1110001,1115000,0,L03-3,1,1,0,0,0,3093
1165001,1170000,2,L03-3,1,0,0,0,3013,3013
1170001,1175000,4,L03-3,1,0,0,0,4051,4051
1175001,1180000,1,L03-3,1,0,0,0,784,784
1185001,1190000,1,L03-3,1,0,0,0,840,840
1190001,1195000,1,L03-3,1,0,0,0,698,698
1195001,1200000,1,L03-3,1,0,0,0,84,84
1205001,1210000,1,L03-3,1,0,0,0,1664,1664
1210001,1215000,1,L03-3,1,0,0,0,530,530
1275001,1280000,0,L03-3,1,1,0,0,0,1147
1280001,1285000,0,L03-3,1,1,0,0,0,1946
1420001,1425000,1,L03-3,1,0,0,0,218,218
1425001,1430000,1,L03-3,1,0,0,0,2328,2328
1430001,1435000,3,L03-3,1,0,0,0,3399,3399
1435001,1440000,1,L03-3,1,0,0,0,168,168
1440001,1445000,0,L03-3,1,0,1,1,0,0
1455001,1460000,1,L03-3,1,0,0,0,1673,1673
1460001,1465000,2,L03-3,1,0,0,0,2731,2731
1465001,1470000,2,L03-3,1,0,0,0,1979,1979
1470001,1475000,3,L03-3,1,0,0,0,4992,4992
1475001,1480000,1,L03-3,1,0,0,0,234,234
1480001,1485000,1,L03-3,1,0,0,0,1400,1400
1510001,1515000,1,L03-3,1,0,0,0,518,518
1525001,1530000,1,L03-3,1,0,0,0,87,87
1535001,1540000,0,L03-3,1,0,1,1,0,0
1575001,1580000,0,L03-3,1,0,1,1,0,0
1600001,1605000,2,L03-3,1,0,0,0,2268,2268
1605001,1610000,2,L03-3,1,0,0,0,2772,2772
1610001,1615000,3,L03-3,1,0,0,0,1899,1899
1615001,1620000,2,L03-3,1,0,0,0,1642,1642
1635001,1640000,2,L03-3,1,0,0,0,1488,1488
1640001,1645000,2,L03-3,1,0,0,0,1649,1649
1655001,1660000,1,L03-3,1,0,0,0,1106,1106
1665001,1670000,0,L03-3,1,1,0,0,0,3092
1690001,1695000,0,L03-3,1,0,1,0,0,0
1695001,1700000,2,L03-3,1,0,0,0,954,954
1700001,1705000,6,L03-3,1,0,0,0,4593,4593
1705001,1710000,2,L03-3,1,0,0,0,1483,1483
1765001,1770000,1,L03-3,1,0,0,0,1449,1449
1770001,1775000,1,L03-3,1,0,0,0,1148,1148
1775001,1780000,1,L03-3,1,0,0,0,590,590
1785001,1790000,1,L03-3,1,0,0,0,788,788
1870001,1875000,0,L03-3,1,1,1,0,0,2015
1875001,1880000,0,L03-3,1,1,0,0,0,3156
1910001,1915000,0,L03-3,1,0,1,0,0,0
1975001,1980000,1,L03-3,1,0,0,0,1274,1274
2005001,2010000,1,L03-3,1,0,0,0,641,641
2055001,2060000,1,L03-3,1,0,0,0,1863,1863
2060001,2065000,5,L03-3,1,0,0,0,4183,4183
2065001,2070000,1,L03-3,1,0,0,0,150,150
2080001,2085000,0,L03-3,1,0,1,1,0,0
2085001,2090000,1,L03-3,1,0,0,0,827,827
2125001,2130000,1,L03-3,1,0,0,0,995,995
2150001,2155000,1,L03-3,1,0,0,0,695,695
2205001,2210000,1,L03-3,1,0,0,0,120,120
2210001,2215000,1,L03-3,1,0,0,0,1652,1652
2220001,2225000,1,L03-3,1,0,0,0,1733,1733
2235001,2240000,3,L03-3,1,0,0,0,707,707
2345001,2350000,1,L03-3,1,0,0,0,574,574
2350001,2355000,1,L03-3,1,0,0,0,1459,1459
2390001,2395000,0,L03-3,1,0,1,1,0,0
2395001,2400000,1,L03-3,1,0,0,0,668,668
2435001,2440000,1,L03-3,1,0,0,0,499,499
2440001,2445000,1,L03-3,1,0,0,0,1261,1261
2485001,2490000,1,L03-3,1,0,0,0,1861,1861
2490001,2495000,1,L03-3,1,0,0,0,766,766
2495001,2500000,2,L03-3,1,0,0,0,3415,3415
2515001,2520000,0,L03-3,1,1,0,0,0,3093
2575001,2580000,0,L03-3,1,1,0,0,0,1393
2580001,2585000,0,L03-3,1,1,0,0,0,1700
2585001,2590000,2,L03-3,1,0,0,0,1776,1776
2590001,2595000,1,L03-3,1,0,0,0,406,406
2595001,2600000,1,L03-3,1,0,0,0,1220,1220
2655001,2660000,1,L03-3,1,0,0,0,1415,1415
2665001,2670000,2,L03-3,1,0,0,0,3001,3001
2720001,2725000,1,L03-3,1,0,0,0,1127,1127
2730001,2735000,1,L03-3,1,0,0,0,878,878
2745001,2750000,1,L03-3,1,0,0,0,196,196
2750001,2755000,1,L03-3,1,0,0,0,550,550
2765001,2770000,1,L03-3,1,0,0,0,1472,1472
2770001,2775000,2,L03-3,1,0,0,0,2392,2392
2795001,2800000,1,L03-3,1,0,0,0,803,803
2825001,2830000,0,L03-3,1,0,1,1,0,0
2830001,2835000,2,L03-3,1,0,0,0,1171,1171
2835001,2840000,2,L03-3,1,0,0,0,1088,1088
2850001,2855000,1,L03-3,1,0,0,0,544,544
2855001,2860000,1,L03-3,1,0,0,0,811,811
2865001,2870000,1,L03-3,1,0,0,0,737,737
2875001,2880000,4,L03-3,1,0,0,0,2723,2723
2880001,2885000,2,L03-3,1,0,0,0,1471,1471
2915001,2920000,3,L03-3,1,0,0,0,2907,2907
2965001,2970000,3,L03-3,1,0,0,0,1500,1500
2980001,2985000,0,L03-3,1,0,1,1,0,0
3000001,3005000,2,L03-3,1,0,0,0,1633,1633
3005001,3010000,1,L03-3,1,0,0,0,1302,1302
3060001,3065000,1,L03-3,1,0,0,0,875,875
3110001,3115000,0,L03-3,1,0,1,1,0,0
3125001,3130000,1,L03-3,1,0,0,0,1098,1098
3160001,3165000,2,L03-3,1,0,0,0,1865,1865
3165001,3170000,1,L03-3,1,0,0,0,377,377
3175001,3180000,1,L03-3,1,0,0,0,540,540
3180001,3185000,1,L03-3,1,0,0,0,614,614
3185001,3190000,1,L03-3,1,0,0,0,416,416
3225001,3230000,1,L03-3,1,0,0,0,737,737
3230001,3235000,1,L03-3,1,0,0,0,2258,2258
3235001,3240000,1,L03-3,1,0,0,0,154,154
3240001,3245000,1,L03-3,1,0,0,0,1738,1738
3250001,3255000,1,L03-3,1,0,0,0,653,653
3260001,3265000,2,L03-3,1,0,0,0,1606,1606
3265001,3270000,1,L03-3,1,0,0,0,1013,1013
3270001,3275000,2,L03-3,1,0,0,0,3586,3586
3325001,3330000,1,L03-3,1,0,0,0,359,359
3330001,3335000,1,L03-3,1,0,0,0,16,16
3370001,3375000,1,L03-3,1,0,0,0,2236,2236
3375001,3380000,2,L03-3,1,0,0,0,1923,1923
3380001,3385000,3,L03-3,1,0,0,0,2000,2000
3385001,3390000,2,L03-3,1,0,0,0,1357,1357
3390001,3395000,5,L03-3,1,0,0,0,3055,3055
3395001,3400000,1,L03-3,1,0,0,0,915,915
3400001,3405000,4,L03-3,1,0,0,0,2389,2389
3420001,3425000,0,L03-3,1,1,1,0,0,3093
3425001,3430000,0,L03-3,1,0,1,0,0,0
3465001,3470000,2,L03-3,1,0,0,0,2731,2731
3475001,3480000,3,L03-3,1,0,0,0,1891,1891
3480001,3485000,2,L03-3,1,0,0,0,1756,1756
3490001,3495000,0,L03-3,1,0,2,0,0,0
3505001,3510000,1,L03-3,1,0,0,0,1019,1019
3555001,3560000,2,L03-3,1,0,0,0,2980,2980
3665001,3670000,3,L03-3,1,0,0,0,2617,2617
3670001,3675000,2,L03-3,1,0,0,0,1449,1449
3690001,3695000,1,L03-3,1,0,0,0,1103,1103
3735001,3740000,1,L03-3,1,0,0,0,891,891
3740001,3745000,1,L03-3,1,0,0,0,1244,1244
3750001,3755000,1,L03-3,1,0,0,0,925,925
3755001,3760000,1,L03-3,1,0,0,0,79,79
3790001,3795000,3,L03-3,1,0,0,0,1716,1716
3795001,3800000,4,L03-3,1,0,0,0,2752,2752
3800001,3805000,13,L03-3,1,0,0,0,4713,4713
3805001,3810000,10,L03-3,1,0,0,0,4600,4600
3810001,3815000,4,L03-3,1,0,0,0,2068,2068
3815001,3820000,2,L03-3,1,0,0,0,1456,1456
3820001,3825000,1,L03-3,1,0,0,0,572,572
3840001,3845000,1,L03-3,1,0,0,0,482,482
3845001,3850000,2,L03-3,1,0,0,0,1337,1337
3850001,3855000,3,L03-3,1,0,0,0,2634,2634
3865001,3870000,1,L03-3,1,0,0,0,1067,1067
3870001,3875000,2,L03-3,1,0,0,0,820,820
3880001,3885000,0,L03-3,1,1,0,0,0,1020
3885001,3890000,0,L03-3,1,1,1,0,0,2073
3895001,3900000,1,L03-3,1,0,0,0,2122,2122
3900001,3905000,5,L03-3,1,0,0,0,3269,3269
3905001,3910000,2,L03-3,1,0,0,0,1670,1670
3930001,3935000,2,L03-3,1,0,0,0,2827,2827
3935001,3940000,1,L03-3,1,0,0,0,372,372
20001,25000,1,L03-3,2,0,0,0,75,75
40001,45000,1,L03-3,2,0,0,0,1259,1259
55001,60000,3,L03-3,2,0,0,0,228,228
60001,65000,2,L03-3,2,0,0,0,1661,1661
65001,70000,1,L03-3,2,0,0,0,17,17
105001,110000,1,L03-3,2,0,0,0,545,545
120001,125000,2,L03-3,2,0,0,0,3382,3382
195001,200000,2,L03-3,2,0,0,0,2097,2097
200001,205000,1,L03-3,2,0,0,0,1060,1060
205001,210000,0,L03-3,2,1,0,0,0,2034
210001,215000,0,L03-3,2,1,0,0,0,1059
240001,245000,1,L03-3,2,0,0,0,857,857
245001,250000,1,L03-3,2,0,0,0,591,591
250001,255000,6,L03-3,2,0,0,0,2788,2788
255001,260000,5,L03-3,2,0,0,0,2903,2903
260001,265000,2,L03-3,2,0,0,0,4923,4923
265001,270000,1,L03-3,2,0,0,0,1925,1925
330001,335000,3,L03-3,2,0,0,0,3828,3828
335001,340000,1,L03-3,2,0,0,0,75,75
340001,345000,1,L03-3,2,0,0,0,1415,1415
345001,350000,0,L03-3,2,1,0,0,0,3093
350001,355000,1,L03-3,2,0,0,0,421,421
355001,360000,1,L03-3,2,0,0,0,115,115
450001,455000,2,L03-3,2,0,0,0,1939,1939
455001,460000,1,L03-3,2,0,0,0,566,566
465001,470000,1,L03-3,2,0,0,0,267,267
470001,475000,3,L03-3,2,0,0,0,2298,2298
475001,480000,1,L03-3,2,0,0,0,461,461
505001,510000,1,L03-3,2,0,0,0,227,227
525001,530000,1,L03-3,2,0,0,0,530,530
530001,535000,1,L03-3,2,0,0,0,0,0
560001,565000,1,L03-3,2,0,0,0,2855,2855
565001,570000,2,L03-3,2,0,0,0,2182,2182
570001,575000,0,L03-3,2,0,1,1,0,0
585001,590000,2,L03-3,2,0,0,0,1276,1276
640001,645000,2,L03-3,2,0,0,0,1297,1297
645001,650000,3,L03-3,2,0,0,0,3904,3904
650001,655000,1,L03-3,2,0,0,0,821,821
670001,675000,1,L03-3,2,0,0,0,479,479
675001,680000,1,L03-3,2,0,0,0,2354,2354
690001,695000,0,L03-3,2,0,1,1,0,0
710001,715000,2,L03-3,2,0,0,0,1699,1699
715001,720000,5,L03-3,2,0,0,0,4997,4997
720001,725000,4,L03-3,2,0,0,0,4439,4439
725001,730000,5,L03-3,2,0,0,0,4199,4199
730001,735000,3,L03-3,2,0,0,0,3323,3323
735001,740000,1,L03-3,2,0,0,0,472,472
760001,765000,1,L03-3,2,0,0,0,662,662
775001,780000,1,L03-3,2,0,0,0,479,479
780001,785000,1,L03-3,2,0,0,0,0,0
785001,790000,1,L03-3,2,0,0,0,58,58
790001,795000,2,L03-3,2,0,0,0,1566,1566
800001,805000,1,L03-3,2,0,0,0,824,824
805001,810000,6,L03-3,2,0,0,0,3791,3791
810001,815000,5,L03-3,2,0,0,0,4759,4759
815001,820000,5,L03-3,2,0,0,0,4280,4280
820001,825000,3,L03-3,2,0,0,0,4357,4357
825001,830000,2,L03-3,2,0,0,0,2218,2218
830001,835000,1,L03-3,2,0,0,0,1604,1604
835001,840000,1,L03-3,2,0,0,0,114,114
895001,900000,0,L03-3,2,0,1,1,0,0
930001,935000,1,L03-3,2,0,0,0,974,974
960001,965000,2,L03-3,2,0,0,0,2120,2120
965001,970000,3,L03-3,2,0,0,0,1933,1933
970001,975000,4,L03-3,2,0,0,0,3198,3198
975001,980000,2,L03-3,2,0,0,0,1297,1297
1010001,1015000,1,L03-3,2,0,0,0,113,113
1025001,1030000,1,L03-3,2,0,0,0,1931,1931
1030001,1035000,2,L03-3,2,0,0,0,1606,1606
1080001,1085000,3,L03-3,2,0,0,0,2299,2299
1085001,1090000,1,L03-3,2,0,0,0,674,674
1090001,1095000,1,L03-3,2,0,0,0,76,76
1110001,1115000,0,L03-3,2,1,0,0,0,1851
1115001,1120000,0,L03-3,2,1,0,0,0,1241
1165001,1170000,1,L03-3,2,0,0,0,704,704
1170001,1175000,4,L03-3,2,0,0,0,3281,3281
1175001,1180000,3,L03-3,2,0,0,0,3863,3863
1190001,1195000,1,L03-3,2,0,0,0,1538,1538
1195001,1200000,1,L03-3,2,0,0,0,84,84
1205001,1210000,1,L03-3,2,0,0,0,997,997
1210001,1215000,2,L03-3,2,0,0,0,1197,1197
1280001,1285000,0,L03-3,2,1,0,0,0,3051
1285001,1290000,0,L03-3,2,1,0,0,0,42
1420001,1425000,1,L03-3,2,0,0,0,218,218
1430001,1435000,2,L03-3,2,0,0,0,4076,4076
1435001,1440000,2,L03-3,2,0,0,0,1819,1819
1440001,1445000,0,L03-3,2,1,0,0,0,554
1445001,1450000,0,L03-3,2,1,0,0,0,2539
1460001,1465000,1,L03-3,2,0,0,0,1673,1673
1465001,1470000,2,L03-3,2,0,0,0,2731,2731
1470001,1475000,3,L03-3,2,0,0,0,781,781
1475001,1480000,3,L03-3,2,0,0,0,4992,4992
1480001,1485000,1,L03-3,2,0,0,0,1432,1432
1485001,1490000,1,L03-3,2,0,1,1,1400,1400
1515001,1520000,1,L03-3,2,0,0,0,518,518
1530001,1535000,1,L03-3,2,0,0,0,87,87
1540001,1545000,0,L03-3,2,1,0,0,0,1641
1545001,1550000,0,L03-3,2,1,0,0,0,1452
1585001,1590000,0,L03-3,2,1,0,0,0,2498
1590001,1595000,0,L03-3,2,1,0,0,0,595
1610001,1615000,1,L03-3,2,0,0,0,85,85
1615001,1620000,3,L03-3,2,0,0,0,4648,4648
1620001,1625000,1,L03-3,2,0,0,0,307,307
1625001,1630000,3,L03-3,2,0,0,0,1899,1899
1630001,1635000,2,L03-3,2,0,0,0,1642,1642
1650001,1655000,3,L03-3,2,0,0,0,3137,3137
1665001,1670000,1,L03-3,2,0,0,0,1106,1106
1675001,1680000,0,L03-3,2,1,0,0,0,1434
1680001,1685000,0,L03-3,2,1,0,0,0,1659
1685001,1690000,2,L03-3,2,0,0,0,1286,1286
1690001,1695000,6,L03-3,2,0,0,0,4592,4592
1695001,1700000,2,L03-3,2,0,0,0,1152,1152
1755001,1760000,1,L03-3,2,0,0,0,1780,1780
1760001,1765000,1,L03-3,2,0,0,0,817,817
1765001,1770000,1,L03-3,2,0,0,0,590,590
1775001,1780000,1,L03-3,2,0,0,0,788,788
1860001,1865000,0,L03-3,2,1,0,0,0,2591
1865001,1870000,0,L03-3,2,1,0,0,0,502
1895001,1900000,0,L03-3,2,1,0,0,0,2178
1900001,1905000,0,L03-3,2,1,0,0,0,2782
2000001,2005000,1,L03-3,2,0,0,0,1274,1274
2025001,2030000,1,L03-3,2,0,0,0,193,193
2030001,2035000,1,L03-3,2,0,0,0,448,448
2080001,2085000,1,L03-3,2,0,0,0,2237,2237
2085001,2090000,5,L03-3,2,0,0,0,3959,3959
2105001,2110000,0,L03-3,2,1,0,0,0,1845
2110001,2115000,1,L03-3,2,1,0,0,827,2075
2150001,2155000,1,L03-3,2,0,0,0,995,995
2175001,2180000,1,L03-3,2,0,0,0,559,559
2180001,2185000,1,L03-3,2,0,0,0,136,136
2235001,2240000,1,L03-3,2,0,0,0,1772,1772
2245001,2250000,1,L03-3,2,0,0,0,1071,1071
2250001,2255000,1,L03-3,2,0,0,0,662,662
2260001,2265000,3,L03-3,2,0,0,0,707,707
2375001,2380000,1,L03-3,2,0,0,0,2033,2033
2420001,2425000,0,L03-3,2,1,0,0,0,3093
2425001,2430000,1,L03-3,2,0,1,0,668,668
2470001,2475000,1,L03-3,2,0,0,0,1760,1760
2515001,2520000,1,L03-3,2,0,0,0,1022,1022
2520001,2525000,1,L03-3,2,0,0,0,1605,1605
2525001,2530000,2,L03-3,2,0,0,0,2716,2716
2530001,2535000,1,L03-3,2,0,0,0,699,699
2545001,2550000,0,L03-3,2,1,0,0,0,2736
2550001,2555000,0,L03-3,2,1,0,0,0,357
2605001,2610000,0,L03-3,2,1,0,0,0,554
2610001,2615000,0,L03-3,2,1,0,0,0,2539
2615001,2620000,1,L03-3,2,0,0,0,1007,1007
2620001,2625000,2,L03-3,2,0,0,0,1175,1175
2625001,2630000,1,L03-3,2,0,0,0,1220,1220
2635001,2640000,0,L03-3,2,0,1,1,0,0
2685001,2690000,1,L03-3,2,0,0,0,1380,1380
2690001,2695000,1,L03-3,2,0,0,0,35,35
2695001,2700000,2,L03-3,2,0,0,0,2405,2405
2700001,2705000,1,L03-3,2,0,0,0,596,596
2750001,2755000,1,L03-3,2,0,0,0,822,822
2755001,2760000,1,L03-3,2,0,0,0,305,305
2760001,2765000,1,L03-3,2,0,0,0,878,878
2780001,2785000,1,L03-3,2,0,0,0,746,746
2795001,2800000,1,L03-3,2,0,0,0,1472,1472
2800001,2805000,2,L03-3,2,0,0,0,2392,2392
2825001,2830000,1,L03-3,2,0,0,0,803,803
2860001,2865000,0,L03-3,2,1,0,0,0,3092
2865001,2870000,3,L03-3,2,0,0,0,1285,1285
2870001,2875000,1,L03-3,2,0,0,0,974,974
2885001,2890000,1,L03-3,2,0,0,0,1355,1355
2900001,2905000,1,L03-3,2,0,0,0,737,737
2905001,2910000,1,L03-3,2,0,0,0,151,151
2910001,2915000,4,L03-3,2,0,0,0,2572,2572
2915001,2920000,2,L03-3,2,0,0,0,1471,1471
2945001,2950000,3,L03-3,2,0,0,0,322,322
2950001,2955000,1,L03-3,2,0,0,0,2584,2584
3000001,3005000,3,L03-3,2,0,1,0,1500,1500
3015001,3020000,0,L03-3,2,1,0,0,0,3093
3030001,3035000,0,L03-3,2,0,2,0,0,0
3040001,3045000,2,L03-3,2,0,0,0,2935,2935
3095001,3100000,1,L03-3,2,0,0,0,875,875
3125001,3130000,0,L03-3,2,0,1,0,0,0
3145001,3150000,0,L03-3,2,1,0,0,0,2524
3150001,3155000,0,L03-3,2,1,0,0,0,568
3165001,3170000,1,L03-3,2,0,0,0,1098,1098
3200001,3205000,2,L03-3,2,0,0,0,1723,1723
3205001,3210000,1,L03-3,2,0,0,0,519,519
3215001,3220000,1,L03-3,2,0,0,0,398,398
3220001,3225000,1,L03-3,2,0,0,0,756,756
3225001,3230000,1,L03-3,2,0,0,0,416,416
3265001,3270000,1,L03-3,2,0,0,0,737,737
3270001,3275000,1,L03-3,2,0,0,0,2258,2258
3275001,3280000,1,L03-3,2,0,0,0,11,11
3280001,3285000,1,L03-3,2,0,0,0,1881,1881
3290001,3295000,1,L03-3,2,0,0,0,653,653
3300001,3305000,2,L03-3,2,0,0,0,1606,1606
3305001,3310000,1,L03-3,2,0,2,0,901,901
3310001,3315000,3,L03-3,2,0,0,0,3697,3697
3350001,3355000,0,L03-3,2,0,1,1,0,0
3365001,3370000,1,L03-3,2,0,0,0,216,216
3370001,3375000,1,L03-3,2,0,0,0,160,160
3410001,3415000,1,L03-3,2,0,0,0,2090,2090
3415001,3420000,2,L03-3,2,0,0,0,2069,2069
3420001,3425000,3,L03-3,2,0,0,0,1854,1854
3425001,3430000,1,L03-3,2,0,0,0,1503,1503
3430001,3435000,5,L03-3,2,0,0,0,2908,2908
3435001,3440000,1,L03-3,2,0,0,0,1062,1062
3440001,3445000,4,L03-3,2,0,0,0,2389,2389
3460001,3465000,0,L03-3,2,1,0,0,0,3093
3500001,3505000,1,L03-3,2,0,0,0,1564,1564
3505001,3510000,2,L03-3,2,0,0,0,1167,1167
3510001,3515000,2,L03-3,2,0,0,0,1525,1525
3515001,3520000,4,L03-3,2,0,0,0,2122,2122
3530001,3535000,0,L03-3,2,1,0,0,0,3093
3545001,3550000,1,L03-3,2,0,0,0,1019,1019
3595001,3600000,2,L03-3,2,0,0,0,2980,2980
3650001,3655000,0,L03-3,2,0,1,0,0,0
3680001,3685000,0,L03-3,2,0,1,0,0,0
3705001,3710000,3,L03-3,2,0,0,0,2804,2804
3710001,3715000,2,L03-3,2,0,0,0,1261,1261
3730001,3735000,1,L03-3,2,0,0,0,1103,1103
3775001,3780000,1,L03-3,2,0,0,0,1078,1078
3780001,3785000,1,L03-3,2,0,0,0,1057,1057
3790001,3795000,1,L03-3,2,0,0,0,1004,1004
3830001,3835000,3,L03-3,2,0,0,0,1901,1901
3835001,3840000,5,L03-3,2,0,0,0,2752,2752
3840001,3845000,12,L03-3,2,0,0,0,4713,4713
3845001,3850000,11,L03-3,2,0,0,0,4566,4566
3850001,3855000,3,L03-3,2,0,0,0,1917,1917
3855001,3860000,2,L03-3,2,0,0,0,1456,1456
3860001,3865000,1,L03-3,2,0,0,0,572,572
3880001,3885000,1,L03-3,2,0,0,0,666,666
3885001,3890000,2,L03-3,2,0,0,0,1153,1153
3890001,3895000,3,L03-3,2,0,0,0,2634,2634
3905001,3910000,1,L03-3,2,0,0,0,1067,1067
20001,25000,1,L03-4,1,0,0,0,75,75
25001,30000,0,L03-4,1,0,1,1,0,0
40001,45000,1,L03-4,1,0,0,0,1259,1259
55001,60000,3,L03-4,1,0,0,0,228,228
60001,65000,2,L03-4,1,0,0,0,1655,1655
65001,70000,1,L03-4,1,0,0,0,23,23
105001,110000,1,L03-4,1,0,0,0,545,545
120001,125000,2,L03-4,1,0,0,0,3382,3382
125001,130000,1,L03-4,1,0,0,0,0,0
195001,200000,2,L03-4,1,0,0,0,2091,2091
200001,205000,1,L03-4,1,0,0,0,1066,1066
205001,210000,0,L03-4,1,1,0,0,0,2028
210001,215000,0,L03-4,1,1,0,0,0,1064
240001,245000,1,L03-4,1,0,0,0,857,857
245001,250000,1,L03-4,1,0,0,0,586,586
250001,255000,6,L03-4,1,0,0,0,2788,2788
255001,260000,5,L03-4,1,0,0,0,2903,2903
260001,265000,2,L03-4,1,0,0,0,4923,4923
265001,270000,1,L03-4,1,0,0,0,1930,1930
330001,335000,3,L03-4,1,0,0,0,3822,3822
335001,340000,1,L03-4,1,0,0,0,81,81
340001,345000,1,L03-4,1,0,0,0,1415,1415
350001,355000,1,L03-4,1,0,1,1,536,536
445001,450000,2,L03-4,1,0,0,0,1939,1939
450001,455000,1,L03-4,1,0,0,0,566,566
465001,470000,3,L03-4,1,0,0,0,2565,2565
470001,475000,1,L03-4,1,0,0,0,461,461
500001,505000,1,L03-4,1,0,0,0,227,227
525001,530000,1,L03-4,1,0,0,0,530,530
555001,560000,1,L03-4,1,0,0,0,1773,1773
560001,565000,3,L03-4,1,0,0,0,2619,2619
565001,570000,1,L03-4,1,0,0,0,645,645
580001,585000,2,L03-4,1,0,0,0,1276,1276
640001,645000,3,L03-4,1,0,0,0,4251,4251
645001,650000,2,L03-4,1,0,0,0,1770,1770
665001,670000,1,L03-4,1,0,0,0,479,479
670001,675000,1,L03-4,1,0,0,0,1085,1085
675001,680000,1,L03-4,1,0,0,0,1269,1269
710001,715000,4,L03-4,1,0,0,0,4793,4793
715001,720000,6,L03-4,1,0,0,0,4943,4943
720001,725000,4,L03-4,1,0,0,0,4024,4024
725001,730000,4,L03-4,1,0,0,0,4606,4606
730001,735000,2,L03-4,1,0,0,0,763,763
760001,765000,1,L03-4,1,0,0,0,662,662
775001,780000,1,L03-4,1,0,0,0,479,479
785001,790000,2,L03-4,1,0,0,0,1423,1423
790001,795000,1,L03-4,1,0,0,0,201,201
795001,800000,1,L03-4,1,0,0,0,824,824
800001,805000,3,L03-4,1,0,0,0,2370,2370
805001,810000,6,L03-4,1,0,0,0,4304,4304
810001,815000,3,L03-4,1,0,0,0,4359,4359
815001,820000,5,L03-4,1,0,0,0,4261,4261
820001,825000,2,L03-4,1,0,0,0,2813,2813
825001,830000,1,L03-4,1,0,0,0,1298,1298
830001,835000,1,L03-4,1,0,0,0,1718,1718
930001,935000,1,L03-4,1,0,0,0,974,974
955001,960000,1,L03-4,1,0,0,0,226,226
960001,965000,2,L03-4,1,0,0,0,2592,2592
965001,970000,4,L03-4,1,0,0,0,2969,2969
970001,975000,2,L03-4,1,0,0,0,2761,2761
1005001,1010000,1,L03-4,1,0,0,0,113,113
1020001,1025000,1,L03-4,1,0,0,0,782,782
1025001,1030000,2,L03-4,1,0,0,0,1793,1793
1030001,1035000,1,L03-4,1,0,0,0,962,962
1075001,1080000,2,L03-4,1,0,0,0,1273,1273
1080001,1085000,2,L03-4,1,0,0,0,1700,1700
1085001,1090000,1,L03-4,1,0,0,0,76,76
1110001,1115000,0,L03-4,1,1,0,0,0,3093
1150001,1155000,0,L03-4,1,0,1,1,0,0
1165001,1170000,2,L03-4,1,0,0,0,3013,3013
1170001,1175000,4,L03-4,1,0,0,0,4051,4051
1175001,1180000,1,L03-4,1,0,0,0,784,784
1185001,1190000,1,L03-4,1,0,0,0,840,840
1190001,1195000,1,L03-4,1,0,0,0,698,698
1195001,1200000,1,L03-4,1,0,0,0,84,84
1205001,1210000,1,L03-4,1,0,0,0,1664,1664
1210001,1215000,1,L03-4,1,0,0,0,530,530
1275001,1280000,0,L03-4,1,1,0,0,0,1147
1280001,1285000,0,L03-4,1,1,0,0,0,1946
1420001,1425000,1,L03-4,1,0,0,0,218,218
1425001,1430000,1,L03-4,1,0,0,0,2328,2328
1430001,1435000,3,L03-4,1,0,0,0,3399,3399
1435001,1440000,1,L03-4,1,0,0,0,168,168
1455001,1460000,1,L03-4,1,0,0,0,1673,1673
1460001,1465000,2,L03-4,1,0,0,0,2731,2731
1465001,1470000,2,L03-4,1,0,0,0,1979,1979
1470001,1475000,3,L03-4,1,0,0,0,4992,4992
1475001,1480000,1,L03-4,1,0,0,0,234,234
1480001,1485000,1,L03-4,1,0,0,0,1400,1400
1510001,1515000,1,L03-4,1,0,0,0,518,518
1525001,1530000,1,L03-4,1,0,0,0,87,87
1600001,1605000,2,L03-4,1,0,0,0,2268,2268
1605001,1610000,2,L03-4,1,0,0,0,2772,2772
1610001,1615000,3,L03-4,1,0,0,0,1899,1899
1615001,1620000,2,L03-4,1,0,0,0,1642,1642
1635001,1640000,2,L03-4,1,0,0,0,1488,1488
1640001,1645000,2,L03-4,1,0,0,0,1649,1649
1655001,1660000,1,L03-4,1,0,0,0,1106,1106
1665001,1670000,0,L03-4,1,1,0,0,0,3092
1695001,1700000,2,L03-4,1,0,0,0,954,954
1700001,1705000,6,L03-4,1,0,0,0,4593,4593
1705001,1710000,2,L03-4,1,0,0,0,1483,1483
1730001,1735000,0,L03-4,1,0,1,1,0,0
1765001,1770000,1,L03-4,1,0,0,0,1449,1449
1770001,1775000,1,L03-4,1,0,0,0,1148,1148
1775001,1780000,1,L03-4,1,0,0,0,590,590
1785001,1790000,1,L03-4,1,0,0,0,788,788
1870001,1875000,0,L03-4,1,1,0,0,0,2015
1875001,1880000,0,L03-4,1,1,0,0,0,3156
1935001,1940000,0,L03-4,1,0,1,1,0,0
1975001,1980000,1,L03-4,1,0,0,0,1274,1274
2005001,2010000,1,L03-4,1,0,1,1,641,641
2030001,2035000,0,L03-4,1,0,1,1,0,0
2040001,2045000,0,L03-4,1,0,1,1,0,0
2055001,2060000,1,L03-4,1,0,0,0,1863,1863
2060001,2065000,5,L03-4,1,0,0,0,4183,4183
2065001,2070000,1,L03-4,1,0,0,0,150,150
2085001,2090000,1,L03-4,1,0,0,0,827,827
2125001,2130000,1,L03-4,1,0,0,0,995,995
2150001,2155000,1,L03-4,1,0,0,0,695,695
2205001,2210000,1,L03-4,1,0,0,0,120,120
2210001,2215000,1,L03-4,1,0,0,0,1652,1652
2215001,2220000,0,L03-4,1,0,1,1,0,0
2220001,2225000,1,L03-4,1,0,0,0,1733,1733
2235001,2240000,3,L03-4,1,0,0,0,707,707
2345001,2350000,1,L03-4,1,0,0,0,574,574
2350001,2355000,1,L03-4,1,0,0,0,1459,1459
2395001,2400000,1,L03-4,1,0,0,0,668,668
2435001,2440000,1,L03-4,1,0,0,0,499,499
2440001,2445000,1,L03-4,1,0,0,0,1261,1261
2485001,2490000,1,L03-4,1,0,0,0,1861,1861
2490001,2495000,1,L03-4,1,0,0,0,766,766
2495001,2500000,2,L03-4,1,0,0,0,3415,3415
2515001,2520000,0,L03-4,1,1,0,0,0,3093
2575001,2580000,0,L03-4,1,1,0,0,0,1393
2580001,2585000,0,L03-4,1,1,0,0,0,1700
2585001,2590000,2,L03-4,1,0,0,0,1776,1776
2590001,2595000,1,L03-4,1,0,0,0,406,406
2595001,2600000,1,L03-4,1,0,0,0,1220,1220
2625001,2630000,0,L03-4,1,0,1,1,0,0
2655001,2660000,1,L03-4,1,0,0,0,1415,1415
2665001,2670000,2,L03-4,1,0,0,0,3001,3001
2720001,2725000,1,L03-4,1,0,0,0,1127,1127
2730001,2735000,1,L03-4,1,0,0,0,878,878
2745001,2750000,1,L03-4,1,0,0,0,196,196
2750001,2755000,1,L03-4,1,0,0,0,550,550
2765001,2770000,1,L03-4,1,0,0,0,1472,1472
2770001,2775000,2,L03-4,1,0,0,0,2392,2392
2795001,2800000,1,L03-4,1,0,0,0,803,803
2830001,2835000,2,L03-4,1,0,0,0,1171,1171
2835001,2840000,2,L03-4,1,0,0,0,1088,1088
2850001,2855000,1,L03-4,1,0,0,0,544,544
2855001,2860000,1,L03-4,1,0,0,0,811,811
2865001,2870000,1,L03-4,1,0,0,0,737,737
2875001,2880000,4,L03-4,1,0,0,0,2723,2723
2880001,2885000,2,L03-4,1,0,0,0,1471,1471
2915001,2920000,3,L03-4,1,0,0,0,2907,2907
2960001,2965000,0,L03-4,1,0,1,1,0,0
2965001,2970000,3,L03-4,1,0,0,0,1500,1500
3000001,3005000,2,L03-4,1,0,0,0,1633,1633
3005001,3010000,1,L03-4,1,0,0,0,1302,1302
3060001,3065000,1,L03-4,1,0,0,0,875,875
3125001,3130000,1,L03-4,1,0,0,0,1098,1098
3160001,3165000,2,L03-4,1,0,0,0,1865,1865
3165001,3170000,1,L03-4,1,0,0,0,377,377
3175001,3180000,1,L03-4,1,0,0,0,540,540
3180001,3185000,1,L03-4,1,0,0,0,614,614
3185001,3190000,1,L03-4,1,0,0,0,416,416
3225001,3230000,1,L03-4,1,0,0,0,737,737
3230001,3235000,1,L03-4,1,0,0,0,2258,2258
3235001,3240000,1,L03-4,1,0,0,0,154,154
3240001,3245000,1,L03-4,1,0,0,0,1738,1738
3250001,3255000,1,L03-4,1,0,0,0,653,653
3260001,3265000,2,L03-4,1,0,0,0,1606,1606
3265001,3270000,1,L03-4,1,0,0,0,1013,1013
3270001,3275000,2,L03-4,1,0,0,0,3586,3586
3285001,3290000,0,L03-4,1,0,1,1,0,0
3325001,3330000,1,L03-4,1,0,0,0,359,359
3330001,3335000,1,L03-4,1,0,0,0,16,16
3370001,3375000,1,L03-4,1,0,0,0,2236,2236
3375001,3380000,2,L03-4,1,0,0,0,1923,1923
3380001,3385000,3,L03-4,1,0,0,0,2000,2000
3385001,3390000,2,L03-4,1,0,0,0,1357,1357
3390001,3395000,5,L03-4,1,0,0,0,3055,3055
3395001,3400000,1,L03-4,1,0,0,0,915,915
3400001,3405000,4,L03-4,1,0,0,0,2389,2389
3420001,3425000,0,L03-4,1,1,0,0,0,3093
3465001,3470000,2,L03-4,1,0,0,0,2731,2731
3475001,3480000,3,L03-4,1,0,0,0,1891,1891
3480001,3485000,2,L03-4,1,0,0,0,1756,1756
3505001,3510000,1,L03-4,1,0,0,0,1019,1019
3555001,3560000,2,L03-4,1,0,0,0,2980,2980
3665001,3670000,3,L03-4,1,0,0,0,2617,2617
3670001,3675000,2,L03-4,1,0,0,0,1449,1449
3690001,3695000,1,L03-4,1,0,0,0,1103,1103
3735001,3740000,1,L03-4,1,0,0,0,891,891
3740001,3745000,1,L03-4,1,0,0,0,1244,1244
3750001,3755000,1,L03-4,1,0,0,0,925,925
3755001,3760000,1,L03-4,1,0,0,0,79,79
3790001,3795000,3,L03-4,1,0,0,0,1716,1716
3795001,3800000,4,L03-4,1,0,0,0,2752,2752
3800001,3805000,13,L03-4,1,0,0,0,4713,4713
3805001,3810000,10,L03-4,1,0,0,0,4600,4600
3810001,3815000,4,L03-4,1,0,0,0,2068,2068
3815001,3820000,2,L03-4,1,0,0,0,1456,1456
3820001,3825000,1,L03-4,1,0,0,0,572,572
3840001,3845000,1,L03-4,1,0,0,0,482,482
3845001,3850000,2,L03-4,1,0,0,0,1337,1337
3850001,3855000,3,L03-4,1,0,0,0,2634,2634
3865001,3870000,1,L03-4,1,0,0,0,1067,1067
3870001,3875000,2,L03-4,1,0,0,0,820,820
3880001,3885000,0,L03-4,1,1,0,0,0,1020
3885001,3890000,0,L03-4,1,1,0,0,0,2073
3895001,3900000,1,L03-4,1,0,0,0,2122,2122
3900001,3905000,5,L03-4,1,0,0,0,3269,3269
3905001,3910000,2,L03-4,1,0,0,0,1670,1670
3930001,3935000,2,L03-4,1,0,0,0,2827,2827
3935001,3940000,1,L03-4,1,0,0,0,372,372
20001,25000,1,L03-4,2,0,0,0,75,75
25001,30000,0,L03-4,2,1,0,0,0,3092
30001,35000,0,L03-4,2,1,0,0,0,0
40001,45000,1,L03-4,2,0,0,0,1227,1227
45001,50000,1,L03-4,2,0,0,0,32,32
55001,60000,2,L03-4,2,0,0,0,152,152
60001,65000,1,L03-4,2,0,0,0,76,76
65001,70000,2,L03-4,2,0,0,0,1678,1678
110001,115000,1,L03-4,2,0,0,0,545,545
120001,125000,1,L03-4,2,0,0,0,679,679
125001,130000,2,L03-4,2,0,0,0,2703,2703
195001,200000,1,L03-4,2,0,0,0,268,268
200001,205000,2,L03-4,2,0,0,0,2889,2889
210001,215000,0,L03-4,2,1,0,0,0,3091
245001,250000,1,L03-4,2,0,0,0,857,857
250001,255000,3,L03-4,2,0,0,0,2463,2463
255001,260000,5,L03-4,2,0,0,0,1554,1554
260001,265000,3,L03-4,2,0,0,0,4166,4166
265001,270000,2,L03-4,2,0,0,0,4923,4923
270001,275000,1,L03-4,2,0,0,0,24,24
330001,335000,2,L03-4,2,0,0,0,1378,1378
335001,340000,2,L03-4,2,0,0,0,2525,2525
340001,345000,1,L03-4,2,0,0,0,235,235
345001,350000,1,L03-4,2,0,0,0,1180,1180
350001,355000,1,L03-4,2,0,0,0,424,424
355001,360000,1,L03-4,2,1,0,0,112,3205
450001,455000,2,L03-4,2,0,0,0,833,833
455001,460000,2,L03-4,2,0,0,0,1672,1672
470001,475000,2,L03-4,2,0,0,0,2020,2020
475001,480000,2,L03-4,2,0,0,0,1006,1006
505001,510000,1,L03-4,2,0,0,0,227,227
530001,535000,1,L03-4,2,0,0,0,530,530
560001,565000,1,L03-4,2,0,0,0,590,590
565001,570000,2,L03-4,2,0,0,0,2619,2619
570001,575000,2,L03-4,2,0,0,0,1828,1828
585001,590000,2,L03-4,2,0,1,1,892,892
590001,595000,1,L03-4,2,0,0,0,384,384
645001,650000,2,L03-4,2,0,0,0,3209,3209
650001,655000,4,L03-4,2,0,0,0,2813,2813
675001,680000,1,L03-4,2,0,0,0,479,479
680001,685000,1,L03-4,2,0,0,0,2354,2354
715001,720000,4,L03-4,2,0,0,0,3609,3609
720001,725000,6,L03-4,2,0,0,0,4997,4997
725001,730000,5,L03-4,2,0,0,0,4031,4031
730001,735000,5,L03-4,2,0,0,0,4545,4545
735001,740000,2,L03-4,2,0,0,0,1947,1947
765001,770000,1,L03-4,2,0,0,0,662,662
780001,785000,1,L03-4,2,0,0,0,479,479
790001,795000,1,L03-4,2,0,0,0,1280,1280
795001,800000,1,L03-4,2,0,0,0,344,344
800001,805000,1,L03-4,2,0,1,1,447,447
805001,810000,3,L03-4,2,0,0,0,1867,1867
810001,815000,6,L03-4,2,0,0,0,4025,4025
815001,820000,4,L03-4,2,0,0,0,4735,4735
820001,825000,5,L03-4,2,0,0,0,3860,3860
825001,830000,2,L03-4,2,0,0,0,3997,3997
830001,835000,1,L03-4,2,0,0,0,1298,1298
835001,840000,1,L03-4,2,0,0,0,1718,1718
935001,940000,1,L03-4,2,0,0,0,974,974
965001,970000,2,L03-4,2,0,0,0,2818,2818
970001,975000,4,L03-4,2,0,0,0,2969,2969
975001,980000,2,L03-4,2,0,0,0,2761,2761
1010001,1015000,1,L03-4,2,0,0,0,113,113
1030001,1035000,1,L03-4,2,0,0,0,1931,1931
1035001,1040000,2,L03-4,2,0,0,0,1606,1606
1080001,1085000,1,L03-4,2,0,0,0,722,722
1085001,1090000,2,L03-4,2,0,0,0,2251,2251
1095001,1100000,1,L03-4,2,0,0,0,76,76
1115001,1120000,0,L03-4,2,1,0,0,0,3093
1155001,1160000,0,L03-4,2,1,0,0,0,2421
1160001,1165000,0,L03-4,2,1,0,0,0,672
1175001,1180000,2,L03-4,2,0,0,0,3013,3013
1180001,1185000,4,L03-4,2,0,0,0,4773,4773
1185001,1190000,1,L03-4,2,0,0,0,62,62
1195001,1200000,1,L03-4,2,0,0,0,1538,1538
1205001,1210000,1,L03-4,2,0,0,0,84,84
1215001,1220000,1,L03-4,2,0,0,0,1664,1664
1220001,1225000,1,L03-4,2,0,0,0,530,530
1285001,1290000,0,L03-4,2,1,0,0,0,1866
1290001,1295000,0,L03-4,2,1,0,0,0,1227
1425001,1430000,1,L03-4,2,0,0,0,46,46
1430001,1435000,1,L03-4,2,0,0,0,172,172
1435001,1440000,1,L03-4,2,0,0,0,3047,3047
1440001,1445000,3,L03-4,2,0,0,0,2848,2848
1465001,1470000,1,L03-4,2,0,0,0,1673,1673
1470001,1475000,3,L03-4,2,0,0,0,3150,3150
1475001,1480000,3,L03-4,2,0,0,0,2271,2271
1480001,1485000,2,L03-4,2,0,0,0,4515,4515
1490001,1495000,1,L03-4,2,0,0,0,1400,1400
1515001,1520000,1,L03-4,2,0,0,0,322,322
1520001,1525000,1,L03-4,2,0,0,0,196,196
1535001,1540000,1,L03-4,2,0,0,0,87,87
1610001,1615000,2,L03-4,2,0,0,0,2991,2991
1615001,1620000,2,L03-4,2,0,0,0,2049,2049
1620001,1625000,3,L03-4,2,0,0,0,1899,1899
1625001,1630000,2,L03-4,2,0,0,0,1642,1642
1645001,1650000,3,L03-4,2,0,0,0,2213,2213
1650001,1655000,1,L03-4,2,0,0,0,924,924
1665001,1670000,1,L03-4,2,0,0,0,1106,1106
1675001,1680000,0,L03-4,2,1,0,0,0,3091
1705001,1710000,3,L03-4,2,0,0,0,1531,1531
1710001,1715000,5,L03-4,2,0,0,0,4645,4645
1715001,1720000,1,L03-4,2,0,0,0,854,854
1740001,1745000,0,L03-4,2,1,0,0,0,3092
1780001,1785000,1,L03-4,2,0,0,0,2597,2597
1785001,1790000,1,L03-4,2,0,0,0,590,590
1800001,1805000,1,L03-4,2,0,0,0,788,788
1820001,1825000,0,L03-4,2,0,1,0,0,0
1885001,1890000,0,L03-4,2,1,0,0,0,4645
1890001,1895000,0,L03-4,2,1,0,0,0,525
1945001,1950000,0,L03-4,2,1,0,0,0,1777
1950001,1955000,0,L03-4,2,1,0,0,0,1316
1990001,1995000,1,L03-4,2,0,0,0,1004,1004
1995001,2000000,1,L03-4,2,0,0,0,270,270
2020001,2025000,1,L03-4,2,1,0,0,641,2689
2025001,2030000,0,L03-4,2,1,0,0,0,1045
2045001,2050000,0,L03-4,2,1,0,0,0,745
2050001,2055000,0,L03-4,2,1,0,0,0,2348
2060001,2065000,0,L03-4,2,1,0,0,0,1763
2065001,2070000,0,L03-4,2,1,0,0,0,1329
2080001,2085000,1,L03-4,2,0,0,0,2093,2093
2085001,2090000,5,L03-4,2,0,0,0,4103,4103
2105001,2110000,1,L03-4,2,0,0,0,190,190
2110001,2115000,1,L03-4,2,0,0,0,637,637
2150001,2155000,1,L03-4,2,0,0,0,995,995
2175001,2180000,1,L03-4,2,0,0,0,695,695
2230001,2235000,1,L03-4,2,0,0,0,338,338
2235001,2240000,1,L03-4,2,0,0,0,1434,1434
2240001,2245000,0,L03-4,2,1,0,0,0,1059
2245001,2250000,1,L03-4,2,1,0,0,926,2960
2250001,2255000,1,L03-4,2,0,0,0,807,807
2260001,2265000,3,L03-4,2,0,0,0,642,642
2265001,2270000,1,L03-4,2,0,0,0,65,65
2360001,2365000,0,L03-4,2,0,1,1,0,0
2375001,2380000,1,L03-4,2,0,0,0,2033,2033
2425001,2430000,1,L03-4,2,0,0,0,668,668
2460001,2465000,0,L03-4,2,0,1,1,0,0
2465001,2470000,1,L03-4,2,0,0,0,1761,1761
2515001,2520000,1,L03-4,2,0,0,0,2627,2627
2520001,2525000,1,L03-4,2,0,0,0,908,908
2525001,2530000,2,L03-4,2,0,0,0,2507,2507
2540001,2545000,0,L03-4,2,1,0,0,0,694
2545001,2550000,0,L03-4,2,1,0,0,0,2399
2605001,2610000,0,L03-4,2,1,0,0,0,3093
2655001,2660000,0,L03-4,2,1,0,0,0,3035
2660001,2665000,0,L03-4,2,1,0,0,0,56
2705001,2710000,0,L03-4,2,1,0,0,0,2644
2710001,2715000,0,L03-4,2,1,0,0,0,449
2735001,2740000,1,L03-4,2,0,0,0,759,759
2740001,2745000,1,L03-4,2,0,0,0,656,656
2745001,2750000,1,L03-4,2,0,0,0,1854,1854
2750001,2755000,2,L03-4,2,0,0,0,1146,1146
2800001,2805000,1,L03-4,2,0,0,0,200,200
2805001,2810000,1,L03-4,2,0,0,0,927,927
2810001,2815000,1,L03-4,2,0,0,0,878,878
2830001,2835000,1,L03-4,2,0,0,0,746,746
2845001,2850000,1,L03-4,2,0,0,0,927,927
2850001,2855000,3,L03-4,2,0,0,0,2937,2937
2855001,2860000,1,L03-4,2,0,0,0,0,0
2875001,2880000,1,L03-4,2,0,0,0,803,803
2910001,2915000,1,L03-4,2,0,1,1,380,380
2915001,2920000,2,L03-4,2,0,0,0,1879,1879
2935001,2940000,1,L03-4,2,0,0,0,1355,1355
2945001,2950000,1,L03-4,2,0,0,0,671,671
2950001,2955000,1,L03-4,2,0,0,0,66,66
2955001,2960000,4,L03-4,2,0,0,0,1744,1744
2960001,2965000,3,L03-4,2,0,0,0,2450,2450
2980001,2985000,0,L03-4,2,0,1,1,0,0
2995001,3000000,3,L03-4,2,0,0,0,2804,2804
3000001,3005000,1,L03-4,2,0,0,0,101,101
3045001,3050000,0,L03-4,2,1,0,0,0,3092
3050001,3055000,3,L03-4,2,0,0,0,1500,1500
3085001,3090000,2,L03-4,2,0,0,0,2083,2083
3090001,3095000,1,L03-4,2,0,0,0,852,852
3145001,3150000,1,L03-4,2,0,0,0,875,875
3185001,3190000,0,L03-4,2,0,1,1,0,0
3200001,3205000,0,L03-4,2,0,1,1,0,0
3210001,3215000,1,L03-4,2,0,0,0,1098,1098
3245001,3250000,2,L03-4,2,0,0,0,2242,2242
3260001,3265000,1,L03-4,2,0,0,0,989,989
3265001,3270000,1,L03-4,2,0,0,0,164,164
3270001,3275000,1,L03-4,2,0,0,0,416,416
3310001,3315000,2,L03-4,2,0,0,0,1131,1131
3315001,3320000,1,L03-4,2,0,0,0,1864,1864
3320001,3325000,1,L03-4,2,0,0,0,604,604
3325001,3330000,1,L03-4,2,0,0,0,1288,1288
3330001,3335000,1,L03-4,2,0,0,0,295,295
3335001,3340000,1,L03-4,2,0,0,0,358,358
3345001,3350000,2,L03-4,2,0,0,0,1606,1606
3350001,3355000,1,L03-4,2,0,0,0,1013,1013
3355001,3360000,2,L03-4,2,0,0,0,3586,3586
3365001,3370000,0,L03-4,2,1,0,0,0,409
3370001,3375000,0,L03-4,2,1,0,0,0,2683
3415001,3420000,1,L03-4,2,0,0,0,375,375
3460001,3465000,2,L03-4,2,0,0,0,4159,4159
3465001,3470000,2,L03-4,2,0,0,0,280,280
3470001,3475000,2,L03-4,2,0,0,0,3077,3077
3475001,3480000,2,L03-4,2,0,0,0,1237,1237
3480001,3485000,4,L03-4,2,0,0,0,2733,2733
3485001,3490000,2,L03-4,2,0,0,0,654,654
3490001,3495000,3,L03-4,2,0,0,0,1735,1735
3505001,3510000,0,L03-4,2,1,0,0,0,1841
3510001,3515000,0,L03-4,2,1,0,0,0,1252
3550001,3555000,1,L03-4,2,0,0,0,1347,1347
3555001,3560000,2,L03-4,2,0,0,0,1384,1384
3560001,3565000,2,L03-4,2,0,0,0,1308,1308
3565001,3570000,4,L03-4,2,0,0,0,2339,2339
3590001,3595000,1,L03-4,2,0,0,0,588,588
3595001,3600000,1,L03-4,2,0,0,0,431,431
3640001,3645000,1,L03-4,2,0,0,0,497,497
3645001,3650000,2,L03-4,2,0,0,0,2483,2483
3650001,3655000,0,L03-4,2,0,1,1,0,0
3755001,3760000,4,L03-4,2,0,0,0,4065,4065
3780001,3785000,1,L03-4,2,0,0,0,1103,1103
3825001,3830000,1,L03-4,2,0,0,0,2135,2135
3840001,3845000,1,L03-4,2,0,0,0,1004,1004
3880001,3885000,3,L03-4,2,0,0,0,3027,3027
3885001,3890000,8,L03-4,2,0,0,0,3727,3727
3890001,3895000,14,L03-4,2,0,0,0,4701,4701
3895001,3900000,7,L03-4,2,0,0,0,4393,4393
3900001,3905000,1,L03-4,2,0,0,0,731,731
3905001,3910000,3,L03-4,2,0,0,0,1297,1297
3930001,3935000,2,L03-4,2,0,0,0,1819,1819
3935001,3940000,2,L03-4,2,0,0,0,1593,1593
3940001,3945000,2,L03-4,2,0,0,0,1041,1041
3955001,3960000,1,L03-4,2,0,0,0,1067,1067
3960001,3965000,2,L03-4,2,0,0,0,820,820
3970001,3975000,0,L03-4,2,1,0,0,0,3093
3985001,3990000,2,L03-4,2,0,0,0,3376,3376
3990001,3995000,5,L03-4,2,0,0,0,3686,3686
4015001,4020000,1,L03-4,2,0,0,0,344,344
4020001,4025000,2,L03-4,2,0,0,0,2855,2855
20001,25000,1,L04-1,1,0,1,0,75,75
40001,45000,1,L04-1,1,0,0,0,1259,1259
55001,60000,3,L04-1,1,0,1,1,228,228
60001,65000,2,L04-1,1,0,0,0,1657,1657
65001,70000,1,L04-1,1,0,0,0,21,21
105001,110000,1,L04-1,1,0,0,0,545,545
115001,120000,0,L04-1,1,1,0,0,0,1534
120001,125000,1,L04-1,1,1,0,0,680,2238
125001,130000,2,L04-1,1,0,0,0,2701,2701
195001,200000,1,L04-1,1,0,0,0,269,269
200001,205000,2,L04-1,1,0,0,0,2888,2888
240001,245000,1,L04-1,1,0,0,0,857,857
245001,250000,1,L04-1,1,0,0,0,592,592
250001,255000,6,L04-1,1,0,0,0,2788,2788
255001,260000,5,L04-1,1,0,0,0,2903,2903
260001,265000,2,L04-1,1,0,0,0,4923,4923
265001,270000,1,L04-1,1,0,0,0,1924,1924
330001,335000,3,L04-1,1,0,0,0,3830,3830
335001,340000,1,L04-1,1,0,0,0,73,73
340001,345000,1,L04-1,1,0,0,0,1415,1415
350001,355000,1,L04-1,1,0,0,0,536,536
355001,360000,0,L04-1,1,0,1,0,0,0
360001,365000,0,L04-1,1,1,0,0,0,3093
420001,425000,2,L04-1,1,0,0,0,1297,1297
425001,430000,2,L04-1,1,0,0,0,1208,1208
440001,445000,3,L04-1,1,0,0,0,2444,2444
445001,450000,2,L04-1,1,0,0,0,582,582
475001,480000,1,L04-1,1,0,0,0,227,227
490001,495000,0,L04-1,1,1,0,0,0,3093
500001,505000,1,L04-1,1,0,0,0,209,209
505001,510000,1,L04-1,1,0,0,0,321,321
535001,540000,1,L04-1,1,0,0,0,2855,2855
540001,545000,2,L04-1,1,0,0,0,2182,2182
560001,565000,2,L04-1,1,0,0,0,1276,1276
595001,600000,0,L04-1,1,1,0,0,0,1476
600001,605000,0,L04-1,1,1,0,0,0,1617
620001,625000,2,L04-1,1,0,0,0,2867,2867
625001,630000,4,L04-1,1,0,0,0,3155,3155
650001,655000,1,L04-1,1,0,0,0,479,479
655001,660000,1,L04-1,1,0,0,0,2354,2354
690001,695000,3,L04-1,1,0,0,0,3270,3270
695001,700000,5,L04-1,1,0,0,0,4997,4997
700001,705000,5,L04-1,1,0,0,0,4031,4031
705001,710000,5,L04-1,1,0,0,0,4545,4545
710001,715000,2,L04-1,1,0,0,0,2286,2286
720001,725000,0,L04-1,1,0,1,1,0,0
740001,745000,1,L04-1,1,0,0,0,662,662
755001,760000,1,L04-1,1,0,0,0,479,479
765001,770000,1,L04-1,1,0,0,0,1280,1280
770001,775000,1,L04-1,1,1,0,0,344,764
775001,780000,0,L04-1,1,1,0,0,0,2673
780001,785000,1,L04-1,1,0,0,0,824,824
785001,790000,4,L04-1,1,0,0,0,2648,2648
790001,795000,6,L04-1,1,0,0,0,4405,4405
795001,800000,4,L04-1,1,0,0,0,4254,4254
800001,805000,4,L04-1,1,0,0,0,4366,4366
805001,810000,2,L04-1,1,0,0,0,2434,2434
810001,815000,2,L04-1,1,0,0,0,1374,1374
815001,820000,1,L04-1,1,0,0,0,1642,1642
915001,920000,1,L04-1,1,0,0,0,974,974
940001,945000,1,L04-1,1,0,0,0,605,605
945001,950000,2,L04-1,1,0,0,0,2213,2213
950001,955000,4,L04-1,1,0,0,0,2969,2969
955001,960000,2,L04-1,1,0,0,0,2761,2761
990001,995000,1,L04-1,1,0,0,0,113,113
1005001,1010000,1,L04-1,1,0,0,0,1161,1161
1010001,1015000,3,L04-1,1,0,0,0,1612,1612
1015001,1020000,1,L04-1,1,0,0,0,764,764
1060001,1065000,2,L04-1,1,0,0,0,1654,1654
1065001,1070000,2,L04-1,1,0,0,0,1319,1319
1070001,1075000,0,L04-1,1,1,0,0,0,1514
1075001,1080000,1,L04-1,1,1,0,0,76,1655
1150001,1155000,2,L04-1,1,0,0,0,3013,3013
1155001,1160000,4,L04-1,1,0,0,0,4433,4433
1160001,1165000,1,L04-1,1,0,0,0,402,402
1170001,1175000,1,L04-1,1,0,0,0,1222,1222
1175001,1180000,1,L04-1,1,0,0,0,316,316
1180001,1185000,1,L04-1,1,0,0,0,84,84
1190001,1195000,1,L04-1,1,0,0,0,1664,1664
1195001,1200000,1,L04-1,1,0,0,0,530,530
1260001,1265000,0,L04-1,1,1,0,0,0,1525
1265001,1270000,0,L04-1,1,1,0,0,0,1568
1405001,1410000,1,L04-1,1,0,0,0,218,218
1410001,1415000,1,L04-1,1,0,0,0,2709,2709
1415001,1420000,3,L04-1,1,0,0,0,3186,3186
1425001,1430000,0,L04-1,1,1,0,0,0,625
1430001,1435000,0,L04-1,1,1,0,0,0,2468
1440001,1445000,1,L04-1,1,0,0,0,836,836
1445001,1450000,2,L04-1,1,0,0,0,2047,2047
1450001,1455000,3,L04-1,1,0,0,0,2267,2267
1455001,1460000,3,L04-1,1,0,0,0,3504,3504
1460001,1465000,1,L04-1,1,0,0,0,2955,2955
1465001,1470000,1,L04-1,1,0,0,0,247,247
1470001,1475000,1,L04-1,1,0,0,0,1153,1153
1495001,1500000,1,L04-1,1,0,0,0,518,518
1510001,1515000,1,L04-1,1,0,0,0,87,87
1590001,1595000,2,L04-1,1,0,0,0,4553,4553
1595001,1600000,2,L04-1,1,0,0,0,487,487
1600001,1605000,3,L04-1,1,0,0,0,1899,1899
1605001,1610000,2,L04-1,1,0,0,0,1642,1642
1625001,1630000,3,L04-1,1,0,0,0,3137,3137
1640001,1645000,1,L04-1,1,0,0,0,1106,1106
1680001,1685000,1,L04-1,1,0,0,0,584,584
1685001,1690000,5,L04-1,1,0,0,0,3811,3811
1690001,1695000,3,L04-1,1,0,0,0,2635,2635
1750001,1755000,1,L04-1,1,0,0,0,296,296
1755001,1760000,1,L04-1,1,0,0,0,2301,2301
1760001,1765000,1,L04-1,1,0,0,0,590,590
1770001,1775000,1,L04-1,1,0,0,0,788,788
1950001,1955000,0,L04-1,1,1,1,0,0,3093
2020001,2025000,1,L04-1,1,0,0,0,1274,1274
2045001,2050000,1,L04-1,1,0,0,0,641,641
2075001,2080000,0,L04-1,1,0,1,1,0,0
2095001,2100000,1,L04-1,1,0,0,0,344,344
2100001,2105000,5,L04-1,1,0,0,0,4183,4183
2105001,2110000,1,L04-1,1,0,0,0,1669,1669
2125001,2130000,1,L04-1,1,0,0,0,827,827
2165001,2170000,1,L04-1,1,0,0,0,995,995
2190001,2195000,1,L04-1,1,0,0,0,695,695
2240001,2245000,0,L04-1,1,1,0,0,0,3093
2250001,2255000,1,L04-1,1,0,0,0,491,491
2255001,2260000,1,L04-1,1,0,0,0,1281,1281
2265001,2270000,1,L04-1,1,0,0,0,1733,1733
2280001,2285000,3,L04-1,1,0,0,0,707,707
2315001,2320000,0,L04-1,1,1,0,0,0,1181
2320001,2325000,0,L04-1,1,1,0,0,0,1911
2395001,2400000,1,L04-1,1,0,0,0,2033,2033
2430001,2435000,0,L04-1,1,1,0,0,0,1035
2435001,2440000,0,L04-1,1,1,0,0,0,2058
2445001,2450000,1,L04-1,1,0,0,0,668,668
2490001,2495000,1,L04-1,1,0,0,0,1760,1760
2535001,2540000,1,L04-1,1,0,0,0,1029,1029
2540001,2545000,1,L04-1,1,0,0,0,1598,1598
2545001,2550000,2,L04-1,1,0,0,0,2723,2723
2550001,2555000,1,L04-1,1,0,0,0,692,692
2630001,2635000,1,L04-1,1,0,0,0,1151,1151
2635001,2640000,2,L04-1,1,0,0,0,1031,1031
2640001,2645000,1,L04-1,1,0,0,0,1220,1220
2675001,2680000,0,L04-1,1,0,1,1,0,0
2700001,2705000,1,L04-1,1,0,0,0,1415,1415
2710001,2715000,2,L04-1,1,0,0,0,2546,2546
2715001,2720000,1,L04-1,1,0,0,0,455,455
2765001,2770000,1,L04-1,1,0,0,0,963,963
2770001,2775000,1,L04-1,1,0,0,0,164,164
2775001,2780000,1,L04-1,1,0,0,0,878,878
2795001,2800000,1,L04-1,1,0,0,0,746,746
2810001,2815000,1,L04-1,1,0,0,0,1472,1472
2815001,2820000,2,L04-1,1,0,0,0,2392,2392
2840001,2845000,1,L04-1,1,0,0,0,803,803
2875001,2880000,2,L04-1,1,0,0,0,474,474
2880001,2885000,2,L04-1,1,0,0,0,1785,1785
2900001,2905000,1,L04-1,1,0,0,0,1355,1355
2910001,2915000,1,L04-1,1,0,0,0,737,737
2920001,2925000,4,L04-1,1,0,0,0,2504,2504
2925001,2930000,3,L04-1,1,0,0,0,1690,1690
2960001,2965000,3,L04-1,1,0,0,0,2907,2907
3010001,3015000,3,L04-1,1,0,0,0,1349,1349
3015001,3020000,1,L04-1,1,0,0,0,151,151
3020001,3025000,0,L04-1,1,0,1,0,0,0
3040001,3045000,0,L04-1,1,1,0,0,0,777
3045001,3050000,0,L04-1,1,1,0,0,0,2316
3050001,3055000,2,L04-1,1,0,0,0,2840,2840
3055001,3060000,1,L04-1,1,0,0,0,95,95
3110001,3115000,1,L04-1,1,0,0,0,875,875
3175001,3180000,1,L04-1,1,0,0,0,1098,1098
3210001,3215000,2,L04-1,1,0,0,0,2242,2242
3220001,3225000,0,L04-1,1,0,2,0,0,0
3225001,3230000,1,L04-1,1,0,0,0,1154,1154
3230001,3235000,1,L04-1,1,0,0,0,416,416
3275001,3280000,2,L04-1,1,0,0,0,1886,1886
3280001,3285000,1,L04-1,1,0,0,0,1109,1109
3285001,3290000,1,L04-1,1,0,0,0,1360,1360
3290001,3295000,1,L04-1,1,0,0,0,532,532
3295001,3300000,1,L04-1,1,0,0,0,653,653
3310001,3315000,2,L04-1,1,0,0,0,1606,1606
3315001,3320000,2,L04-1,1,0,0,0,1686,1686
3320001,3325000,2,L04-1,1,0,0,0,2913,2913
3375001,3380000,1,L04-1,1,0,0,0,375,375
3420001,3425000,2,L04-1,1,0,0,0,3418,3418
3425001,3430000,1,L04-1,1,0,0,0,741,741
3430001,3435000,3,L04-1,1,0,0,0,3207,3207
3435001,3440000,2,L04-1,1,0,0,0,1322,1322
3440001,3445000,4,L04-1,1,0,0,0,2798,2798
3450001,3455000,4,L04-1,1,0,0,0,2389,2389
3480001,3485000,3,L04-1,1,0,0,0,888,888
3485001,3490000,1,L04-1,1,0,0,0,999,999
3500001,3505000,3,L04-1,1,0,0,0,2634,2634
3505001,3510000,2,L04-1,1,0,0,0,1819,1819
3510001,3515000,1,L04-1,1,0,0,0,0,0
3530001,3535000,1,L04-1,1,0,0,0,571,571
3535001,3540000,2,L04-1,1,0,0,0,1456,1456
3540001,3545000,5,L04-1,1,0,0,0,2536,2536
3545001,3550000,10,L04-1,1,0,0,0,4602,4602
3550001,3555000,12,L04-1,1,0,0,0,4728,4728
3555001,3560000,4,L04-1,1,0,0,0,2752,2752
3560001,3565000,3,L04-1,1,0,0,0,1231,1231
3595001,3600000,1,L04-1,1,0,0,0,562,562
3600001,3605000,1,L04-1,1,0,0,0,442,442
3610001,3615000,1,L04-1,1,0,0,0,1727,1727
3615001,3620000,1,L04-1,1,0,0,0,408,408
3620001,3625000,0,L04-1,1,0,1,0,0,0
3625001,3630000,0,L04-1,1,1,0,0,0,3093
3660001,3665000,1,L04-1,1,0,0,0,1103,1103
3680001,3685000,0,L04-1,1,0,1,1,0,0
3685001,3690000,4,L04-1,1,0,0,0,3834,3834
3690001,3695000,1,L04-1,1,0,0,0,231,231
3700001,3705000,0,L04-1,1,0,1,1,0,0
3795001,3800000,2,L04-1,1,0,0,0,2229,2229
3800001,3805000,1,L04-1,1,0,0,0,751,751
3845001,3850000,1,L04-1,1,0,0,0,177,177
3850001,3855000,1,L04-1,1,0,0,0,842,842
3875001,3880000,4,L04-1,1,0,0,0,2086,2086
3880001,3885000,2,L04-1,1,0,0,0,1561,1561
3885001,3890000,2,L04-1,1,0,0,0,1131,1131
3890001,3895000,1,L04-1,1,0,0,0,1600,1600
3940001,3945000,1,L04-1,1,0,0,0,203,203
3945001,3950000,3,L04-1,1,0,0,0,3893,3893
3950001,3955000,4,L04-1,1,0,0,0,2966,2966
3955001,3960000,0,L04-1,1,0,1,0,0,0
3975001,3980000,1,L04-1,1,0,0,0,1070,1070
3980001,3985000,2,L04-1,1,0,0,0,2129,2129
20001,25000,1,L04-1,2,0,0,0,75,75
55001,60000,0,L04-1,2,1,0,0,0,564
60001,65000,0,L04-1,2,1,0,0,0,2529
65001,70000,4,L04-1,2,0,0,0,3358,3358
70001,75000,3,L04-1,2,0,0,0,3704,3704
125001,130000,1,L04-1,2,0,0,0,1991,1991
130001,135000,2,L04-1,2,0,0,0,740,740
135001,140000,2,L04-1,2,0,0,0,1655,1655
140001,145000,3,L04-1,2,0,0,0,1992,1992
165001,170000,1,L04-1,2,0,0,0,1020,1020
215001,220000,2,L04-1,2,0,0,0,1130,1130
220001,225000,1,L04-1,2,0,0,0,1850,1850
315001,320000,0,L04-1,2,1,0,0,0,914
320001,325000,0,L04-1,2,1,0,0,0,2178
330001,335000,3,L04-1,2,0,0,0,2510,2510
335001,340000,2,L04-1,2,1,0,0,1555,2851
340001,345000,0,L04-1,2,1,0,0,0,1797
355001,360000,0,L04-1,2,0,1,1,0,0
360001,365000,1,L04-1,2,0,0,0,1103,1103
395001,400000,0,L04-1,2,1,0,0,0,3093
405001,410000,1,L04-1,2,0,0,0,2135,2135
420001,425000,1,L04-1,2,0,0,0,1004,1004
460001,465000,3,L04-1,2,0,0,0,3027,3027
465001,470000,8,L04-1,2,0,0,0,3539,3539
470001,475000,13,L04-1,2,0,0,0,4705,4705
475001,480000,8,L04-1,2,0,0,0,4575,4575
480001,485000,2,L04-1,2,0,0,0,545,545
485001,490000,3,L04-1,2,0,0,0,1484,1484
510001,515000,2,L04-1,2,0,0,0,1819,1819
515001,520000,2,L04-1,2,0,0,0,1405,1405
520001,525000,2,L04-1,2,0,0,0,1229,1229
535001,540000,1,L04-1,2,0,0,0,1067,1067
540001,545000,2,L04-1,2,0,0,0,820,820
565001,570000,1,L04-1,2,0,0,0,538,538
570001,575000,4,L04-1,2,0,0,0,1851,1851
575001,580000,2,L04-1,2,0,0,0,1813,1813
580001,585000,4,L04-1,2,0,0,0,2157,2157
585001,590000,1,L04-1,2,0,0,0,1934,1934
590001,595000,2,L04-1,2,0,0,0,1423,1423
595001,600000,2,L04-1,2,0,0,0,3375,3375
600001,605000,1,L04-1,2,0,0,0,784,784
640001,645000,1,L04-1,2,0,0,0,376,376
685001,690000,0,L04-1,2,0,1,1,0,0
695001,700000,1,L04-1,2,0,0,0,771,771
700001,705000,3,L04-1,2,0,0,0,3827,3827
705001,710000,1,L04-1,2,0,0,0,368,368
710001,715000,1,L04-1,2,0,0,0,1238,1238
720001,725000,1,L04-1,2,0,0,0,653,653
730001,735000,1,L04-1,2,0,0,0,1892,1892
740001,745000,2,L04-1,2,0,0,0,2995,2995
785001,790000,1,L04-1,2,0,0,0,416,416
790001,795000,1,L04-1,2,0,0,0,1154,1154
800001,805000,0,L04-1,2,1,0,0,0,3092
810001,815000,2,L04-1,2,0,0,0,2242,2242
845001,850000,1,L04-1,2,0,0,0,1097,1097
890001,895000,0,L04-1,2,0,1,0,0,0
895001,900000,0,L04-1,2,0,1,0,0,0
910001,915000,1,L04-1,2,0,0,0,875,875
965001,970000,1,L04-1,2,0,0,0,571,571
970001,975000,2,L04-1,2,0,0,0,2364,2364
975001,980000,0,L04-1,2,1,0,0,0,2791
980001,985000,0,L04-1,2,1,0,0,0,301
985001,990000,3,L04-1,2,0,0,0,1500,1500
1035001,1040000,2,L04-1,2,0,0,0,2699,2699
1040001,1045000,2,L04-1,2,0,0,0,207,207
1070001,1075000,2,L04-1,2,0,0,0,1471,1471
1075001,1080000,4,L04-1,2,0,0,0,2723,2723
1085001,1090000,1,L04-1,2,0,0,0,737,737
1095001,1100000,1,L04-1,2,0,0,0,101,101
1100001,1105000,1,L04-1,2,0,0,0,1254,1254
1115001,1120000,1,L04-1,2,0,0,0,974,974
1120001,1125000,2,L04-1,2,0,0,0,1285,1285
1155001,1160000,1,L04-1,2,0,0,0,265,265
1160001,1165000,1,L04-1,2,0,0,0,538,538
1180001,1185000,2,L04-1,2,0,0,0,2392,2392
1185001,1190000,1,L04-1,2,0,0,0,1472,1472
1205001,1210000,1,L04-1,2,0,0,0,746,746
1220001,1225000,1,L04-1,2,0,0,0,780,780
1225001,1230000,1,L04-1,2,0,0,0,98,98
1230001,1235000,1,L04-1,2,0,0,0,1127,1127
1285001,1290000,2,L04-1,2,0,0,0,3001,3001
1295001,1300000,1,L04-1,2,0,0,0,1415,1415
1325001,1330000,0,L04-1,2,1,1,0,0,3092
1360001,1365000,1,L04-1,2,0,0,0,1220,1220
1365001,1370000,2,L04-1,2,0,0,0,1523,1523
1370001,1375000,1,L04-1,2,0,0,0,659,659
1450001,1455000,1,L04-1,2,0,0,0,1130,1130
1455001,1460000,1,L04-1,2,0,0,0,2285,2285
1460001,1465000,1,L04-1,2,0,0,0,2088,2088
1465001,1470000,1,L04-1,2,0,0,0,539,539
1510001,1515000,1,L04-1,2,0,0,0,1760,1760
1550001,1555000,1,L04-1,2,0,0,0,100,100
1555001,1560000,1,L04-1,2,0,0,0,568,568
1565001,1570000,0,L04-1,2,1,0,0,0,2545
1570001,1575000,0,L04-1,2,1,0,0,0,548
1605001,1610000,1,L04-1,2,0,0,0,2033,2033
1680001,1685000,0,L04-1,2,1,0,0,0,2405
1685001,1690000,0,L04-1,2,1,0,0,0,687
1695001,1700000,1,L04-1,2,0,0,0,1772,1772
1705001,1710000,1,L04-1,2,0,0,0,1733,1733
1720001,1725000,3,L04-1,2,0,0,0,707,707
1740001,1745000,0,L04-1,2,0,1,0,0,0
1760001,1765000,0,L04-1,2,1,0,0,0,3092
1810001,1815000,1,L04-1,2,0,0,0,695,695
1835001,1840000,1,L04-1,2,0,0,0,995,995
1875001,1880000,1,L04-1,2,0,0,0,827,827
1895001,1900000,2,L04-1,2,0,0,0,2170,2170
1900001,1905000,4,L04-1,2,0,0,0,4026,4026
1925001,1930000,0,L04-1,2,1,0,0,0,953
1930001,1935000,0,L04-1,2,1,0,0,0,2140
1960001,1965000,1,L04-1,2,0,0,0,641,641
1985001,1990000,1,L04-1,2,0,0,0,1274,1274
2025001,2030000,0,L04-1,2,0,1,0,0,0
2030001,2035000,0,L04-1,2,0,1,0,0,0
2050001,2055000,0,L04-1,2,1,0,0,0,1821
2055001,2060000,0,L04-1,2,1,0,0,0,1272
2230001,2235000,1,L04-1,2,0,0,0,788,788
2240001,2245000,1,L04-1,2,0,0,0,590,590
2245001,2250000,1,L04-1,2,0,0,0,885,885
2250001,2255000,1,L04-1,2,0,0,0,1712,1712
2310001,2315000,2,L04-1,2,0,0,0,1222,1222
2315001,2320000,6,L04-1,2,0,0,0,4594,4594
2320001,2325000,2,L04-1,2,0,0,0,1215,1215
2360001,2365000,1,L04-1,2,0,0,0,1106,1106
2375001,2380000,3,L04-1,2,0,0,0,2949,2949
2380001,2385000,1,L04-1,2,0,0,0,188,188
2395001,2400000,2,L04-1,2,0,0,0,1152,1152
2400001,2405000,4,L04-1,2,0,0,0,1503,1503
2405001,2410000,1,L04-1,2,0,0,0,886,886
2410001,2415000,3,L04-1,2,0,0,0,3856,3856
2415001,2420000,1,L04-1,2,0,0,0,1184,1184
2435001,2440000,0,L04-1,2,0,1,1,0,0
2490001,2495000,1,L04-1,2,0,0,0,87,87
2505001,2510000,1,L04-1,2,0,0,0,518,518
2535001,2540000,1,L04-1,2,0,0,0,1400,1400
2540001,2545000,1,L04-1,2,0,0,0,1538,1538
2545001,2550000,3,L04-1,2,0,0,0,4921,4921
2550001,2555000,2,L04-1,2,0,0,0,850,850
2555001,2560000,2,L04-1,2,0,0,0,2627,2627
2560001,2565000,1,L04-1,2,0,0,0,1673,1673
2570001,2575000,0,L04-1,2,1,0,0,0,1050
2575001,2580000,0,L04-1,2,1,0,0,0,2043
2585001,2590000,2,L04-1,2,0,0,0,1906,1906
2590001,2595000,2,L04-1,2,0,0,0,3989,3989
2600001,2605000,1,L04-1,2,0,0,0,218,218
2735001,2740000,0,L04-1,2,1,0,0,0,151
2740001,2745000,0,L04-1,2,1,0,0,0,2941
2810001,2815000,2,L04-1,2,0,0,0,1311,1311
2815001,2820000,1,L04-1,2,0,0,0,883,883
2820001,2825000,1,L04-1,2,0,0,0,73,73
2825001,2830000,1,L04-1,2,0,0,0,11,11
2830001,2835000,1,L04-1,2,0,0,0,1538,1538
2845001,2850000,3,L04-1,2,0,0,0,3979,3979
2850001,2855000,4,L04-1,2,0,0,0,3282,3282
2855001,2860000,1,L04-1,2,0,0,0,587,587
2925001,2930000,1,L04-1,2,0,1,1,76,76
2935001,2940000,3,L04-1,2,0,0,0,2341,2341
2940001,2945000,1,L04-1,2,0,0,0,631,631
2985001,2990000,2,L04-1,2,0,0,0,1606,1606
2990001,2995000,1,L04-1,2,0,0,0,1930,1930
3005001,3010000,1,L04-1,2,0,0,0,2,2
3010001,3015000,1,L04-1,2,0,0,0,111,111
3045001,3050000,3,L04-1,2,0,0,0,2818,2818
3050001,3055000,4,L04-1,2,0,0,0,2912,2912
3055001,3060000,2,L04-1,2,0,0,0,2818,2818
3085001,3090000,1,L04-1,2,0,0,0,974,974
3145001,3150000,0,L04-1,2,0,1,1,0,0
3185001,3190000,1,L04-1,2,0,0,0,1718,1718
3190001,3195000,1,L04-1,2,0,0,0,1298,1298
3195001,3200000,2,L04-1,2,0,0,0,4133,4133
3200001,3205000,5,L04-1,2,0,0,0,3724,3724
3205001,3210000,4,L04-1,2,0,0,0,4871,4871
3210001,3215000,6,L04-1,2,0,0,0,4025,4025
3215001,3220000,3,L04-1,2,0,0,0,1867,1867
3220001,3225000,1,L04-1,2,0,0,0,310,310
3225001,3230000,0,L04-1,2,1,0,0,0,3093
3230001,3235000,2,L04-1,2,0,0,0,1623,1623
3240001,3245000,1,L04-1,2,0,0,0,112,112
3245001,3250000,1,L04-1,2,0,0,0,367,367
3255001,3260000,1,L04-1,2,0,0,0,50,50
3260001,3265000,1,L04-1,2,0,0,0,612,612
3280001,3285000,0,L04-1,2,1,0,0,0,1896
3285001,3290000,0,L04-1,2,1,0,0,0,1197
3290001,3295000,2,L04-1,2,0,0,0,884,884
3295001,3300000,4,L04-1,2,0,0,0,4606,4606
3300001,3305000,5,L04-1,2,0,0,0,3979,3979
3305001,3310000,5,L04-1,2,0,0,0,4988,4988
3310001,3315000,4,L04-1,2,0,0,0,4671,4671
3345001,3350000,1,L04-1,2,0,0,0,1392,1392
3350001,3355000,1,L04-1,2,0,0,0,962,962
3355001,3360000,1,L04-1,2,0,0,0,479,479
3375001,3380000,3,L04-1,2,0,0,0,1771,1771
3380001,3385000,3,L04-1,2,0,0,0,4251,4251
3400001,3405000,0,L04-1,2,1,0,0,0,214
3405001,3410000,0,L04-1,2,1,0,0,0,2879
3440001,3445000,2,L04-1,2,0,0,0,1223,1223
3445001,3450000,1,L04-1,2,0,0,0,53,53
3460001,3465000,2,L04-1,2,0,0,0,2182,2182
3465001,3470000,1,L04-1,2,0,0,0,2855,2855
3500001,3505000,1,L04-1,2,0,0,0,530,530
3510001,3515000,0,L04-1,2,1,0,0,0,2633
3515001,3520000,0,L04-1,2,1,1,0,0,461
3525001,3530000,1,L04-1,2,0,0,0,227,227
3555001,3560000,1,L04-1,2,0,0,0,461,461
3560001,3565000,3,L04-1,2,0,0,0,2565,2565
3575001,3580000,1,L04-1,2,0,0,0,566,566
3580001,3585000,2,L04-1,2,0,0,0,1939,1939
3640001,3645000,0,L04-1,2,1,0,0,0,2158
3645001,3650000,0,L04-1,2,1,1,0,0,935
3650001,3655000,1,L04-1,2,0,0,0,536,536
3660001,3665000,1,L04-1,2,0,0,0,1415,1415
3670001,3675000,3,L04-1,2,0,0,0,3530,3530
3675001,3680000,1,L04-1,2,0,0,0,373,373
3735001,3740000,1,L04-1,2,0,0,0,1185,1185
3740001,3745000,2,L04-1,2,0,0,0,4923,4923
3745001,3750000,3,L04-1,2,0,0,0,3005,3005
3750001,3755000,6,L04-1,2,0,0,0,2686,2686
3755001,3760000,2,L04-1,2,0,0,0,1331,1331
3760001,3765000,1,L04-1,2,0,0,0,857,857
3800001,3805000,1,L04-1,2,0,0,0,2199,2199
3805001,3810000,1,L04-1,2,0,0,0,959,959
3875001,3880000,2,L04-1,2,0,0,0,1967,1967
3880001,3885000,1,L04-1,2,1,1,0,1415,2238
3885001,3890000,0,L04-1,2,1,0,0,0,2270
3895001,3900000,1,L04-1,2,0,0,0,545,545
3940001,3945000,2,L04-1,2,0,0,0,1678,1678
3945001,3950000,0,L04-1,2,1,0,0,0,3093
3980001,3985000,0,L04-1,2,1,0,0,0,695
3985001,3990000,0,L04-1,2,1,0,0,0,2396
4005001,4010000,1,L04-1,2,0,0,0,743,743
4010001,4015000,2,L04-1,2,0,0,0,2456,2456
20001,25000,1,L04-2,1,0,0,0,75,75
40001,45000,1,L04-2,1,0,0,0,1259,1259
55001,60000,3,L04-2,1,0,0,0,228,228
60001,65000,2,L04-2,1,0,0,0,1657,1657
65001,70000,1,L04-2,1,0,0,0,21,21
105001,110000,1,L04-2,1,0,0,0,545,545
115001,120000,0,L04-2,1,1,1,0,0,1534
120001,125000,1,L04-2,1,1,0,0,680,2238
125001,130000,2,L04-2,1,0,0,0,2701,2701
195001,200000,1,L04-2,1,0,0,0,269,269
200001,205000,2,L04-2,1,0,0,0,2888,2888
240001,245000,1,L04-2,1,0,0,0,857,857
245001,250000,1,L04-2,1,0,0,0,592,592
250001,255000,6,L04-2,1,0,0,0,2788,2788
255001,260000,5,L04-2,1,0,0,0,2903,2903
260001,265000,2,L04-2,1,0,0,0,4923,4923
265001,270000,1,L04-2,1,0,0,0,1924,1924
330001,335000,3,L04-2,1,0,0,0,3830,3830
335001,340000,1,L04-2,1,0,0,0,73,73
340001,345000,1,L04-2,1,0,0,0,1415,1415
350001,355000,1,L04-2,1,0,0,0,536,536
360001,365000,0,L04-2,1,1,0,0,0,3093
420001,425000,2,L04-2,1,0,0,0,1297,1297
425001,430000,2,L04-2,1,0,0,0,1208,1208
440001,445000,3,L04-2,1,0,0,0,2444,2444
445001,450000,2,L04-2,1,0,0,0,582,582
475001,480000,1,L04-2,1,0,0,0,227,227
490001,495000,0,L04-2,1,1,1,0,0,3093
500001,505000,1,L04-2,1,0,0,0,209,209
505001,510000,1,L04-2,1,0,0,0,321,321
535001,540000,1,L04-2,1,0,0,0,2855,2855
540001,545000,2,L04-2,1,0,0,0,2182,2182
560001,565000,2,L04-2,1,0,0,0,1276,1276
595001,600000,0,L04-2,1,1,0,0,0,1476
600001,605000,0,L04-2,1,1,0,0,0,1617
620001,625000,2,L04-2,1,0,0,0,2867,2867
625001,630000,4,L04-2,1,0,0,0,3155,3155
650001,655000,1,L04-2,1,0,0,0,479,479
655001,660000,1,L04-2,1,0,0,0,2354,2354
690001,695000,3,L04-2,1,0,0,0,3270,3270
695001,700000,5,L04-2,1,0,0,0,4997,4997
700001,705000,5,L04-2,1,0,0,0,4031,4031
705001,710000,5,L04-2,1,0,0,0,4545,4545
710001,715000,2,L04-2,1,0,0,0,2286,2286
740001,745000,1,L04-2,1,0,0,0,662,662
755001,760000,1,L04-2,1,0,0,0,479,479
765001,770000,1,L04-2,1,0,0,0,1280,1280
770001,775000,1,L04-2,1,1,0,0,344,764
775001,780000,0,L04-2,1,1,1,0,0,2673
780001,785000,1,L04-2,1,0,0,0,824,824
785001,790000,4,L04-2,1,0,0,0,2648,2648
790001,795000,6,L04-2,1,0,0,0,4405,4405
795001,800000,4,L04-2,1,0,0,0,4254,4254
800001,805000,4,L04-2,1,0,0,0,4366,4366
805001,810000,2,L04-2,1,0,0,0,2434,2434
810001,815000,2,L04-2,1,0,0,0,1374,1374
815001,820000,1,L04-2,1,0,0,0,1642,1642
915001,920000,1,L04-2,1,0,0,0,974,974
940001,945000,1,L04-2,1,0,0,0,605,605
945001,950000,2,L04-2,1,0,0,0,2213,2213
950001,955000,4,L04-2,1,0,0,0,2969,2969
955001,960000,2,L04-2,1,0,0,0,2761,2761
990001,995000,1,L04-2,1,0,0,0,113,113
1005001,1010000,1,L04-2,1,0,0,0,1161,1161
1010001,1015000,3,L04-2,1,0,0,0,1612,1612
1015001,1020000,1,L04-2,1,0,0,0,764,764
1060001,1065000,2,L04-2,1,0,0,0,1654,1654
1065001,1070000,2,L04-2,1,0,0,0,1319,1319
1070001,1075000,0,L04-2,1,1,0,0,0,1514
1075001,1080000,1,L04-2,1,1,0,0,76,1655
1150001,1155000,2,L04-2,1,0,0,0,3013,3013
1155001,1160000,4,L04-2,1,0,0,0,4433,4433
1160001,1165000,1,L04-2,1,0,0,0,402,402
1170001,1175000,1,L04-2,1,0,0,0,1222,1222
1175001,1180000,1,L04-2,1,0,0,0,316,316
1180001,1185000,1,L04-2,1,0,0,0,84,84
1190001,1195000,1,L04-2,1,0,0,0,1664,1664
1195001,1200000,1,L04-2,1,0,0,0,530,530
1240001,1245000,0,L04-2,1,0,1,1,0,0
1260001,1265000,0,L04-2,1,1,0,0,0,1525
1265001,1270000,0,L04-2,1,1,0,0,0,1568
1405001,1410000,1,L04-2,1,0,0,0,218,218
1410001,1415000,1,L04-2,1,0,0,0,2709,2709
1415001,1420000,3,L04-2,1,0,0,0,3186,3186
1425001,1430000,0,L04-2,1,1,0,0,0,625
1430001,1435000,0,L04-2,1,1,0,0,0,2468
1440001,1445000,1,L04-2,1,0,0,0,836,836
1445001,1450000,2,L04-2,1,0,0,0,2047,2047
1450001,1455000,3,L04-2,1,0,0,0,2267,2267
1455001,1460000,3,L04-2,1,0,0,0,3504,3504
1460001,1465000,1,L04-2,1,0,0,0,2955,2955
1465001,1470000,1,L04-2,1,0,0,0,247,247
1470001,1475000,1,L04-2,1,0,0,0,1153,1153
1495001,1500000,1,L04-2,1,0,0,0,518,518
1510001,1515000,1,L04-2,1,0,0,0,87,87
1590001,1595000,2,L04-2,1,0,0,0,4553,4553
1595001,1600000,2,L04-2,1,0,0,0,487,487
1600001,1605000,3,L04-2,1,0,0,0,1899,1899
1605001,1610000,2,L04-2,1,0,0,0,1642,1642
1625001,1630000,3,L04-2,1,0,0,0,3137,3137
1640001,1645000,1,L04-2,1,0,0,0,1106,1106
1680001,1685000,1,L04-2,1,0,0,0,584,584
1685001,1690000,5,L04-2,1,0,0,0,3811,3811
1690001,1695000,3,L04-2,1,0,0,0,2635,2635
1700001,1705000,0,L04-2,1,0,1,1,0,0
1750001,1755000,1,L04-2,1,0,0,0,296,296
1755001,1760000,1,L04-2,1,0,0,0,2301,2301
1760001,1765000,1,L04-2,1,0,0,0,590,590
1770001,1775000,1,L04-2,1,0,0,0,788,788
1950001,1955000,0,L04-2,1,1,0,0,0,3093
2020001,2025000,1,L04-2,1,0,0,0,1274,1274
2045001,2050000,1,L04-2,1,0,0,0,641,641
2095001,2100000,1,L04-2,1,0,0,0,344,344
2100001,2105000,5,L04-2,1,0,0,0,4183,4183
2105001,2110000,1,L04-2,1,0,0,0,1669,1669
2125001,2130000,1,L04-2,1,0,0,0,827,827
2165001,2170000,1,L04-2,1,0,0,0,995,995
2190001,2195000,1,L04-2,1,0,0,0,695,695
2210001,2215000,0,L04-2,1,0,2,0,0,0
2240001,2245000,0,L04-2,1,1,0,0,0,3093
2250001,2255000,1,L04-2,1,0,0,0,491,491
2255001,2260000,1,L04-2,1,0,0,0,1281,1281
2265001,2270000,1,L04-2,1,0,0,0,1733,1733
2280001,2285000,3,L04-2,1,0,0,0,707,707
2315001,2320000,0,L04-2,1,1,0,0,0,1181
2320001,2325000,0,L04-2,1,1,0,0,0,1911
2395001,2400000,1,L04-2,1,0,0,0,2033,2033
2420001,2425000,0,L04-2,1,0,1,1,0,0
2430001,2435000,0,L04-2,1,1,0,0,0,1035
2435001,2440000,0,L04-2,1,1,1,0,0,2058
2445001,2450000,1,L04-2,1,0,0,0,668,668
2490001,2495000,1,L04-2,1,0,0,0,1760,1760
2535001,2540000,1,L04-2,1,0,0,0,1029,1029
2540001,2545000,1,L04-2,1,0,0,0,1598,1598
2545001,2550000,2,L04-2,1,0,0,0,2723,2723
2550001,2555000,1,L04-2,1,0,0,0,692,692
2630001,2635000,1,L04-2,1,0,0,0,1151,1151
2635001,2640000,2,L04-2,1,0,0,0,1031,1031
2640001,2645000,1,L04-2,1,0,0,0,1220,1220
2700001,2705000,1,L04-2,1,0,0,0,1415,1415
2710001,2715000,2,L04-2,1,0,0,0,2546,2546
2715001,2720000,1,L04-2,1,0,0,0,455,455
2765001,2770000,1,L04-2,1,0,0,0,963,963
2770001,2775000,1,L04-2,1,0,0,0,164,164
2775001,2780000,1,L04-2,1,0,0,0,878,878
2795001,2800000,1,L04-2,1,0,0,0,746,746
2810001,2815000,1,L04-2,1,0,0,0,1472,1472
2815001,2820000,2,L04-2,1,0,0,0,2392,2392
2840001,2845000,1,L04-2,1,0,0,0,803,803
2875001,2880000,2,L04-2,1,0,0,0,474,474
2880001,2885000,2,L04-2,1,0,0,0,1785,1785
2900001,2905000,1,L04-2,1,0,0,0,1355,1355
2910001,2915000,1,L04-2,1,0,0,0,737,737
2920001,2925000,4,L04-2,1,0,0,0,2504,2504
2925001,2930000,3,L04-2,1,0,0,0,1690,1690
2960001,2965000,3,L04-2,1,0,0,0,2907,2907
3010001,3015000,3,L04-2,1,0,0,0,1349,1349
3015001,3020000,1,L04-2,1,0,0,0,151,151
3040001,3045000,0,L04-2,1,1,0,0,0,777
3045001,3050000,0,L04-2,1,1,0,0,0,2316
3050001,3055000,2,L04-2,1,0,1,0,2840,2840
3055001,3060000,1,L04-2,1,0,0,0,95,95
3110001,3115000,1,L04-2,1,0,0,0,875,875
3175001,3180000,1,L04-2,1,0,0,0,1098,1098
3210001,3215000,2,L04-2,1,0,0,0,2242,2242
3225001,3230000,1,L04-2,1,0,0,0,1154,1154
3230001,3235000,1,L04-2,1,0,0,0,416,416
3275001,3280000,2,L04-2,1,0,0,0,1886,1886
3280001,3285000,1,L04-2,1,0,0,0,1109,1109
3285001,3290000,1,L04-2,1,0,0,0,1360,1360
3290001,3295000,1,L04-2,1,0,0,0,532,532
3295001,3300000,1,L04-2,1,0,0,0,653,653
3310001,3315000,2,L04-2,1,0,0,0,1606,1606
3315001,3320000,2,L04-2,1,0,0,0,1686,1686
3320001,3325000,2,L04-2,1,0,0,0,2913,2913
3370001,3375000,0,L04-2,1,0,1,1,0,0
3375001,3380000,1,L04-2,1,0,0,0,375,375
3420001,3425000,2,L04-2,1,0,0,0,3418,3418
3425001,3430000,1,L04-2,1,0,0,0,741,741
3430001,3435000,3,L04-2,1,0,0,0,3207,3207
3435001,3440000,2,L04-2,1,0,0,0,1322,1322
3440001,3445000,4,L04-2,1,0,0,0,2798,2798
3450001,3455000,4,L04-2,1,0,0,0,2389,2389
3480001,3485000,3,L04-2,1,0,0,0,888,888
3485001,3490000,1,L04-2,1,0,0,0,999,999
3500001,3505000,3,L04-2,1,0,0,0,2634,2634
3505001,3510000,2,L04-2,1,0,0,0,1819,1819
3510001,3515000,1,L04-2,1,0,0,0,0,0
3530001,3535000,1,L04-2,1,0,0,0,571,571
3535001,3540000,2,L04-2,1,0,0,0,1456,1456
3540001,3545000,5,L04-2,1,0,0,0,2536,2536
3545001,3550000,10,L04-2,1,0,0,0,4602,4602
3550001,3555000,12,L04-2,1,0,0,0,4728,4728
3555001,3560000,4,L04-2,1,0,0,0,2752,2752
3560001,3565000,3,L04-2,1,0,0,0,1231,1231
3595001,3600000,1,L04-2,1,0,0,0,562,562
3600001,3605000,1,L04-2,1,0,0,0,442,442
3610001,3615000,1,L04-2,1,0,0,0,1727,1727
3615001,3620000,1,L04-2,1,0,1,0,408,408
3625001,3630000,0,L04-2,1,1,0,0,0,3093
3660001,3665000,1,L04-2,1,0,0,0,1103,1103
3685001,3690000,4,L04-2,1,0,0,0,3834,3834
3690001,3695000,1,L04-2,1,0,0,0,231,231
3795001,3800000,2,L04-2,1,0,0,0,2229,2229
3800001,3805000,1,L04-2,1,0,0,0,751,751
3845001,3850000,1,L04-2,1,0,0,0,177,177
3850001,3855000,1,L04-2,1,0,0,0,842,842
3875001,3880000,4,L04-2,1,0,0,0,2086,2086
3880001,3885000,2,L04-2,1,0,0,0,1561,1561
3885001,3890000,2,L04-2,1,0,0,0,1131,1131
3890001,3895000,1,L04-2,1,0,0,0,1600,1600
3940001,3945000,1,L04-2,1,0,0,0,203,203
3945001,3950000,3,L04-2,1,0,0,0,3893,3893
3950001,3955000,4,L04-2,1,0,0,0,2966,2966
3975001,3980000,1,L04-2,1,0,0,0,1070,1070
3980001,3985000,2,L04-2,1,0,0,0,2129,2129
20001,25000,1,L04-2,2,0,0,0,75,75
40001,45000,1,L04-2,2,0,0,0,1259,1259
55001,60000,3,L04-2,2,0,0,0,228,228
60001,65000,2,L04-2,2,0,0,0,1661,1661
65001,70000,1,L04-2,2,0,0,0,17,17
105001,110000,1,L04-2,2,0,0,0,545,545
115001,120000,0,L04-2,2,1,0,0,0,3093
120001,125000,1,L04-2,2,0,0,0,2786,2786
125001,130000,1,L04-2,2,0,0,0,596,596
195001,200000,2,L04-2,2,0,0,0,1319,1319
200001,205000,1,L04-2,2,0,0,0,1838,1838
240001,245000,1,L04-2,2,0,0,0,857,857
245001,250000,3,L04-2,2,0,0,0,2886,2886
250001,255000,5,L04-2,2,0,0,0,1131,1131
255001,260000,3,L04-2,2,0,0,0,4589,4589
260001,265000,2,L04-2,2,0,0,0,4524,4524
295001,300000,0,L04-2,2,0,1,0,0,0
325001,330000,2,L04-2,2,0,1,0,1803,1803
330001,335000,2,L04-2,2,0,0,0,2100,2100
335001,340000,1,L04-2,2,0,0,0,660,660
340001,345000,1,L04-2,2,0,0,0,755,755
345001,350000,1,L04-2,2,0,0,0,536,536
350001,355000,0,L04-2,2,0,1,0,0,0
355001,360000,0,L04-2,2,1,0,0,0,1865
360001,365000,0,L04-2,2,1,1,0,0,1227
420001,425000,2,L04-2,2,0,0,0,1939,1939
425001,430000,1,L04-2,2,0,0,0,566,566
440001,445000,3,L04-2,2,0,0,0,2565,2565
445001,450000,1,L04-2,2,0,0,0,461,461
475001,480000,1,L04-2,2,0,0,0,227,227
485001,490000,0,L04-2,2,1,0,0,0,1918
490001,495000,0,L04-2,2,1,0,0,0,1175
500001,505000,1,L04-2,2,0,0,0,530,530
530001,535000,1,L04-2,2,0,0,0,1207,1207
535001,540000,2,L04-2,2,0,0,0,2619,2619
540001,545000,2,L04-2,2,0,0,0,1211,1211
555001,560000,2,L04-2,2,0,0,0,1276,1276
595001,600000,0,L04-2,2,1,0,0,0,3092
615001,620000,1,L04-2,2,0,0,0,768,768
620001,625000,4,L04-2,2,0,0,0,4381,4381
625001,630000,2,L04-2,2,0,0,0,873,873
645001,650000,1,L04-2,2,0,0,0,479,479
650001,655000,1,L04-2,2,0,0,0,2354,2354
685001,690000,2,L04-2,2,0,0,0,1130,1130
690001,695000,5,L04-2,2,0,0,0,4997,4997
695001,700000,4,L04-2,2,0,0,0,4946,4946
700001,705000,5,L04-2,2,0,0,0,3923,3923
705001,710000,3,L04-2,2,0,0,0,3513,3513
710001,715000,1,L04-2,2,0,0,0,620,620
735001,740000,1,L04-2,2,0,0,0,170,170
740001,745000,1,L04-2,2,0,0,0,492,492
755001,760000,1,L04-2,2,0,0,0,479,479
765001,770000,2,L04-2,2,0,0,0,1624,1624
770001,775000,0,L04-2,2,1,0,0,0,3093
775001,780000,1,L04-2,2,0,0,0,280,280
780001,785000,3,L04-2,2,0,0,0,1867,1867
785001,790000,6,L04-2,2,0,0,0,4025,4025
790001,795000,4,L04-2,2,0,0,0,4902,4902
795001,800000,5,L04-2,2,0,0,0,3693,3693
800001,805000,2,L04-2,2,0,0,0,4164,4164
805001,810000,1,L04-2,2,0,0,0,1298,1298
810001,815000,1,L04-2,2,0,0,0,1718,1718
910001,915000,1,L04-2,2,0,0,0,974,974
940001,945000,2,L04-2,2,0,0,0,2818,2818
945001,950000,4,L04-2,2,0,0,0,2881,2881
950001,955000,3,L04-2,2,0,0,0,2849,2849
985001,990000,1,L04-2,2,0,0,0,74,74
990001,995000,1,L04-2,2,0,0,0,39,39
1005001,1010000,1,L04-2,2,0,0,0,1931,1931
1010001,1015000,2,L04-2,2,0,0,0,1606,1606
1055001,1060000,1,L04-2,2,0,0,0,593,593
1060001,1065000,3,L04-2,2,0,0,0,2380,2380
1065001,1070000,0,L04-2,2,0,1,0,0,0
1070001,1075000,1,L04-2,2,1,0,0,76,3169
1145001,1150000,2,L04-2,2,0,0,0,2444,2444
1150001,1155000,5,L04-2,2,0,0,0,3269,3269
1155001,1160000,1,L04-2,2,0,0,0,2135,2135
1170001,1175000,1,L04-2,2,0,0,0,1538,1538
1175001,1180000,1,L04-2,2,0,0,0,84,84
1185001,1190000,1,L04-2,2,0,0,0,1664,1664
1190001,1195000,1,L04-2,2,0,0,0,530,530
1195001,1200000,0,L04-2,2,0,2,0,0,0
1240001,1245000,0,L04-2,2,1,0,0,0,3093
1260001,1265000,0,L04-2,2,1,0,0,0,1694
1265001,1270000,0,L04-2,2,1,0,0,0,1399
1405001,1410000,1,L04-2,2,0,0,0,218,218
1410001,1415000,1,L04-2,2,0,0,0,2877,2877
1415001,1420000,3,L04-2,2,0,0,0,3018,3018
1425001,1430000,0,L04-2,2,1,0,0,0,793
1430001,1435000,0,L04-2,2,1,0,0,0,2299
1440001,1445000,1,L04-2,2,0,0,0,1005,1005
1445001,1450000,2,L04-2,2,0,0,0,2047,2047
1450001,1455000,3,L04-2,2,0,0,0,2098,2098
1455001,1460000,3,L04-2,2,0,0,0,3673,3673
1460001,1465000,1,L04-2,2,0,0,0,2786,2786
1465001,1470000,1,L04-2,2,0,0,0,415,415
1470001,1475000,1,L04-2,2,0,0,0,985,985
1495001,1500000,1,L04-2,2,0,0,0,518,518
1510001,1515000,1,L04-2,2,0,0,0,87,87
1590001,1595000,2,L04-2,2,0,0,0,4720,4720
1595001,1600000,2,L04-2,2,0,0,0,320,320
1600001,1605000,3,L04-2,2,0,0,0,1899,1899
1605001,1610000,2,L04-2,2,0,0,0,1642,1642
1625001,1630000,3,L04-2,2,0,0,0,3137,3137
1640001,1645000,1,L04-2,2,0,0,0,1106,1106
1680001,1685000,1,L04-2,2,0,0,0,584,584
1685001,1690000,5,L04-2,2,0,0,0,3979,3979
1690001,1695000,3,L04-2,2,0,0,0,2467,2467
1700001,1705000,0,L04-2,2,1,0,0,0,597
1705001,1710000,0,L04-2,2,1,0,0,0,2496
1755001,1760000,1,L04-2,2,0,0,0,2364,2364
1760001,1765000,1,L04-2,2,0,0,0,233,233
1765001,1770000,1,L04-2,2,0,0,0,590,590
1775001,1780000,1,L04-2,2,0,0,0,788,788
1950001,1955000,0,L04-2,2,1,0,0,0,745
1955001,1960000,0,L04-2,2,1,0,0,0,2348
2020001,2025000,1,L04-2,2,0,0,0,1275,1275
2045001,2050000,1,L04-2,2,0,0,0,364,364
2050001,2055000,1,L04-2,2,0,0,0,277,277
2100001,2105000,2,L04-2,2,0,0,0,2395,2395
2105001,2110000,4,L04-2,2,0,0,0,3801,3801
2125001,2130000,1,L04-2,2,0,0,0,511,511
2130001,2135000,1,L04-2,2,0,0,0,316,316
2150001,2155000,0,L04-2,2,0,1,1,0,0
2165001,2170000,1,L04-2,2,0,0,0,198,198
2170001,2175000,1,L04-2,2,0,0,0,797,797
2195001,2200000,1,L04-2,2,0,0,0,695,695
2210001,2215000,0,L04-2,2,1,0,0,0,1881
2215001,2220000,0,L04-2,2,1,0,0,0,1211
2245001,2250000,0,L04-2,2,1,1,0,0,3093
2255001,2260000,1,L04-2,2,0,0,0,10,10
2260001,2265000,1,L04-2,2,0,0,0,1762,1762
2270001,2275000,1,L04-2,2,0,0,0,1733,1733
2285001,2290000,3,L04-2,2,0,0,0,707,707
2320001,2325000,0,L04-2,2,1,0,0,0,700
2325001,2330000,0,L04-2,2,1,0,0,0,2392
2400001,2405000,1,L04-2,2,0,0,0,2033,2033
2425001,2430000,0,L04-2,2,1,0,0,0,341
2430001,2435000,0,L04-2,2,1,0,0,0,2752
2440001,2445000,0,L04-2,2,1,0,0,0,2454
2445001,2450000,0,L04-2,2,1,0,0,0,638
2450001,2455000,0,L04-2,2,0,1,0,0,0
2455001,2460000,1,L04-2,2,0,0,0,668,668
2495001,2500000,1,L04-2,2,0,0,0,1760,1760
2545001,2550000,1,L04-2,2,0,0,0,2627,2627
2550001,2555000,1,L04-2,2,0,0,0,316,316
2555001,2560000,2,L04-2,2,0,0,0,3099,3099
2640001,2645000,2,L04-2,2,0,0,0,2182,2182
2650001,2655000,1,L04-2,2,0,0,0,1220,1220
2685001,2690000,0,L04-2,2,0,1,1,0,0
2710001,2715000,1,L04-2,2,0,0,0,1415,1415
2720001,2725000,2,L04-2,2,0,0,0,3001,3001
2775001,2780000,1,L04-2,2,0,1,1,1127,1127
2780001,2785000,1,L04-2,2,0,0,0,878,878
2800001,2805000,1,L04-2,2,0,0,0,746,746
2820001,2825000,2,L04-2,2,0,0,0,2109,2109
2825001,2830000,2,L04-2,2,0,0,0,1755,1755
2845001,2850000,1,L04-2,2,0,0,0,803,803
2885001,2890000,3,L04-2,2,0,0,0,1891,1891
2890001,2895000,1,L04-2,2,0,0,0,368,368
2905001,2910000,1,L04-2,2,0,0,0,1355,1355
2920001,2925000,1,L04-2,2,0,0,0,737,737
2925001,2930000,2,L04-2,2,0,0,0,717,717
2930001,2935000,3,L04-2,2,0,0,0,2006,2006
2935001,2940000,2,L04-2,2,0,0,0,1471,1471
2965001,2970000,3,L04-2,2,0,0,0,930,930
2970001,2975000,1,L04-2,2,0,0,0,1977,1977
3005001,3010000,0,L04-2,2,0,1,1,0,0
3020001,3025000,3,L04-2,2,0,0,0,1500,1500
3035001,3040000,0,L04-2,2,0,1,0,0,0
3050001,3055000,0,L04-2,2,1,0,0,0,3093
3055001,3060000,2,L04-2,2,0,0,0,2935,2935
3110001,3115000,1,L04-2,2,0,0,0,857,857
3115001,3120000,1,L04-2,2,0,0,0,18,18
3180001,3185000,1,L04-2,2,0,0,0,1098,1098
3215001,3220000,2,L04-2,2,0,0,0,2242,2242
3230001,3235000,1,L04-2,2,0,0,0,1154,1154
3235001,3240000,1,L04-2,2,0,0,0,416,416
3280001,3285000,2,L04-2,2,0,0,0,2995,2995
3290001,3295000,1,L04-2,2,0,0,0,1892,1892
3300001,3305000,1,L04-2,2,0,0,0,653,653
3310001,3315000,1,L04-2,2,0,0,0,1238,1238
3315001,3320000,1,L04-2,2,0,0,0,368,368
3320001,3325000,3,L04-2,2,0,0,0,2940,2940
3325001,3330000,1,L04-2,2,0,0,0,1659,1659
3375001,3380000,0,L04-2,2,1,0,0,0,2968
3380001,3385000,0,L04-2,2,1,0,0,0,125
3385001,3390000,1,L04-2,2,0,0,0,375,375
3425001,3430000,1,L04-2,2,0,0,0,1788,1788
3430001,3435000,2,L04-2,2,0,0,0,2371,2371
3435001,3440000,3,L04-2,2,0,0,0,1552,1552
3440001,3445000,1,L04-2,2,0,0,0,1805,1805
3445001,3450000,4,L04-2,2,0,0,0,2711,2711
3450001,3455000,1,L04-2,2,0,0,0,1259,1259
3455001,3460000,4,L04-2,2,0,0,0,2389,2389
3485001,3490000,2,L04-2,2,0,1,1,820,820
3490001,3495000,1,L04-2,2,0,0,0,1067,1067
3505001,3510000,3,L04-2,2,0,0,0,2162,2162
3510001,3515000,2,L04-2,2,0,0,0,651,651
3515001,3520000,2,L04-2,2,0,0,0,1640,1640
3540001,3545000,3,L04-2,2,0,0,0,2027,2027
3545001,3550000,2,L04-2,2,0,0,0,960,960
3550001,3555000,10,L04-2,2,0,0,0,4587,4587
3555001,3560000,13,L04-2,2,0,0,0,4684,4684
3560001,3565000,6,L04-2,2,0,0,0,2734,2734
3565001,3570000,3,L04-2,2,0,0,0,2884,2884
3605001,3610000,1,L04-2,2,0,0,0,1004,1004
3615001,3620000,1,L04-2,2,0,0,0,76,76
3620001,3625000,1,L04-2,2,1,0,0,2059,3124
3625001,3630000,0,L04-2,2,1,0,0,0,2028
3660001,3665000,1,L04-2,2,0,0,0,1103,1103
3680001,3685000,2,L04-2,2,0,0,0,1727,1727
3685001,3690000,3,L04-2,2,0,0,0,2338,2338
3770001,3775000,0,L04-2,2,0,2,0,0,0
3790001,3795000,1,L04-2,2,0,0,0,129,129
3795001,3800000,2,L04-2,2,0,0,0,2851,2851
3845001,3850000,1,L04-2,2,0,0,0,1019,1019
3870001,3875000,2,L04-2,2,0,0,0,1756,1756
3875001,3880000,3,L04-2,2,0,0,0,1891,1891
3885001,3890000,2,L04-2,2,0,0,0,2731,2731
3905001,3910000,0,L04-2,2,0,1,0,0,0
20001,25000,1,L04-3,1,0,0,0,75,75
40001,45000,1,L04-3,1,0,1,1,1259,1259
55001,60000,3,L04-3,1,0,0,0,228,228
60001,65000,2,L04-3,1,0,0,0,1657,1657
65001,70000,1,L04-3,1,0,0,0,21,21
105001,110000,1,L04-3,1,0,0,0,545,545
115001,120000,0,L04-3,1,1,0,0,0,1534
120001,125000,1,L04-3,1,1,0,0,680,2238
125001,130000,2,L04-3,1,0,0,0,2701,2701
195001,200000,1,L04-3,1,0,0,0,269,269
200001,205000,2,L04-3,1,0,0,0,2888,2888
240001,245000,1,L04-3,1,0,0,0,857,857
245001,250000,1,L04-3,1,0,0,0,592,592
250001,255000,6,L04-3,1,0,0,0,2788,2788
255001,260000,5,L04-3,1,0,0,0,2903,2903
260001,265000,2,L04-3,1,0,0,0,4923,4923
265001,270000,1,L04-3,1,0,0,0,1924,1924
330001,335000,3,L04-3,1,0,0,0,3830,3830
335001,340000,1,L04-3,1,0,0,0,73,73
340001,345000,1,L04-3,1,0,0,0,1415,1415
350001,355000,1,L04-3,1,0,1,0,536,536
360001,365000,0,L04-3,1,1,0,0,0,3093
405001,410000,0,L04-3,1,0,1,0,0,0
420001,425000,2,L04-3,1,0,0,0,1297,1297
425001,430000,2,L04-3,1,0,0,0,1208,1208
440001,445000,3,L04-3,1,0,0,0,2444,2444
445001,450000,2,L04-3,1,0,0,0,582,582
475001,480000,1,L04-3,1,0,0,0,227,227
490001,495000,0,L04-3,1,1,0,0,0,3093
500001,505000,1,L04-3,1,0,0,0,209,209
505001,510000,1,L04-3,1,0,0,0,321,321
535001,540000,1,L04-3,1,0,0,0,2855,2855
540001,545000,2,L04-3,1,0,0,0,2182,2182
560001,565000,2,L04-3,1,0,0,0,1276,1276
595001,600000,0,L04-3,1,1,0,0,0,1476
600001,605000,0,L04-3,1,1,0,0,0,1617
620001,625000,2,L04-3,1,0,0,0,2867,2867
625001,630000,4,L04-3,1,0,0,0,3155,3155
650001,655000,1,L04-3,1,0,0,0,479,479
655001,660000,1,L04-3,1,0,1,1,2354,2354
660001,665000,0,L04-3,1,0,1,1,0,0
690001,695000,3,L04-3,1,0,0,0,3270,3270
695001,700000,5,L04-3,1,0,0,0,4997,4997
700001,705000,5,L04-3,1,0,0,0,4031,4031
705001,710000,5,L04-3,1,0,0,0,4545,4545
710001,715000,2,L04-3,1,0,0,0,2286,2286
740001,745000,1,L04-3,1,0,0,0,662,662
755001,760000,1,L04-3,1,0,0,0,479,479
765001,770000,1,L04-3,1,0,0,0,1280,1280
770001,775000,1,L04-3,1,1,0,0,344,764
775001,780000,0,L04-3,1,1,0,0,0,2673
780001,785000,1,L04-3,1,0,0,0,824,824
785001,790000,4,L04-3,1,0,0,0,2648,2648
790001,795000,6,L04-3,1,0,0,0,4405,4405
795001,800000,4,L04-3,1,0,0,0,4254,4254
800001,805000,4,L04-3,1,0,0,0,4366,4366
805001,810000,2,L04-3,1,0,0,0,2434,2434
810001,815000,2,L04-3,1,0,0,0,1374,1374
815001,820000,1,L04-3,1,0,0,0,1642,1642
825001,830000,0,L04-3,1,0,1,1,0,0
915001,920000,1,L04-3,1,0,0,0,974,974
940001,945000,1,L04-3,1,0,0,0,605,605
945001,950000,2,L04-3,1,0,0,0,2213,2213
950001,955000,4,L04-3,1,0,0,0,2969,2969
955001,960000,2,L04-3,1,0,0,0,2761,2761
990001,995000,1,L04-3,1,0,0,0,113,113
1005001,1010000,1,L04-3,1,0,0,0,1161,1161
1010001,1015000,3,L04-3,1,0,0,0,1612,1612
1015001,1020000,1,L04-3,1,0,0,0,764,764
1060001,1065000,2,L04-3,1,0,0,0,1654,1654
1065001,1070000,2,L04-3,1,0,0,0,1319,1319
1070001,1075000,0,L04-3,1,1,0,0,0,1514
1075001,1080000,1,L04-3,1,1,0,0,76,1655
1150001,1155000,2,L04-3,1,0,0,0,3013,3013
1155001,1160000,4,L04-3,1,0,0,0,4433,4433
1160001,1165000,1,L04-3,1,0,0,0,402,402
1170001,1175000,1,L04-3,1,0,0,0,1222,1222
1175001,1180000,1,L04-3,1,0,0,0,316,316
1180001,1185000,1,L04-3,1,0,0,0,84,84
1190001,1195000,1,L04-3,1,0,0,0,1664,1664
1195001,1200000,1,L04-3,1,0,0,0,530,530
1260001,1265000,0,L04-3,1,1,0,0,0,1525
1265001,1270000,0,L04-3,1,1,0,0,0,1568
1405001,1410000,1,L04-3,1,0,0,0,218,218
1410001,1415000,1,L04-3,1,0,0,0,2709,2709
1415001,1420000,3,L04-3,1,0,0,0,3186,3186
1425001,1430000,0,L04-3,1,1,0,0,0,625
1430001,1435000,0,L04-3,1,1,0,0,0,2468
1440001,1445000,1,L04-3,1,0,0,0,836,836
1445001,1450000,2,L04-3,1,0,0,0,2047,2047
1450001,1455000,3,L04-3,1,0,0,0,2267,2267
1455001,1460000,3,L04-3,1,0,0,0,3504,3504
1460001,1465000,1,L04-3,1,0,0,0,2955,2955
1465001,1470000,1,L04-3,1,0,0,0,247,247
1470001,1475000,1,L04-3,1,0,0,0,1153,1153
1495001,1500000,1,L04-3,1,0,0,0,518,518
1510001,1515000,1,L04-3,1,0,0,0,87,87
1590001,1595000,2,L04-3,1,0,0,0,4553,4553
1595001,1600000,2,L04-3,1,0,0,0,487,487
1600001,1605000,3,L04-3,1,0,0,0,1899,1899
1605001,1610000,2,L04-3,1,0,0,0,1642,1642
1625001,1630000,3,L04-3,1,0,0,0,3137,3137
1640001,1645000,1,L04-3,1,0,0,0,1106,1106
1680001,1685000,1,L04-3,1,0,0,0,584,584
1685001,1690000,5,L04-3,1,0,0,0,3811,3811
1690001,1695000,3,L04-3,1,0,0,0,2635,2635
1750001,1755000,1,L04-3,1,0,0,0,296,296
1755001,1760000,1,L04-3,1,0,0,0,2301,2301
1760001,1765000,1,L04-3,1,0,0,0,590,590
1770001,1775000,1,L04-3,1,0,0,0,788,788
1945001,1950000,0,L04-3,1,0,1,0,0,0
1950001,1955000,0,L04-3,1,1,0,0,0,3093
2020001,2025000,1,L04-3,1,0,0,0,1274,1274
2045001,2050000,1,L04-3,1,0,0,0,641,641
2075001,2080000,0,L04-3,1,0,1,1,0,0
2095001,2100000,1,L04-3,1,0,0,0,344,344
2100001,2105000,5,L04-3,1,0,0,0,4183,4183
2105001,2110000,1,L04-3,1,0,0,0,1669,1669
2125001,2130000,1,L04-3,1,0,0,0,827,827
2145001,2150000,0,L04-3,1,0,1,1,0,0
2165001,2170000,1,L04-3,1,0,0,0,995,995
2190001,2195000,1,L04-3,1,0,0,0,695,695
2195001,2200000,0,L04-3,1,0,1,1,0,0
2240001,2245000,0,L04-3,1,1,0,0,0,3093
2250001,2255000,1,L04-3,1,0,0,0,491,491
2255001,2260000,1,L04-3,1,0,0,0,1281,1281
2265001,2270000,1,L04-3,1,0,0,0,1733,1733
2280001,2285000,3,L04-3,1,0,0,0,707,707
2315001,2320000,0,L04-3,1,1,0,0,0,1181
2320001,2325000,0,L04-3,1,1,0,0,0,1911
2395001,2400000,1,L04-3,1,0,0,0,2033,2033
2430001,2435000,0,L04-3,1,1,0,0,0,1035
2435001,2440000,0,L04-3,1,1,0,0,0,2058
2445001,2450000,1,L04-3,1,0,0,0,668,668
2490001,2495000,1,L04-3,1,0,0,0,1760,1760
2535001,2540000,1,L04-3,1,0,0,0,1029,1029
2540001,2545000,1,L04-3,1,0,0,0,1598,1598
2545001,2550000,2,L04-3,1,0,0,0,2723,2723
2550001,2555000,1,L04-3,1,0,0,0,692,692
2630001,2635000,1,L04-3,1,0,0,0,1151,1151
2635001,2640000,2,L04-3,1,0,0,0,1031,1031
2640001,2645000,1,L04-3,1,0,0,0,1220,1220
2700001,2705000,1,L04-3,1,0,0,0,1415,1415
2710001,2715000,2,L04-3,1,0,0,0,2546,2546
2715001,2720000,1,L04-3,1,0,1,1,455,455
2750001,2755000,0,L04-3,1,0,1,1,0,0
2765001,2770000,1,L04-3,1,0,0,0,963,963
2770001,2775000,1,L04-3,1,0,0,0,164,164
2775001,2780000,1,L04-3,1,0,0,0,878,878
2795001,2800000,1,L04-3,1,0,0,0,746,746
2810001,2815000,1,L04-3,1,0,0,0,1472,1472
2815001,2820000,2,L04-3,1,0,0,0,2392,2392
2840001,2845000,1,L04-3,1,0,0,0,803,803
2875001,2880000,2,L04-3,1,0,0,0,474,474
2880001,2885000,2,L04-3,1,0,0,0,1785,1785
2900001,2905000,1,L04-3,1,0,0,0,1355,1355
2910001,2915000,1,L04-3,1,0,0,0,737,737
2920001,2925000,4,L04-3,1,0,0,0,2504,2504
2925001,2930000,3,L04-3,1,0,0,0,1690,1690
2960001,2965000,3,L04-3,1,0,0,0,2907,2907
3010001,3015000,3,L04-3,1,0,0,0,1349,1349
3015001,3020000,1,L04-3,1,0,0,0,151,151
3040001,3045000,0,L04-3,1,1,0,0,0,777
3045001,3050000,0,L04-3,1,1,0,0,0,2316
3050001,3055000,2,L04-3,1,0,0,0,2840,2840
3055001,3060000,1,L04-3,1,0,0,0,95,95
3110001,3115000,1,L04-3,1,0,0,0,875,875
3175001,3180000,1,L04-3,1,0,0,0,1098,1098
3210001,3215000,2,L04-3,1,0,0,0,2242,2242
3215001,3220000,0,L04-3,1,0,2,0,0,0
3225001,3230000,1,L04-3,1,0,0,0,1154,1154
3230001,3235000,1,L04-3,1,0,0,0,416,416
3275001,3280000,2,L04-3,1,0,0,0,1886,1886
3280001,3285000,1,L04-3,1,0,0,0,1109,1109
3285001,3290000,1,L04-3,1,0,0,0,1360,1360
3290001,3295000,1,L04-3,1,0,0,0,532,532
3295001,3300000,1,L04-3,1,0,0,0,653,653
3310001,3315000,2,L04-3,1,0,0,0,1606,1606
3315001,3320000,2,L04-3,1,0,0,0,1686,1686
3320001,3325000,2,L04-3,1,0,0,0,2913,2913
3375001,3380000,1,L04-3,1,0,0,0,375,375
3420001,3425000,2,L04-3,1,0,0,0,3418,3418
3425001,3430000,1,L04-3,1,0,0,0,741,741
3430001,3435000,3,L04-3,1,0,0,0,3207,3207
3435001,3440000,2,L04-3,1,0,0,0,1322,1322
3440001,3445000,4,L04-3,1,0,0,0,2798,2798
3450001,3455000,4,L04-3,1,0,0,0,2389,2389
3480001,3485000,3,L04-3,1,0,0,0,888,888
3485001,3490000,1,L04-3,1,0,0,0,999,999
3500001,3505000,3,L04-3,1,0,0,0,2634,2634
3505001,3510000,2,L04-3,1,0,0,0,1819,1819
3510001,3515000,1,L04-3,1,0,0,0,0,0
3530001,3535000,1,L04-3,1,0,0,0,571,571
3535001,3540000,2,L04-3,1,0,0,0,1456,1456
3540001,3545000,5,L04-3,1,0,0,0,2536,2536
3545001,3550000,10,L04-3,1,0,0,0,4602,4602
3550001,3555000,12,L04-3,1,0,0,0,4728,4728
3555001,3560000,4,L04-3,1,0,0,0,2752,2752
3560001,3565000,3,L04-3,1,0,0,0,1231,1231
3595001,3600000,1,L04-3,1,0,0,0,562,562
3600001,3605000,1,L04-3,1,0,0,0,442,442
3610001,3615000,1,L04-3,1,0,0,0,1727,1727
3615001,3620000,1,L04-3,1,0,0,0,408,408
3625001,3630000,0,L04-3,1,1,1,0,0,3093
3660001,3665000,1,L04-3,1,0,0,0,1103,1103
3685001,3690000,4,L04-3,1,0,0,0,3834,3834
3690001,3695000,1,L04-3,1,0,0,0,231,231
3795001,3800000,2,L04-3,1,0,0,0,2229,2229
3800001,3805000,1,L04-3,1,0,0,0,751,751
3845001,3850000,1,L04-3,1,0,0,0,177,177
3850001,3855000,1,L04-3,1,0,0,0,842,842
3875001,3880000,4,L04-3,1,0,0,0,2086,2086
3880001,3885000,2,L04-3,1,0,0,0,1561,1561
3885001,3890000,2,L04-3,1,0,0,0,1131,1131
3890001,3895000,1,L04-3,1,0,0,0,1600,1600
3940001,3945000,1,L04-3,1,0,0,0,203,203
3945001,3950000,3,L04-3,1,0,0,0,3893,3893
3950001,3955000,4,L04-3,1,0,0,0,2966,2966
3975001,3980000,1,L04-3,1,0,0,0,1070,1070
3980001,3985000,2,L04-3,1,0,0,0,2129,2129
20001,25000,1,L04-3,2,0,0,0,75,75
40001,45000,1,L04-3,2,1,0,0,1259,3869
45001,50000,0,L04-3,2,1,0,0,0,482
55001,60000,2,L04-3,2,0,0,0,152,152
60001,65000,1,L04-3,2,0,0,0,76,76
65001,70000,2,L04-3,2,0,0,0,1678,1678
110001,115000,1,L04-3,2,0,0,0,545,545
120001,125000,0,L04-3,2,1,0,0,0,3093
125001,130000,1,L04-3,2,0,0,0,2588,2588
130001,135000,2,L04-3,2,0,0,0,794,794
200001,205000,1,L04-3,2,0,0,0,959,959
205001,210000,1,L04-3,2,0,1,1,2198,2198
245001,250000,1,L04-3,2,0,0,0,857,857
250001,255000,3,L04-3,2,0,0,0,2476,2476
255001,260000,5,L04-3,2,0,0,0,1541,1541
260001,265000,3,L04-3,2,0,0,0,4179,4179
265001,270000,2,L04-3,2,0,0,0,4923,4923
270001,275000,1,L04-3,2,0,0,0,11,11
330001,335000,2,L04-3,2,0,0,0,1396,1396
335001,340000,2,L04-3,2,0,0,0,2507,2507
340001,345000,1,L04-3,2,0,0,0,252,252
345001,350000,1,L04-3,2,0,0,0,1163,1163
350001,355000,1,L04-3,2,0,0,0,441,441
355001,360000,1,L04-3,2,1,0,0,95,3186
375001,380000,2,L04-3,2,0,0,0,1939,1939
380001,385000,1,L04-3,2,0,0,0,566,566
395001,400000,3,L04-3,2,0,0,0,2565,2565
400001,405000,1,L04-3,2,0,0,0,461,461
430001,435000,1,L04-3,2,0,0,0,227,227
440001,445000,0,L04-3,2,1,0,0,0,471
445001,450000,0,L04-3,2,1,0,0,0,2621
455001,460000,1,L04-3,2,0,0,0,530,530
490001,495000,1,L04-3,2,0,0,0,2855,2855
495001,500000,2,L04-3,2,0,0,0,2182,2182
510001,515000,1,L04-3,2,0,0,0,68,68
515001,520000,2,L04-3,2,0,0,0,1208,1208
550001,555000,0,L04-3,2,1,0,0,0,2895
555001,560000,0,L04-3,2,1,0,0,0,198
575001,580000,3,L04-3,2,0,0,0,4251,4251
580001,585000,2,L04-3,2,0,0,0,1771,1771
600001,605000,1,L04-3,2,0,0,0,479,479
605001,610000,1,L04-3,2,0,0,0,982,982
610001,615000,1,L04-3,2,1,0,0,1372,2800
615001,620000,0,L04-3,2,1,0,0,0,1665
645001,650000,2,L04-3,2,0,0,0,1590,1590
650001,655000,5,L04-3,2,0,0,0,4997,4997
655001,660000,4,L04-3,2,0,0,0,4547,4547
660001,665000,4,L04-3,2,0,0,0,4157,4157
665001,670000,3,L04-3,2,0,0,0,3259,3259
670001,675000,1,L04-3,2,0,0,0,578,578
695001,700000,1,L04-3,2,0,0,0,634,634
700001,705000,1,L04-3,2,0,0,0,28,28
710001,715000,1,L04-3,2,0,0,0,390,390
715001,720000,1,L04-3,2,0,0,0,89,89
725001,730000,2,L04-3,2,0,0,0,1624,1624
730001,735000,0,L04-3,2,1,0,0,0,3093
735001,740000,1,L04-3,2,0,0,0,336,336
740001,745000,3,L04-3,2,0,0,0,1867,1867
745001,750000,6,L04-3,2,0,0,0,4025,4025
750001,755000,4,L04-3,2,0,0,0,4845,4845
755001,760000,5,L04-3,2,0,0,0,3750,3750
760001,765000,2,L04-3,2,0,0,0,4107,4107
765001,770000,1,L04-3,2,0,0,0,1297,1297
770001,775000,1,L04-3,2,0,0,0,1718,1718
785001,790000,0,L04-3,2,1,0,0,0,3093
875001,880000,1,L04-3,2,0,0,0,974,974
900001,905000,1,L04-3,2,0,0,0,848,848
905001,910000,3,L04-3,2,0,0,0,2011,2011
910001,915000,5,L04-3,2,0,0,0,3111,3111
915001,920000,2,L04-3,2,0,0,0,2578,2578
950001,955000,1,L04-3,2,0,0,0,113,113
965001,970000,1,L04-3,2,0,0,0,1406,1406
970001,975000,3,L04-3,2,0,0,0,1612,1612
975001,980000,1,L04-3,2,0,0,0,519,519
1020001,1025000,2,L04-3,2,0,0,0,1899,1899
1025001,1030000,2,L04-3,2,0,0,0,1073,1073
1030001,1035000,0,L04-3,2,1,0,0,0,1760
1035001,1040000,1,L04-3,2,1,0,0,76,1408
1105001,1110000,0,L04-3,2,0,1,0,0,0
1110001,1115000,2,L04-3,2,0,0,0,3013,3013
1115001,1120000,4,L04-3,2,0,0,0,4684,4684
1120001,1125000,1,L04-3,2,0,0,0,151,151
1130001,1135000,1,L04-3,2,0,0,0,1478,1478
1135001,1140000,1,L04-3,2,0,0,0,60,60
1140001,1145000,1,L04-3,2,0,0,0,84,84
1150001,1155000,1,L04-3,2,0,0,0,1664,1664
1155001,1160000,1,L04-3,2,0,0,0,530,530
1220001,1225000,0,L04-3,2,1,0,0,0,1789
1225001,1230000,0,L04-3,2,1,0,0,0,1287
1385001,1390000,0,L04-3,2,1,0,0,0,917
1390001,1395000,0,L04-3,2,1,0,0,0,2175
1400001,1405000,1,L04-3,2,0,0,0,1129,1129
1405001,1410000,2,L04-3,2,0,0,0,2047,2047
1410001,1415000,3,L04-3,2,0,0,0,1974,1974
1415001,1420000,3,L04-3,2,0,0,0,3797,3797
1420001,1425000,1,L04-3,2,0,0,0,2662,2662
1425001,1430000,1,L04-3,2,0,0,0,540,540
1430001,1435000,1,L04-3,2,0,0,0,860,860
1455001,1460000,1,L04-3,2,0,0,0,518,518
1470001,1475000,1,L04-3,2,0,0,0,87,87
1545001,1550000,1,L04-3,2,0,0,0,178,178
1550001,1555000,3,L04-3,2,0,0,0,4648,4648
1555001,1560000,1,L04-3,2,0,0,0,214,214
1560001,1565000,3,L04-3,2,0,0,0,1899,1899
1565001,1570000,2,L04-3,2,0,0,0,1642,1642
1585001,1590000,3,L04-3,2,0,0,0,3137,3137
1600001,1605000,1,L04-3,2,0,0,0,1106,1106
1640001,1645000,1,L04-3,2,0,0,0,584,584
1645001,1650000,5,L04-3,2,0,0,0,4234,4234
1650001,1655000,3,L04-3,2,0,0,0,2212,2212
1710001,1715000,1,L04-3,2,0,0,0,724,724
1715001,1720000,1,L04-3,2,0,0,0,1873,1873
1720001,1725000,1,L04-3,2,0,0,0,590,590
1730001,1735000,1,L04-3,2,0,0,0,788,788
1740001,1745000,0,L04-3,2,0,1,1,0,0
1905001,1910000,0,L04-3,2,1,0,0,0,945
1910001,1915000,0,L04-3,2,1,0,0,0,2144
2070001,2075000,0,L04-3,2,1,0,0,0,60
2075001,2080000,0,L04-3,2,2,0,0,0,3168
2080001,2085000,0,L04-3,2,1,0,0,0,2940
2145001,2150000,1,L04-3,2,0,0,0,1274,1274
2175001,2180000,1,L04-3,2,0,0,0,641,641
2200001,2205000,0,L04-3,2,1,0,0,0,448
2205001,2210000,0,L04-3,2,1,0,0,0,2645
2315001,2320000,0,L04-3,2,0,1,1,0,0
2375001,2380000,0,L04-3,2,1,0,0,0,1041
2380001,2385000,0,L04-3,2,1,0,0,0,2052
2405001,2410000,3,L04-3,2,0,0,0,3726,3726
2410001,2415000,2,L04-3,2,0,0,0,2470,2470
2430001,2435000,1,L04-3,2,0,0,0,827,827
2450001,2455000,0,L04-3,2,1,0,0,0,213
2455001,2460000,0,L04-3,2,1,0,0,0,2879
2475001,2480000,1,L04-3,2,0,0,0,995,995
2500001,2505000,1,L04-3,2,0,0,0,695,695
2505001,2510000,0,L04-3,2,1,0,0,0,3092
2550001,2555000,0,L04-3,2,1,0,0,0,2554
2555001,2560000,0,L04-3,2,1,0,0,0,538
2565001,2570000,1,L04-3,2,0,0,0,1772,1772
2575001,2580000,1,L04-3,2,0,0,0,1733,1733
2590001,2595000,3,L04-3,2,0,0,0,707,707
2630001,2635000,0,L04-3,2,1,0,0,0,3092
2705001,2710000,1,L04-3,2,0,0,0,630,630
2710001,2715000,1,L04-3,2,0,0,0,1403,1403
2745001,2750000,0,L04-3,2,1,0,0,0,3092
2760001,2765000,1,L04-3,2,0,0,0,668,668
2800001,2805000,1,L04-3,2,0,0,0,1760,1760
2850001,2855000,1,L04-3,2,0,0,0,2627,2627
2855001,2860000,1,L04-3,2,0,0,0,752,752
2860001,2865000,2,L04-3,2,0,0,0,2663,2663
2945001,2950000,2,L04-3,2,0,0,0,2182,2182
2950001,2955000,1,L04-3,2,0,0,0,241,241
2955001,2960000,1,L04-3,2,0,0,0,979,979
3015001,3020000,1,L04-3,2,0,0,0,1415,1415
3020001,3025000,1,L04-3,2,0,0,0,427,427
3025001,3030000,2,L04-3,2,1,0,0,2574,4529
3030001,3035000,0,L04-3,2,1,0,0,0,1137
3065001,3070000,0,L04-3,2,1,0,0,0,1319
3070001,3075000,0,L04-3,2,1,0,0,0,1773
3085001,3090000,1,L04-3,2,0,0,0,1127,1127
3090001,3095000,1,L04-3,2,0,0,0,296,296
3095001,3100000,1,L04-3,2,0,0,0,582,582
3110001,3115000,1,L04-3,2,0,0,0,746,746
3130001,3135000,1,L04-3,2,0,0,0,1472,1472
3135001,3140000,2,L04-3,2,0,0,0,2392,2392
3155001,3160000,1,L04-3,2,0,0,0,744,744
3160001,3165000,1,L04-3,2,0,0,0,59,59
3195001,3200000,2,L04-3,2,0,0,0,1285,1285
3200001,3205000,1,L04-3,2,0,0,0,974,974
3215001,3220000,1,L04-3,2,0,0,0,1355,1355
3230001,3235000,1,L04-3,2,0,0,0,737,737
3235001,3240000,1,L04-3,2,0,0,0,8,8
3240001,3245000,4,L04-3,2,0,0,0,2715,2715
3245001,3250000,2,L04-3,2,0,0,0,1471,1471
3275001,3280000,2,L04-3,2,0,0,0,277,277
3280001,3285000,1,L04-3,2,0,0,0,2629,2629
3330001,3335000,3,L04-3,2,0,0,0,1499,1499
3360001,3365000,0,L04-3,2,1,0,0,0,2406
3365001,3370000,0,L04-3,2,1,0,0,0,687
3535001,3540000,0,L04-3,2,1,0,0,0,2999
3540001,3545000,0,L04-3,2,1,0,0,0,94
3545001,3550000,1,L04-3,2,0,0,0,745,745
3550001,3555000,1,L04-3,2,0,0,0,409,409
3555001,3560000,1,L04-3,2,0,0,0,416,416
3595001,3600000,2,L04-3,2,0,0,0,886,886
3600001,3605000,1,L04-3,2,0,0,0,2109,2109
3605001,3610000,1,L04-3,2,0,0,0,360,360
3610001,3615000,1,L04-3,2,0,0,0,1532,1532
3615001,3620000,1,L04-3,2,0,0,0,51,51
3620001,3625000,1,L04-3,2,0,0,0,602,602
3630001,3635000,2,L04-3,2,0,0,0,1606,1606
3635001,3640000,1,L04-3,2,0,0,0,1013,1013
3640001,3645000,2,L04-3,2,0,0,0,3585,3585
3695001,3700000,1,L04-3,2,0,0,0,375,375
3740001,3745000,1,L04-3,2,0,0,0,2455,2455
3745001,3750000,2,L04-3,2,0,0,0,1704,1704
3750001,3755000,3,L04-3,2,0,0,0,2219,2219
3755001,3760000,2,L04-3,2,0,0,0,1353,1353
3760001,3765000,5,L04-3,2,0,0,0,3059,3059
3765001,3770000,1,L04-3,2,0,0,0,696,696
3770001,3775000,4,L04-3,2,0,0,0,2389,2389
3800001,3805000,2,L04-3,2,0,0,0,820,820
3805001,3810000,1,L04-3,2,0,0,0,1067,1067
3820001,3825000,3,L04-3,2,0,0,0,2634,2634
3825001,3830000,2,L04-3,2,0,0,0,840,840
3830001,3835000,1,L04-3,2,0,0,0,979,979
3850001,3855000,1,L04-3,2,0,0,0,445,445
3855001,3860000,3,L04-3,2,0,0,0,1582,1582
3860001,3865000,3,L04-3,2,0,0,0,1606,1606
3865001,3870000,10,L04-3,2,0,0,0,4600,4600
3870001,3875000,12,L04-3,2,0,0,0,4697,4697
3875001,3880000,6,L04-3,2,0,0,0,2734,2734
3880001,3885000,3,L04-3,2,0,0,0,2212,2212
3920001,3925000,1,L04-3,2,0,1,1,1004,1004
3930001,3935000,1,L04-3,2,0,0,0,750,750
3935001,3940000,1,L04-3,2,0,0,0,1385,1385
3945001,3950000,0,L04-3,2,1,0,0,0,2983
3950001,3955000,0,L04-3,2,1,0,0,0,108
3980001,3985000,1,L04-3,2,0,0,0,1103,1103
4005001,4010000,4,L04-3,2,0,0,0,3644,3644
4010001,4015000,1,L04-3,2,0,0,0,421,421
4050001,4055000,0,L04-3,2,0,1,1,0,0
4115001,4120000,1,L04-3,2,0,0,0,2056,2056
4120001,4125000,2,L04-3,2,0,0,0,924,924
20001,25000,1,L04-4,1,0,0,0,75,75
40001,45000,1,L04-4,1,0,0,0,1259,1259
55001,60000,3,L04-4,1,0,0,0,228,228
60001,65000,2,L04-4,1,0,0,0,1657,1657
65001,70000,1,L04-4,1,0,0,0,21,21
105001,110000,1,L04-4,1,0,0,0,545,545
115001,120000,0,L04-4,1,1,0,0,0,1534
120001,125000,1,L04-4,1,1,0,0,680,2238
125001,130000,2,L04-4,1,0,0,0,2701,2701
195001,200000,1,L04-4,1,0,0,0,269,269
200001,205000,2,L04-4,1,0,0,0,2888,2888
240001,245000,1,L04-4,1,0,0,0,857,857
245001,250000,1,L04-4,1,0,0,0,592,592
250001,255000,6,L04-4,1,0,0,0,2788,2788
255001,260000,5,L04-4,1,0,0,0,2903,2903
260001,265000,2,L04-4,1,0,0,0,4923,4923
265001,270000,1,L04-4,1,0,0,0,1924,1924
330001,335000,3,L04-4,1,0,0,0,3830,3830
335001,340000,1,L04-4,1,0,0,0,73,73
340001,345000,1,L04-4,1,0,0,0,1415,1415
350001,355000,1,L04-4,1,0,0,0,536,536
360001,365000,0,L04-4,1,1,1,0,0,3093
365001,370000,0,L04-4,1,0,1,0,0,0
420001,425000,2,L04-4,1,0,0,0,1297,1297
425001,430000,2,L04-4,1,0,0,0,1208,1208
440001,445000,3,L04-4,1,0,0,0,2444,2444
445001,450000,2,L04-4,1,0,0,0,582,582
475001,480000,1,L04-4,1,0,0,0,227,227
480001,485000,0,L04-4,1,0,1,0,0,0
490001,495000,0,L04-4,1,1,0,0,0,3093
500001,505000,1,L04-4,1,0,0,0,209,209
505001,510000,1,L04-4,1,0,0,0,321,321
535001,540000,1,L04-4,1,0,0,0,2855,2855
540001,545000,2,L04-4,1,0,0,0,2182,2182
560001,565000,2,L04-4,1,0,0,0,1276,1276
595001,600000,0,L04-4,1,1,0,0,0,1476
600001,605000,0,L04-4,1,1,0,0,0,1617
620001,625000,2,L04-4,1,0,0,0,2867,2867
625001,630000,4,L04-4,1,0,0,0,3155,3155
650001,655000,1,L04-4,1,0,0,0,479,479
655001,660000,1,L04-4,1,0,0,0,2354,2354
690001,695000,3,L04-4,1,0,0,0,3270,3270
695001,700000,5,L04-4,1,0,0,0,4997,4997
700001,705000,5,L04-4,1,0,0,0,4031,4031
705001,710000,5,L04-4,1,0,0,0,4545,4545
710001,715000,2,L04-4,1,0,0,0,2286,2286
740001,745000,1,L04-4,1,0,0,0,662,662
755001,760000,1,L04-4,1,0,0,0,479,479
765001,770000,1,L04-4,1,0,0,0,1280,1280
770001,775000,1,L04-4,1,1,0,0,344,764
775001,780000,0,L04-4,1,1,0,0,0,2673
780001,785000,1,L04-4,1,0,0,0,824,824
785001,790000,4,L04-4,1,0,0,0,2648,2648
790001,795000,6,L04-4,1,0,0,0,4405,4405
795001,800000,4,L04-4,1,0,0,0,4254,4254
800001,805000,4,L04-4,1,0,0,0,4366,4366
805001,810000,2,L04-4,1,0,0,0,2434,2434
810001,815000,2,L04-4,1,0,0,0,1374,1374
815001,820000,1,L04-4,1,0,0,0,1642,1642
915001,920000,1,L04-4,1,0,0,0,974,974
940001,945000,1,L04-4,1,0,0,0,605,605
945001,950000,2,L04-4,1,0,0,0,2213,2213
950001,955000,4,L04-4,1,0,0,0,2969,2969
955001,960000,2,L04-4,1,0,0,0,2761,2761
990001,995000,1,L04-4,1,0,0,0,113,113
1005001,1010000,1,L04-4,1,0,0,0,1161,1161
1010001,1015000,3,L04-4,1,0,0,0,1612,1612
1015001,1020000,1,L04-4,1,0,0,0,764,764
1060001,1065000,2,L04-4,1,0,0,0,1654,1654
1065001,1070000,2,L04-4,1,0,0,0,1319,1319
1070001,1075000,0,L04-4,1,1,0,0,0,1514
1075001,1080000,1,L04-4,1,1,0,0,76,1655
1150001,1155000,2,L04-4,1,0,0,0,3013,3013
1155001,1160000,4,L04-4,1,0,0,0,4433,4433
1160001,1165000,1,L04-4,1,0,0,0,402,402
1170001,1175000,1,L04-4,1,0,0,0,1222,1222
1175001,1180000,1,L04-4,1,0,0,0,316,316
1180001,1185000,1,L04-4,1,0,0,0,84,84
1190001,1195000,1,L04-4,1,0,0,0,1664,1664
1195001,1200000,1,L04-4,1,0,0,0,530,530
1260001,1265000,0,L04-4,1,1,0,0,0,1525
1265001,1270000,0,L04-4,1,1,0,0,0,1568
1405001,1410000,1,L04-4,1,0,0,0,218,218
1410001,1415000,1,L04-4,1,0,0,0,2709,2709
1415001,1420000,3,L04-4,1,0,0,0,3186,3186
1425001,1430000,0,L04-4,1,1,0,0,0,625
1430001,1435000,0,L04-4,1,1,0,0,0,2468
1440001,1445000,1,L04-4,1,0,0,0,836,836
1445001,1450000,2,L04-4,1,0,0,0,2047,2047
1450001,1455000,3,L04-4,1,0,0,0,2267,2267
1455001,1460000,3,L04-4,1,0,0,0,3504,3504
1460001,1465000,1,L04-4,1,0,0,0,2955,2955
1465001,1470000,1,L04-4,1,0,0,0,247,247
1470001,1475000,1,L04-4,1,0,0,0,1153,1153
1490001,1495000,0,L04-4,1,0,1,1,0,0
1495001,1500000,1,L04-4,1,0,0,0,518,518
1510001,1515000,1,L04-4,1,0,0,0,87,87
1535001,1540000,0,L04-4,1,0,2,0,0,0
1590001,1595000,2,L04-4,1,0,0,0,4553,4553
1595001,1600000,2,L04-4,1,0,0,0,487,487
1600001,1605000,3,L04-4,1,0,0,0,1899,1899
1605001,1610000,2,L04-4,1,0,0,0,1642,1642
1625001,1630000,3,L04-4,1,0,0,0,3137,3137
1640001,1645000,1,L04-4,1,0,0,0,1106,1106
1680001,1685000,1,L04-4,1,0,0,0,584,584
1685001,1690000,5,L04-4,1,0,0,0,3811,3811
1690001,1695000,3,L04-4,1,0,0,0,2635,2635
1735001,1740000,0,L04-4,1,0,1,0,0,0
1750001,1755000,1,L04-4,1,0,0,0,296,296
1755001,1760000,1,L04-4,1,0,0,0,2301,2301
1760001,1765000,1,L04-4,1,0,0,0,590,590
1770001,1775000,1,L04-4,1,0,0,0,788,788
1900001,1905000,0,L04-4,1,0,1,0,0,0
1910001,1915000,0,L04-4,1,0,1,0,0,0
1950001,1955000,0,L04-4,1,1,0,0,0,3093
2020001,2025000,1,L04-4,1,0,0,0,1274,1274
2045001,2050000,1,L04-4,1,0,0,0,641,641
2095001,2100000,1,L04-4,1,0,0,0,344,344
2100001,2105000,5,L04-4,1,0,0,0,4183,4183
2105001,2110000,1,L04-4,1,0,0,0,1669,1669
2125001,2130000,1,L04-4,1,0,1,0,827,827
2130001,2135000,0,L04-4,1,0,1,0,0,0
2165001,2170000,1,L04-4,1,0,0,0,995,995
2190001,2195000,1,L04-4,1,0,0,0,695,695
2240001,2245000,0,L04-4,1,1,0,0,0,3093
2250001,2255000,1,L04-4,1,0,0,0,491,491
2255001,2260000,1,L04-4,1,0,0,0,1281,1281
2265001,2270000,1,L04-4,1,0,0,0,1733,1733
2280001,2285000,3,L04-4,1,0,0,0,707,707
2315001,2320000,0,L04-4,1,1,0,0,0,1181
2320001,2325000,0,L04-4,1,1,0,0,0,1911
2380001,2385000,0,L04-4,1,0,1,0,0,0
2390001,2395000,0,L04-4,1,0,1,0,0,0
2395001,2400000,1,L04-4,1,0,0,0,2033,2033
2430001,2435000,0,L04-4,1,1,0,0,0,1035
2435001,2440000,0,L04-4,1,1,0,0,0,2058
2445001,2450000,1,L04-4,1,0,0,0,668,668
2490001,2495000,1,L04-4,1,0,0,0,1760,1760
2535001,2540000,1,L04-4,1,0,0,0,1029,1029
2540001,2545000,1,L04-4,1,0,0,0,1598,1598
2545001,2550000,2,L04-4,1,0,0,0,2723,2723
2550001,2555000,1,L04-4,1,0,0,0,692,692
2630001,2635000,1,L04-4,1,0,0,0,1151,1151
2635001,2640000,2,L04-4,1,0,0,0,1031,1031
2640001,2645000,1,L04-4,1,0,0,0,1220,1220
2700001,2705000,1,L04-4,1,0,0,0,1415,1415
2710001,2715000,2,L04-4,1,0,0,0,2546,2546
2715001,2720000,1,L04-4,1,0,0,0,455,455
2765001,2770000,1,L04-4,1,0,0,0,963,963
2770001,2775000,1,L04-4,1,0,0,0,164,164
2775001,2780000,1,L04-4,1,0,0,0,878,878
2795001,2800000,1,L04-4,1,0,0,0,746,746
2810001,2815000,1,L04-4,1,0,0,0,1472,1472
2815001,2820000,2,L04-4,1,0,0,0,2392,2392
2840001,2845000,1,L04-4,1,0,0,0,803,803
2875001,2880000,2,L04-4,1,0,0,0,474,474
2880001,2885000,2,L04-4,1,0,0,0,1785,1785
2900001,2905000,1,L04-4,1,0,0,0,1355,1355
2910001,2915000,1,L04-4,1,0,0,0,737,737
2920001,2925000,4,L04-4,1,0,0,0,2504,2504
2925001,2930000,3,L04-4,1,0,0,0,1690,1690
2960001,2965000,3,L04-4,1,0,0,0,2907,2907
3010001,3015000,3,L04-4,1,0,0,0,1349,1349
3015001,3020000,1,L04-4,1,0,0,0,151,151
3040001,3045000,0,L04-4,1,1,0,0,0,777
3045001,3050000,0,L04-4,1,1,0,0,0,2316
3050001,3055000,2,L04-4,1,0,0,0,2840,2840
3055001,3060000,1,L04-4,1,0,0,0,95,95
3110001,3115000,1,L04-4,1,0,0,0,875,875
3175001,3180000,1,L04-4,1,0,0,0,1098,1098
3210001,3215000,2,L04-4,1,0,0,0,2242,2242
3225001,3230000,1,L04-4,1,0,0,0,1154,1154
3230001,3235000,1,L04-4,1,0,0,0,416,416
3275001,3280000,2,L04-4,1,0,0,0,1886,1886
3280001,3285000,1,L04-4,1,0,0,0,1109,1109
3285001,3290000,1,L04-4,1,0,0,0,1360,1360
3290001,3295000,1,L04-4,1,0,0,0,532,532
3295001,3300000,1,L04-4,1,0,0,0,653,653
3310001,3315000,2,L04-4,1,0,0,0,1606,1606
3315001,3320000,2,L04-4,1,0,0,0,1686,1686
3320001,3325000,2,L04-4,1,0,0,0,2913,2913
3375001,3380000,1,L04-4,1,0,1,1,375,375
3420001,3425000,2,L04-4,1,0,0,0,3418,3418
3425001,3430000,1,L04-4,1,0,0,0,741,741
3430001,3435000,3,L04-4,1,0,0,0,3207,3207
3435001,3440000,2,L04-4,1,0,0,0,1322,1322
3440001,3445000,4,L04-4,1,0,0,0,2798,2798
3450001,3455000,4,L04-4,1,0,0,0,2389,2389
3480001,3485000,3,L04-4,1,0,0,0,888,888
3485001,3490000,1,L04-4,1,0,0,0,999,999
3500001,3505000,3,L04-4,1,0,0,0,2634,2634
3505001,3510000,2,L04-4,1,0,0,0,1819,1819
3510001,3515000,1,L04-4,1,0,0,0,0,0
3530001,3535000,1,L04-4,1,0,0,0,571,571
3535001,3540000,2,L04-4,1,0,0,0,1456,1456
3540001,3545000,5,L04-4,1,0,0,0,2536,2536
3545001,3550000,10,L04-4,1,0,0,0,4602,4602
3550001,3555000,12,L04-4,1,0,0,0,4728,4728
3555001,3560000,4,L04-4,1,0,0,0,2752,2752
3560001,3565000,3,L04-4,1,0,0,0,1231,1231
3595001,3600000,1,L04-4,1,0,0,0,562,562
3600001,3605000,1,L04-4,1,0,0,0,442,442
3610001,3615000,1,L04-4,1,0,0,0,1727,1727
3615001,3620000,1,L04-4,1,0,0,0,408,408
3620001,3625000,0,L04-4,1,0,1,0,0,0
3625001,3630000,0,L04-4,1,1,0,0,0,3093
3630001,3635000,0,L04-4,1,0,1,0,0,0
3660001,3665000,1,L04-4,1,0,0,0,1103,1103
3685001,3690000,4,L04-4,1,0,0,0,3834,3834
3690001,3695000,1,L04-4,1,0,0,0,231,231
3795001,3800000,2,L04-4,1,0,0,0,2229,2229
3800001,3805000,1,L04-4,1,0,0,0,751,751
3845001,3850000,1,L04-4,1,0,0,0,177,177
3850001,3855000,1,L04-4,1,0,0,0,842,842
3865001,3870000,0,L04-4,1,0,1,1,0,0
3875001,3880000,4,L04-4,1,0,0,0,2086,2086
3880001,3885000,2,L04-4,1,0,0,0,1561,1561
3885001,3890000,2,L04-4,1,0,0,0,1131,1131
3890001,3895000,1,L04-4,1,0,0,0,1600,1600
3940001,3945000,1,L04-4,1,0,0,0,203,203
3945001,3950000,3,L04-4,1,0,0,0,3893,3893
3950001,3955000,4,L04-4,1,0,0,0,2966,2966
3975001,3980000,1,L04-4,1,0,0,0,1070,1070
3980001,3985000,2,L04-4,1,0,0,0,2129,2129
20001,25000,1,L04-4,2,0,0,0,75,75
40001,45000,1,L04-4,2,0,0,0,1260,1260
55001,60000,3,L04-4,2,0,0,0,228,228
60001,65000,2,L04-4,2,0,0,0,1659,1659
65001,70000,1,L04-4,2,0,0,0,19,19
105001,110000,1,L04-4,2,0,0,0,545,545
115001,120000,0,L04-4,2,1,0,0,0,1536
120001,125000,1,L04-4,2,1,0,0,681,2238
125001,130000,2,L04-4,2,0,0,0,2701,2701
195001,200000,1,L04-4,2,0,0,0,268,268
200001,205000,2,L04-4,2,0,0,0,2889,2889
240001,245000,1,L04-4,2,0,0,0,857,857
245001,250000,1,L04-4,2,0,0,0,591,591
250001,255000,6,L04-4,2,0,0,0,2788,2788
255001,260000,5,L04-4,2,0,0,0,2903,2903
260001,265000,2,L04-4,2,0,0,0,4923,4923
265001,270000,1,L04-4,2,0,0,0,1925,1925
330001,335000,3,L04-4,2,0,0,0,3827,3827
335001,340000,1,L04-4,2,0,0,0,76,76
340001,345000,1,L04-4,2,0,0,0,1415,1415
350001,355000,1,L04-4,2,0,1,0,536,536
360001,365000,0,L04-4,2,1,0,0,0,3092
420001,425000,2,L04-4,2,0,0,0,1939,1939
425001,430000,1,L04-4,2,0,0,0,566,566
440001,445000,3,L04-4,2,0,0,0,2565,2565
445001,450000,1,L04-4,2,0,0,0,461,461
475001,480000,1,L04-4,2,1,1,0,227,1676
480001,485000,0,L04-4,2,1,0,0,0,1644
490001,495000,1,L04-4,2,0,0,0,530,530
520001,525000,1,L04-4,2,0,0,0,739,739
525001,530000,2,L04-4,2,0,0,0,2619,2619
530001,535000,2,L04-4,2,0,0,0,1679,1679
545001,550000,2,L04-4,2,0,0,0,1041,1041
550001,555000,1,L04-4,2,0,0,0,235,235
585001,590000,0,L04-4,2,1,0,0,0,3093
605001,610000,1,L04-4,2,0,0,0,301,301
610001,615000,4,L04-4,2,0,0,0,4381,4381
615001,620000,2,L04-4,2,0,0,0,1340,1340
635001,640000,1,L04-4,2,0,0,0,479,479
640001,645000,1,L04-4,2,0,0,0,1954,1954
645001,650000,1,L04-4,2,0,0,0,400,400
675001,680000,2,L04-4,2,0,0,0,662,662
680001,685000,4,L04-4,2,0,0,0,5000,5000
685001,690000,5,L04-4,2,0,0,0,4943,4943
690001,695000,5,L04-4,2,0,0,0,3923,3923
695001,700000,3,L04-4,2,0,0,0,3981,3981
700001,705000,1,L04-4,2,0,0,0,620,620
730001,735000,1,L04-4,2,0,0,0,662,662
745001,750000,1,L04-4,2,0,0,0,479,479
755001,760000,2,L04-4,2,0,0,0,1624,1624
760001,765000,0,L04-4,2,1,0,0,0,2807
765001,770000,0,L04-4,2,1,0,0,0,286
770001,775000,2,L04-4,2,0,0,0,1618,1618
775001,780000,6,L04-4,2,0,0,0,3857,3857
780001,785000,5,L04-4,2,0,0,0,4759,4759
785001,790000,5,L04-4,2,0,0,0,4256,4256
790001,795000,2,L04-4,2,0,0,0,4381,4381
795001,800000,2,L04-4,2,0,0,0,1358,1358
800001,805000,1,L04-4,2,0,0,0,1718,1718
900001,905000,1,L04-4,2,0,0,0,974,974
930001,935000,2,L04-4,2,0,0,0,2818,2818
935001,940000,4,L04-4,2,0,0,0,2002,2002
940001,945000,3,L04-4,2,0,0,0,3271,3271
945001,950000,1,L04-4,2,0,0,0,457,457
980001,985000,1,L04-4,2,0,0,0,113,113
995001,1000000,1,L04-4,2,0,0,0,1931,1931
1000001,1005000,2,L04-4,2,0,0,0,1606,1606
1050001,1055000,3,L04-4,2,0,0,0,2973,2973
1060001,1065000,1,L04-4,2,1,0,0,76,3167
1135001,1140000,2,L04-4,2,0,0,0,1569,1569
1140001,1145000,4,L04-4,2,0,0,0,3284,3284
1145001,1150000,2,L04-4,2,0,0,0,2995,2995
1160001,1165000,1,L04-4,2,0,0,0,1538,1538
1165001,1170000,1,L04-4,2,0,0,0,84,84
1175001,1180000,1,L04-4,2,0,0,0,1664,1664
1180001,1185000,1,L04-4,2,0,0,0,530,530
1210001,1215000,0,L04-4,2,0,1,1,0,0
1250001,1255000,0,L04-4,2,1,0,0,0,3093
1390001,1395000,1,L04-4,2,0,0,0,218,218
1395001,1400000,1,L04-4,2,0,0,0,106,106
1400001,1405000,2,L04-4,2,0,0,0,4497,4497
1405001,1410000,1,L04-4,2,0,0,0,1292,1292
1415001,1420000,0,L04-4,2,1,0,0,0,3022
1420001,1425000,0,L04-4,2,1,0,0,0,71
1430001,1435000,1,L04-4,2,0,0,0,1673,1673
1435001,1440000,2,L04-4,2,0,0,0,2731,2731
1440001,1445000,2,L04-4,2,0,0,0,1655,1655
1445001,1450000,3,L04-4,2,0,0,0,4992,4992
1450001,1455000,1,L04-4,2,0,0,0,558,558
1455001,1460000,1,L04-4,2,0,0,0,1400,1400
1475001,1480000,0,L04-4,2,1,0,0,0,855
1480001,1485000,0,L04-4,2,1,0,0,0,2237
1485001,1490000,1,L04-4,2,0,0,0,518,518
1500001,1505000,1,L04-4,2,0,0,0,87,87
1525001,1530000,0,L04-4,2,1,0,0,0,1728
1530001,1535000,0,L04-4,2,1,0,0,0,1365
1580001,1585000,2,L04-4,2,0,0,0,2440,2440
1585001,1590000,2,L04-4,2,0,0,0,2600,2600
1590001,1595000,3,L04-4,2,0,0,0,1899,1899
1595001,1600000,2,L04-4,2,0,0,0,1642,1642
1615001,1620000,2,L04-4,2,0,0,0,1660,1660
1620001,1625000,2,L04-4,2,0,0,0,1477,1477
1635001,1640000,1,L04-4,2,0,0,0,1106,1106
1670001,1675000,1,L04-4,2,0,0,0,105,105
1675001,1680000,4,L04-4,2,0,0,0,2434,2434
1680001,1685000,4,L04-4,2,0,0,0,3637,3637
1685001,1690000,1,L04-4,2,0,0,0,854,854
1730001,1735000,0,L04-4,2,1,0,0,0,3093
1775001,1780000,0,L04-4,2,1,0,0,0,3093
1790001,1795000,1,L04-4,2,0,0,0,597,597
1795001,1800000,1,L04-4,2,0,0,0,2000,2000
1800001,1805000,1,L04-4,2,0,0,0,590,590
1810001,1815000,1,L04-4,2,0,0,0,789,789
1855001,1860000,0,L04-4,2,0,1,0,0,0
1940001,1945000,0,L04-4,2,1,0,0,0,791
1945001,1950000,0,L04-4,2,1,0,0,0,2302
1985001,1990000,0,L04-4,2,1,0,0,0,1851
1990001,1995000,0,L04-4,2,1,0,0,0,1242
2055001,2060000,1,L04-4,2,0,0,0,1274,1274
2080001,2085000,1,L04-4,2,0,0,0,641,641
2135001,2140000,2,L04-4,2,0,0,0,3370,3370
2140001,2145000,3,L04-4,2,0,0,0,2826,2826
2160001,2165000,1,L04-4,2,0,0,0,827,827
2165001,2170000,0,L04-4,2,1,0,0,0,3093
2205001,2210000,1,L04-4,2,0,0,0,995,995
2230001,2235000,1,L04-4,2,0,0,0,695,695
2275001,2280000,0,L04-4,2,1,0,0,0,314
2280001,2285000,0,L04-4,2,1,0,0,0,2778
2290001,2295000,1,L04-4,2,0,0,0,1027,1027
2295001,2300000,1,L04-4,2,0,0,0,745,745
2305001,2310000,1,L04-4,2,0,1,0,1733,1733
2310001,2315000,0,L04-4,2,0,1,0,0,0
2320001,2325000,3,L04-4,2,0,0,0,707,707
2335001,2340000,0,L04-4,2,0,1,1,0,0
2355001,2360000,0,L04-4,2,1,0,0,0,1716
2360001,2365000,0,L04-4,2,1,0,0,0,1376
2415001,2420000,0,L04-4,2,1,0,0,0,410
2420001,2425000,0,L04-4,2,1,0,0,0,2691
2460001,2465000,0,L04-4,2,1,0,0,0,891
2465001,2470000,0,L04-4,2,1,0,0,0,2202
2475001,2480000,1,L04-4,2,0,0,0,668,668
2520001,2525000,1,L04-4,2,0,0,0,1760,1760
2565001,2570000,1,L04-4,2,0,0,0,884,884
2570001,2575000,1,L04-4,2,0,0,0,1743,1743
2575001,2580000,2,L04-4,2,0,0,0,2578,2578
2580001,2585000,1,L04-4,2,0,0,0,837,837
2615001,2620000,0,L04-4,2,0,2,0,0,0
2660001,2665000,1,L04-4,2,0,0,0,1004,1004
2665001,2670000,2,L04-4,2,0,0,0,1178,1178
2670001,2675000,1,L04-4,2,0,0,0,1220,1220
2730001,2735000,1,L04-4,2,0,0,0,1378,1378
2735001,2740000,1,L04-4,2,0,0,0,37,37
2740001,2745000,2,L04-4,2,0,0,0,2403,2403
2745001,2750000,1,L04-4,2,0,0,0,598,598
2795001,2800000,1,L04-4,2,0,0,0,820,820
2800001,2805000,1,L04-4,2,0,0,0,307,307
2805001,2810000,1,L04-4,2,0,0,0,878,878
2825001,2830000,1,L04-4,2,0,0,0,746,746
2840001,2845000,1,L04-4,2,0,0,0,1472,1472
2845001,2850000,2,L04-4,2,0,0,0,2392,2392
2870001,2875000,1,L04-4,2,0,0,0,803,803
2905001,2910000,1,L04-4,2,0,0,0,380,380
2910001,2915000,2,L04-4,2,0,0,0,1879,1879
2930001,2935000,1,L04-4,2,0,0,0,1355,1355
2940001,2945000,1,L04-4,2,0,0,0,737,737
2950001,2955000,4,L04-4,2,0,0,0,2364,2364
2955001,2960000,3,L04-4,2,0,0,0,1830,1830
2960001,2965000,0,L04-4,2,0,1,1,0,0
2990001,2995000,3,L04-4,2,0,0,0,2907,2907
3040001,3045000,3,L04-4,2,0,0,0,1205,1205
3045001,3050000,1,L04-4,2,0,0,0,295,295
3070001,3075000,0,L04-4,2,1,0,0,0,635
3075001,3080000,0,L04-4,2,1,0,0,0,2458
3080001,3085000,2,L04-4,2,0,0,0,2697,2697
3085001,3090000,1,L04-4,2,0,0,0,238,238
3140001,3145000,1,L04-4,2,0,0,0,875,875
3165001,3170000,0,L04-4,2,0,1,0,0,0
3200001,3205000,0,L04-4,2,0,1,0,0,0
3205001,3210000,1,L04-4,2,0,0,0,1098,1098
3240001,3245000,2,L04-4,2,0,0,0,2242,2242
3255001,3260000,1,L04-4,2,0,0,0,1154,1154
3260001,3265000,1,L04-4,2,0,0,0,416,416
3305001,3310000,2,L04-4,2,0,0,0,1740,1740
3310001,3315000,1,L04-4,2,0,0,0,1255,1255
3315001,3320000,1,L04-4,2,0,0,0,1215,1215
3320001,3325000,1,L04-4,2,0,0,0,677,677
3325001,3330000,1,L04-4,2,0,1,1,653,653
3340001,3345000,2,L04-4,2,0,0,0,1606,1606
3345001,3350000,2,L04-4,2,0,0,0,1542,1542
3350001,3355000,2,L04-4,2,0,0,0,3057,3057
3405001,3410000,0,L04-4,2,1,0,0,0,2906
3410001,3415000,1,L04-4,2,1,0,0,376,563
3450001,3455000,1,L04-4,2,0,0,0,195,195
3455001,3460000,2,L04-4,2,0,0,0,3964,3964
3460001,3465000,2,L04-4,2,0,0,0,890,890
3465001,3470000,2,L04-4,2,0,0,0,2467,2467
3470001,3475000,3,L04-4,2,0,0,0,1740,1740
3475001,3480000,2,L04-4,2,0,0,0,2230,2230
3480001,3485000,3,L04-4,2,0,0,0,1267,1267
3485001,3490000,2,L04-4,2,0,0,0,1122,1122
3510001,3515000,2,L04-4,2,0,0,0,820,820
3515001,3520000,1,L04-4,2,0,0,0,1067,1067
3530001,3535000,2,L04-4,2,0,0,0,637,637
3535001,3540000,2,L04-4,2,0,0,0,1997,1997
3540001,3545000,2,L04-4,2,0,0,0,1819,1819
3565001,3570000,2,L04-4,2,0,0,0,907,907
3570001,3575000,2,L04-4,2,0,0,0,1120,1120
3575001,3580000,6,L04-4,2,0,0,0,3998,3998
3580001,3585000,14,L04-4,2,0,0,0,4706,4706
3585001,3590000,9,L04-4,2,0,0,0,4118,4118
3590001,3595000,3,L04-4,2,0,0,0,3027,3027
3615001,3620000,0,L04-4,2,0,1,1,0,0
3630001,3635000,1,L04-4,2,0,0,0,1004,1004
3645001,3650000,1,L04-4,2,0,0,0,2135,2135
3655001,3660000,0,L04-4,2,1,0,0,0,3093
3690001,3695000,1,L04-4,2,0,0,0,1103,1103
3715001,3720000,4,L04-4,2,0,0,0,4063,4063
3755001,3760000,0,L04-4,2,0,2,1,0,0
3760001,3765000,0,L04-4,2,0,1,0,0,0
3825001,3830000,2,L04-4,2,0,0,0,2620,2620
3830001,3835000,1,L04-4,2,0,0,0,360,360
3875001,3880000,1,L04-4,2,0,0,0,568,568
3880001,3885000,1,L04-4,2,0,0,0,451,451
3895001,3900000,0,L04-4,2,1,0,0,0,3093
3905001,3910000,2,L04-4,2,0,0,0,1561,1561
3910001,3915000,4,L04-4,2,0,0,0,2086,2086
3920001,3925000,2,L04-4,2,0,0,0,2731,2731
3975001,3980000,1,L04-4,2,0,0,0,2414,2414
3980001,3985000,5,L04-4,2,0,0,0,3117,3117
3985001,3990000,1,L04-4,2,0,0,0,1531,1531
4010001,4015000,2,L04-4,2,0,0,0,3191,3191
4015001,4020000,1,L04-4,2,0,0,0,8,8
20001,25000,1,L05-1,1,0,0,0,75,75
40001,45000,1,L05-1,1,0,0,0,1259,1259
55001,60000,3,L05-1,1,0,0,0,228,228
60001,65000,2,L05-1,1,0,0,0,1660,1660
65001,70000,1,L05-1,1,0,0,0,18,18
105001,110000,1,L05-1,1,0,0,0,545,545
120001,125000,2,L05-1,1,0,0,0,3382,3382
140001,145000,0,L05-1,1,0,2,0,0,0
195001,200000,2,L05-1,1,0,0,0,2102,2102
200001,205000,1,L05-1,1,0,0,0,1055,1055
235001,240000,1,L05-1,1,0,0,0,326,326
240001,245000,1,L05-1,1,0,0,0,531,531
245001,250000,5,L05-1,1,0,0,0,3089,3089
250001,255000,5,L05-1,1,0,0,0,1619,1619
255001,260000,3,L05-1,1,0,0,0,4603,4603
260001,265000,1,L05-1,1,0,0,0,3819,3819
325001,330000,2,L05-1,1,0,0,0,2583,2583
330001,335000,2,L05-1,1,0,0,0,1320,1320
335001,340000,1,L05-1,1,0,0,0,1415,1415
345001,350000,1,L05-1,1,0,0,0,536,536
440001,445000,1,L05-1,1,0,0,0,186,186
445001,450000,3,L05-1,1,0,0,0,1928,1928
450001,455000,1,L05-1,1,0,0,0,391,391
460001,465000,2,L05-1,1,0,0,0,1386,1386
465001,470000,3,L05-1,1,0,0,0,1470,1470
470001,475000,1,L05-1,1,0,0,0,170,170
495001,500000,1,L05-1,1,0,0,0,40,40
500001,505000,1,L05-1,1,0,0,0,187,187
520001,525000,1,L05-1,1,0,0,0,530,530
555001,560000,1,L05-1,1,0,0,0,2855,2855
560001,565000,2,L05-1,1,0,0,0,2182,2182
575001,580000,1,L05-1,1,0,0,0,208,208
580001,585000,2,L05-1,1,0,0,0,1068,1068
635001,640000,2,L05-1,1,0,0,0,2522,2522
640001,645000,4,L05-1,1,0,0,0,3277,3277
645001,650000,1,L05-1,1,0,0,0,223,223
665001,670000,1,L05-1,1,0,0,0,479,479
670001,675000,1,L05-1,1,0,0,0,2354,2354
705001,710000,3,L05-1,1,0,0,0,2930,2930
710001,715000,5,L05-1,1,0,0,0,4997,4997
715001,720000,5,L05-1,1,0,0,0,4031,4031
720001,725000,6,L05-1,1,0,0,0,4546,4546
725001,730000,2,L05-1,1,0,0,0,2623,2623
755001,760000,1,L05-1,1,0,0,0,662,662
770001,775000,1,L05-1,1,0,0,0,479,479
780001,785000,1,L05-1,1,0,0,0,1280,1280
785001,790000,2,L05-1,1,0,0,0,344,344
795001,800000,3,L05-1,1,0,0,0,1644,1644
800001,805000,6,L05-1,1,0,0,0,4028,4028
805001,810000,4,L05-1,1,0,0,0,4942,4942
810001,815000,5,L05-1,1,0,0,0,3875,3875
815001,820000,2,L05-1,1,0,0,0,4441,4441
820001,825000,1,L05-1,1,0,0,0,1297,1297
825001,830000,1,L05-1,1,0,0,0,1718,1718
845001,850000,0,L05-1,1,1,0,0,0,2725
850001,855000,0,L05-1,1,1,0,0,0,368
930001,935000,1,L05-1,1,0,0,0,974,974
955001,960000,1,L05-1,1,0,0,0,273,273
960001,965000,2,L05-1,1,0,0,0,2545,2545
965001,970000,4,L05-1,1,0,0,0,2969,2969
970001,975000,2,L05-1,1,0,0,0,2761,2761
1005001,1010000,1,L05-1,1,0,0,0,113,113
1020001,1025000,1,L05-1,1,0,0,0,830,830
1025001,1030000,2,L05-1,1,0,0,0,1745,1745
1030001,1035000,1,L05-1,1,0,0,0,962,962
1075001,1080000,2,L05-1,1,0,0,0,1323,1323
1080001,1085000,2,L05-1,1,0,0,0,1649,1649
1085001,1090000,1,L05-1,1,0,0,0,76,76
1160001,1165000,2,L05-1,1,0,0,0,1953,1953
1165001,1170000,4,L05-1,1,0,0,0,3284,3284
1170001,1175000,2,L05-1,1,0,0,0,2611,2611
1185001,1190000,1,L05-1,1,0,0,0,1538,1538
1190001,1195000,1,L05-1,1,0,0,0,84,84
1200001,1205000,1,L05-1,1,0,0,0,1664,1664
1205001,1210000,1,L05-1,1,0,0,0,530,530
1235001,1240000,0,L05-1,1,1,0,0,0,1502
1240001,1245000,0,L05-1,1,1,0,0,0,1589
1275001,1280000,0,L05-1,1,1,0,0,0,1594
1280001,1285000,0,L05-1,1,1,0,0,0,1498
1420001,1425000,1,L05-1,1,0,0,0,218,218
1425001,1430000,1,L05-1,1,0,0,0,2787,2787
1430001,1435000,3,L05-1,1,0,0,0,3108,3108
1455001,1460000,1,L05-1,1,0,0,0,1673,1673
1460001,1465000,3,L05-1,1,0,0,0,2890,2890
1465001,1470000,3,L05-1,1,0,0,0,2272,2272
1470001,1475000,2,L05-1,1,0,0,0,4773,4773
1480001,1485000,1,L05-1,1,0,0,0,1400,1400
1490001,1495000,0,L05-1,1,0,1,1,0,0
1505001,1510000,1,L05-1,1,0,0,0,65,65
1510001,1515000,1,L05-1,1,0,0,0,453,453
1525001,1530000,1,L05-1,1,0,0,0,87,87
1600001,1605000,2,L05-1,1,0,0,0,2736,2736
1605001,1610000,2,L05-1,1,0,0,0,2304,2304
1610001,1615000,3,L05-1,1,0,0,0,1899,1899
1615001,1620000,2,L05-1,1,0,0,0,1642,1642
1635001,1640000,3,L05-1,1,0,0,0,1958,1958
1640001,1645000,1,L05-1,1,0,0,0,1179,1179
1655001,1660000,1,L05-1,1,0,0,0,1106,1106
1690001,1695000,1,L05-1,1,0,0,0,404,404
1695001,1700000,4,L05-1,1,0,0,0,2434,2434
1700001,1705000,5,L05-1,1,0,0,0,3507,3507
1705001,1710000,1,L05-1,1,0,0,0,685,685
1765001,1770000,1,L05-1,1,0,0,0,2597,2597
1770001,1775000,1,L05-1,1,0,0,0,590,590
1785001,1790000,1,L05-1,1,0,0,0,788,788
1855001,1860000,0,L05-1,1,1,0,0,0,630
1860001,1865000,0,L05-1,1,1,0,0,0,2461
1870001,1875000,0,L05-1,1,0,1,1,0,0
1920001,1925000,0,L05-1,1,0,1,1,0,0
1935001,1940000,0,L05-1,1,1,0,0,0,2232
1940001,1945000,0,L05-1,1,1,0,0,0,860
1985001,1990000,1,L05-1,1,0,0,0,1274,1274
2010001,2015000,1,L05-1,1,0,0,0,640,640
2060001,2065000,0,L05-1,1,1,1,0,0,3092
2065001,2070000,1,L05-1,1,0,0,0,1851,1851
2070001,2075000,5,L05-1,1,0,0,0,4183,4183
2075001,2080000,1,L05-1,1,0,0,0,162,162
2095001,2100000,1,L05-1,1,0,0,0,827,827
2135001,2140000,1,L05-1,1,0,0,0,995,995
2160001,2165000,1,L05-1,1,0,0,0,695,695
2215001,2220000,1,L05-1,1,0,0,0,103,103
2220001,2225000,1,L05-1,1,0,0,0,1669,1669
2230001,2235000,1,L05-1,1,0,0,0,1733,1733
2240001,2245000,0,L05-1,1,0,1,0,0,0
2245001,2250000,3,L05-1,1,0,1,0,707,707
2355001,2360000,1,L05-1,1,0,0,0,565,565
2360001,2365000,1,L05-1,1,0,0,0,1468,1468
2375001,2380000,0,L05-1,1,0,1,1,0,0
2390001,2395000,0,L05-1,1,0,1,1,0,0
2405001,2410000,1,L05-1,1,0,0,0,668,668
2445001,2450000,1,L05-1,1,0,0,0,492,492
2450001,2455000,1,L05-1,1,0,0,0,1268,1268
2495001,2500000,1,L05-1,1,0,0,0,1857,1857
2500001,2505000,1,L05-1,1,0,0,0,770,770
2505001,2510000,2,L05-1,1,0,0,0,3415,3415
2525001,2530000,0,L05-1,1,1,0,0,0,3092
2530001,2535000,0,L05-1,1,0,1,0,0,0
2595001,2600000,2,L05-1,1,0,0,0,2182,2182
2600001,2605000,1,L05-1,1,0,0,0,179,179
2605001,2610000,1,L05-1,1,0,0,0,1041,1041
2650001,2655000,0,L05-1,1,0,1,1,0,0
2665001,2670000,1,L05-1,1,0,0,0,1415,1415
2670001,2675000,1,L05-1,1,0,0,0,363,363
2675001,2680000,2,L05-1,1,0,0,0,2638,2638
2730001,2735000,1,L05-1,1,0,0,0,1127,1127
2735001,2740000,1,L05-1,1,0,0,0,878,878
2755001,2760000,1,L05-1,1,0,0,0,746,746
2775001,2780000,2,L05-1,1,0,0,0,2494,2494
2780001,2785000,2,L05-1,1,0,0,0,1370,1370
2800001,2805000,1,L05-1,1,0,0,0,803,803
2840001,2845000,3,L05-1,1,0,0,0,2259,2259
2845001,2850000,1,L05-1,1,0,0,0,0,0
2860001,2865000,1,L05-1,1,0,0,0,1355,1355
2875001,2880000,1,L05-1,1,0,0,0,737,737
2880001,2885000,2,L05-1,1,0,0,0,1103,1103
2885001,2890000,4,L05-1,1,0,0,0,1833,1833
2890001,2895000,2,L05-1,1,0,0,0,1258,1258
2920001,2925000,3,L05-1,1,0,0,0,1320,1320
2925001,2930000,1,L05-1,1,0,0,0,1586,1586
2975001,2980000,3,L05-1,1,0,0,0,1499,1499
2980001,2985000,0,L05-1,1,1,0,0,0,3093
3010001,3015000,1,L05-1,1,0,0,0,1136,1136
3015001,3020000,2,L05-1,1,0,0,0,1799,1799
3070001,3075000,1,L05-1,1,0,0,0,875,875
3135001,3140000,1,L05-1,1,0,0,0,1098,1098
3170001,3175000,2,L05-1,1,0,0,0,1284,1284
3175001,3180000,1,L05-1,1,0,0,0,958,958
3190001,3195000,1,L05-1,1,0,0,0,1154,1154
3195001,3200000,1,L05-1,1,0,0,0,416,416
3210001,3215000,0,L05-1,1,1,0,0,0,1792
3215001,3220000,0,L05-1,1,1,0,0,0,1301
3230001,3235000,2,L05-1,1,0,0,0,2555,2555
3235001,3240000,1,L05-1,1,0,0,0,440,440
3240001,3245000,1,L05-1,1,0,1,1,1892,1892
3250001,3255000,1,L05-1,1,0,0,0,653,653
3260001,3265000,1,L05-1,1,0,0,0,559,559
3265001,3270000,2,L05-1,1,0,0,0,1047,1047
3270001,3275000,2,L05-1,1,0,0,0,2357,2357
3275001,3280000,2,L05-1,1,0,0,0,2241,2241
3330001,3335000,1,L05-1,1,0,0,0,376,376
3375001,3380000,2,L05-1,1,0,0,0,4097,4097
3380001,3385000,2,L05-1,1,0,0,0,148,148
3385001,3390000,2,L05-1,1,0,0,0,3271,3271
3390001,3395000,1,L05-1,1,0,0,0,1172,1172
3395001,3400000,4,L05-1,1,0,0,0,2798,2798
3400001,3405000,1,L05-1,1,0,0,0,191,191
3405001,3410000,4,L05-1,1,0,0,0,2198,2198
3430001,3435000,1,L05-1,1,0,0,0,130,130
3435001,3440000,3,L05-1,1,0,0,0,1435,1435
3440001,3445000,1,L05-1,1,0,0,0,322,322
3455001,3460000,3,L05-1,1,0,0,0,2634,2634
3460001,3465000,2,L05-1,1,0,0,0,1819,1819
3465001,3470000,0,L05-1,1,0,1,0,0,0
3475001,3480000,0,L05-1,1,1,1,0,0,3092
3490001,3495000,3,L05-1,1,0,0,0,1716,1716
3495001,3500000,2,L05-1,1,0,0,0,546,546
3500001,3505000,9,L05-1,1,0,0,0,4571,4571
3505001,3510000,12,L05-1,1,0,0,0,4709,4709
3510001,3515000,8,L05-1,1,0,0,0,3307,3307
3515001,3520000,3,L05-1,1,0,0,0,3027,3027
3555001,3560000,1,L05-1,1,0,0,0,1004,1004
3570001,3575000,1,L05-1,1,0,0,0,2135,2135
3615001,3620000,1,L05-1,1,0,0,0,1103,1103
3640001,3645000,4,L05-1,1,0,0,0,4065,4065
3750001,3755000,2,L05-1,1,0,0,0,2903,2903
3755001,3760000,1,L05-1,1,0,0,0,77,77
3800001,3805000,1,L05-1,1,0,0,0,853,853
3805001,3810000,1,L05-1,1,0,0,0,166,166
3830001,3835000,4,L05-1,1,0,0,0,2762,2762
3835001,3840000,2,L05-1,1,0,0,0,885,885
3840001,3845000,2,L05-1,1,0,0,0,1807,1807
3845001,3850000,1,L05-1,1,0,0,0,924,924
3895001,3900000,1,L05-1,1,0,0,0,884,884
3900001,3905000,3,L05-1,1,0,0,0,3893,3893
3905001,3910000,4,L05-1,1,0,0,0,2284,2284
3930001,3935000,1,L05-1,1,0,0,0,1754,1754
3935001,3940000,2,L05-1,1,0,0,0,1445,1445
20001,25000,1,L05-1,2,0,0,0,75,75
40001,45000,1,L05-1,2,0,0,0,1259,1259
55001,60000,3,L05-1,2,0,0,0,228,228
60001,65000,2,L05-1,2,0,0,0,1665,1665
65001,70000,1,L05-1,2,0,0,0,13,13
105001,110000,1,L05-1,2,0,0,0,545,545
120001,125000,2,L05-1,2,0,0,0,3382,3382
140001,145000,0,L05-1,2,1,0,0,0,1613
145001,150000,0,L05-1,2,1,0,0,0,1479
195001,200000,1,L05-1,2,0,0,0,959,959
200001,205000,1,L05-1,2,0,0,0,2198,2198
240001,245000,1,L05-1,2,0,0,0,857,857
245001,250000,2,L05-1,2,0,0,0,1381,1381
250001,255000,6,L05-1,2,0,0,0,2636,2636
255001,260000,3,L05-1,2,0,0,0,3056,3056
260001,265000,2,L05-1,2,0,0,0,4923,4923
265001,270000,1,L05-1,2,0,0,0,1134,1134
325001,330000,1,L05-1,2,0,0,0,402,402
330001,335000,3,L05-1,2,0,0,0,3515,3515
340001,345000,1,L05-1,2,0,0,0,1416,1416
350001,355000,1,L05-1,2,0,0,0,537,537
445001,450000,2,L05-1,2,0,0,0,1939,1939
450001,455000,1,L05-1,2,0,0,0,566,566
465001,470000,3,L05-1,2,0,0,0,2564,2564
470001,475000,1,L05-1,2,0,0,0,461,461
500001,505000,1,L05-1,2,0,0,0,227,227
525001,530000,1,L05-1,2,0,0,0,530,530
555001,560000,1,L05-1,2,0,0,0,2570,2570
560001,565000,3,L05-1,2,0,0,0,2466,2466
580001,585000,2,L05-1,2,0,0,0,1276,1276
635001,640000,1,L05-1,2,0,0,0,247,247
640001,645000,4,L05-1,2,0,0,0,4381,4381
645001,650000,2,L05-1,2,0,0,0,1394,1394
665001,670000,1,L05-1,2,0,0,0,479,479
670001,675000,1,L05-1,2,0,0,0,1900,1900
675001,680000,1,L05-1,2,0,0,0,454,454
705001,710000,2,L05-1,2,0,0,0,610,610
710001,715000,4,L05-1,2,0,0,0,5000,5000
715001,720000,5,L05-1,2,0,0,0,4943,4943
720001,725000,5,L05-1,2,0,0,0,3923,3923
725001,730000,3,L05-1,2,0,0,0,4035,4035
730001,735000,1,L05-1,2,0,0,0,620,620
760001,765000,1,L05-1,2,0,0,0,662,662
775001,780000,1,L05-1,2,0,0,0,479,479
785001,790000,2,L05-1,2,0,0,0,1624,1624
790001,795000,0,L05-1,2,0,1,1,0,0
795001,800000,1,L05-1,2,0,0,0,824,824
800001,805000,4,L05-1,2,0,0,0,3092,3092
805001,810000,6,L05-1,2,0,0,0,4405,4405
810001,815000,5,L05-1,2,0,0,0,4250,4250
815001,820000,3,L05-1,2,0,0,0,4370,4370
820001,825000,3,L05-1,2,0,0,0,2236,2236
825001,830000,2,L05-1,2,0,0,0,1573,1573
830001,835000,1,L05-1,2,0,0,0,1196,1196
845001,850000,0,L05-1,2,1,0,0,0,403
850001,855000,0,L05-1,2,1,0,0,0,2690
930001,935000,1,L05-1,2,0,0,0,974,974
960001,965000,2,L05-1,2,0,0,0,2818,2818
965001,970000,4,L05-1,2,0,0,0,1991,1991
970001,975000,3,L05-1,2,0,0,0,3253,3253
975001,980000,1,L05-1,2,0,0,0,485,485
1010001,1015000,1,L05-1,2,0,0,0,113,113
1025001,1030000,1,L05-1,2,0,0,0,1931,1931
1030001,1035000,2,L05-1,2,0,0,0,1606,1606
1080001,1085000,3,L05-1,2,0,0,0,2972,2972
1090001,1095000,1,L05-1,2,0,0,0,76,76
1165001,1170000,2,L05-1,2,0,0,0,3013,3013
1170001,1175000,4,L05-1,2,0,0,0,4835,4835
1185001,1190000,1,L05-1,2,0,0,0,1538,1538
1195001,1200000,1,L05-1,2,0,0,0,84,84
1205001,1210000,2,L05-1,2,0,0,0,1785,1785
1210001,1215000,1,L05-1,2,0,0,0,409,409
1240001,1245000,0,L05-1,2,1,0,0,0,3090
1280001,1285000,0,L05-1,2,1,0,0,0,3092
1420001,1425000,1,L05-1,2,0,0,0,218,218
1425001,1430000,1,L05-1,2,0,0,0,525,525
1430001,1435000,2,L05-1,2,0,0,0,4078,4078
1435001,1440000,1,L05-1,2,0,0,0,1292,1292
1455001,1460000,1,L05-1,2,0,0,0,1673,1673
1460001,1465000,2,L05-1,2,0,0,0,2128,2128
1465001,1470000,2,L05-1,2,0,0,0,1349,1349
1470001,1475000,3,L05-1,2,0,0,0,4422,4422
1475001,1480000,1,L05-1,2,0,0,0,2037,2037
1480001,1485000,1,L05-1,2,0,0,0,1168,1168
1485001,1490000,1,L05-1,2,0,0,0,232,232
1490001,1495000,0,L05-1,2,1,0,0,0,963
1495001,1500000,0,L05-1,2,1,0,0,0,2128
1515001,1520000,1,L05-1,2,0,0,0,518,518
1530001,1535000,1,L05-1,2,0,0,0,87,87
1605001,1610000,2,L05-1,2,0,0,0,2384,2384
1610001,1615000,2,L05-1,2,0,0,0,2656,2656
1615001,1620000,3,L05-1,2,0,0,0,1899,1899
1620001,1625000,2,L05-1,2,0,0,0,1642,1642
1640001,1645000,2,L05-1,2,0,0,0,1606,1606
1645001,1650000,2,L05-1,2,0,0,0,1531,1531
1660001,1665000,1,L05-1,2,0,0,0,1106,1106
1695001,1700000,1,L05-1,2,0,0,0,60,60
1700001,1705000,4,L05-1,2,0,0,0,2434,2434
1705001,1710000,4,L05-1,2,0,0,0,3680,3680
1710001,1715000,1,L05-1,2,0,0,0,854,854
1770001,1775000,1,L05-1,2,0,0,0,2597,2597
1775001,1780000,1,L05-1,2,0,0,0,590,590
1790001,1795000,1,L05-1,2,0,0,0,788,788
1860001,1865000,0,L05-1,2,1,0,0,0,298
1865001,1870000,0,L05-1,2,1,0,0,0,2793
1875001,1880000,0,L05-1,2,1,1,0,0,3092
1930001,1935000,0,L05-1,2,1,0,0,0,3093
1935001,1940000,0,L05-1,2,0,1,0,0,0
1945001,1950000,0,L05-1,2,1,0,0,0,702
1950001,1955000,0,L05-1,2,1,0,0,0,2391
1995001,2000000,1,L05-1,2,0,0,0,1274,1274
2020001,2025000,1,L05-1,2,0,0,0,641,641
2070001,2075000,0,L05-1,2,1,0,0,0,2190
2075001,2080000,1,L05-1,2,1,0,0,628,1531
2080001,2085000,5,L05-1,2,0,0,0,4184,4184
2085001,2090000,1,L05-1,2,0,0,0,1384,1384
2105001,2110000,1,L05-1,2,0,0,0,827,827
2145001,2150000,1,L05-1,2,0,0,0,995,995
2170001,2175000,1,L05-1,2,0,0,0,695,695
2190001,2195000,0,L05-1,2,0,2,0,0,0
2230001,2235000,1,L05-1,2,0,0,0,1772,1772
2240001,2245000,1,L05-1,2,0,0,0,1733,1733
2250001,2255000,0,L05-1,2,1,0,0,0,476
2255001,2260000,3,L05-1,2,1,0,0,707,3323
2370001,2375000,1,L05-1,2,0,0,0,2033,2033
2380001,2385000,0,L05-1,2,0,1,0,0,0
2385001,2390000,0,L05-1,2,1,0,0,0,1372
2390001,2395000,0,L05-1,2,1,0,0,0,1719
2410001,2415000,0,L05-1,2,1,0,0,0,3093
2425001,2430000,1,L05-1,2,0,0,0,668,668
2465001,2470000,1,L05-1,2,0,0,0,1761,1761
2515001,2520000,1,L05-1,2,0,0,0,2627,2627
2520001,2525000,1,L05-1,2,0,0,0,257,257
2525001,2530000,2,L05-1,2,0,0,0,3158,3158
2540001,2545000,0,L05-1,2,1,0,0,0,833
2545001,2550000,0,L05-1,2,1,0,0,0,2259
2610001,2615000,2,L05-1,2,0,0,0,1913,1913
2615001,2620000,1,L05-1,2,0,0,0,269,269
2620001,2625000,1,L05-1,2,0,0,0,1220,1220
2670001,2675000,0,L05-1,2,1,0,0,0,3092
2685001,2690000,1,L05-1,2,0,0,0,1415,1415
2690001,2695000,1,L05-1,2,0,0,0,363,363
2695001,2700000,2,L05-1,2,0,0,0,2637,2637
2750001,2755000,1,L05-1,2,0,0,0,1127,1127
2755001,2760000,1,L05-1,2,0,0,0,878,878
2775001,2780000,1,L05-1,2,0,0,0,746,746
2795001,2800000,2,L05-1,2,0,0,0,2499,2499
2800001,2805000,2,L05-1,2,0,0,0,1365,1365
2820001,2825000,1,L05-1,2,0,0,0,803,803
2860001,2865000,3,L05-1,2,0,0,0,2259,2259
2880001,2885000,1,L05-1,2,0,0,0,1355,1355
2895001,2900000,1,L05-1,2,0,0,0,737,737
2900001,2905000,2,L05-1,2,0,0,0,1111,1111
2905001,2910000,4,L05-1,2,0,0,0,1834,1834
2910001,2915000,2,L05-1,2,0,0,0,1249,1249
2940001,2945000,3,L05-1,2,0,0,0,1329,1329
2945001,2950000,1,L05-1,2,0,0,0,1577,1577
2995001,3000000,3,L05-1,2,0,0,0,1500,1500
3000001,3005000,0,L05-1,2,1,0,0,0,3091
3030001,3035000,1,L05-1,2,0,0,0,1150,1150
3035001,3040000,2,L05-1,2,0,0,0,1785,1785
3090001,3095000,1,L05-1,2,0,0,0,875,875
3155001,3160000,1,L05-1,2,0,0,0,1098,1098
3190001,3195000,2,L05-1,2,0,0,0,1312,1312
3195001,3200000,1,L05-1,2,0,0,0,930,930
3205001,3210000,1,L05-1,2,0,0,0,0,0
3210001,3215000,1,L05-1,2,0,0,0,1154,1154
3215001,3220000,1,L05-1,2,0,0,0,416,416
3230001,3235000,0,L05-1,2,1,0,0,0,1822
3235001,3240000,0,L05-1,2,1,0,0,0,1270
3245001,3250000,0,L05-1,2,0,1,0,0,0
3250001,3255000,2,L05-1,2,0,0,0,2585,2585
3255001,3260000,1,L05-1,2,0,0,0,411,411
3260001,3265000,0,L05-1,2,1,0,0,0,3092
3265001,3270000,1,L05-1,2,0,0,0,1893,1893
3275001,3280000,1,L05-1,2,0,0,0,653,653
3285001,3290000,2,L05-1,2,0,0,0,1399,1399
3290001,3295000,1,L05-1,2,0,0,0,207,207
3295001,3300000,3,L05-1,2,0,0,0,4093,4093
3300001,3305000,1,L05-1,2,0,0,0,506,506
3355001,3360000,1,L05-1,2,0,0,0,376,376
3395001,3400000,1,L05-1,2,0,0,0,1057,1057
3400001,3405000,2,L05-1,2,0,0,0,3101,3101
3405001,3410000,2,L05-1,2,0,0,0,1423,1423
3410001,3415000,1,L05-1,2,0,0,0,1934,1934
3415001,3420000,4,L05-1,2,0,0,0,2434,2434
3420001,3425000,2,L05-1,2,0,0,0,1534,1534
3425001,3430000,4,L05-1,2,0,0,0,2127,2127
3430001,3435000,1,L05-1,2,0,0,0,261,261
3455001,3460000,2,L05-1,2,0,0,0,820,820
3460001,3465000,1,L05-1,2,0,0,0,1067,1067
3475001,3480000,2,L05-1,2,0,0,0,1509,1509
3480001,3485000,2,L05-1,2,0,0,0,1125,1125
3485001,3490000,2,L05-1,2,0,0,0,1819,1819
3490001,3495000,0,L05-1,2,1,0,0,0,4231
3495001,3500000,0,L05-1,2,1,0,0,0,483
3505001,3510000,1,L05-1,2,0,0,0,572,572
3510001,3515000,2,L05-1,2,0,0,0,1456,1456
3515001,3520000,6,L05-1,2,0,0,0,3104,3104
3520001,3525000,11,L05-1,2,0,0,0,4871,4871
3525001,3530000,12,L05-1,2,0,0,0,4710,4710
3530001,3535000,3,L05-1,2,0,0,0,2768,2768
3535001,3540000,2,L05-1,2,0,0,0,396,396
3570001,3575000,1,L05-1,2,0,0,0,1004,1004
3585001,3590000,1,L05-1,2,0,0,0,2135,2135
3630001,3635000,1,L05-1,2,0,0,0,288,288
3635001,3640000,1,L05-1,2,0,0,0,815,815
3655001,3660000,4,L05-1,2,0,0,0,2798,2798
3660001,3665000,1,L05-1,2,0,0,0,1266,1266
3740001,3745000,0,L05-1,2,0,1,1,0,0
3765001,3770000,1,L05-1,2,0,0,0,1211,1211
3770001,3775000,2,L05-1,2,0,0,0,1769,1769
3820001,3825000,1,L05-1,2,0,0,0,1020,1020
3845001,3850000,3,L05-1,2,0,0,0,1992,1992
3850001,3855000,2,L05-1,2,0,0,0,1655,1655
3855001,3860000,1,L05-1,2,0,0,0,456,456
3860001,3865000,2,L05-1,2,0,0,0,2275,2275
3915001,3920000,2,L05-1,2,0,0,0,3082,3082
3920001,3925000,5,L05-1,2,0,0,0,3978,3978
20001,25000,1,L05-2,1,0,0,0,75,75
40001,45000,1,L05-2,1,0,0,0,1259,1259
55001,60000,3,L05-2,1,0,0,0,228,228
60001,65000,2,L05-2,1,0,0,0,1660,1660
65001,70000,1,L05-2,1,0,0,0,18,18
105001,110000,1,L05-2,1,0,0,0,545,545
115001,120000,0,L05-2,1,0,1,0,0,0
120001,125000,2,L05-2,1,0,1,0,3382,3382
195001,200000,2,L05-2,1,0,0,0,2102,2102
200001,205000,1,L05-2,1,0,0,0,1055,1055
235001,240000,1,L05-2,1,0,0,0,326,326
240001,245000,1,L05-2,1,0,0,0,531,531
245001,250000,5,L05-2,1,0,0,0,3089,3089
250001,255000,5,L05-2,1,0,0,0,1619,1619
255001,260000,3,L05-2,1,0,0,0,4603,4603
260001,265000,1,L05-2,1,0,0,0,3819,3819
325001,330000,2,L05-2,1,0,0,0,2583,2583
330001,335000,2,L05-2,1,0,0,0,1320,1320
335001,340000,1,L05-2,1,0,0,0,1415,1415
345001,350000,1,L05-2,1,0,0,0,536,536
440001,445000,1,L05-2,1,0,0,0,186,186
445001,450000,3,L05-2,1,0,0,0,1928,1928
450001,455000,1,L05-2,1,0,0,0,391,391
460001,465000,2,L05-2,1,0,0,0,1386,1386
465001,470000,3,L05-2,1,0,0,0,1470,1470
470001,475000,1,L05-2,1,0,0,0,170,170
480001,485000,0,L05-2,1,0,1,1,0,0
495001,500000,1,L05-2,1,0,0,0,40,40
500001,505000,1,L05-2,1,0,0,0,187,187
520001,525000,1,L05-2,1,0,0,0,530,530
555001,560000,1,L05-2,1,0,0,0,2855,2855
560001,565000,2,L05-2,1,0,0,0,2182,2182
575001,580000,1,L05-2,1,0,0,0,208,208
580001,585000,2,L05-2,1,0,0,0,1068,1068
635001,640000,2,L05-2,1,0,0,0,2522,2522
640001,645000,4,L05-2,1,0,0,0,3277,3277
645001,650000,1,L05-2,1,0,0,0,223,223
665001,670000,1,L05-2,1,0,0,0,479,479
670001,675000,1,L05-2,1,0,0,0,2354,2354
705001,710000,3,L05-2,1,0,0,0,2930,2930
710001,715000,5,L05-2,1,0,0,0,4997,4997
715001,720000,5,L05-2,1,0,0,0,4031,4031
720001,725000,6,L05-2,1,0,0,0,4546,4546
725001,730000,2,L05-2,1,0,0,0,2623,2623
755001,760000,1,L05-2,1,0,0,0,662,662
770001,775000,1,L05-2,1,0,0,0,479,479
780001,785000,1,L05-2,1,0,0,0,1280,1280
785001,790000,2,L05-2,1,0,0,0,344,344
795001,800000,3,L05-2,1,0,0,0,1644,1644
800001,805000,6,L05-2,1,0,0,0,4028,4028
805001,810000,4,L05-2,1,0,0,0,4942,4942
810001,815000,5,L05-2,1,0,0,0,3875,3875
815001,820000,2,L05-2,1,0,0,0,4441,4441
820001,825000,1,L05-2,1,0,0,0,1297,1297
825001,830000,1,L05-2,1,0,0,0,1718,1718
845001,850000,0,L05-2,1,1,0,0,0,2725
850001,855000,0,L05-2,1,1,1,0,0,368
930001,935000,1,L05-2,1,0,0,0,974,974
955001,960000,1,L05-2,1,0,0,0,273,273
960001,965000,2,L05-2,1,0,0,0,2545,2545
965001,970000,4,L05-2,1,0,0,0,2969,2969
970001,975000,2,L05-2,1,0,0,0,2761,2761
1005001,1010000,1,L05-2,1,0,0,0,113,113
1020001,1025000,1,L05-2,1,0,0,0,830,830
1025001,1030000,2,L05-2,1,0,0,0,1745,1745
1030001,1035000,1,L05-2,1,0,0,0,962,962
1065001,1070000,0,L05-2,1,0,2,0,0,0
1075001,1080000,2,L05-2,1,0,0,0,1323,1323
1080001,1085000,2,L05-2,1,0,0,0,1649,1649
1085001,1090000,1,L05-2,1,0,0,0,76,76
1160001,1165000,2,L05-2,1,0,0,0,1953,1953
1165001,1170000,4,L05-2,1,0,0,0,3284,3284
1170001,1175000,2,L05-2,1,0,0,0,2611,2611
1185001,1190000,1,L05-2,1,0,0,0,1538,1538
1190001,1195000,1,L05-2,1,0,0,0,84,84
1200001,1205000,1,L05-2,1,0,0,0,1664,1664
1205001,1210000,1,L05-2,1,0,0,0,530,530
1235001,1240000,0,L05-2,1,1,0,0,0,1114
1240001,1245000,0,L05-2,1,1,0,0,0,1977
1275001,1280000,0,L05-2,1,1,0,0,0,1206
1280001,1285000,0,L05-2,1,1,0,0,0,1886
1350001,1355000,0,L05-2,1,0,1,1,0,0
1420001,1425000,1,L05-2,1,0,0,0,218,218
1425001,1430000,1,L05-2,1,0,0,0,2399,2399
1430001,1435000,3,L05-2,1,0,0,0,3399,3399
1435001,1440000,1,L05-2,1,0,0,0,97,97
1455001,1460000,1,L05-2,1,0,0,0,1673,1673
1460001,1465000,2,L05-2,1,0,0,0,2731,2731
1465001,1470000,2,L05-2,1,0,0,0,2051,2051
1470001,1475000,3,L05-2,1,0,0,0,4992,4992
1475001,1480000,1,L05-2,1,0,0,0,161,161
1480001,1485000,1,L05-2,1,0,0,0,1400,1400
1510001,1515000,1,L05-2,1,0,0,0,518,518
1525001,1530000,1,L05-2,1,0,0,0,87,87
1600001,1605000,2,L05-2,1,0,0,0,2348,2348
1605001,1610000,2,L05-2,1,0,0,0,2692,2692
1610001,1615000,3,L05-2,1,0,0,0,1899,1899
1615001,1620000,2,L05-2,1,0,0,0,1642,1642
1630001,1635000,0,L05-2,1,0,1,1,0,0
1635001,1640000,2,L05-2,1,0,0,0,1570,1570
1640001,1645000,2,L05-2,1,0,0,0,1567,1567
1655001,1660000,1,L05-2,1,0,0,0,1106,1106
1690001,1695000,1,L05-2,1,0,0,0,16,16
1695001,1700000,4,L05-2,1,0,0,0,2434,2434
1700001,1705000,4,L05-2,1,0,0,0,3726,3726
1705001,1710000,1,L05-2,1,0,0,0,854,854
1765001,1770000,1,L05-2,1,0,0,0,2597,2597
1770001,1775000,1,L05-2,1,0,0,0,576,576
1775001,1780000,1,L05-2,1,0,0,0,14,14
1785001,1790000,1,L05-2,1,0,0,0,788,788
1855001,1860000,0,L05-2,1,1,0,0,0,242
1860001,1865000,0,L05-2,1,1,0,0,0,2849
1905001,1910000,0,L05-2,1,0,1,1,0,0
1915001,1920000,0,L05-2,1,0,1,0,0,0
1920001,1925000,0,L05-2,1,0,1,0,0,0
1935001,1940000,0,L05-2,1,1,0,0,0,1844
1940001,1945000,0,L05-2,1,1,0,0,0,1248
1950001,1955000,0,L05-2,1,0,1,0,0,0
1985001,1990000,1,L05-2,1,0,0,0,1274,1274
2010001,2015000,1,L05-2,1,0,0,0,640,640
2060001,2065000,0,L05-2,1,1,0,0,0,3092
2065001,2070000,1,L05-2,1,0,1,0,1463,1463
2070001,2075000,5,L05-2,1,0,0,0,4183,4183
2075001,2080000,1,L05-2,1,0,0,0,550,550
2095001,2100000,1,L05-2,1,0,0,0,827,827
2135001,2140000,1,L05-2,1,0,0,0,995,995
2140001,2145000,0,L05-2,1,0,2,0,0,0
2160001,2165000,1,L05-2,1,0,0,0,695,695
2220001,2225000,1,L05-2,1,0,0,0,1772,1772
2230001,2235000,1,L05-2,1,0,0,0,1733,1733
2240001,2245000,0,L05-2,1,0,1,1,0,0
2245001,2250000,3,L05-2,1,0,0,0,707,707
2355001,2360000,1,L05-2,1,0,0,0,177,177
2360001,2365000,1,L05-2,1,0,0,0,1856,1856
2370001,2375000,0,L05-2,1,0,1,1,0,0
2405001,2410000,1,L05-2,1,0,0,0,668,668
2445001,2450000,1,L05-2,1,0,0,0,104,104
2450001,2455000,1,L05-2,1,0,0,0,1656,1656
2495001,2500000,1,L05-2,1,0,0,0,1469,1469
2500001,2505000,1,L05-2,1,0,0,0,1158,1158
2505001,2510000,2,L05-2,1,0,0,0,3163,3163
2510001,2515000,1,L05-2,1,0,0,0,252,252
2525001,2530000,0,L05-2,1,1,0,0,0,3092
2550001,2555000,0,L05-2,1,0,1,0,0,0
2595001,2600000,2,L05-2,1,0,0,0,2182,2182
2605001,2610000,1,L05-2,1,0,0,0,1220,1220
2665001,2670000,1,L05-2,1,0,0,0,1415,1415
2675001,2680000,2,L05-2,1,0,0,0,3001,3001
2730001,2735000,1,L05-2,1,0,0,0,1127,1127
2735001,2740000,1,L05-2,1,0,0,0,878,878
2755001,2760000,1,L05-2,1,0,0,0,746,746
2775001,2780000,2,L05-2,1,0,0,0,2106,2106
2780001,2785000,2,L05-2,1,0,0,0,1758,1758
2800001,2805000,1,L05-2,1,0,0,0,803,803
2840001,2845000,3,L05-2,1,0,0,0,1889,1889
2845001,2850000,1,L05-2,1,0,0,0,370,370
2860001,2865000,1,L05-2,1,0,0,0,1355,1355
2875001,2880000,1,L05-2,1,0,0,0,737,737
2880001,2885000,2,L05-2,1,0,0,0,715,715
2885001,2890000,3,L05-2,1,0,0,0,2008,2008
2890001,2895000,2,L05-2,1,0,0,0,1471,1471
2920001,2925000,3,L05-2,1,0,0,0,932,932
2925001,2930000,1,L05-2,1,0,0,0,1974,1974
2975001,2980000,3,L05-2,1,0,0,0,1499,1499
2980001,2985000,0,L05-2,1,1,0,0,0,3093
2985001,2990000,0,L05-2,1,0,1,0,0,0
3010001,3015000,1,L05-2,1,0,0,0,748,748
3015001,3020000,2,L05-2,1,0,0,0,2187,2187
3070001,3075000,1,L05-2,1,0,0,0,875,875
3100001,3105000,0,L05-2,1,0,1,1,0,0
3135001,3140000,1,L05-2,1,0,0,0,1091,1091
3140001,3145000,1,L05-2,1,0,0,0,7,7
3170001,3175000,1,L05-2,1,0,0,0,1079,1079
3175001,3180000,1,L05-2,1,0,0,0,1163,1163
3190001,3195000,1,L05-2,1,0,0,0,1154,1154
3195001,3200000,1,L05-2,1,0,0,0,416,416
3210001,3215000,0,L05-2,1,1,0,0,0,1404
3215001,3220000,0,L05-2,1,1,0,0,0,1689
3230001,3235000,2,L05-2,1,0,0,0,2167,2167
3235001,3240000,1,L05-2,1,0,0,0,828,828
3240001,3245000,1,L05-2,1,0,0,0,1641,1641
3245001,3250000,1,L05-2,1,0,0,0,251,251
3250001,3255000,1,L05-2,1,0,0,0,653,653
3260001,3265000,1,L05-2,1,0,0,0,171,171
3265001,3270000,2,L05-2,1,0,0,0,1435,1435
3270001,3275000,2,L05-2,1,0,0,0,1969,1969
3275001,3280000,2,L05-2,1,0,0,0,2629,2629
3280001,3285000,0,L05-2,1,0,1,0,0,0
3330001,3335000,1,L05-2,1,0,0,0,376,376
3375001,3380000,2,L05-2,1,0,0,0,3709,3709
3380001,3385000,2,L05-2,1,0,0,0,454,454
3385001,3390000,3,L05-2,1,0,0,0,3353,3353
3390001,3395000,1,L05-2,1,0,0,0,1172,1172
3395001,3400000,4,L05-2,1,0,0,0,2798,2798
3405001,3410000,4,L05-2,1,0,0,0,2389,2389
3435001,3440000,3,L05-2,1,0,0,0,1177,1177
3440001,3445000,1,L05-2,1,0,0,0,710,710
3455001,3460000,3,L05-2,1,0,0,0,2634,2634
3460001,3465000,2,L05-2,1,0,0,0,1819,1819
3475001,3480000,0,L05-2,1,1,1,0,0,3092
3480001,3485000,0,L05-2,1,0,1,0,0,0
3490001,3495000,3,L05-2,1,0,0,0,1328,1328
3495001,3500000,1,L05-2,1,0,0,0,699,699
3500001,3505000,7,L05-2,1,0,0,0,4426,4426
3505001,3510000,14,L05-2,1,0,0,0,4701,4701
3510001,3515000,8,L05-2,1,0,0,0,3695,3695
3515001,3520000,3,L05-2,1,0,0,0,3027,3027
3555001,3560000,1,L05-2,1,0,0,0,1004,1004
3570001,3575000,1,L05-2,1,0,0,0,2135,2135
3615001,3620000,1,L05-2,1,0,0,0,1103,1103
3640001,3645000,4,L05-2,1,0,0,0,4065,4065
3750001,3755000,2,L05-2,1,0,0,0,2515,2515
3755001,3760000,1,L05-2,1,0,0,0,465,465
3800001,3805000,1,L05-2,1,0,0,0,465,465
3805001,3810000,1,L05-2,1,0,0,0,554,554
3830001,3835000,4,L05-2,1,0,0,0,2374,2374
3835001,3840000,2,L05-2,1,0,0,0,1273,1273
3840001,3845000,2,L05-2,1,0,0,0,1419,1419
3845001,3850000,1,L05-2,1,0,0,0,1312,1312
3895001,3900000,1,L05-2,1,0,0,0,496,496
3900001,3905000,3,L05-2,1,0,0,0,3893,3893
3905001,3910000,4,L05-2,1,0,0,0,2672,2672
3930001,3935000,1,L05-2,1,0,0,0,1366,1366
3935001,3940000,2,L05-2,1,0,0,0,1833,1833
20001,25000,1,L05-2,2,0,0,0,75,75
40001,45000,1,L05-2,2,0,0,0,1258,1258
55001,60000,3,L05-2,2,0,0,0,228,228
60001,65000,2,L05-2,2,0,0,0,1661,1661
65001,70000,1,L05-2,2,0,0,0,16,16
105001,110000,1,L05-2,2,0,0,0,545,545
115001,120000,0,L05-2,2,1,0,0,0,1767
120001,125000,1,L05-2,2,1,0,0,2715,4040
125001,130000,2,L05-2,2,0,0,0,667,667
135001,140000,0,L05-2,2,0,1,1,0,0
195001,200000,2,L05-2,2,0,0,0,1033,1033
200001,205000,1,L05-2,2,0,0,0,2124,2124
240001,245000,1,L05-2,2,0,0,0,857,857
245001,250000,3,L05-2,2,0,0,0,2601,2601
250001,255000,5,L05-2,2,0,0,0,1416,1416
255001,260000,3,L05-2,2,0,0,0,4304,4304
260001,265000,2,L05-2,2,0,0,0,4809,4809
325001,330000,2,L05-2,2,0,0,0,1519,1519
330001,335000,2,L05-2,2,0,0,0,2384,2384
335001,340000,1,L05-2,2,0,0,0,377,377
340001,345000,1,L05-2,2,0,0,0,1038,1038
345001,350000,1,L05-2,2,0,0,0,536,536
445001,450000,2,L05-2,2,0,0,0,1939,1939
450001,455000,1,L05-2,2,0,0,0,566,566
460001,465000,1,L05-2,2,0,0,0,416,416
465001,470000,3,L05-2,2,0,0,0,2149,2149
470001,475000,1,L05-2,2,0,0,0,461,461
485001,490000,0,L05-2,2,1,0,0,0,3093
500001,505000,1,L05-2,2,0,0,0,227,227
525001,530000,1,L05-2,2,0,0,0,530,530
555001,560000,1,L05-2,2,0,0,0,734,734
560001,565000,2,L05-2,2,0,0,0,2619,2619
565001,570000,2,L05-2,2,0,0,0,1684,1684
580001,585000,2,L05-2,2,0,0,0,1034,1034
585001,590000,1,L05-2,2,0,0,0,242,242
640001,645000,2,L05-2,2,0,0,0,3353,3353
645001,650000,4,L05-2,2,0,0,0,2669,2669
670001,675000,2,L05-2,2,0,0,0,528,528
675001,680000,1,L05-2,2,0,0,0,2305,2305
710001,715000,4,L05-2,2,0,0,0,3759,3759
715001,720000,5,L05-2,2,0,0,0,4997,4997
720001,725000,4,L05-2,2,0,0,0,4031,4031
725001,730000,5,L05-2,2,0,0,0,4546,4546
730001,735000,2,L05-2,2,0,0,0,1795,1795
760001,765000,1,L05-2,2,0,0,0,662,662
775001,780000,1,L05-2,2,0,0,0,479,479
785001,790000,1,L05-2,2,0,0,0,1280,1280
790001,795000,1,L05-2,2,0,0,0,344,344
795001,800000,1,L05-2,2,0,0,0,602,602
800001,805000,3,L05-2,2,0,0,0,1741,1741
805001,810000,6,L05-2,2,0,0,0,4138,4138
810001,815000,3,L05-2,2,0,0,0,4592,4592
815001,820000,5,L05-2,2,0,0,0,4016,4016
820001,825000,2,L05-2,2,0,0,0,3841,3841
825001,830000,1,L05-2,2,0,0,0,1298,1298
830001,835000,1,L05-2,2,0,0,0,1718,1718
850001,855000,0,L05-2,2,1,0,0,0,3092
880001,885000,0,L05-2,2,0,1,0,0,0
885001,890000,0,L05-2,2,0,1,1,0,0
930001,935000,1,L05-2,2,0,0,0,974,974
960001,965000,2,L05-2,2,0,0,0,2554,2554
965001,970000,4,L05-2,2,0,0,0,1912,1912
970001,975000,4,L05-2,2,0,0,0,3193,3193
975001,980000,1,L05-2,2,0,0,0,889,889
1010001,1015000,1,L05-2,2,0,0,0,113,113
1025001,1030000,1,L05-2,2,0,0,0,1931,1931
1030001,1035000,2,L05-2,2,0,0,0,1606,1606
1070001,1075000,0,L05-2,2,1,0,0,0,3092
1080001,1085000,2,L05-2,2,0,0,0,961,961
1085001,1090000,2,L05-2,2,0,0,0,2012,2012
1090001,1095000,1,L05-2,2,0,0,0,76,76
1165001,1170000,2,L05-2,2,0,0,0,1590,1590
1170001,1175000,4,L05-2,2,0,0,0,3283,3283
1175001,1180000,2,L05-2,2,0,0,0,2975,2975
1180001,1185000,0,L05-2,2,0,1,1,0,0
1190001,1195000,1,L05-2,2,0,0,0,1538,1538
1195001,1200000,1,L05-2,2,0,0,0,84,84
1205001,1210000,1,L05-2,2,0,0,0,1664,1664
1210001,1215000,1,L05-2,2,0,0,0,530,530
1280001,1285000,0,L05-2,2,1,0,0,0,3100
1295001,1300000,0,L05-2,2,1,1,0,0,3093
1340001,1345000,0,L05-2,2,1,0,0,0,431
1345001,1350000,0,L05-2,2,1,0,0,0,2661
1420001,1425000,1,L05-2,2,0,0,0,788,788
1430001,1435000,1,L05-2,2,0,0,0,590,590
1435001,1440000,1,L05-2,2,0,0,0,2083,2083
1440001,1445000,1,L05-2,2,0,0,0,514,514
1475001,1480000,0,L05-2,2,0,1,1,0,0
1500001,1505000,3,L05-2,2,0,0,0,2419,2419
1505001,1510000,5,L05-2,2,0,0,0,4027,4027
1510001,1515000,1,L05-2,2,0,0,0,583,583
1550001,1555000,1,L05-2,2,0,0,0,1106,1106
1565001,1570000,3,L05-2,2,0,0,0,3137,3137
1570001,1575000,0,L05-2,2,1,0,0,0,227
1575001,1580000,0,L05-2,2,1,0,0,0,2866
1590001,1595000,2,L05-2,2,0,0,0,1641,1641
1595001,1600000,3,L05-2,2,0,0,0,1899,1899
1600001,1605000,2,L05-2,2,0,0,0,2173,2173
1605001,1610000,2,L05-2,2,0,0,0,2867,2867
1680001,1685000,1,L05-2,2,0,0,0,87,87
1695001,1700000,1,L05-2,2,0,0,0,325,325
1700001,1705000,1,L05-2,2,0,0,0,193,193
1725001,1730000,1,L05-2,2,0,0,0,1400,1400
1735001,1740000,2,L05-2,2,0,0,0,4646,4646
1740001,1745000,3,L05-2,2,0,0,0,2271,2271
1745001,1750000,3,L05-2,2,0,0,0,3019,3019
1750001,1755000,1,L05-2,2,0,0,0,1673,1673
1775001,1780000,3,L05-2,2,0,0,0,2979,2979
1780001,1785000,1,L05-2,2,0,0,0,2916,2916
1785001,1790000,1,L05-2,2,0,0,0,218,218
1840001,1845000,0,L05-2,2,0,1,0,0,0
1855001,1860000,0,L05-2,2,1,0,0,0,3093
1930001,1935000,0,L05-2,2,1,0,0,0,3093
1950001,1955000,0,L05-2,2,1,0,0,0,1602
1955001,1960000,0,L05-2,2,1,0,0,0,1490
1975001,1980000,0,L05-2,2,1,0,0,0,3093
1995001,2000000,0,L05-2,2,1,0,0,0,3093
2030001,2035000,1,L05-2,2,0,0,0,1274,1274
2055001,2060000,1,L05-2,2,0,0,0,641,641
2075001,2080000,0,L05-2,2,0,1,0,0,0
2085001,2090000,0,L05-2,2,0,1,0,0,0
2105001,2110000,0,L05-2,2,1,0,0,0,1755
2110001,2115000,1,L05-2,2,1,0,0,379,1716
2115001,2120000,5,L05-2,2,0,0,0,4183,4183
2120001,2125000,1,L05-2,2,0,0,0,1634,1634
2140001,2145000,1,L05-2,2,0,0,0,827,827
2155001,2160000,0,L05-2,2,0,1,1,0,0
2180001,2185000,1,L05-2,2,0,0,0,995,995
2185001,2190000,0,L05-2,2,1,1,0,0,415
2190001,2195000,0,L05-2,2,1,0,0,0,2679
2210001,2215000,1,L05-2,2,0,0,0,695,695
2265001,2270000,1,L05-2,2,0,0,0,1054,1054
2270001,2275000,1,L05-2,2,0,0,0,718,718
2280001,2285000,1,L05-2,2,0,0,0,1733,1733
2285001,2290000,0,L05-2,2,1,0,0,0,91
2290001,2295000,0,L05-2,2,1,1,0,0,3001
2295001,2300000,3,L05-2,2,0,0,0,707,707
2410001,2415000,1,L05-2,2,0,0,0,2033,2033
2425001,2430000,0,L05-2,2,1,0,0,0,4424
2460001,2465000,1,L05-2,2,0,0,0,300,300
2465001,2470000,1,L05-2,2,0,0,0,368,368
2505001,2510000,1,L05-2,2,0,0,0,1760,1760
2550001,2555000,1,L05-2,2,0,0,0,275,275
2555001,2560000,1,L05-2,2,0,0,0,2352,2352
2560001,2565000,1,L05-2,2,0,0,0,2203,2203
2565001,2570000,2,L05-2,2,0,0,0,1212,1212
2580001,2585000,0,L05-2,2,1,0,0,0,2778
2585001,2590000,0,L05-2,2,1,0,0,0,315
2625001,2630000,2,L05-2,2,0,0,0,2182,2182
2635001,2640000,1,L05-2,2,0,0,0,1220,1220
2665001,2670000,0,L05-2,2,0,2,0,0,0
2695001,2700000,1,L05-2,2,0,0,0,1415,1415
2705001,2710000,2,L05-2,2,0,0,0,2999,2999
2760001,2765000,1,L05-2,2,0,0,0,1127,1127
2765001,2770000,1,L05-2,2,0,0,0,474,474
2770001,2775000,1,L05-2,2,0,0,0,404,404
2785001,2790000,1,L05-2,2,0,0,0,746,746
2805001,2810000,2,L05-2,2,0,0,0,1531,1531
2810001,2815000,2,L05-2,2,0,0,0,2333,2333
2830001,2835000,1,L05-2,2,0,0,0,803,803
2870001,2875000,3,L05-2,2,0,0,0,1312,1312
2875001,2880000,1,L05-2,2,0,0,0,947,947
2890001,2895000,1,L05-2,2,0,0,0,1355,1355
2905001,2910000,1,L05-2,2,0,0,0,737,737
2910001,2915000,1,L05-2,2,0,0,0,180,180
2915001,2920000,4,L05-2,2,0,0,0,2543,2543
2920001,2925000,2,L05-2,2,0,0,0,1471,1471
2950001,2955000,3,L05-2,2,0,0,0,352,352
2955001,2960000,1,L05-2,2,0,0,0,2555,2555
3005001,3010000,3,L05-2,2,0,0,0,1500,1500
3010001,3015000,0,L05-2,2,1,0,0,0,3092
3015001,3020000,0,L05-2,2,1,0,0,0,0
3025001,3030000,2,L05-2,2,0,0,0,1819,1819
3030001,3035000,3,L05-2,2,0,0,0,2634,2634
3045001,3050000,1,L05-2,2,0,0,0,653,653
3050001,3055000,3,L05-2,2,0,0,0,1234,1234
3080001,3085000,4,L05-2,2,0,0,0,2389,2389
3090001,3095000,4,L05-2,2,0,0,0,2798,2798
3095001,3100000,1,L05-2,2,0,0,0,1172,1172
3100001,3105000,3,L05-2,2,0,0,0,3302,3302
3105001,3110000,2,L05-2,2,0,0,0,454,454
3110001,3115000,2,L05-2,2,0,0,0,3760,3760
3155001,3160000,1,L05-2,2,0,0,0,374,374
3165001,3170000,0,L05-2,2,0,1,1,0,0
3205001,3210000,0,L05-2,2,1,0,0,0,867
3210001,3215000,0,L05-2,2,1,0,0,0,3557
3220001,3225000,0,L05-2,2,0,1,0,0,0
3240001,3245000,2,L05-2,2,0,0,0,2935,2935
3295001,3300000,1,L05-2,2,0,0,0,764,764
3300001,3305000,1,L05-2,2,0,0,0,111,111
3325001,3330000,0,L05-2,2,1,0,0,0,157
3330001,3335000,0,L05-2,2,1,0,0,0,2934
3365001,3370000,1,L05-2,2,0,0,0,1098,1098
3400001,3405000,2,L05-2,2,0,0,0,1330,1330
3405001,3410000,1,L05-2,2,0,0,0,912,912
3415001,3420000,1,L05-2,2,0,0,0,5,5
3420001,3425000,1,L05-2,2,0,0,0,1149,1149
3425001,3430000,1,L05-2,2,0,0,0,416,416
3430001,3435000,0,L05-2,2,0,2,0,0,0
3440001,3445000,0,L05-2,2,1,0,0,0,1840
3445001,3450000,0,L05-2,2,1,0,0,0,1253
3460001,3465000,2,L05-2,2,0,0,0,2602,2602
3465001,3470000,1,L05-2,2,0,0,0,393,393
3470001,3475000,1,L05-2,2,0,0,0,1892,1892
3480001,3485000,1,L05-2,2,0,0,0,653,653
3490001,3495000,1,L05-2,2,0,0,0,607,607
3495001,3500000,2,L05-2,2,0,0,0,999,999
3500001,3505000,2,L05-2,2,0,0,0,2404,2404
3505001,3510000,2,L05-2,2,0,0,0,2195,2195
3510001,3515000,0,L05-2,2,1,0,0,0,3092
3520001,3525000,2,L05-2,2,0,0,0,889,889
3525001,3530000,2,L05-2,2,0,0,0,1138,1138
3530001,3535000,6,L05-2,2,0,0,0,3979,3979
3535001,3540000,14,L05-2,2,0,0,0,4706,4706
3540001,3545000,9,L05-2,2,0,0,0,4137,4137
3545001,3550000,3,L05-2,2,0,0,0,3027,3027
3585001,3590000,1,L05-2,2,0,0,0,1004,1004
3600001,3605000,1,L05-2,2,0,0,0,2135,2135
3645001,3650000,1,L05-2,2,0,0,0,1103,1103
3670001,3675000,4,L05-2,2,0,0,0,3668,3668
3675001,3680000,1,L05-2,2,0,0,0,397,397
3725001,3730000,0,L05-2,2,0,1,1,0,0
3780001,3785000,2,L05-2,2,0,0,0,2069,2069
3785001,3790000,2,L05-2,2,0,0,0,911,911
3830001,3835000,1,L05-2,2,0,0,0,13,13
3835001,3840000,1,L05-2,2,0,0,0,1006,1006
3860001,3865000,3,L05-2,2,0,0,0,1992,1992
3865001,3870000,2,L05-2,2,0,0,0,1655,1655
3870001,3875000,2,L05-2,2,0,0,0,972,972
3875001,3880000,1,L05-2,2,0,0,0,1759,1759
3925001,3930000,1,L05-2,2,0,0,0,46,46
3930001,3935000,3,L05-2,2,0,0,0,3893,3893
20001,25000,1,L05-3,1,0,0,0,75,75
40001,45000,1,L05-3,1,0,0,0,1259,1259
45001,50000,0,L05-3,1,0,1,1,0,0
55001,60000,3,L05-3,1,0,0,0,228,228
60001,65000,2,L05-3,1,0,0,0,1660,1660
65001,70000,1,L05-3,1,0,0,0,18,18
105001,110000,1,L05-3,1,0,0,0,545,545
120001,125000,2,L05-3,1,0,0,0,3382,3382
195001,200000,2,L05-3,1,0,0,0,2102,2102
200001,205000,1,L05-3,1,0,0,0,1055,1055
235001,240000,1,L05-3,1,0,0,0,326,326
240001,245000,1,L05-3,1,0,0,0,531,531
245001,250000,5,L05-3,1,0,0,0,3089,3089
250001,255000,5,L05-3,1,0,0,0,1619,1619
255001,260000,3,L05-3,1,0,0,0,4603,4603
260001,265000,1,L05-3,1,0,0,0,3819,3819
325001,330000,2,L05-3,1,0,0,0,2583,2583
330001,335000,2,L05-3,1,0,0,0,1320,1320
335001,340000,1,L05-3,1,0,0,0,1415,1415
345001,350000,1,L05-3,1,0,0,0,536,536
440001,445000,1,L05-3,1,0,0,0,186,186
445001,450000,3,L05-3,1,0,1,1,1928,1928
450001,455000,1,L05-3,1,0,0,0,391,391
460001,465000,2,L05-3,1,0,0,0,1386,1386
465001,470000,3,L05-3,1,0,0,0,1470,1470
470001,475000,1,L05-3,1,0,0,0,170,170
495001,500000,1,L05-3,1,0,0,0,40,40
500001,505000,1,L05-3,1,0,0,0,187,187
520001,525000,1,L05-3,1,0,0,0,530,530
555001,560000,1,L05-3,1,0,0,0,2855,2855
560001,565000,2,L05-3,1,0,0,0,2182,2182
575001,580000,1,L05-3,1,0,0,0,208,208
580001,585000,2,L05-3,1,0,0,0,1068,1068
635001,640000,2,L05-3,1,0,0,0,2522,2522
640001,645000,4,L05-3,1,0,0,0,3277,3277
645001,650000,1,L05-3,1,0,0,0,223,223
665001,670000,1,L05-3,1,0,0,0,479,479
670001,675000,1,L05-3,1,0,0,0,2354,2354
705001,710000,3,L05-3,1,0,0,0,2930,2930
710001,715000,5,L05-3,1,0,0,0,4997,4997
715001,720000,5,L05-3,1,0,0,0,4031,4031
720001,725000,6,L05-3,1,0,0,0,4546,4546
725001,730000,2,L05-3,1,0,0,0,2623,2623
755001,760000,1,L05-3,1,0,0,0,662,662
770001,775000,1,L05-3,1,0,0,0,479,479
780001,785000,1,L05-3,1,0,0,0,1280,1280
785001,790000,2,L05-3,1,0,0,0,344,344
795001,800000,3,L05-3,1,0,0,0,1644,1644
800001,805000,6,L05-3,1,0,0,0,4028,4028
805001,810000,4,L05-3,1,0,0,0,4942,4942
810001,815000,5,L05-3,1,0,0,0,3875,3875
815001,820000,2,L05-3,1,0,0,0,4441,4441
820001,825000,1,L05-3,1,0,0,0,1297,1297
825001,830000,1,L05-3,1,0,0,0,1718,1718
845001,850000,0,L05-3,1,1,0,0,0,2725
850001,855000,0,L05-3,1,1,0,0,0,368
930001,935000,1,L05-3,1,0,0,0,974,974
955001,960000,1,L05-3,1,0,0,0,273,273
960001,965000,2,L05-3,1,0,0,0,2545,2545
965001,970000,4,L05-3,1,0,0,0,2969,2969
970001,975000,2,L05-3,1,0,0,0,2761,2761
1005001,1010000,1,L05-3,1,0,0,0,113,113
1020001,1025000,1,L05-3,1,0,0,0,830,830
1025001,1030000,2,L05-3,1,0,0,0,1745,1745
1030001,1035000,1,L05-3,1,0,0,0,962,962
1075001,1080000,2,L05-3,1,0,0,0,1323,1323
1080001,1085000,2,L05-3,1,0,0,0,1649,1649
1085001,1090000,1,L05-3,1,0,0,0,76,76
1160001,1165000,2,L05-3,1,0,0,0,1953,1953
1165001,1170000,4,L05-3,1,0,0,0,3284,3284
1170001,1175000,2,L05-3,1,0,0,0,2611,2611
1185001,1190000,1,L05-3,1,0,0,0,1538,1538
1190001,1195000,1,L05-3,1,0,0,0,84,84
1200001,1205000,1,L05-3,1,0,0,0,1664,1664
1205001,1210000,1,L05-3,1,0,0,0,530,530
1235001,1240000,0,L05-3,1,1,0,0,0,1114
1240001,1245000,0,L05-3,1,1,0,0,0,1977
1275001,1280000,0,L05-3,1,1,0,0,0,1206
1280001,1285000,0,L05-3,1,1,0,0,0,1886
1420001,1425000,1,L05-3,1,0,0,0,218,218
1425001,1430000,1,L05-3,1,0,0,0,2399,2399
1430001,1435000,3,L05-3,1,0,0,0,3399,3399
1435001,1440000,1,L05-3,1,0,0,0,97,97
1455001,1460000,1,L05-3,1,0,0,0,1673,1673
1460001,1465000,2,L05-3,1,0,0,0,2731,2731
1465001,1470000,2,L05-3,1,0,0,0,2051,2051
1470001,1475000,3,L05-3,1,0,0,0,4992,4992
1475001,1480000,1,L05-3,1,0,0,0,161,161
1480001,1485000,1,L05-3,1,0,0,0,1400,1400
1510001,1515000,1,L05-3,1,0,0,0,518,518
1525001,1530000,1,L05-3,1,0,0,0,87,87
1600001,1605000,2,L05-3,1,0,0,0,2348,2348
1605001,1610000,2,L05-3,1,0,0,0,2692,2692
1610001,1615000,3,L05-3,1,0,0,0,1899,1899
1615001,1620000,2,L05-3,1,0,0,0,1642,1642
1635001,1640000,2,L05-3,1,0,0,0,1570,1570
1640001,1645000,2,L05-3,1,0,0,0,1567,1567
1655001,1660000,1,L05-3,1,0,0,0,1106,1106
1660001,1665000,0,L05-3,1,0,1,1,0,0
1690001,1695000,1,L05-3,1,0,0,0,16,16
1695001,1700000,4,L05-3,1,0,0,0,2434,2434
1700001,1705000,4,L05-3,1,0,0,0,3726,3726
1705001,1710000,1,L05-3,1,0,0,0,854,854
1765001,1770000,1,L05-3,1,0,0,0,2597,2597
1770001,1775000,1,L05-3,1,0,0,0,576,576
1775001,1780000,1,L05-3,1,0,0,0,14,14
1785001,1790000,1,L05-3,1,0,0,0,788,788
1805001,1810000,0,L05-3,1,0,1,0,0,0
1855001,1860000,0,L05-3,1,1,0,0,0,242
1860001,1865000,0,L05-3,1,1,0,0,0,2849
1895001,1900000,0,L05-3,1,0,2,0,0,0
1935001,1940000,0,L05-3,1,1,0,0,0,1844
1940001,1945000,0,L05-3,1,1,0,0,0,1248
1960001,1965000,0,L05-3,1,0,1,0,0,0
1985001,1990000,1,L05-3,1,0,0,0,1274,1274
2010001,2015000,1,L05-3,1,0,0,0,640,640
2055001,2060000,0,L05-3,1,0,1,0,0,0
2060001,2065000,0,L05-3,1,1,0,0,0,3092
2065001,2070000,1,L05-3,1,0,1,0,1463,1463
2070001,2075000,5,L05-3,1,0,0,0,4183,4183
2075001,2080000,1,L05-3,1,0,0,0,550,550
2095001,2100000,1,L05-3,1,0,0,0,827,827
2135001,2140000,1,L05-3,1,0,0,0,995,995
2160001,2165000,1,L05-3,1,0,0,0,695,695
2220001,2225000,1,L05-3,1,0,0,0,1772,1772
2230001,2235000,1,L05-3,1,0,0,0,1733,1733
2240001,2245000,0,L05-3,1,0,1,1,0,0
2245001,2250000,3,L05-3,1,0,0,0,707,707
2355001,2360000,1,L05-3,1,0,0,0,177,177
2360001,2365000,1,L05-3,1,0,0,0,1856,1856
2400001,2405000,0,L05-3,1,0,1,1,0,0
2405001,2410000,1,L05-3,1,0,0,0,668,668
2445001,2450000,1,L05-3,1,0,0,0,104,104
2450001,2455000,1,L05-3,1,0,0,0,1656,1656
2495001,2500000,1,L05-3,1,0,0,0,1469,1469
2500001,2505000,1,L05-3,1,0,0,0,1158,1158
2505001,2510000,2,L05-3,1,0,0,0,3163,3163
2510001,2515000,1,L05-3,1,0,0,0,252,252
2525001,2530000,0,L05-3,1,1,0,0,0,3092
2550001,2555000,0,L05-3,1,0,1,0,0,0
2595001,2600000,2,L05-3,1,0,0,0,2182,2182
2605001,2610000,1,L05-3,1,0,0,0,1220,1220
2665001,2670000,1,L05-3,1,0,0,0,1415,1415
2675001,2680000,2,L05-3,1,0,0,0,3001,3001
2730001,2735000,1,L05-3,1,0,0,0,1127,1127
2735001,2740000,1,L05-3,1,0,0,0,878,878
2755001,2760000,1,L05-3,1,0,0,0,746,746
2775001,2780000,2,L05-3,1,0,0,0,2106,2106
2780001,2785000,2,L05-3,1,0,0,0,1758,1758
2800001,2805000,1,L05-3,1,0,0,0,803,803
2840001,2845000,3,L05-3,1,0,0,0,1889,1889
2845001,2850000,1,L05-3,1,0,0,0,370,370
2860001,2865000,1,L05-3,1,0,0,0,1355,1355
2875001,2880000,1,L05-3,1,0,0,0,737,737
2880001,2885000,2,L05-3,1,0,0,0,715,715
2885001,2890000,3,L05-3,1,0,0,0,2008,2008
2890001,2895000,2,L05-3,1,0,0,0,1471,1471
2920001,2925000,3,L05-3,1,0,0,0,932,932
2925001,2930000,1,L05-3,1,0,0,0,1974,1974
2975001,2980000,3,L05-3,1,0,0,0,1499,1499
2980001,2985000,0,L05-3,1,1,0,0,0,3093
3010001,3015000,1,L05-3,1,0,0,0,748,748
3015001,3020000,2,L05-3,1,0,0,0,2187,2187
3030001,3035000,0,L05-3,1,0,1,1,0,0
3070001,3075000,1,L05-3,1,0,0,0,875,875
3135001,3140000,1,L05-3,1,0,0,0,1091,1091
3140001,3145000,1,L05-3,1,0,0,0,7,7
3170001,3175000,1,L05-3,1,0,0,0,1079,1079
3175001,3180000,1,L05-3,1,0,0,0,1163,1163
3190001,3195000,1,L05-3,1,0,0,0,1154,1154
3195001,3200000,1,L05-3,1,0,0,0,416,416
3210001,3215000,0,L05-3,1,1,0,0,0,1404
3215001,3220000,0,L05-3,1,1,0,0,0,1689
3230001,3235000,2,L05-3,1,0,0,0,2167,2167
3235001,3240000,1,L05-3,1,0,0,0,828,828
3240001,3245000,1,L05-3,1,0,0,0,1641,1641
3245001,3250000,1,L05-3,1,0,0,0,251,251
3250001,3255000,1,L05-3,1,0,0,0,653,653
3260001,3265000,1,L05-3,1,0,0,0,171,171
3265001,3270000,2,L05-3,1,0,0,0,1435,1435
3270001,3275000,2,L05-3,1,0,0,0,1969,1969
3275001,3280000,2,L05-3,1,0,0,0,2629,2629
3330001,3335000,1,L05-3,1,0,0,0,376,376
3375001,3380000,2,L05-3,1,0,0,0,3709,3709
3380001,3385000,2,L05-3,1,0,0,0,454,454
3385001,3390000,3,L05-3,1,0,0,0,3353,3353
3390001,3395000,1,L05-3,1,0,0,0,1172,1172
3395001,3400000,4,L05-3,1,0,0,0,2798,2798
3405001,3410000,4,L05-3,1,0,0,0,2389,2389
3435001,3440000,3,L05-3,1,0,0,0,1177,1177
3440001,3445000,1,L05-3,1,0,0,0,710,710
3455001,3460000,3,L05-3,1,0,0,0,2634,2634
3460001,3465000,2,L05-3,1,0,0,0,1819,1819
3465001,3470000,0,L05-3,1,0,1,0,0,0
3475001,3480000,0,L05-3,1,1,1,0,0,3092
3490001,3495000,3,L05-3,1,0,0,0,1328,1328
3495001,3500000,1,L05-3,1,0,0,0,699,699
3500001,3505000,7,L05-3,1,0,0,0,4426,4426
3505001,3510000,14,L05-3,1,0,0,0,4701,4701
3510001,3515000,8,L05-3,1,0,0,0,3695,3695
3515001,3520000,3,L05-3,1,0,0,0,3027,3027
3555001,3560000,1,L05-3,1,0,0,0,1004,1004
3570001,3575000,1,L05-3,1,0,0,0,2135,2135
3615001,3620000,1,L05-3,1,0,0,0,1103,1103
3640001,3645000,4,L05-3,1,0,0,0,4065,4065
3715001,3720000,0,L05-3,1,0,1,1,0,0
3750001,3755000,2,L05-3,1,0,0,0,2515,2515
3755001,3760000,1,L05-3,1,0,0,0,465,465
3800001,3805000,1,L05-3,1,0,0,0,465,465
3805001,3810000,1,L05-3,1,0,0,0,554,554
3830001,3835000,4,L05-3,1,0,0,0,2374,2374
3835001,3840000,2,L05-3,1,0,0,0,1273,1273
3840001,3845000,2,L05-3,1,0,0,0,1419,1419
3845001,3850000,1,L05-3,1,0,0,0,1312,1312
20001,25000,1,L05-3,2,0,0,0,75,75
40001,45000,1,L05-3,2,0,0,0,1259,1259
45001,50000,0,L05-3,2,1,0,0,0,1618
50001,55000,0,L05-3,2,1,0,0,0,1476
55001,60000,2,L05-3,2,0,0,0,152,152
60001,65000,1,L05-3,2,0,0,0,76,76
65001,70000,2,L05-3,2,0,0,0,1676,1676
105001,110000,0,L05-3,2,0,2,0,0,0
110001,115000,1,L05-3,2,0,0,0,545,545
120001,125000,1,L05-3,2,0,0,0,675,675
125001,130000,2,L05-3,2,0,0,0,2706,2706
140001,145000,0,L05-3,2,0,1,0,0,0
155001,160000,0,L05-3,2,0,1,0,0,0
195001,200000,1,L05-3,2,0,0,0,259,259
200001,205000,2,L05-3,2,0,0,0,2898,2898
240001,245000,1,L05-3,2,0,0,0,857,857
245001,250000,1,L05-3,2,0,0,0,584,584
250001,255000,6,L05-3,2,0,0,0,2788,2788
255001,260000,5,L05-3,2,0,0,0,2903,2903
260001,265000,2,L05-3,2,0,0,0,4923,4923
265001,270000,1,L05-3,2,0,0,0,1932,1932
330001,335000,3,L05-3,2,0,0,0,3797,3797
335001,340000,1,L05-3,2,0,0,0,106,106
340001,345000,1,L05-3,2,0,0,0,1415,1415
350001,355000,1,L05-3,2,0,0,0,536,536
445001,450000,2,L05-3,2,0,0,0,1939,1939
450001,455000,0,L05-3,2,1,0,0,0,3092
455001,460000,1,L05-3,2,0,0,0,566,566
465001,470000,1,L05-3,2,0,0,0,248,248
470001,475000,3,L05-3,2,0,0,0,2317,2317
475001,480000,1,L05-3,2,0,0,0,461,461
505001,510000,1,L05-3,2,0,0,0,227,227
525001,530000,1,L05-3,2,0,0,0,530,530
530001,535000,1,L05-3,2,0,0,0,0,0
560001,565000,1,L05-3,2,0,0,0,2855,2855
565001,570000,2,L05-3,2,0,0,0,2181,2181
585001,590000,2,L05-3,2,0,0,0,1276,1276
640001,645000,2,L05-3,2,0,0,0,1297,1297
645001,650000,3,L05-3,2,0,0,0,3904,3904
650001,655000,1,L05-3,2,0,0,0,821,821
670001,675000,1,L05-3,2,0,0,0,479,479
675001,680000,1,L05-3,2,0,0,0,2354,2354
710001,715000,2,L05-3,2,0,0,0,1705,1705
715001,720000,5,L05-3,2,0,0,0,4997,4997
720001,725000,4,L05-3,2,0,0,0,4433,4433
725001,730000,5,L05-3,2,0,0,0,4205,4205
730001,735000,3,L05-3,2,0,0,0,3323,3323
735001,740000,1,L05-3,2,0,0,0,466,466
760001,765000,1,L05-3,2,0,0,0,662,662
775001,780000,1,L05-3,2,0,0,0,479,479
785001,790000,1,L05-3,2,0,0,0,66,66
790001,795000,2,L05-3,2,0,0,0,1558,1558
800001,805000,1,L05-3,2,0,0,0,824,824
805001,810000,6,L05-3,2,0,0,0,3801,3801
810001,815000,5,L05-3,2,0,0,0,4759,4759
815001,820000,5,L05-3,2,0,0,0,4280,4280
820001,825000,3,L05-3,2,0,0,0,4357,4357
825001,830000,2,L05-3,2,0,0,0,2208,2208
830001,835000,1,L05-3,2,0,0,0,1619,1619
835001,840000,1,L05-3,2,0,0,0,99,99
850001,855000,0,L05-3,2,1,0,0,0,1499
855001,860000,0,L05-3,2,1,1,0,0,1593
935001,940000,1,L05-3,2,0,0,0,974,974
965001,970000,2,L05-3,2,0,0,0,2818,2818
970001,975000,4,L05-3,2,0,0,0,2968,2968
975001,980000,2,L05-3,2,0,0,0,2761,2761
1010001,1015000,1,L05-3,2,0,0,0,113,113
1030001,1035000,1,L05-3,2,0,0,0,1931,1931
1035001,1040000,2,L05-3,2,0,0,0,1606,1606
1080001,1085000,1,L05-3,2,0,0,0,721,721
1085001,1090000,2,L05-3,2,0,0,0,2251,2251
1095001,1100000,1,L05-3,2,0,0,0,76,76
1165001,1170000,1,L05-3,2,0,0,0,729,729
1170001,1175000,4,L05-3,2,0,0,0,3281,3281
1175001,1180000,3,L05-3,2,0,0,0,3838,3838
1190001,1195000,1,L05-3,2,0,0,0,1538,1538
1195001,1200000,1,L05-3,2,0,0,0,84,84
1205001,1210000,1,L05-3,2,0,0,0,1028,1028
1210001,1215000,2,L05-3,2,0,0,0,1166,1166
1245001,1250000,0,L05-3,2,1,1,0,0,3091
1280001,1285000,0,L05-3,2,1,0,0,0,0
1285001,1290000,0,L05-3,2,1,0,0,0,3092
1425001,1430000,1,L05-3,2,0,0,0,218,218
1430001,1435000,1,L05-3,2,0,0,0,1181,1181
1435001,1440000,2,L05-3,2,0,0,0,3422,3422
1440001,1445000,1,L05-3,2,0,0,0,1292,1292
1460001,1465000,1,L05-3,2,0,0,0,1673,1673
1465001,1470000,2,L05-3,2,0,0,0,2731,2731
1470001,1475000,2,L05-3,2,0,0,0,835,835
1475001,1480000,3,L05-3,2,0,0,0,4992,4992
1480001,1485000,1,L05-3,2,0,0,0,1378,1378
1485001,1490000,1,L05-3,2,0,0,0,1400,1400
1515001,1520000,1,L05-3,2,0,0,0,518,518
1530001,1535000,1,L05-3,2,0,0,0,87,87
1605001,1610000,1,L05-3,2,0,0,0,1348,1348
1610001,1615000,3,L05-3,2,0,0,0,3692,3692
1615001,1620000,2,L05-3,2,0,0,0,1037,1037
1620001,1625000,4,L05-3,2,0,0,0,1517,1517
1625001,1630000,2,L05-3,2,0,0,0,987,987
1640001,1645000,1,L05-3,2,0,0,0,354,354
1645001,1650000,3,L05-3,2,0,0,0,2783,2783
1660001,1665000,1,L05-3,2,0,0,0,1106,1106
1670001,1675000,0,L05-3,2,1,0,0,0,3092
1700001,1705000,1,L05-3,2,0,0,0,584,584
1705001,1710000,3,L05-3,2,0,0,0,2421,2421
1710001,1715000,4,L05-3,2,0,0,0,3631,3631
1715001,1720000,1,L05-3,2,0,0,0,394,394
1775001,1780000,1,L05-3,2,0,0,0,2597,2597
1780001,1785000,1,L05-3,2,0,0,0,590,590
1795001,1800000,1,L05-3,2,0,0,0,788,788
1815001,1820000,0,L05-3,2,1,0,0,0,2834
1820001,1825000,0,L05-3,2,1,0,0,0,1396
1860001,1865000,0,L05-3,2,1,0,0,0,3093
1885001,1890000,0,L05-3,2,0,1,0,0,0
1895001,1900000,0,L05-3,2,1,1,0,0,836
1900001,1905000,0,L05-3,2,1,0,0,0,2256
1925001,1930000,1,L05-3,2,0,0,0,1275,1275
1950001,1955000,1,L05-3,2,0,0,0,641,641
1995001,2000000,0,L05-3,2,1,0,0,0,3065
2000001,2005000,1,L05-3,2,1,0,0,1643,1671
2005001,2010000,5,L05-3,2,0,0,0,4183,4183
2010001,2015000,1,L05-3,2,0,0,0,370,370
2030001,2035000,1,L05-3,2,0,0,0,827,827
2070001,2075000,1,L05-3,2,0,0,0,995,995
2095001,2100000,1,L05-3,2,0,0,0,695,695
2155001,2160000,1,L05-3,2,0,0,0,1772,1772
2165001,2170000,1,L05-3,2,0,0,0,1733,1733
2175001,2180000,0,L05-3,2,1,0,0,0,3092
2180001,2185000,3,L05-3,2,0,1,0,201,201
2185001,2190000,1,L05-3,2,0,0,0,506,506
2295001,2300000,1,L05-3,2,0,0,0,2033,2033
2340001,2345000,0,L05-3,2,1,0,0,0,3093
2345001,2350000,1,L05-3,2,0,0,0,472,472
2350001,2355000,1,L05-3,2,0,0,0,196,196
2360001,2365000,0,L05-3,2,0,1,1,0,0
2365001,2370000,0,L05-3,2,0,1,1,0,0
2390001,2395000,1,L05-3,2,0,0,0,1760,1760
2435001,2440000,1,L05-3,2,0,0,0,450,450
2440001,2445000,1,L05-3,2,0,0,0,2177,2177
2445001,2450000,1,L05-3,2,0,0,0,2285,2285
2450001,2455000,1,L05-3,2,0,0,0,1130,1130
2465001,2470000,0,L05-3,2,1,0,0,0,2955
2470001,2475000,0,L05-3,2,1,0,0,0,138
2515001,2520000,2,L05-3,2,0,0,0,2182,2182
2520001,2525000,1,L05-3,2,0,0,0,241,241
2525001,2530000,1,L05-3,2,0,0,0,979,979
2585001,2590000,1,L05-3,2,0,0,0,1415,1415
2590001,2595000,1,L05-3,2,0,0,0,423,423
2595001,2600000,2,L05-3,2,0,0,0,2577,2577
2650001,2655000,1,L05-3,2,0,0,0,1127,1127
2655001,2660000,1,L05-3,2,0,0,0,878,878
2675001,2680000,1,L05-3,2,0,0,0,746,746
2695001,2700000,2,L05-3,2,0,0,0,2548,2548
2700001,2705000,2,L05-3,2,0,0,0,1316,1316
2720001,2725000,1,L05-3,2,0,0,0,803,803
2760001,2765000,3,L05-3,2,0,0,0,2259,2259
2780001,2785000,1,L05-3,2,0,0,0,1355,1355
2795001,2800000,1,L05-3,2,0,0,0,737,737
2800001,2805000,2,L05-3,2,0,0,0,1114,1114
2805001,2810000,3,L05-3,2,0,0,0,1883,1883
2810001,2815000,2,L05-3,2,0,0,0,1197,1197
2840001,2845000,3,L05-3,2,0,0,0,1379,1379
2845001,2850000,1,L05-3,2,0,0,0,1527,1527
2895001,2900000,3,L05-3,2,0,0,0,1500,1500
2900001,2905000,0,L05-3,2,1,0,0,0,3092
2925001,2930000,0,L05-3,2,0,1,0,0,0
2930001,2935000,1,L05-3,2,0,0,0,1191,1191
2935001,2940000,2,L05-3,2,0,0,0,1744,1744
2950001,2955000,0,L05-3,2,1,0,0,0,3092
2960001,2965000,0,L05-3,2,0,1,0,0,0
2995001,3000000,1,L05-3,2,0,0,0,876,876
3060001,3065000,1,L05-3,2,0,0,0,1098,1098
3095001,3100000,2,L05-3,2,0,0,0,2242,2242
3110001,3115000,1,L05-3,2,0,0,0,1154,1154
3115001,3120000,1,L05-3,2,0,0,0,416,416
3135001,3140000,0,L05-3,2,1,0,0,0,3094
3155001,3160000,2,L05-3,2,0,0,0,2996,2996
3165001,3170000,1,L05-3,2,0,0,0,1892,1892
3175001,3180000,1,L05-3,2,0,0,0,653,653
3185001,3190000,2,L05-3,2,0,0,0,1413,1413
3190001,3195000,1,L05-3,2,0,0,0,193,193
3195001,3200000,3,L05-3,2,0,0,0,4108,4108
3200001,3205000,1,L05-3,2,0,0,0,490,490
3255001,3260000,1,L05-3,2,0,0,0,374,374
3295001,3300000,1,L05-3,2,0,0,0,1065,1065
3300001,3305000,2,L05-3,2,0,0,0,3093,3093
3305001,3310000,2,L05-3,2,0,0,0,1423,1423
3310001,3315000,1,L05-3,2,0,0,0,1934,1934
3315001,3320000,4,L05-3,2,0,0,0,2441,2441
3320001,3325000,2,L05-3,2,0,0,0,1529,1529
3325001,3330000,4,L05-3,2,0,0,0,2132,2132
3330001,3335000,1,L05-3,2,0,0,0,255,255
3355001,3360000,2,L05-3,2,0,0,0,820,820
3360001,3365000,1,L05-3,2,0,0,0,1067,1067
3375001,3380000,2,L05-3,2,0,0,0,1511,1511
3380001,3385000,2,L05-3,2,0,0,0,1123,1123
3385001,3390000,2,L05-3,2,0,0,0,1819,1819
3390001,3395000,0,L05-3,2,1,0,0,0,2370
3395001,3400000,0,L05-3,2,1,0,0,0,723
3405001,3410000,1,L05-3,2,0,0,0,571,571
3410001,3415000,2,L05-3,2,0,0,0,1456,1456
3415001,3420000,6,L05-3,2,0,0,0,3617,3617
3420001,3425000,13,L05-3,2,0,0,0,4706,4706
3425001,3430000,10,L05-3,2,0,0,0,4499,4499
3430001,3435000,3,L05-3,2,0,0,0,3027,3027
3470001,3475000,1,L05-3,2,0,0,0,1004,1004
3485001,3490000,1,L05-3,2,0,0,0,2135,2135
3530001,3535000,1,L05-3,2,0,0,0,802,802
3535001,3540000,1,L05-3,2,0,0,0,301,301
3555001,3560000,4,L05-3,2,0,0,0,3310,3310
3560001,3565000,1,L05-3,2,0,0,0,754,754
3630001,3635000,0,L05-3,2,1,0,0,0,228
3635001,3640000,0,L05-3,2,1,0,0,0,2863
3670001,3675000,2,L05-3,2,0,0,0,2980,2980
3720001,3725000,1,L05-3,2,0,0,0,1019,1019
3745001,3750000,1,L05-3,2,0,0,0,662,662
3750001,3755000,5,L05-3,2,0,0,0,2802,2802
3755001,3760000,1,L05-3,2,0,0,0,183,183
3760001,3765000,2,L05-3,2,0,0,0,2510,2510
3765001,3770000,1,L05-3,2,0,0,0,221,221
20001,25000,1,L05-4,1,0,0,0,75,75
40001,45000,1,L05-4,1,0,0,0,1259,1259
55001,60000,3,L05-4,1,0,0,0,228,228
60001,65000,2,L05-4,1,0,0,0,1660,1660
65001,70000,1,L05-4,1,0,0,0,18,18
105001,110000,1,L05-4,1,0,0,0,545,545
120001,125000,2,L05-4,1,0,0,0,3382,3382
195001,200000,2,L05-4,1,0,0,0,2102,2102
200001,205000,1,L05-4,1,0,0,0,1055,1055
235001,240000,1,L05-4,1,0,0,0,326,326
240001,245000,1,L05-4,1,0,0,0,531,531
245001,250000,5,L05-4,1,0,0,0,3089,3089
250001,255000,5,L05-4,1,0,0,0,1619,1619
255001,260000,3,L05-4,1,0,0,0,4603,4603
260001,265000,1,L05-4,1,0,0,0,3819,3819
325001,330000,2,L05-4,1,0,0,0,2583,2583
330001,335000,2,L05-4,1,0,0,0,1320,1320
335001,340000,1,L05-4,1,0,0,0,1415,1415
345001,350000,1,L05-4,1,0,0,0,536,536
375001,380000,0,L05-4,1,0,1,0,0,0
440001,445000,1,L05-4,1,0,0,0,186,186
445001,450000,3,L05-4,1,0,0,0,1928,1928
450001,455000,1,L05-4,1,0,0,0,391,391
460001,465000,2,L05-4,1,0,0,0,1386,1386
465001,470000,3,L05-4,1,0,0,0,1470,1470
470001,475000,1,L05-4,1,0,0,0,170,170
495001,500000,1,L05-4,1,0,0,0,40,40
500001,505000,1,L05-4,1,0,0,0,187,187
520001,525000,1,L05-4,1,0,0,0,530,530
555001,560000,1,L05-4,1,0,0,0,2855,2855
560001,565000,2,L05-4,1,0,0,0,2182,2182
575001,580000,1,L05-4,1,0,0,0,208,208
580001,585000,2,L05-4,1,0,0,0,1068,1068
635001,640000,2,L05-4,1,0,1,1,2522,2522
640001,645000,4,L05-4,1,0,0,0,3277,3277
645001,650000,1,L05-4,1,0,0,0,223,223
665001,670000,1,L05-4,1,0,0,0,479,479
670001,675000,1,L05-4,1,0,0,0,2354,2354
705001,710000,3,L05-4,1,0,0,0,2930,2930
710001,715000,5,L05-4,1,0,0,0,4997,4997
715001,720000,5,L05-4,1,0,0,0,4031,4031
720001,725000,6,L05-4,1,0,0,0,4546,4546
725001,730000,2,L05-4,1,0,0,0,2623,2623
755001,760000,1,L05-4,1,0,0,0,662,662
770001,775000,1,L05-4,1,0,0,0,479,479
780001,785000,1,L05-4,1,0,0,0,1280,1280
785001,790000,2,L05-4,1,0,0,0,344,344
795001,800000,3,L05-4,1,0,0,0,1644,1644
800001,805000,6,L05-4,1,0,0,0,4028,4028
805001,810000,4,L05-4,1,0,0,0,4942,4942
810001,815000,5,L05-4,1,0,0,0,3875,3875
815001,820000,2,L05-4,1,0,0,0,4441,4441
820001,825000,1,L05-4,1,0,0,0,1297,1297
825001,830000,1,L05-4,1,0,0,0,1718,1718
845001,850000,0,L05-4,1,1,0,0,0,2725
850001,855000,0,L05-4,1,1,0,0,0,368
930001,935000,1,L05-4,1,0,1,1,974,974
955001,960000,1,L05-4,1,0,0,0,273,273
960001,965000,2,L05-4,1,0,0,0,2545,2545
965001,970000,4,L05-4,1,0,0,0,2969,2969
970001,975000,2,L05-4,1,0,0,0,2761,2761
1005001,1010000,1,L05-4,1,0,0,0,113,113
1020001,1025000,1,L05-4,1,0,0,0,830,830
1025001,1030000,2,L05-4,1,0,0,0,1745,1745
1030001,1035000,1,L05-4,1,0,0,0,962,962
1075001,1080000,2,L05-4,1,0,0,0,1323,1323
1080001,1085000,2,L05-4,1,0,0,0,1649,1649
1085001,1090000,1,L05-4,1,0,0,0,76,76
1160001,1165000,2,L05-4,1,0,0,0,1953,1953
1165001,1170000,4,L05-4,1,0,0,0,3284,3284
1170001,1175000,2,L05-4,1,0,0,0,2611,2611
1185001,1190000,1,L05-4,1,0,0,0,1538,1538
1190001,1195000,1,L05-4,1,0,0,0,84,84
1200001,1205000,1,L05-4,1,0,0,0,1664,1664
1205001,1210000,1,L05-4,1,0,0,0,530,530
1235001,1240000,0,L05-4,1,1,0,0,0,1502
1240001,1245000,0,L05-4,1,1,1,0,0,1589
1275001,1280000,0,L05-4,1,1,0,0,0,1594
1280001,1285000,0,L05-4,1,1,0,0,0,1498
1420001,1425000,1,L05-4,1,0,0,0,218,218
1425001,1430000,1,L05-4,1,0,0,0,2787,2787
1430001,1435000,3,L05-4,1,0,0,0,3108,3108
1455001,1460000,1,L05-4,1,0,0,0,1673,1673
1460001,1465000,3,L05-4,1,0,0,0,2890,2890
1465001,1470000,3,L05-4,1,0,0,0,2272,2272
1470001,1475000,2,L05-4,1,0,0,0,4773,4773
1480001,1485000,1,L05-4,1,0,0,0,1400,1400
1505001,1510000,1,L05-4,1,0,0,0,65,65
1510001,1515000,1,L05-4,1,0,0,0,453,453
1525001,1530000,1,L05-4,1,0,0,0,87,87
1600001,1605000,2,L05-4,1,0,0,0,2736,2736
1605001,1610000,2,L05-4,1,0,0,0,2304,2304
1610001,1615000,3,L05-4,1,0,0,0,1899,1899
1615001,1620000,2,L05-4,1,0,0,0,1642,1642
1635001,1640000,3,L05-4,1,0,0,0,1958,1958
1640001,1645000,1,L05-4,1,0,0,0,1179,1179
1655001,1660000,1,L05-4,1,0,0,0,1106,1106
1690001,1695000,1,L05-4,1,0,0,0,404,404
1695001,1700000,4,L05-4,1,0,0,0,2434,2434
1700001,1705000,5,L05-4,1,0,0,0,3507,3507
1705001,1710000,1,L05-4,1,0,0,0,685,685
1765001,1770000,1,L05-4,1,0,0,0,2597,2597
1770001,1775000,1,L05-4,1,0,0,0,590,590
1785001,1790000,1,L05-4,1,0,0,0,788,788
1815001,1820000,0,L05-4,1,0,2,0,0,0
1855001,1860000,0,L05-4,1,1,1,0,0,630
1860001,1865000,0,L05-4,1,1,0,0,0,2461
1865001,1870000,0,L05-4,1,0,1,1,0,0
1870001,1875000,0,L05-4,1,0,1,0,0,0
1935001,1940000,0,L05-4,1,1,0,0,0,2232
1940001,1945000,0,L05-4,1,1,0,0,0,860
1985001,1990000,1,L05-4,1,0,0,0,1274,1274
2010001,2015000,1,L05-4,1,0,0,0,640,640
2060001,2065000,0,L05-4,1,1,0,0,0,3092
2065001,2070000,1,L05-4,1,0,0,0,1851,1851
2070001,2075000,5,L05-4,1,0,0,0,4183,4183
2075001,2080000,1,L05-4,1,0,0,0,162,162
2095001,2100000,1,L05-4,1,0,0,0,827,827
2110001,2115000,0,L05-4,1,0,1,1,0,0
2135001,2140000,1,L05-4,1,0,0,0,995,995
2160001,2165000,1,L05-4,1,0,0,0,695,695
2215001,2220000,1,L05-4,1,0,0,0,103,103
2220001,2225000,1,L05-4,1,0,0,0,1669,1669
2230001,2235000,1,L05-4,1,0,0,0,1733,1733
2245001,2250000,3,L05-4,1,0,0,0,707,707
2295001,2300000,0,L05-4,1,0,1,1,0,0
2355001,2360000,1,L05-4,1,0,0,0,565,565
2360001,2365000,1,L05-4,1,0,0,0,1468,1468
2405001,2410000,1,L05-4,1,0,0,0,668,668
2445001,2450000,1,L05-4,1,0,0,0,492,492
2450001,2455000,1,L05-4,1,0,0,0,1268,1268
2495001,2500000,1,L05-4,1,0,0,0,1857,1857
2500001,2505000,1,L05-4,1,0,0,0,770,770
2505001,2510000,2,L05-4,1,0,0,0,3415,3415
2525001,2530000,0,L05-4,1,1,1,0,0,3092
2595001,2600000,2,L05-4,1,0,0,0,2182,2182
2600001,2605000,1,L05-4,1,0,0,0,179,179
2605001,2610000,1,L05-4,1,0,0,0,1041,1041
2665001,2670000,1,L05-4,1,0,0,0,1415,1415
2670001,2675000,1,L05-4,1,0,0,0,363,363
2675001,2680000,2,L05-4,1,0,0,0,2638,2638
2730001,2735000,1,L05-4,1,0,0,0,1127,1127
2735001,2740000,1,L05-4,1,0,0,0,878,878
2755001,2760000,1,L05-4,1,0,0,0,746,746
2775001,2780000,2,L05-4,1,0,0,0,2494,2494
2780001,2785000,2,L05-4,1,0,0,0,1370,1370
2800001,2805000,1,L05-4,1,0,0,0,803,803
2840001,2845000,3,L05-4,1,0,0,0,2259,2259
2845001,2850000,1,L05-4,1,0,0,0,0,0
2860001,2865000,1,L05-4,1,0,0,0,1355,1355
2875001,2880000,1,L05-4,1,0,0,0,737,737
2880001,2885000,2,L05-4,1,0,0,0,1103,1103
2885001,2890000,4,L05-4,1,0,0,0,1833,1833
2890001,2895000,2,L05-4,1,0,0,0,1258,1258
2900001,2905000,0,L05-4,1,0,2,0,0,0
2920001,2925000,3,L05-4,1,0,0,0,1320,1320
2925001,2930000,1,L05-4,1,0,0,0,1586,1586
2975001,2980000,3,L05-4,1,0,0,0,1499,1499
2980001,2985000,0,L05-4,1,1,0,0,0,3093
3005001,3010000,0,L05-4,1,0,1,0,0,0
3010001,3015000,1,L05-4,1,0,0,0,1136,1136
3015001,3020000,2,L05-4,1,0,0,0,1799,1799
3070001,3075000,1,L05-4,1,0,0,0,875,875
3135001,3140000,1,L05-4,1,0,0,0,1098,1098
3170001,3175000,2,L05-4,1,0,0,0,1284,1284
3175001,3180000,1,L05-4,1,0,0,0,958,958
3180001,3185000,0,L05-4,1,0,1,0,0,0
3190001,3195000,1,L05-4,1,0,0,0,1154,1154
3195001,3200000,1,L05-4,1,0,0,0,416,416
3210001,3215000,0,L05-4,1,1,0,0,0,1792
3215001,3220000,0,L05-4,1,1,0,0,0,1301
3230001,3235000,2,L05-4,1,0,0,0,2555,2555
3235001,3240000,1,L05-4,1,0,0,0,440,440
3240001,3245000,1,L05-4,1,0,0,0,1892,1892
3250001,3255000,1,L05-4,1,0,0,0,653,653
3260001,3265000,1,L05-4,1,0,0,0,559,559
3265001,3270000,2,L05-4,1,0,0,0,1047,1047
3270001,3275000,2,L05-4,1,0,0,0,2357,2357
3275001,3280000,2,L05-4,1,0,0,0,2241,2241
3330001,3335000,1,L05-4,1,0,0,0,376,376
3375001,3380000,2,L05-4,1,0,0,0,4097,4097
3380001,3385000,2,L05-4,1,0,0,0,148,148
3385001,3390000,2,L05-4,1,0,0,0,3271,3271
3390001,3395000,1,L05-4,1,0,0,0,1172,1172
3395001,3400000,4,L05-4,1,0,0,0,2798,2798
3400001,3405000,1,L05-4,1,0,0,0,191,191
3405001,3410000,4,L05-4,1,0,0,0,2198,2198
3430001,3435000,1,L05-4,1,0,0,0,130,130
3435001,3440000,3,L05-4,1,0,0,0,1435,1435
3440001,3445000,1,L05-4,1,0,0,0,322,322
3455001,3460000,3,L05-4,1,0,0,0,2634,2634
3460001,3465000,2,L05-4,1,0,0,0,1819,1819
3475001,3480000,0,L05-4,1,1,2,0,0,3092
3490001,3495000,3,L05-4,1,0,0,0,1716,1716
3495001,3500000,2,L05-4,1,0,0,0,546,546
3500001,3505000,9,L05-4,1,0,0,0,4571,4571
3505001,3510000,12,L05-4,1,0,0,0,4709,4709
3510001,3515000,8,L05-4,1,0,0,0,3307,3307
3515001,3520000,3,L05-4,1,0,0,0,3027,3027
3555001,3560000,1,L05-4,1,0,0,0,1004,1004
3570001,3575000,1,L05-4,1,0,0,0,2135,2135
3615001,3620000,1,L05-4,1,0,0,0,1103,1103
3640001,3645000,4,L05-4,1,0,0,0,4065,4065
3750001,3755000,2,L05-4,1,0,0,0,2903,2903
3755001,3760000,1,L05-4,1,0,0,0,77,77
3800001,3805000,1,L05-4,1,0,0,0,853,853
3805001,3810000,1,L05-4,1,0,0,0,166,166
3830001,3835000,4,L05-4,1,0,0,0,2762,2762
3835001,3840000,2,L05-4,1,0,0,0,885,885
3840001,3845000,2,L05-4,1,0,0,0,1807,1807
3845001,3850000,1,L05-4,1,0,0,0,924,924
3895001,3900000,1,L05-4,1,0,0,0,884,884
3900001,3905000,3,L05-4,1,0,0,0,3893,3893
3905001,3910000,4,L05-4,1,0,0,0,2284,2284
3930001,3935000,1,L05-4,1,0,0,0,1754,1754
3935001,3940000,2,L05-4,1,0,0,0,1445,1445
20001,25000,1,L05-4,2,0,0,0,75,75
40001,45000,1,L05-4,2,0,0,0,1259,1259
55001,60000,3,L05-4,2,0,0,0,228,228
60001,65000,2,L05-4,2,0,0,0,1659,1659
65001,70000,1,L05-4,2,0,0,0,19,19
105001,110000,1,L05-4,2,0,0,0,545,545
120001,125000,2,L05-4,2,0,1,1,3382,3382
195001,200000,2,L05-4,2,0,0,0,2093,2093
200001,205000,1,L05-4,2,0,0,0,1063,1063
235001,240000,1,L05-4,2,0,0,0,322,322
240001,245000,1,L05-4,2,0,0,0,535,535
245001,250000,5,L05-4,2,0,0,0,3089,3089
250001,255000,5,L05-4,2,0,0,0,1616,1616
255001,260000,3,L05-4,2,0,0,0,4603,4603
260001,265000,1,L05-4,2,0,0,0,3822,3822
325001,330000,2,L05-4,2,0,0,0,2582,2582
330001,335000,2,L05-4,2,0,0,0,1321,1321
335001,340000,1,L05-4,2,0,0,0,1415,1415
345001,350000,1,L05-4,2,0,0,0,536,536
375001,380000,0,L05-4,2,1,0,0,0,1155
380001,385000,0,L05-4,2,1,1,0,0,1938
410001,415000,0,L05-4,2,1,0,0,0,1878
415001,420000,0,L05-4,2,1,0,0,0,1215
420001,425000,2,L05-4,2,0,0,0,2242,2242
455001,460000,1,L05-4,2,0,0,0,1098,1098
470001,475000,0,L05-4,2,0,1,0,0,0
500001,505000,0,L05-4,2,0,1,0,0,0
520001,525000,1,L05-4,2,0,0,0,0,0
525001,530000,1,L05-4,2,0,0,0,875,875
580001,585000,2,L05-4,2,0,1,0,2935,2935
590001,595000,0,L05-4,2,1,0,0,0,3092
595001,600000,3,L05-4,2,0,0,0,1500,1500
645001,650000,1,L05-4,2,0,0,0,2213,2213
650001,655000,3,L05-4,2,0,0,0,694,694
670001,675000,0,L05-4,2,1,0,0,0,2784
675001,680000,0,L05-4,2,1,0,0,0,308
685001,690000,3,L05-4,2,0,0,0,2119,2119
690001,695000,4,L05-4,2,0,0,0,2075,2075
700001,705000,1,L05-4,2,0,0,0,737,737
710001,715000,1,L05-4,2,0,0,0,1355,1355
730001,735000,2,L05-4,2,0,0,0,1879,1879
735001,740000,1,L05-4,2,0,0,0,380,380
770001,775000,1,L05-4,2,0,0,0,803,803
795001,800000,3,L05-4,2,0,0,0,2605,2605
800001,805000,1,L05-4,2,0,0,0,1259,1259
815001,820000,1,L05-4,2,0,0,0,746,746
835001,840000,1,L05-4,2,0,0,0,878,878
840001,845000,1,L05-4,2,0,0,0,593,593
845001,850000,1,L05-4,2,0,0,0,535,535
895001,900000,1,L05-4,2,0,0,0,880,880
900001,905000,2,L05-4,2,0,0,0,2121,2121
905001,910000,1,L05-4,2,0,0,0,318,318
910001,915000,1,L05-4,2,0,0,0,1097,1097
970001,975000,1,L05-4,2,0,0,0,1220,1220
975001,980000,2,L05-4,2,0,0,0,1460,1460
980001,985000,1,L05-4,2,0,0,0,722,722
1025001,1030000,0,L05-4,2,0,1,0,0,0
1045001,1050000,0,L05-4,2,1,0,0,0,2830
1050001,1055000,0,L05-4,2,1,0,0,0,263
1065001,1070000,2,L05-4,2,0,0,0,3415,3415
1075001,1080000,1,L05-4,2,0,0,0,2627,2627
1120001,1125000,1,L05-4,2,0,0,0,363,363
1125001,1130000,1,L05-4,2,0,0,0,1397,1397
1165001,1170000,1,L05-4,2,0,0,0,668,668
1210001,1215000,1,L05-4,2,0,0,0,559,559
1215001,1220000,1,L05-4,2,0,0,0,1474,1474
1275001,1280000,0,L05-4,2,1,0,0,0,3093
1330001,1335000,3,L05-4,2,0,0,0,707,707
1345001,1350000,1,L05-4,2,0,0,0,1734,1734
1355001,1360000,1,L05-4,2,0,0,0,1772,1772
1415001,1420000,1,L05-4,2,0,0,0,695,695
1440001,1445000,1,L05-4,2,0,0,0,995,995
1465001,1470000,0,L05-4,2,1,0,0,0,3092
1485001,1490000,1,L05-4,2,0,0,0,827,827
1505001,1510000,3,L05-4,2,0,0,0,2684,2684
1510001,1515000,3,L05-4,2,0,0,0,3512,3512
1515001,1520000,0,L05-4,2,1,1,0,0,2244
1520001,1525000,0,L05-4,2,1,0,0,0,848
1535001,1540000,0,L05-4,2,0,1,0,0,0
1540001,1545000,0,L05-4,2,0,1,0,0,0
1565001,1570000,1,L05-4,2,0,0,0,641,641
1595001,1600000,1,L05-4,2,0,0,0,1274,1274
1640001,1645000,0,L05-4,2,1,0,0,0,3093
1700001,1705000,0,L05-4,2,0,2,0,0,0
1705001,1710000,0,L05-4,2,1,0,0,0,303
1710001,1715000,0,L05-4,2,1,0,0,0,2790
1720001,1725000,0,L05-4,2,1,0,0,0,3093
1790001,1795000,0,L05-4,2,1,0,0,0,3092
1830001,1835000,0,L05-4,2,1,0,0,0,2202
1835001,1840000,0,L05-4,2,1,0,0,0,891
1870001,1875000,0,L05-4,2,1,0,0,0,617
1875001,1880000,0,L05-4,2,1,0,0,0,2476
1905001,1910000,1,L05-4,2,0,0,0,788,788
1915001,1920000,1,L05-4,2,0,0,0,162,162
1920001,1925000,1,L05-4,2,0,0,0,428,428
1925001,1930000,1,L05-4,2,0,0,0,2597,2597
1985001,1990000,1,L05-4,2,0,0,0,854,854
1990001,1995000,5,L05-4,2,0,0,0,3871,3871
1995001,2000000,3,L05-4,2,0,0,0,2305,2305
2035001,2040000,1,L05-4,2,0,0,0,1106,1106
2050001,2055000,2,L05-4,2,0,0,0,1716,1716
2055001,2060000,2,L05-4,2,0,0,0,1421,1421
2075001,2080000,3,L05-4,2,0,0,0,1647,1647
2080001,2085000,3,L05-4,2,0,0,0,1894,1894
2085001,2090000,2,L05-4,2,0,0,0,2840,2840
2090001,2095000,2,L05-4,2,0,0,0,2200,2200
2110001,2115000,0,L05-4,2,0,1,0,0,0
2115001,2120000,0,L05-4,2,0,1,0,0,0
2165001,2170000,1,L05-4,2,0,0,0,87,87
2180001,2185000,1,L05-4,2,0,0,0,518,518
2210001,2215000,1,L05-4,2,0,0,0,1400,1400
2215001,2220000,1,L05-4,2,0,0,0,310,310
2220001,2225000,3,L05-4,2,0,0,0,4992,4992
2225001,2230000,2,L05-4,2,0,0,0,1903,1903
2230001,2235000,2,L05-4,2,0,0,0,2731,2731
2235001,2240000,1,L05-4,2,0,0,0,1673,1673
2250001,2255000,0,L05-4,2,0,1,1,0,0
2255001,2260000,1,L05-4,2,0,0,0,244,244
2260001,2265000,3,L05-4,2,0,0,0,3399,3399
2265001,2270000,1,L05-4,2,0,0,0,2252,2252
2270001,2275000,1,L05-4,2,0,0,0,218,218
2410001,2415000,0,L05-4,2,1,0,0,0,2022
2415001,2420000,0,L05-4,2,1,0,0,0,1071
2450001,2455000,0,L05-4,2,1,0,0,0,2575
2455001,2460000,0,L05-4,2,1,0,0,0,522
2485001,2490000,2,L05-4,2,0,0,0,918,918
2490001,2495000,1,L05-4,2,0,0,0,1276,1276
2500001,2505000,1,L05-4,2,0,0,0,84,84
2505001,2510000,1,L05-4,2,0,0,0,1538,1538
2520001,2525000,3,L05-4,2,0,0,0,3585,3585
2525001,2530000,4,L05-4,2,0,0,0,3283,3283
2530001,2535000,1,L05-4,2,0,0,0,980,980
2600001,2605000,1,L05-4,2,0,0,0,76,76
2610001,2615000,2,L05-4,2,0,0,0,2251,2251
2615001,2620000,1,L05-4,2,0,0,0,721,721
2660001,2665000,2,L05-4,2,0,0,0,1606,1606
2665001,2670000,1,L05-4,2,0,0,0,1931,1931
2685001,2690000,1,L05-4,2,0,0,0,113,113
2720001,2725000,2,L05-4,2,0,0,0,2761,2761
2725001,2730000,4,L05-4,2,0,0,0,2969,2969
2730001,2735000,2,L05-4,2,0,0,0,2818,2818
2760001,2765000,0,L05-4,2,1,0,0,0,3094
2765001,2770000,1,L05-4,2,0,0,0,974,974
2845001,2850000,0,L05-4,2,1,0,0,0,3094
2865001,2870000,1,L05-4,2,0,0,0,1718,1718
2870001,2875000,2,L05-4,2,0,0,0,1298,1298
2875001,2880000,2,L05-4,2,0,0,0,2523,2523
2880001,2885000,4,L05-4,2,0,0,0,4309,4309
2885001,2890000,3,L05-4,2,0,0,0,4311,4311
2890001,2895000,6,L05-4,2,0,0,0,4405,4405
2895001,2900000,4,L05-4,2,0,0,0,2559,2559
2900001,2905000,1,L05-4,2,0,0,0,824,824
2910001,2915000,2,L05-4,2,0,0,0,1624,1624
2920001,2925000,1,L05-4,2,0,0,0,479,479
2935001,2940000,1,L05-4,2,0,0,0,662,662
2965001,2970000,1,L05-4,2,0,0,0,620,620
2970001,2975000,4,L05-4,2,0,0,0,4463,4463
2975001,2980000,4,L05-4,2,0,0,0,4024,4024
2980001,2985000,5,L05-4,2,0,0,0,4943,4943
2985001,2990000,5,L05-4,2,0,0,0,4984,4984
2990001,2995000,1,L05-4,2,0,0,0,94,94
3020001,3025000,1,L05-4,2,0,0,0,983,983
3025001,3030000,1,L05-4,2,0,0,0,1371,1371
3030001,3035000,1,L05-4,2,0,0,0,479,479
3050001,3055000,2,L05-4,2,0,0,0,1771,1771
3055001,3060000,3,L05-4,2,0,0,0,4251,4251
3060001,3065000,0,L05-4,2,1,0,0,0,3092
3115001,3120000,2,L05-4,2,0,0,0,813,813
3120001,3125000,1,L05-4,2,0,0,0,463,463
3135001,3140000,2,L05-4,2,0,0,0,2182,2182
3140001,3145000,1,L05-4,2,0,0,0,2695,2695
3145001,3150000,1,L05-4,2,0,0,0,160,160
3175001,3180000,1,L05-4,2,0,0,0,530,530
3200001,3205000,1,L05-4,2,0,0,0,227,227
3230001,3235000,3,L05-4,2,0,0,0,1377,1377
3235001,3240000,2,L05-4,2,0,0,0,1649,1649
3245001,3250000,1,L05-4,2,0,1,1,127,127
3250001,3255000,2,L05-4,2,0,0,0,1972,1972
3255001,3260000,2,L05-4,2,0,0,0,406,406
3315001,3320000,0,L05-4,2,0,1,1,0,0
3320001,3325000,0,L05-4,2,1,0,0,0,3091
3355001,3360000,0,L05-4,2,1,1,0,0,3093
3370001,3375000,1,L05-4,2,0,0,0,278,278
3375001,3380000,2,L05-4,2,0,0,0,2717,2717
3385001,3390000,1,L05-4,2,0,0,0,1892,1892
3395001,3400000,1,L05-4,2,0,0,0,653,653
3405001,3410000,2,L05-4,2,0,0,0,1606,1606
3410001,3415000,1,L05-4,2,0,0,0,408,408
3415001,3420000,3,L05-4,2,0,0,0,4190,4190
3475001,3480000,1,L05-4,2,0,0,0,376,376
3485001,3490000,0,L05-4,2,0,1,0,0,0
3490001,3495000,0,L05-4,2,0,1,0,0,0
3515001,3520000,1,L05-4,2,0,0,0,1594,1594
3520001,3525000,2,L05-4,2,0,0,0,2565,2565
3525001,3530000,2,L05-4,2,0,0,0,1423,1423
3530001,3535000,1,L05-4,2,0,0,0,1934,1934
3535001,3540000,4,L05-4,2,0,0,0,2711,2711
3540001,3545000,1,L05-4,2,0,0,0,1259,1259
3545001,3550000,4,L05-4,2,0,0,0,2389,2389
3575001,3580000,2,L05-4,2,0,0,0,820,820
3580001,3585000,1,L05-4,2,0,0,0,1067,1067
3595001,3600000,3,L05-4,2,0,0,0,1971,1971
3600001,3605000,2,L05-4,2,0,0,0,663,663
3605001,3610000,2,L05-4,2,0,0,0,1819,1819
3615001,3620000,0,L05-4,2,1,1,0,0,2361
3620001,3625000,0,L05-4,2,1,0,0,0,731
3630001,3635000,2,L05-4,2,0,0,0,704,704
3635001,3640000,2,L05-4,2,0,0,0,1324,1324
3640001,3645000,6,L05-4,2,0,0,0,3793,3793
3645001,3650000,14,L05-4,2,0,0,0,4706,4706
3650001,3655000,9,L05-4,2,0,0,0,4323,4323
3655001,3660000,3,L05-4,2,0,0,0,3027,3027
3695001,3700000,1,L05-4,2,0,0,0,1004,1004
3710001,3715000,1,L05-4,2,0,0,0,2135,2135
3755001,3760000,1,L05-4,2,0,0,0,970,970
3760001,3765000,1,L05-4,2,0,0,0,133,133
3780001,3785000,4,L05-4,2,0,0,0,3478,3478
3785001,3790000,1,L05-4,2,0,0,0,587,587
3890001,3895000,1,L05-4,2,0,0,0,1873,1873
3895001,3900000,2,L05-4,2,0,1,0,1107,1107
3925001,3930000,0,L05-4,2,0,1,0,0,0
3945001,3950000,1,L05-4,2,0,0,0,1019,1019
20001,25000,1,L06-1,1,0,0,0,75,75
40001,45000,1,L06-1,1,0,0,0,1259,1259
55001,60000,3,L06-1,1,0,0,0,228,228
60001,65000,2,L06-1,1,0,0,0,1658,1658
65001,70000,1,L06-1,1,0,0,0,20,20
105001,110000,1,L06-1,1,0,0,0,545,545
120001,125000,2,L06-1,1,0,0,0,3382,3382
125001,130000,1,L06-1,1,0,0,0,0,0
195001,200000,2,L06-1,1,0,0,0,2093,2093
200001,205000,1,L06-1,1,0,0,0,1064,1064
235001,240000,1,L06-1,1,0,0,0,318,318
240001,245000,1,L06-1,1,0,0,0,539,539
245001,250000,5,L06-1,1,0,0,0,3088,3088
250001,255000,5,L06-1,1,0,0,0,1612,1612
255001,260000,3,L06-1,1,0,0,0,4603,4603
260001,265000,1,L06-1,1,0,0,0,3827,3827
310001,315000,0,L06-1,1,0,1,1,0,0
325001,330000,2,L06-1,1,0,0,0,2577,2577
330001,335000,2,L06-1,1,0,0,0,1326,1326
335001,340000,1,L06-1,1,0,0,0,1415,1415
345001,350000,1,L06-1,1,0,0,0,536,536
410001,415000,0,L06-1,1,0,2,0,0,0
420001,425000,0,L06-1,1,0,1,0,0,0
440001,445000,0,L06-1,1,1,0,0,0,2144
445001,450000,2,L06-1,1,1,0,0,1939,2888
450001,455000,1,L06-1,1,0,0,0,566,566
465001,470000,3,L06-1,1,0,0,0,2565,2565
470001,475000,1,L06-1,1,0,0,0,461,461
500001,505000,1,L06-1,1,0,1,0,227,227
505001,510000,0,L06-1,1,0,1,0,0,0
525001,530000,1,L06-1,1,0,0,0,530,530
555001,560000,1,L06-1,1,0,0,0,1781,1781
560001,565000,3,L06-1,1,0,0,0,2619,2619
565001,570000,1,L06-1,1,0,0,0,637,637
580001,585000,2,L06-1,1,0,0,0,1276,1276
640001,645000,3,L06-1,1,0,0,0,4251,4251
645001,650000,2,L06-1,1,0,0,0,1771,1771
665001,670000,1,L06-1,1,0,0,0,479,479
670001,675000,1,L06-1,1,0,0,0,1095,1095
675001,680000,1,L06-1,1,0,0,0,1259,1259
710001,715000,4,L06-1,1,0,0,0,4803,4803
715001,720000,6,L06-1,1,0,0,0,4943,4943
720001,725000,4,L06-1,1,0,0,0,4024,4024
725001,730000,4,L06-1,1,0,0,0,4606,4606
730001,735000,2,L06-1,1,0,0,0,753,753
760001,765000,1,L06-1,1,0,0,0,662,662
775001,780000,1,L06-1,1,0,1,1,479,479
785001,790000,2,L06-1,1,0,0,0,1434,1434
790001,795000,1,L06-1,1,0,0,0,190,190
795001,800000,1,L06-1,1,0,0,0,824,824
800001,805000,3,L06-1,1,0,0,0,2370,2370
805001,810000,6,L06-1,1,0,0,0,4314,4314
810001,815000,3,L06-1,1,0,0,0,4359,4359
815001,820000,5,L06-1,1,0,0,0,4261,4261
820001,825000,2,L06-1,1,0,0,0,2803,2803
825001,830000,1,L06-1,1,0,0,0,1298,1298
830001,835000,1,L06-1,1,0,0,0,1718,1718
880001,885000,0,L06-1,1,1,0,0,0,1204
885001,890000,0,L06-1,1,1,0,0,0,1888
930001,935000,1,L06-1,1,0,0,0,974,974
955001,960000,1,L06-1,1,0,0,0,750,750
960001,965000,2,L06-1,1,0,0,0,2068,2068
965001,970000,5,L06-1,1,0,0,0,3051,3051
970001,975000,2,L06-1,1,0,0,0,2679,2679
1005001,1010000,1,L06-1,1,0,0,0,113,113
1020001,1025000,1,L06-1,1,0,0,0,1307,1307
1025001,1030000,3,L06-1,1,0,0,0,1612,1612
1030001,1035000,1,L06-1,1,0,0,0,618,618
1075001,1080000,2,L06-1,1,0,0,0,1800,1800
1080001,1085000,2,L06-1,1,0,0,0,1173,1173
1085001,1090000,1,L06-1,1,0,0,0,76,76
1160001,1165000,2,L06-1,1,0,0,0,2425,2425
1165001,1170000,5,L06-1,1,0,0,0,3270,3270
1170001,1175000,1,L06-1,1,0,0,0,2153,2153
1185001,1190000,1,L06-1,1,0,0,0,1538,1538
1190001,1195000,1,L06-1,1,0,0,0,84,84
1200001,1205000,1,L06-1,1,0,0,0,1664,1664
1205001,1210000,1,L06-1,1,0,0,0,530,530
1275001,1280000,0,L06-1,1,1,0,0,0,3093
1415001,1420000,1,L06-1,1,0,0,0,218,218
1420001,1425000,1,L06-1,1,0,0,0,960,960
1425001,1430000,2,L06-1,1,0,0,0,3643,3643
1430001,1435000,1,L06-1,1,0,0,0,1292,1292
1440001,1445000,0,L06-1,1,1,0,0,0,3093
1455001,1460000,1,L06-1,1,0,0,0,1673,1673
1460001,1465000,3,L06-1,1,0,0,0,3390,3390
1465001,1470000,4,L06-1,1,0,0,0,2271,2271
1470001,1475000,1,L06-1,1,0,0,0,4275,4275
1480001,1485000,1,L06-1,1,0,0,0,1400,1400
1505001,1510000,1,L06-1,1,0,0,0,518,518
1525001,1530000,1,L06-1,1,0,0,0,87,87
1600001,1605000,2,L06-1,1,0,0,0,3225,3225
1605001,1610000,2,L06-1,1,0,0,0,1815,1815
1610001,1615000,3,L06-1,1,0,0,0,1899,1899
1615001,1620000,2,L06-1,1,0,0,0,1642,1642
1635001,1640000,3,L06-1,1,0,0,0,2446,2446
1640001,1645000,1,L06-1,1,0,0,0,691,691
1650001,1655000,1,L06-1,1,0,0,0,206,206
1655001,1660000,1,L06-1,1,0,0,0,900,900
1660001,1665000,0,L06-1,1,1,0,0,0,3093
1695001,1700000,1,L06-1,1,0,0,0,584,584
1700001,1705000,5,L06-1,1,0,0,0,4381,4381
1705001,1710000,3,L06-1,1,0,0,0,2065,2065
1765001,1770000,1,L06-1,1,0,0,0,868,868
1770001,1775000,1,L06-1,1,0,0,0,1729,1729
1775001,1780000,1,L06-1,1,0,0,0,590,590
1785001,1790000,1,L06-1,1,0,0,0,788,788
2030001,2035000,1,L06-1,1,0,0,0,1274,1274
2055001,2060000,1,L06-1,1,0,0,0,641,641
2110001,2115000,3,L06-1,1,0,0,0,3547,3547
2115001,2120000,3,L06-1,1,0,0,0,2649,2649
2135001,2140000,1,L06-1,1,0,0,0,827,827
2175001,2180000,1,L06-1,1,0,0,0,995,995
2200001,2205000,1,L06-1,1,0,0,0,437,437
2205001,2210000,1,L06-1,1,0,0,0,258,258
2260001,2265000,1,L06-1,1,0,0,0,1772,1772
2270001,2275000,1,L06-1,1,0,0,0,948,948
2275001,2280000,1,L06-1,1,0,0,0,785,785
2285001,2290000,3,L06-1,1,0,0,0,665,665
2290001,2295000,1,L06-1,1,0,0,0,42,42
2305001,2310000,0,L06-1,1,1,0,0,0,6
2310001,2315000,0,L06-1,1,1,0,0,0,3087
2405001,2410000,1,L06-1,1,0,0,0,2033,2033
2430001,2435000,0,L06-1,1,0,1,0,0,0
2450001,2455000,1,L06-1,1,0,0,0,668,668
2495001,2500000,1,L06-1,1,0,0,0,1760,1760
2520001,2525000,0,L06-1,1,0,1,1,0,0
2540001,2545000,1,L06-1,1,0,0,0,901,901
2545001,2550000,1,L06-1,1,0,0,0,1726,1726
2550001,2555000,2,L06-1,1,0,0,0,2595,2595
2555001,2560000,1,L06-1,1,0,0,0,820,820
2635001,2640000,1,L06-1,1,0,0,0,1021,1021
2640001,2645000,2,L06-1,1,0,0,0,1161,1161
2645001,2650000,1,L06-1,1,0,0,0,1220,1220
2685001,2690000,0,L06-1,1,0,1,1,0,0
2705001,2710000,1,L06-1,1,0,0,0,1395,1395
2710001,2715000,1,L06-1,1,0,0,0,20,20
2715001,2720000,2,L06-1,1,0,0,0,2420,2420
2720001,2725000,1,L06-1,1,0,0,0,581,581
2770001,2775000,1,L06-1,1,0,0,0,838,838
2775001,2780000,1,L06-1,1,0,0,0,289,289
2780001,2785000,1,L06-1,1,0,0,0,878,878
2800001,2805000,1,L06-1,1,0,0,0,746,746
2815001,2820000,1,L06-1,1,0,0,0,1472,1472
2820001,2825000,2,L06-1,1,0,0,0,2392,2392
2845001,2850000,1,L06-1,1,0,0,0,803,803
2880001,2885000,1,L06-1,1,0,0,0,380,380
2885001,2890000,2,L06-1,1,0,0,0,1879,1879
2905001,2910000,1,L06-1,1,0,0,0,1355,1355
2915001,2920000,1,L06-1,1,0,0,0,737,737
2925001,2930000,4,L06-1,1,0,0,0,2375,2375
2930001,2935000,3,L06-1,1,0,0,0,1819,1819
2965001,2970000,3,L06-1,1,0,0,0,2907,2907
3015001,3020000,3,L06-1,1,0,0,0,1220,1220
3020001,3025000,1,L06-1,1,0,0,0,280,280
3045001,3050000,0,L06-1,1,0,1,0,0,0
3050001,3055000,1,L06-1,1,0,1,0,898,898
3055001,3060000,2,L06-1,1,0,0,0,2037,2037
3110001,3115000,1,L06-1,1,0,0,0,875,875
3175001,3180000,1,L06-1,1,0,0,0,1098,1098
3210001,3215000,1,L06-1,1,0,0,0,1079,1079
3215001,3220000,1,L06-1,1,0,0,0,1163,1163
3230001,3235000,1,L06-1,1,0,0,0,1154,1154
3235001,3240000,1,L06-1,1,0,0,0,416,416
3275001,3280000,1,L06-1,1,0,0,0,93,93
3280001,3285000,2,L06-1,1,0,0,0,2902,2902
3290001,3295000,1,L06-1,1,0,0,0,1892,1892
3300001,3305000,1,L06-1,1,0,0,0,653,653
3310001,3315000,2,L06-1,1,0,0,0,1606,1606
3315001,3320000,1,L06-1,1,0,0,0,224,224
3320001,3325000,3,L06-1,1,0,0,0,4241,4241
3325001,3330000,1,L06-1,1,0,0,0,134,134
3380001,3385000,1,L06-1,1,0,0,0,375,375
3400001,3405000,0,L06-1,1,1,0,0,0,3092
3425001,3430000,2,L06-1,1,0,0,0,3288,3288
3430001,3435000,1,L06-1,1,0,0,0,871,871
3435001,3440000,3,L06-1,1,0,0,0,3077,3077
3440001,3445000,2,L06-1,1,0,0,0,1353,1353
3445001,3450000,5,L06-1,1,0,0,0,2897,2897
3455001,3460000,4,L06-1,1,0,0,0,2389,2389
3485001,3490000,2,L06-1,1,0,0,0,820,820
3490001,3495000,1,L06-1,1,0,0,0,1067,1067
3505001,3510000,2,L06-1,1,1,0,0,648,3741
3510001,3515000,2,L06-1,1,0,0,0,1986,1986
3515001,3520000,2,L06-1,1,0,0,0,1819,1819
3520001,3525000,0,L06-1,1,1,0,0,0,856
3525001,3530000,0,L06-1,1,1,0,0,0,2237
3530001,3535000,0,L06-1,1,0,1,0,0,0
3540001,3545000,1,L06-1,1,0,0,0,91,91
3545001,3550000,3,L06-1,1,0,0,0,1937,1937
3550001,3555000,2,L06-1,1,0,0,0,1277,1277
3555001,3560000,10,L06-1,1,0,0,0,4587,4587
3560001,3565000,13,L06-1,1,0,0,0,4684,4684
3565001,3570000,6,L06-1,1,0,0,0,2734,2734
3570001,3575000,3,L06-1,1,0,0,0,2567,2567
3610001,3615000,1,L06-1,1,0,0,0,1004,1004
3620001,3625000,1,L06-1,1,0,0,0,393,393
3625001,3630000,1,L06-1,1,0,0,0,1742,1742
3670001,3675000,1,L06-1,1,0,0,0,1103,1103
3690001,3695000,1,L06-1,1,0,0,0,843,843
3695001,3700000,4,L06-1,1,0,0,0,3221,3221
3725001,3730000,0,L06-1,1,1,0,0,0,3092
3780001,3785000,1,L06-1,1,0,0,0,1472,1472
3785001,3790000,2,L06-1,1,0,0,0,1508,1508
3835001,3840000,1,L06-1,1,0,0,0,1019,1019
3860001,3865000,3,L06-1,1,0,0,0,1992,1992
3865001,3870000,2,L06-1,1,0,0,0,1655,1655
3870001,3875000,1,L06-1,1,0,0,0,623,623
3875001,3880000,1,L06-1,1,0,0,0,2108,2108
3930001,3935000,2,L06-1,1,0,0,0,3331,3331
3935001,3940000,5,L06-1,1,0,0,0,3731,3731
3960001,3965000,1,L06-1,1,0,0,0,301,301
3965001,3970000,2,L06-1,1,0,0,0,2898,2898
20001,25000,1,L06-1,2,0,0,0,76,76
40001,45000,1,L06-1,2,0,0,0,1259,1259
55001,60000,3,L06-1,2,0,0,0,228,228
60001,65000,2,L06-1,2,0,0,0,1666,1666
65001,70000,1,L06-1,2,0,0,0,12,12
105001,110000,1,L06-1,2,0,0,0,545,545
120001,125000,2,L06-1,2,0,0,0,3382,3382
195001,200000,2,L06-1,2,0,0,0,2106,2106
200001,205000,1,L06-1,2,0,0,0,1051,1051
235001,240000,1,L06-1,2,0,0,0,332,332
240001,245000,1,L06-1,2,0,0,0,525,525
245001,250000,5,L06-1,2,0,0,0,3089,3089
250001,255000,5,L06-1,2,0,0,0,1625,1625
255001,260000,3,L06-1,2,0,0,0,4603,4603
260001,265000,1,L06-1,2,0,0,0,3812,3812
305001,310000,0,L06-1,2,0,1,0,0,0
310001,315000,0,L06-1,2,1,0,0,0,3093
330001,335000,3,L06-1,2,0,0,0,3840,3840
335001,340000,1,L06-1,2,0,0,0,63,63
340001,345000,1,L06-1,2,0,0,0,1415,1415
350001,355000,1,L06-1,2,0,1,0,536,536
410001,415000,0,L06-1,2,1,0,0,0,455
415001,420000,0,L06-1,2,1,0,0,0,2636
425001,430000,0,L06-1,2,1,0,0,0,785
430001,435000,0,L06-1,2,1,0,0,0,2306
435001,440000,0,L06-1,2,0,1,0,0,0
450001,455000,0,L06-1,2,1,0,0,0,2966
455001,460000,2,L06-1,2,1,0,0,1939,2066
460001,465000,1,L06-1,2,0,0,0,566,566
475001,480000,3,L06-1,2,0,0,0,2565,2565
480001,485000,1,L06-1,2,0,0,0,461,461
510001,515000,1,L06-1,2,1,0,0,227,1298
515001,520000,0,L06-1,2,1,0,0,0,2022
545001,550000,0,L06-1,2,0,2,0,0,0
565001,570000,1,L06-1,2,0,0,0,1197,1197
570001,575000,2,L06-1,2,0,0,0,1572,1572
575001,580000,3,L06-1,2,0,0,0,2236,2236
580001,585000,3,L06-1,2,0,0,0,4370,4370
585001,590000,5,L06-1,2,0,0,0,4250,4250
590001,595000,6,L06-1,2,0,0,0,4405,4405
595001,600000,4,L06-1,2,0,0,0,3093,3093
600001,605000,1,L06-1,2,0,0,0,824,824
610001,615000,2,L06-1,2,0,0,0,1624,1624
620001,625000,1,L06-1,2,0,1,0,479,479
625001,630000,0,L06-1,2,1,0,0,0,3092
640001,645000,1,L06-1,2,0,0,0,662,662
670001,675000,2,L06-1,2,0,0,0,1837,1837
675001,680000,5,L06-1,2,0,0,0,4545,4545
680001,685000,4,L06-1,2,0,0,0,4031,4031
685001,690000,5,L06-1,2,0,0,0,4997,4997
690001,695000,4,L06-1,2,0,0,0,3718,3718
725001,730000,1,L06-1,2,0,0,0,2345,2345
730001,735000,2,L06-1,2,0,0,0,488,488
755001,760000,4,L06-1,2,0,0,0,2708,2708
760001,765000,2,L06-1,2,0,0,0,3313,3313
815001,820000,1,L06-1,2,0,0,0,281,281
820001,825000,2,L06-1,2,0,0,0,995,995
835001,840000,2,L06-1,2,0,0,0,1722,1722
840001,845000,2,L06-1,2,0,0,0,2619,2619
845001,850000,1,L06-1,2,0,0,0,696,696
875001,880000,1,L06-1,2,0,0,0,530,530
895001,900000,0,L06-1,2,1,0,0,0,1277
900001,905000,0,L06-1,2,1,0,0,0,1816
945001,950000,1,L06-1,2,0,0,0,974,974
970001,975000,1,L06-1,2,0,0,0,820,820
975001,980000,3,L06-1,2,0,0,0,2010,2010
980001,985000,5,L06-1,2,0,0,0,3110,3110
985001,990000,2,L06-1,2,0,0,0,2608,2608
1020001,1025000,1,L06-1,2,0,0,0,113,113
1035001,1040000,1,L06-1,2,0,0,0,1377,1377
1040001,1045000,3,L06-1,2,0,0,0,1612,1612
1045001,1050000,1,L06-1,2,0,0,0,548,548
1090001,1095000,2,L06-1,2,0,0,0,1869,1869
1095001,1100000,2,L06-1,2,0,0,0,1104,1104
1100001,1105000,1,L06-1,2,0,0,0,76,76
1160001,1165000,0,L06-1,2,0,1,1,0,0
1175001,1180000,2,L06-1,2,0,0,0,2494,2494
1180001,1185000,5,L06-1,2,0,0,0,3269,3269
1185001,1190000,1,L06-1,2,0,0,0,2085,2085
1200001,1205000,1,L06-1,2,0,0,0,1538,1538
1205001,1210000,1,L06-1,2,0,0,0,84,84
1215001,1220000,1,L06-1,2,0,0,0,1664,1664
1220001,1225000,1,L06-1,2,0,0,0,530,530
1290001,1295000,0,L06-1,2,1,0,0,0,3093
1430001,1435000,1,L06-1,2,0,0,0,218,218
1435001,1440000,1,L06-1,2,0,0,0,1040,1040
1440001,1445000,2,L06-1,2,0,0,0,3563,3563
1445001,1450000,1,L06-1,2,0,0,0,1292,1292
1455001,1460000,0,L06-1,2,1,0,0,0,3092
1470001,1475000,1,L06-1,2,0,0,0,1673,1673
1475001,1480000,3,L06-1,2,0,0,0,3471,3471
1480001,1485000,4,L06-1,2,0,0,0,2271,2271
1485001,1490000,1,L06-1,2,0,0,0,4194,4194
1495001,1500000,1,L06-1,2,0,1,1,1400,1400
1520001,1525000,1,L06-1,2,0,0,0,518,518
1540001,1545000,1,L06-1,2,0,0,0,87,87
1615001,1620000,2,L06-1,2,0,0,0,3312,3312
1620001,1625000,2,L06-1,2,0,0,0,1728,1728
1625001,1630000,3,L06-1,2,0,0,0,1899,1899
1630001,1635000,2,L06-1,2,0,0,0,1642,1642
1650001,1655000,3,L06-1,2,0,0,0,2532,2532
1655001,1660000,1,L06-1,2,0,0,0,605,605
1665001,1670000,1,L06-1,2,0,0,0,292,292
1670001,1675000,1,L06-1,2,1,0,0,814,814
1675001,1680000,0,L06-1,2,1,0,0,0,3093
1710001,1715000,1,L06-1,2,0,0,0,584,584
1715001,1720000,5,L06-1,2,0,0,0,4468,4468
1720001,1725000,3,L06-1,2,0,0,0,1978,1978
1780001,1785000,1,L06-1,2,0,0,0,955,955
1785001,1790000,1,L06-1,2,0,0,0,1642,1642
1790001,1795000,1,L06-1,2,0,0,0,590,590
1800001,1805000,1,L06-1,2,0,0,0,788,788
2045001,2050000,1,L06-1,2,0,0,0,1274,1274
2070001,2075000,1,L06-1,2,0,0,0,640,640
2125001,2130000,3,L06-1,2,0,0,0,3641,3641
2130001,2135000,3,L06-1,2,0,0,0,2555,2555
2150001,2155000,1,L06-1,2,0,0,0,827,827
2190001,2195000,1,L06-1,2,0,0,0,995,995
2215001,2220000,1,L06-1,2,0,0,0,532,532
2220001,2225000,1,L06-1,2,0,0,0,163,163
2275001,2280000,1,L06-1,2,0,0,0,1772,1772
2285001,2290000,1,L06-1,2,0,1,1,1044,1044
2290001,2295000,1,L06-1,2,0,0,0,689,689
2300001,2305000,3,L06-1,2,0,0,0,707,707
2320001,2325000,0,L06-1,2,1,0,0,0,99
2325001,2330000,0,L06-1,2,1,0,0,0,2994
2420001,2425000,1,L06-1,2,0,0,0,2033,2033
2445001,2450000,0,L06-1,2,1,0,0,0,3092
2470001,2475000,2,L06-1,2,0,0,0,400,400
2475001,2480000,2,L06-1,2,0,0,0,1100,1100
2525001,2530000,3,L06-1,2,0,0,0,2906,2906
2560001,2565000,3,L06-1,2,0,0,0,1959,1959
2565001,2570000,4,L06-1,2,0,0,0,2235,2235
2575001,2580000,1,L06-1,2,0,0,0,737,737
2585001,2590000,1,L06-1,2,0,0,0,1355,1355
2605001,2610000,2,L06-1,2,0,0,0,1879,1879
2610001,2615000,1,L06-1,2,0,0,0,380,380
2645001,2650000,1,L06-1,2,0,0,0,803,803
2670001,2675000,3,L06-1,2,0,0,0,2446,2446
2675001,2680000,1,L06-1,2,0,0,0,1418,1418
2690001,2695000,1,L06-1,2,0,0,0,746,746
2710001,2715000,1,L06-1,2,0,0,0,878,878
2715001,2720000,1,L06-1,2,0,0,0,435,435
2720001,2725000,1,L06-1,2,0,0,0,692,692
2770001,2775000,1,L06-1,2,0,0,0,726,726
2775001,2780000,2,L06-1,2,0,0,0,2275,2275
2780001,2785000,1,L06-1,2,0,0,0,165,165
2785001,2790000,1,L06-1,2,0,0,0,1250,1250
2805001,2810000,0,L06-1,2,1,0,0,0,299
2810001,2815000,0,L06-1,2,1,0,0,0,2793
2845001,2850000,1,L06-1,2,0,0,0,953,953
2850001,2855000,1,L06-1,2,0,0,0,267,267
2855001,2860000,2,L06-1,2,0,0,0,2182,2182
2940001,2945000,2,L06-1,2,0,0,0,2629,2629
2945001,2950000,1,L06-1,2,0,0,0,786,786
2950001,2955000,1,L06-1,2,0,0,0,2627,2627
2975001,2980000,0,L06-1,2,1,0,0,0,2576
2980001,2985000,0,L06-1,2,1,0,0,0,515
3000001,3005000,1,L06-1,2,0,0,0,1169,1169
3005001,3010000,1,L06-1,2,0,0,0,591,591
3045001,3050000,1,L06-1,2,0,1,0,668,668
3050001,3055000,0,L06-1,2,0,1,0,0,0
3070001,3075000,0,L06-1,2,1,0,0,0,3093
3075001,3080000,2,L06-1,2,0,0,0,2935,2935
3130001,3135000,1,L06-1,2,0,0,0,732,732
3135001,3140000,1,L06-1,2,0,0,0,143,143
3200001,3205000,1,L06-1,2,0,0,0,1098,1098
3230001,3235000,0,L06-1,2,0,1,1,0,0
3235001,3240000,2,L06-1,2,0,0,0,2242,2242
3250001,3255000,1,L06-1,2,0,0,0,1154,1154
3255001,3260000,1,L06-1,2,0,0,0,416,416
3300001,3305000,2,L06-1,2,0,0,0,2995,2995
3310001,3315000,1,L06-1,2,0,0,0,1892,1892
3320001,3325000,1,L06-1,2,0,1,1,653,653
3330001,3335000,1,L06-1,2,0,0,0,1211,1211
3335001,3340000,2,L06-1,2,0,0,0,395,395
3340001,3345000,3,L06-1,2,0,0,0,2813,2813
3345001,3350000,1,L06-1,2,0,0,0,1786,1786
3400001,3405000,1,L06-1,2,0,0,0,376,376
3420001,3425000,0,L06-1,2,1,1,0,0,1658
3425001,3430000,0,L06-1,2,1,0,0,0,1433
3445001,3450000,1,L06-1,2,0,0,0,1663,1663
3450001,3455000,2,L06-1,2,0,0,0,2496,2496
3455001,3460000,3,L06-1,2,0,0,0,1427,1427
3460001,3465000,1,L06-1,2,0,0,0,1930,1930
3465001,3470000,4,L06-1,2,0,0,0,2711,2711
3470001,3475000,1,L06-1,2,0,0,0,1259,1259
3475001,3480000,4,L06-1,2,0,0,0,2389,2389
3505001,3510000,2,L06-1,2,0,0,0,820,820
3510001,3515000,1,L06-1,2,0,0,0,1067,1067
3525001,3530000,0,L06-1,2,1,0,0,0,3092
3530001,3535000,3,L06-1,2,0,0,0,2634,2634
3535001,3540000,2,L06-1,2,0,0,0,1819,1819
3545001,3550000,0,L06-1,2,1,0,0,0,3093
3560001,3565000,3,L06-1,2,0,0,0,2028,2028
3565001,3570000,3,L06-1,2,0,0,0,505,505
3570001,3575000,8,L06-1,2,0,0,0,4612,4612
3575001,3580000,13,L06-1,2,0,0,0,4691,4691
3580001,3585000,7,L06-1,2,0,0,0,3014,3014
3585001,3590000,3,L06-1,2,0,0,0,3027,3027
3625001,3630000,1,L06-1,2,0,0,0,1004,1004
3640001,3645000,1,L06-1,2,0,0,0,2135,2135
3685001,3690000,1,L06-1,2,0,0,0,1103,1103
3705001,3710000,1,L06-1,2,0,0,0,68,68
3710001,3715000,4,L06-1,2,0,0,0,3998,3998
3740001,3745000,0,L06-1,2,1,0,0,0,3092
3795001,3800000,1,L06-1,2,0,0,0,695,695
3800001,3805000,2,L06-1,2,0,0,0,2285,2285
3850001,3855000,1,L06-1,2,0,0,0,1019,1019
3875001,3880000,2,L06-1,2,0,0,0,1755,1755
3880001,3885000,3,L06-1,2,0,0,0,1891,1891
3890001,3895000,2,L06-1,2,0,0,0,2731,2731
3945001,3950000,2,L06-1,2,0,0,0,2558,2558
3950001,3955000,5,L06-1,2,0,0,0,4147,4147
3955001,3960000,1,L06-1,2,0,0,0,355,355
3980001,3985000,2,L06-1,2,0,0,0,3199,3199
20001,25000,1,L06-2,1,0,0,0,75,75
40001,45000,1,L06-2,1,0,0,0,1259,1259
55001,60000,3,L06-2,1,0,0,0,228,228
60001,65000,2,L06-2,1,0,0,0,1658,1658
65001,70000,1,L06-2,1,0,0,0,20,20
75001,80000,0,L06-2,1,0,1,0,0,0
90001,95000,0,L06-2,1,0,1,0,0,0
105001,110000,1,L06-2,1,0,0,0,545,545
120001,125000,2,L06-2,1,0,0,0,3382,3382
125001,130000,1,L06-2,1,0,0,0,0,0
195001,200000,2,L06-2,1,0,0,0,2093,2093
200001,205000,1,L06-2,1,0,0,0,1064,1064
235001,240000,1,L06-2,1,0,0,0,318,318
240001,245000,1,L06-2,1,0,0,0,539,539
245001,250000,5,L06-2,1,0,0,0,3088,3088
250001,255000,5,L06-2,1,0,0,0,1612,1612
255001,260000,3,L06-2,1,0,0,0,4603,4603
260001,265000,1,L06-2,1,0,0,0,3827,3827
325001,330000,2,L06-2,1,0,0,0,2577,2577
330001,335000,2,L06-2,1,0,0,0,1326,1326
335001,340000,1,L06-2,1,0,0,0,1415,1415
345001,350000,1,L06-2,1,0,0,0,536,536
440001,445000,0,L06-2,1,1,0,0,0,2144
445001,450000,2,L06-2,1,1,0,0,1939,2888
450001,455000,1,L06-2,1,0,0,0,566,566
465001,470000,3,L06-2,1,0,0,0,2565,2565
470001,475000,1,L06-2,1,0,0,0,461,461
500001,505000,1,L06-2,1,0,0,0,227,227
525001,530000,1,L06-2,1,0,0,0,530,530
555001,560000,1,L06-2,1,0,0,0,1781,1781
560001,565000,3,L06-2,1,0,0,0,2619,2619
565001,570000,1,L06-2,1,0,0,0,637,637
580001,585000,2,L06-2,1,0,0,0,1276,1276
640001,645000,3,L06-2,1,0,0,0,4251,4251
645001,650000,2,L06-2,1,0,0,0,1771,1771
665001,670000,1,L06-2,1,0,0,0,479,479
670001,675000,1,L06-2,1,0,0,0,1095,1095
675001,680000,1,L06-2,1,0,0,0,1259,1259
710001,715000,4,L06-2,1,0,0,0,4803,4803
715001,720000,6,L06-2,1,0,0,0,4943,4943
720001,725000,4,L06-2,1,0,0,0,4024,4024
725001,730000,4,L06-2,1,0,0,0,4606,4606
730001,735000,2,L06-2,1,0,0,0,753,753
760001,765000,1,L06-2,1,0,0,0,662,662
775001,780000,1,L06-2,1,0,0,0,479,479
785001,790000,2,L06-2,1,0,0,0,1434,1434
790001,795000,1,L06-2,1,0,0,0,190,190
795001,800000,1,L06-2,1,0,0,0,824,824
800001,805000,3,L06-2,1,0,0,0,2370,2370
805001,810000,6,L06-2,1,0,0,0,4314,4314
810001,815000,3,L06-2,1,0,0,0,4359,4359
815001,820000,5,L06-2,1,0,0,0,4261,4261
820001,825000,2,L06-2,1,0,0,0,2803,2803
825001,830000,1,L06-2,1,0,0,0,1298,1298
830001,835000,1,L06-2,1,0,0,0,1718,1718
880001,885000,0,L06-2,1,1,0,0,0,1204
885001,890000,0,L06-2,1,1,0,0,0,1888
930001,935000,1,L06-2,1,0,0,0,974,974
955001,960000,1,L06-2,1,0,0,0,750,750
960001,965000,2,L06-2,1,0,0,0,2068,2068
965001,970000,5,L06-2,1,0,0,0,3051,3051
970001,975000,2,L06-2,1,0,0,0,2679,2679
1005001,1010000,1,L06-2,1,0,0,0,113,113
1020001,1025000,1,L06-2,1,0,0,0,1307,1307
1025001,1030000,3,L06-2,1,0,0,0,1612,1612
1030001,1035000,1,L06-2,1,0,0,0,618,618
1075001,1080000,2,L06-2,1,0,0,0,1800,1800
1080001,1085000,2,L06-2,1,0,0,0,1173,1173
1085001,1090000,1,L06-2,1,0,0,0,76,76
1160001,1165000,2,L06-2,1,0,0,0,2425,2425
1165001,1170000,5,L06-2,1,0,0,0,3270,3270
1170001,1175000,1,L06-2,1,0,0,0,2153,2153
1185001,1190000,1,L06-2,1,0,0,0,1538,1538
1190001,1195000,1,L06-2,1,0,0,0,84,84
1200001,1205000,1,L06-2,1,0,0,0,1664,1664
1205001,1210000,1,L06-2,1,0,0,0,530,530
1235001,1240000,0,L06-2,1,0,1,1,0,0
1275001,1280000,0,L06-2,1,1,0,0,0,3093
1290001,1295000,0,L06-2,1,0,1,1,0,0
1415001,1420000,1,L06-2,1,0,0,0,218,218
1420001,1425000,1,L06-2,1,0,0,0,960,960
1425001,1430000,2,L06-2,1,0,0,0,3643,3643
1430001,1435000,1,L06-2,1,0,0,0,1292,1292
1440001,1445000,0,L06-2,1,1,0,0,0,3093
1455001,1460000,1,L06-2,1,0,0,0,1673,1673
1460001,1465000,3,L06-2,1,0,0,0,3390,3390
1465001,1470000,4,L06-2,1,0,0,0,2271,2271
1470001,1475000,1,L06-2,1,0,0,0,4275,4275
1480001,1485000,1,L06-2,1,0,0,0,1400,1400
1505001,1510000,1,L06-2,1,0,0,0,518,518
1525001,1530000,1,L06-2,1,0,0,0,87,87
1600001,1605000,2,L06-2,1,0,0,0,3225,3225
1605001,1610000,2,L06-2,1,0,0,0,1815,1815
1610001,1615000,3,L06-2,1,0,0,0,1899,1899
1615001,1620000,2,L06-2,1,0,0,0,1642,1642
1635001,1640000,3,L06-2,1,0,0,0,2446,2446
1640001,1645000,1,L06-2,1,0,0,0,691,691
1645001,1650000,0,L06-2,1,0,1,1,0,0
1650001,1655000,1,L06-2,1,0,0,0,206,206
1655001,1660000,1,L06-2,1,0,1,0,900,900
1660001,1665000,0,L06-2,1,1,0,0,0,3093
1695001,1700000,1,L06-2,1,0,0,0,584,584
1700001,1705000,5,L06-2,1,0,0,0,4381,4381
1705001,1710000,3,L06-2,1,0,0,0,2065,2065
1765001,1770000,1,L06-2,1,0,0,0,868,868
1770001,1775000,1,L06-2,1,0,0,0,1729,1729
1775001,1780000,1,L06-2,1,0,0,0,590,590
1785001,1790000,1,L06-2,1,0,0,0,788,788
1885001,1890000,0,L06-2,1,0,2,0,0,0
2030001,2035000,1,L06-2,1,0,0,0,1274,1274
2055001,2060000,1,L06-2,1,0,0,0,641,641
2085001,2090000,0,L06-2,1,0,1,1,0,0
2110001,2115000,3,L06-2,1,0,0,0,3547,3547
2115001,2120000,3,L06-2,1,0,0,0,2649,2649
2135001,2140000,1,L06-2,1,0,0,0,827,827
2175001,2180000,1,L06-2,1,0,0,0,995,995
2200001,2205000,1,L06-2,1,0,0,0,437,437
2205001,2210000,1,L06-2,1,0,0,0,258,258
2260001,2265000,1,L06-2,1,0,0,0,1772,1772
2270001,2275000,1,L06-2,1,0,0,0,948,948
2275001,2280000,1,L06-2,1,0,0,0,785,785
2285001,2290000,3,L06-2,1,0,0,0,665,665
2290001,2295000,1,L06-2,1,0,0,0,42,42
2305001,2310000,0,L06-2,1,1,0,0,0,6
2310001,2315000,0,L06-2,1,1,0,0,0,3087
2315001,2320000,0,L06-2,1,0,1,0,0,0
2405001,2410000,1,L06-2,1,0,0,0,2033,2033
2445001,2450000,0,L06-2,1,0,1,1,0,0
2450001,2455000,1,L06-2,1,0,0,0,668,668
2495001,2500000,1,L06-2,1,0,0,0,1760,1760
2540001,2545000,1,L06-2,1,0,0,0,901,901
2545001,2550000,1,L06-2,1,0,0,0,1726,1726
2550001,2555000,2,L06-2,1,0,0,0,2595,2595
2555001,2560000,1,L06-2,1,0,0,0,820,820
2595001,2600000,0,L06-2,1,0,1,1,0,0
2635001,2640000,1,L06-2,1,0,0,0,1021,1021
2640001,2645000,2,L06-2,1,0,0,0,1161,1161
2645001,2650000,1,L06-2,1,0,0,0,1220,1220
2705001,2710000,1,L06-2,1,0,0,0,1395,1395
2710001,2715000,1,L06-2,1,0,0,0,20,20
2715001,2720000,2,L06-2,1,0,0,0,2420,2420
2720001,2725000,1,L06-2,1,0,0,0,581,581
2770001,2775000,1,L06-2,1,0,0,0,838,838
2775001,2780000,1,L06-2,1,0,0,0,289,289
2780001,2785000,1,L06-2,1,0,0,0,878,878
2800001,2805000,1,L06-2,1,0,0,0,746,746
2815001,2820000,1,L06-2,1,0,0,0,1472,1472
2820001,2825000,2,L06-2,1,0,0,0,2392,2392
2845001,2850000,1,L06-2,1,0,0,0,803,803
2880001,2885000,1,L06-2,1,0,0,0,380,380
2885001,2890000,2,L06-2,1,0,0,0,1879,1879
2905001,2910000,1,L06-2,1,0,0,0,1355,1355
2915001,2920000,1,L06-2,1,0,0,0,737,737
2925001,2930000,4,L06-2,1,0,0,0,2375,2375
2930001,2935000,3,L06-2,1,0,0,0,1819,1819
2965001,2970000,3,L06-2,1,0,0,0,2907,2907
3005001,3010000,0,L06-2,1,0,1,1,0,0
3015001,3020000,3,L06-2,1,0,0,0,1220,1220
3020001,3025000,1,L06-2,1,0,0,0,280,280
3050001,3055000,1,L06-2,1,0,0,0,898,898
3055001,3060000,2,L06-2,1,0,0,0,2037,2037
3110001,3115000,1,L06-2,1,0,0,0,875,875
3135001,3140000,0,L06-2,1,0,1,1,0,0
3175001,3180000,1,L06-2,1,0,0,0,1098,1098
3210001,3215000,1,L06-2,1,0,0,0,1079,1079
3215001,3220000,1,L06-2,1,0,0,0,1163,1163
3230001,3235000,1,L06-2,1,0,0,0,1154,1154
3235001,3240000,1,L06-2,1,0,0,0,416,416
3240001,3245000,0,L06-2,1,0,1,0,0,0
3245001,3250000,0,L06-2,1,0,1,0,0,0
3250001,3255000,0,L06-2,1,0,1,0,0,0
3275001,3280000,1,L06-2,1,0,0,0,93,93
3280001,3285000,2,L06-2,1,0,0,0,2902,2902
3290001,3295000,1,L06-2,1,0,0,0,1892,1892
3300001,3305000,1,L06-2,1,0,0,0,653,653
3310001,3315000,2,L06-2,1,0,0,0,1606,1606
3315001,3320000,1,L06-2,1,0,0,0,224,224
3320001,3325000,3,L06-2,1,0,0,0,4241,4241
3325001,3330000,1,L06-2,1,0,0,0,134,134
3380001,3385000,1,L06-2,1,0,0,0,375,375
3400001,3405000,0,L06-2,1,1,0,0,0,3092
3425001,3430000,2,L06-2,1,0,0,0,3288,3288
3430001,3435000,1,L06-2,1,0,0,0,871,871
3435001,3440000,3,L06-2,1,0,0,0,3077,3077
3440001,3445000,2,L06-2,1,0,0,0,1353,1353
3445001,3450000,5,L06-2,1,0,0,0,2897,2897
3455001,3460000,4,L06-2,1,0,0,0,2389,2389
3485001,3490000,2,L06-2,1,0,0,0,820,820
3490001,3495000,1,L06-2,1,0,0,0,1067,1067
3505001,3510000,2,L06-2,1,1,0,0,648,3741
3510001,3515000,2,L06-2,1,0,0,0,1986,1986
3515001,3520000,2,L06-2,1,0,0,0,1819,1819
3520001,3525000,0,L06-2,1,1,0,0,0,856
3525001,3530000,0,L06-2,1,1,1,0,0,2237
3540001,3545000,1,L06-2,1,0,0,0,91,91
3545001,3550000,3,L06-2,1,0,0,0,1937,1937
3550001,3555000,2,L06-2,1,0,1,1,1277,1277
3555001,3560000,10,L06-2,1,0,0,0,4587,4587
3560001,3565000,13,L06-2,1,0,0,0,4684,4684
3565001,3570000,6,L06-2,1,0,0,0,2734,2734
3570001,3575000,3,L06-2,1,0,0,0,2567,2567
3595001,3600000,0,L06-2,1,0,1,1,0,0
3610001,3615000,1,L06-2,1,0,0,0,1004,1004
3620001,3625000,1,L06-2,1,0,0,0,393,393
3625001,3630000,1,L06-2,1,0,0,0,1742,1742
3670001,3675000,1,L06-2,1,0,0,0,1103,1103
3690001,3695000,1,L06-2,1,0,0,0,843,843
3695001,3700000,4,L06-2,1,0,0,0,3221,3221
3725001,3730000,0,L06-2,1,1,0,0,0,3092
3760001,3765000,0,L06-2,1,0,1,1,0,0
3780001,3785000,1,L06-2,1,0,0,0,1472,1472
3785001,3790000,2,L06-2,1,0,0,0,1508,1508
3835001,3840000,1,L06-2,1,0,0,0,1019,1019
3860001,3865000,3,L06-2,1,0,0,0,1992,1992
3865001,3870000,2,L06-2,1,0,0,0,1655,1655
3870001,3875000,1,L06-2,1,0,0,0,623,623
3875001,3880000,1,L06-2,1,0,0,0,2108,2108
3930001,3935000,2,L06-2,1,0,0,0,3331,3331
3935001,3940000,5,L06-2,1,0,0,0,3731,3731
3940001,3945000,0,L06-2,1,0,1,0,0,0
3950001,3955000,0,L06-2,1,0,2,0,0,0
3960001,3965000,1,L06-2,1,0,0,0,301,301
3965001,3970000,2,L06-2,1,0,0,0,2898,2898
20001,25000,1,L06-2,2,0,0,0,75,75
40001,45000,1,L06-2,2,0,0,0,1259,1259
55001,60000,3,L06-2,2,0,0,0,228,228
60001,65000,2,L06-2,2,0,0,0,1668,1668
65001,70000,1,L06-2,2,0,0,0,10,10
75001,80000,0,L06-2,2,1,0,0,0,3092
95001,100000,1,L06-2,2,0,0,0,545,545
110001,115000,2,L06-2,2,0,0,0,3382,3382
150001,155000,0,L06-2,2,0,1,1,0,0
185001,190000,2,L06-2,2,0,0,0,2984,2984
190001,195000,1,L06-2,2,0,0,0,173,173
225001,230000,1,L06-2,2,0,0,0,857,857
235001,240000,5,L06-2,2,0,0,0,3089,3089
240001,245000,5,L06-2,2,0,0,0,2184,2184
245001,250000,2,L06-2,2,0,0,0,4923,4923
250001,255000,1,L06-2,2,0,0,0,2934,2934
315001,320000,2,L06-2,2,0,0,0,3295,3295
320001,325000,1,L06-2,2,0,0,0,608,608
325001,330000,1,L06-2,2,0,0,0,1415,1415
335001,340000,1,L06-2,2,0,0,0,536,536
430001,435000,0,L06-2,2,1,0,0,0,3039
435001,440000,2,L06-2,2,1,0,0,1939,1993
440001,445000,1,L06-2,2,0,0,0,566,566
455001,460000,3,L06-2,2,0,0,0,2565,2565
460001,465000,1,L06-2,2,0,0,0,461,461
490001,495000,1,L06-2,2,0,0,0,227,227
515001,520000,1,L06-2,2,0,0,0,530,530
545001,550000,1,L06-2,2,0,0,0,2685,2685
550001,555000,3,L06-2,2,0,0,0,2352,2352
570001,575000,2,L06-2,2,0,0,0,1276,1276
625001,630000,1,L06-2,2,0,0,0,355,355
630001,635000,4,L06-2,2,0,0,0,4381,4381
635001,640000,2,L06-2,2,0,0,0,1286,1286
655001,660000,1,L06-2,2,0,0,0,479,479
660001,665000,1,L06-2,2,0,0,0,2006,2006
665001,670000,1,L06-2,2,0,0,0,348,348
695001,700000,2,L06-2,2,0,0,0,712,712
700001,705000,4,L06-2,2,0,0,0,5000,5000
705001,710000,5,L06-2,2,0,0,0,4943,4943
710001,715000,5,L06-2,2,0,0,0,3923,3923
715001,720000,3,L06-2,2,0,0,0,3930,3930
720001,725000,1,L06-2,2,0,0,0,620,620
750001,755000,1,L06-2,2,0,0,0,662,662
765001,770000,1,L06-2,2,0,0,0,479,479
775001,780000,2,L06-2,2,0,0,0,1624,1624
785001,790000,1,L06-2,2,0,0,0,824,824
790001,795000,4,L06-2,2,0,0,0,3095,3095
795001,800000,5,L06-2,2,0,0,0,4496,4496
800001,805000,5,L06-2,2,0,0,0,4250,4250
805001,810000,3,L06-2,2,0,0,0,4370,4370
810001,815000,3,L06-2,2,0,0,0,2236,2236
815001,820000,2,L06-2,2,0,0,0,1573,1573
820001,825000,1,L06-2,2,0,0,0,1103,1103
865001,870000,0,L06-2,2,0,1,0,0,0
870001,875000,0,L06-2,2,1,0,0,0,2115
875001,880000,0,L06-2,2,1,0,0,0,978
915001,920000,1,L06-2,2,0,0,0,648,648
920001,925000,1,L06-2,2,0,0,0,326,326
945001,950000,1,L06-2,2,0,0,0,1662,1662
950001,955000,3,L06-2,2,0,0,0,2010,2010
955001,960000,5,L06-2,2,0,0,0,3110,3110
960001,965000,2,L06-2,2,0,0,0,1766,1766
995001,1000000,1,L06-2,2,0,0,0,113,113
1010001,1015000,1,L06-2,2,0,0,0,1931,1931
1015001,1020000,2,L06-2,2,0,0,0,1606,1606
1065001,1070000,2,L06-2,2,0,0,0,2107,2107
1070001,1075000,1,L06-2,2,0,0,0,866,866
1075001,1080000,1,L06-2,2,0,0,0,76,76
1150001,1155000,2,L06-2,2,0,0,0,3013,3013
1155001,1160000,4,L06-2,2,0,0,0,3589,3589
1160001,1165000,1,L06-2,2,0,0,0,1246,1246
1170001,1175000,1,L06-2,2,0,0,0,378,378
1175001,1180000,1,L06-2,2,0,0,0,1160,1160
1180001,1185000,1,L06-2,2,0,0,0,84,84
1190001,1195000,1,L06-2,2,0,0,0,1664,1664
1195001,1200000,1,L06-2,2,0,0,0,530,530
1205001,1210000,0,L06-2,2,0,1,0,0,0
1225001,1230000,0,L06-2,2,1,0,0,0,1126
1230001,1235000,0,L06-2,2,1,0,0,0,1967
1265001,1270000,0,L06-2,2,1,0,0,0,2589
1270001,1275000,0,L06-2,2,1,0,0,0,503
1285001,1290000,0,L06-2,2,1,0,0,0,3091
1375001,1380000,0,L06-2,2,0,1,1,0,0
1410001,1415000,1,L06-2,2,0,0,0,218,218
1415001,1420000,1,L06-2,2,0,0,0,675,675
1420001,1425000,2,L06-2,2,0,0,0,3928,3928
1425001,1430000,1,L06-2,2,0,0,0,1292,1292
1435001,1440000,0,L06-2,2,1,0,0,0,3093
1450001,1455000,1,L06-2,2,0,0,0,1673,1673
1455001,1460000,3,L06-2,2,0,0,0,3103,3103
1460001,1465000,3,L06-2,2,0,0,0,2272,2272
1465001,1470000,2,L06-2,2,0,0,0,4561,4561
1475001,1480000,1,L06-2,2,0,0,0,1400,1400
1500001,1505000,1,L06-2,2,0,0,0,278,278
1505001,1510000,1,L06-2,2,0,0,0,240,240
1520001,1525000,1,L06-2,2,0,0,0,87,87
1595001,1600000,2,L06-2,2,0,0,0,2952,2952
1600001,1605000,2,L06-2,2,0,0,0,2088,2088
1605001,1610000,3,L06-2,2,0,0,0,1899,1899
1610001,1615000,2,L06-2,2,0,0,0,1641,1641
1630001,1635000,3,L06-2,2,0,0,0,2179,2179
1635001,1640000,1,L06-2,2,0,0,0,958,958
1640001,1645000,0,L06-2,2,1,0,0,0,1202
1645001,1650000,0,L06-2,2,1,0,0,0,1888
1650001,1655000,1,L06-2,2,0,0,0,1106,1106
1655001,1660000,0,L06-2,2,1,0,0,0,2154
1660001,1665000,0,L06-2,2,1,0,0,0,937
1690001,1695000,1,L06-2,2,0,0,0,48,48
1695001,1700000,4,L06-2,2,0,0,0,2435,2435
1700001,1705000,4,L06-2,2,0,0,0,3693,3693
1705001,1710000,1,L06-2,2,0,0,0,854,854
1765001,1770000,1,L06-2,2,0,0,0,2597,2597
1770001,1775000,1,L06-2,2,0,0,0,590,590
1775001,1780000,1,L06-2,2,0,0,0,0,0
1785001,1790000,1,L06-2,2,0,0,0,788,788
1880001,1885000,0,L06-2,2,1,0,0,0,810
1885001,1890000,0,L06-2,2,1,0,0,0,2283
2030001,2035000,1,L06-2,2,0,0,0,1274,1274
2055001,2060000,1,L06-2,2,0,0,0,640,640
2085001,2090000,0,L06-2,2,1,0,0,0,866
2090001,2095000,0,L06-2,2,1,1,0,0,2226
2110001,2115000,1,L06-2,2,0,0,0,367,367
2115001,2120000,5,L06-2,2,0,0,0,4182,4182
2120001,2125000,1,L06-2,2,0,0,0,1647,1647
2140001,2145000,1,L06-2,2,0,0,0,827,827
2180001,2185000,1,L06-2,2,0,0,0,995,995
2205001,2210000,1,L06-2,2,0,0,0,695,695
2265001,2270000,1,L06-2,2,0,0,0,1772,1772
2275001,2280000,1,L06-2,2,0,0,0,1733,1733
2290001,2295000,3,L06-2,2,0,0,0,707,707
2310001,2315000,0,L06-2,2,1,0,0,0,1361
2315001,2320000,0,L06-2,2,1,0,0,0,1731
2405001,2410000,1,L06-2,2,0,0,0,2033,2033
2450001,2455000,0,L06-2,2,1,0,0,0,3092
2455001,2460000,1,L06-2,2,0,0,0,668,668
2495001,2500000,1,L06-2,2,0,0,0,310,310
2500001,2505000,1,L06-2,2,0,0,0,1450,1450
2545001,2550000,1,L06-2,2,0,0,0,1674,1674
2550001,2555000,1,L06-2,2,0,0,0,953,953
2555001,2560000,2,L06-2,2,0,0,0,3368,3368
2560001,2565000,1,L06-2,2,0,0,0,47,47
2600001,2605000,0,L06-2,2,1,0,0,0,3094
2645001,2650000,2,L06-2,2,0,0,0,2182,2182
2650001,2655000,1,L06-2,2,0,0,0,0,0
2655001,2660000,1,L06-2,2,0,0,0,1220,1220
2715001,2720000,1,L06-2,2,0,0,0,1415,1415
2720001,2725000,1,L06-2,2,0,0,0,169,169
2725001,2730000,2,L06-2,2,0,0,0,2831,2831
2780001,2785000,1,L06-2,2,0,0,0,1127,1127
2785001,2790000,1,L06-2,2,0,0,0,878,878
2805001,2810000,1,L06-2,2,0,0,0,746,746
2825001,2830000,2,L06-2,2,0,0,0,2302,2302
2830001,2835000,2,L06-2,2,0,0,0,1563,1563
2850001,2855000,1,L06-2,2,0,0,0,803,803
2890001,2895000,3,L06-2,2,0,0,0,2084,2084
2895001,2900000,1,L06-2,2,0,0,0,175,175
2910001,2915000,1,L06-2,2,0,0,0,1355,1355
2925001,2930000,1,L06-2,2,0,0,0,737,737
2930001,2935000,2,L06-2,2,0,0,0,914,914
2935001,2940000,4,L06-2,2,0,0,0,1833,1833
2940001,2945000,2,L06-2,2,0,1,0,1447,1447
2970001,2975000,3,L06-2,2,0,0,0,1133,1133
2975001,2980000,1,L06-2,2,0,0,0,1773,1773
3015001,3020000,0,L06-2,2,1,0,0,0,3092
3025001,3030000,2,L06-2,2,0,0,0,838,838
3030001,3035000,2,L06-2,2,0,0,0,662,662
3060001,3065000,1,L06-2,2,0,0,0,503,503
3065001,3070000,2,L06-2,2,0,0,0,2432,2432
3120001,3125000,1,L06-2,2,0,0,0,875,875
3145001,3150000,0,L06-2,2,1,0,0,0,726
3150001,3155000,0,L06-2,2,1,0,0,0,2367
3155001,3160000,0,L06-2,2,0,1,0,0,0
3190001,3195000,1,L06-2,2,0,0,0,1098,1098
3225001,3230000,2,L06-2,2,0,0,0,2242,2242
3240001,3245000,1,L06-2,2,0,0,0,1154,1154
3245001,3250000,1,L06-2,2,0,0,0,140,140
3250001,3255000,1,L06-2,2,0,0,0,276,276
3255001,3260000,0,L06-2,2,1,0,0,0,1529
3260001,3265000,0,L06-2,2,1,0,0,0,1562
3285001,3290000,2,L06-2,2,0,0,0,2094,2094
3290001,3295000,1,L06-2,2,0,0,0,901,901
3295001,3300000,1,L06-2,2,0,0,0,1567,1567
3300001,3305000,1,L06-2,2,0,0,0,325,325
3305001,3310000,1,L06-2,2,0,0,0,653,653
3315001,3320000,1,L06-2,2,0,0,0,97,97
3320001,3325000,2,L06-2,2,0,0,0,1509,1509
3325001,3330000,2,L06-2,2,0,0,0,1895,1895
3330001,3335000,2,L06-2,2,0,0,0,2704,2704
3385001,3390000,1,L06-2,2,0,0,0,375,375
3405001,3410000,0,L06-2,2,1,0,0,0,546
3410001,3415000,0,L06-2,2,1,0,0,0,2547
3430001,3435000,1,L06-2,2,0,0,0,552,552
3435001,3440000,2,L06-2,2,0,0,0,3607,3607
3440001,3445000,2,L06-2,2,0,0,0,1247,1247
3445001,3450000,2,L06-2,2,0,0,0,2110,2110
3450001,3455000,4,L06-2,2,0,0,0,1925,1925
3455001,3460000,2,L06-2,2,0,0,0,2045,2045
3460001,3465000,3,L06-2,2,0,0,0,1623,1623
3465001,3470000,2,L06-2,2,0,0,0,767,767
3490001,3495000,2,L06-2,2,0,0,0,820,820
3495001,3500000,1,L06-2,2,0,0,0,1067,1067
3510001,3515000,0,L06-2,2,1,0,0,0,2087
3515001,3520000,3,L06-2,2,1,0,0,2634,3640
3520001,3525000,2,L06-2,2,0,0,0,830,830
3525001,3530000,1,L06-2,2,0,0,0,989,989
3530001,3535000,0,L06-2,2,1,0,0,0,3093
3535001,3540000,0,L06-2,2,1,0,0,0,0
3550001,3555000,1,L06-2,2,0,0,0,572,572
3555001,3560000,2,L06-2,2,1,0,0,1456,2090
3560001,3565000,2,L06-2,2,1,0,0,805,3264
3565001,3570000,9,L06-2,2,0,0,0,4597,4597
3570001,3575000,13,L06-2,2,0,0,0,4691,4691
3575001,3580000,7,L06-2,2,0,0,0,2729,2729
3580001,3585000,3,L06-2,2,0,0,0,3025,3025
3605001,3610000,0,L06-2,2,1,0,0,0,3091
3620001,3625000,1,L06-2,2,0,0,0,656,656
3625001,3630000,1,L06-2,2,0,0,0,348,348
3635001,3640000,1,L06-2,2,0,0,0,1823,1823
3640001,3645000,1,L06-2,2,0,0,0,311,311
3685001,3690000,1,L06-2,2,0,0,0,1103,1103
3705001,3710000,3,L06-2,2,0,0,0,2030,2030
3710001,3715000,2,L06-2,2,0,0,0,2033,2033
3735001,3740000,0,L06-2,2,1,0,0,0,969
3740001,3745000,0,L06-2,2,1,0,0,0,2122
3775001,3780000,0,L06-2,2,1,0,0,0,2487
3780001,3785000,0,L06-2,2,1,0,0,0,605
3800001,3805000,2,L06-2,2,0,0,0,2980,2980
3850001,3855000,1,L06-2,2,0,0,0,1019,1019
3875001,3880000,2,L06-2,2,0,0,0,1756,1756
3880001,3885000,3,L06-2,2,0,0,0,1891,1891
3890001,3895000,2,L06-2,2,0,0,0,2731,2731
3945001,3950000,1,L06-2,2,0,0,0,2414,2414
3950001,3955000,5,L06-2,2,0,0,0,3405,3405
3955001,3960000,1,L06-2,2,0,0,0,1243,1243
3960001,3965000,0,L06-2,2,1,0,0,0,3092
3970001,3975000,0,L06-2,2,1,0,0,0,3093
20001,25000,1,L06-3,1,0,0,0,75,75
40001,45000,1,L06-3,1,0,0,0,1259,1259
55001,60000,3,L06-3,1,0,0,0,228,228
60001,65000,2,L06-3,1,0,0,0,1658,1658
65001,70000,1,L06-3,1,0,0,0,20,20
105001,110000,1,L06-3,1,0,0,0,545,545
120001,125000,2,L06-3,1,0,0,0,3382,3382
125001,130000,1,L06-3,1,0,0,0,0,0
195001,200000,2,L06-3,1,0,0,0,2093,2093
200001,205000,1,L06-3,1,0,0,0,1064,1064
235001,240000,1,L06-3,1,0,0,0,318,318
240001,245000,1,L06-3,1,0,0,0,539,539
245001,250000,5,L06-3,1,0,0,0,3088,3088
250001,255000,5,L06-3,1,0,0,0,1612,1612
255001,260000,3,L06-3,1,0,0,0,4603,4603
260001,265000,1,L06-3,1,0,0,0,3827,3827
325001,330000,2,L06-3,1,0,0,0,2577,2577
330001,335000,2,L06-3,1,0,0,0,1326,1326
335001,340000,1,L06-3,1,0,0,0,1415,1415
345001,350000,1,L06-3,1,0,0,0,536,536
395001,400000,0,L06-3,1,0,1,1,0,0
440001,445000,0,L06-3,1,1,0,0,0,2144
445001,450000,2,L06-3,1,1,0,0,1939,2888
450001,455000,1,L06-3,1,0,0,0,566,566
465001,470000,3,L06-3,1,0,0,0,2565,2565
470001,475000,1,L06-3,1,0,0,0,461,461
500001,505000,1,L06-3,1,0,0,0,227,227
525001,530000,1,L06-3,1,0,0,0,530,530
555001,560000,1,L06-3,1,0,0,0,1781,1781
560001,565000,3,L06-3,1,0,0,0,2619,2619
565001,570000,1,L06-3,1,0,0,0,637,637
580001,585000,2,L06-3,1,0,0,0,1276,1276
640001,645000,3,L06-3,1,0,0,0,4251,4251
645001,650000,2,L06-3,1,0,0,0,1771,1771
665001,670000,1,L06-3,1,0,0,0,479,479
670001,675000,1,L06-3,1,0,0,0,1095,1095
675001,680000,1,L06-3,1,0,0,0,1259,1259
710001,715000,4,L06-3,1,0,0,0,4803,4803
715001,720000,6,L06-3,1,0,0,0,4943,4943
720001,725000,4,L06-3,1,0,0,0,4024,4024
725001,730000,4,L06-3,1,0,0,0,4606,4606
730001,735000,2,L06-3,1,0,0,0,753,753
760001,765000,1,L06-3,1,0,0,0,662,662
775001,780000,1,L06-3,1,0,0,0,479,479
785001,790000,2,L06-3,1,0,0,0,1434,1434
790001,795000,1,L06-3,1,0,0,0,190,190
795001,800000,1,L06-3,1,0,0,0,824,824
800001,805000,3,L06-3,1,0,0,0,2370,2370
805001,810000,6,L06-3,1,0,0,0,4314,4314
810001,815000,3,L06-3,1,0,0,0,4359,4359
815001,820000,5,L06-3,1,0,0,0,4261,4261
820001,825000,2,L06-3,1,0,0,0,2803,2803
825001,830000,1,L06-3,1,0,0,0,1298,1298
830001,835000,1,L06-3,1,0,0,0,1718,1718
880001,885000,0,L06-3,1,1,1,0,0,1204
885001,890000,0,L06-3,1,1,0,0,0,1888
930001,935000,1,L06-3,1,0,0,0,974,974
955001,960000,1,L06-3,1,0,0,0,750,750
960001,965000,2,L06-3,1,0,0,0,2068,2068
965001,970000,5,L06-3,1,0,0,0,3051,3051
970001,975000,2,L06-3,1,0,0,0,2679,2679
1005001,1010000,1,L06-3,1,0,0,0,113,113
1020001,1025000,1,L06-3,1,0,0,0,1307,1307
1025001,1030000,3,L06-3,1,0,0,0,1612,1612
1030001,1035000,1,L06-3,1,0,0,0,618,618
1075001,1080000,2,L06-3,1,0,0,0,1800,1800
1080001,1085000,2,L06-3,1,0,0,0,1173,1173
1085001,1090000,1,L06-3,1,0,0,0,76,76
1160001,1165000,2,L06-3,1,0,0,0,2425,2425
1165001,1170000,5,L06-3,1,0,0,0,3270,3270
1170001,1175000,1,L06-3,1,0,0,0,2153,2153
1185001,1190000,1,L06-3,1,0,0,0,1538,1538
1190001,1195000,1,L06-3,1,0,0,0,84,84
1200001,1205000,1,L06-3,1,0,0,0,1664,1664
1205001,1210000,1,L06-3,1,0,0,0,530,530
1275001,1280000,0,L06-3,1,1,0,0,0,3093
1415001,1420000,1,L06-3,1,0,0,0,218,218
1420001,1425000,1,L06-3,1,0,0,0,960,960
1425001,1430000,2,L06-3,1,0,0,0,3643,3643
1430001,1435000,1,L06-3,1,0,0,0,1292,1292
1440001,1445000,0,L06-3,1,1,0,0,0,3093
1455001,1460000,1,L06-3,1,0,0,0,1673,1673
1460001,1465000,3,L06-3,1,0,0,0,3390,3390
1465001,1470000,4,L06-3,1,0,0,0,2271,2271
1470001,1475000,1,L06-3,1,0,0,0,4275,4275
1480001,1485000,1,L06-3,1,0,0,0,1400,1400
1505001,1510000,1,L06-3,1,0,0,0,518,518
1525001,1530000,1,L06-3,1,0,0,0,87,87
1580001,1585000,0,L06-3,1,0,1,0,0,0
1590001,1595000,0,L06-3,1,0,1,0,0,0
1600001,1605000,2,L06-3,1,0,0,0,3225,3225
1605001,1610000,2,L06-3,1,0,0,0,1815,1815
1610001,1615000,3,L06-3,1,0,0,0,1899,1899
1615001,1620000,2,L06-3,1,0,0,0,1642,1642
1635001,1640000,3,L06-3,1,0,0,0,2446,2446
1640001,1645000,1,L06-3,1,0,0,0,691,691
1650001,1655000,1,L06-3,1,0,0,0,206,206
1655001,1660000,1,L06-3,1,0,0,0,900,900
1660001,1665000,0,L06-3,1,1,0,0,0,3093
1695001,1700000,1,L06-3,1,0,0,0,584,584
1700001,1705000,5,L06-3,1,0,0,0,4381,4381
1705001,1710000,3,L06-3,1,0,0,0,2065,2065
1765001,1770000,1,L06-3,1,0,0,0,868,868
1770001,1775000,1,L06-3,1,0,0,0,1729,1729
1775001,1780000,1,L06-3,1,0,0,0,590,590
1785001,1790000,1,L06-3,1,0,0,0,788,788
1860001,1865000,0,L06-3,1,0,1,1,0,0
2030001,2035000,1,L06-3,1,0,0,0,1274,1274
2055001,2060000,1,L06-3,1,0,0,0,641,641
2110001,2115000,3,L06-3,1,0,0,0,3547,3547
2115001,2120000,3,L06-3,1,0,0,0,2649,2649
2135001,2140000,1,L06-3,1,0,0,0,827,827
2160001,2165000,0,L06-3,1,0,2,0,0,0
2175001,2180000,1,L06-3,1,0,0,0,995,995
2200001,2205000,1,L06-3,1,0,0,0,437,437
2205001,2210000,1,L06-3,1,0,0,0,258,258
2260001,2265000,1,L06-3,1,0,0,0,1772,1772
2270001,2275000,1,L06-3,1,0,0,0,948,948
2275001,2280000,1,L06-3,1,0,0,0,785,785
2285001,2290000,3,L06-3,1,0,0,0,665,665
2290001,2295000,1,L06-3,1,0,1,0,42,42
2305001,2310000,0,L06-3,1,1,0,0,0,6
2310001,2315000,0,L06-3,1,1,0,0,0,3087
2370001,2375000,0,L06-3,1,0,1,0,0,0
2390001,2395000,0,L06-3,1,0,1,0,0,0
2405001,2410000,1,L06-3,1,0,0,0,2033,2033
2430001,2435000,0,L06-3,1,0,1,1,0,0
2450001,2455000,1,L06-3,1,0,0,0,668,668
2495001,2500000,1,L06-3,1,0,0,0,1760,1760
2540001,2545000,1,L06-3,1,0,0,0,901,901
2545001,2550000,1,L06-3,1,0,0,0,1726,1726
2550001,2555000,2,L06-3,1,0,0,0,2595,2595
2555001,2560000,1,L06-3,1,0,1,1,820,820
2635001,2640000,1,L06-3,1,0,0,0,1021,1021
2640001,2645000,2,L06-3,1,0,0,0,1161,1161
2645001,2650000,1,L06-3,1,0,0,0,1220,1220
2705001,2710000,1,L06-3,1,0,0,0,1395,1395
2710001,2715000,1,L06-3,1,0,0,0,20,20
2715001,2720000,2,L06-3,1,0,0,0,2420,2420
2720001,2725000,1,L06-3,1,0,0,0,581,581
2770001,2775000,1,L06-3,1,0,0,0,838,838
2775001,2780000,1,L06-3,1,0,0,0,289,289
2780001,2785000,1,L06-3,1,0,0,0,878,878
2800001,2805000,1,L06-3,1,0,0,0,746,746
2815001,2820000,1,L06-3,1,0,0,0,1472,1472
2820001,2825000,2,L06-3,1,0,0,0,2392,2392
2845001,2850000,1,L06-3,1,0,0,0,803,803
2880001,2885000,1,L06-3,1,0,0,0,380,380
2885001,2890000,2,L06-3,1,0,0,0,1879,1879
2905001,2910000,1,L06-3,1,0,0,0,1355,1355
2915001,2920000,1,L06-3,1,0,0,0,737,737
2925001,2930000,4,L06-3,1,0,0,0,2375,2375
2930001,2935000,3,L06-3,1,0,0,0,1819,1819
2965001,2970000,3,L06-3,1,0,0,0,2907,2907
3015001,3020000,3,L06-3,1,0,0,0,1220,1220
3020001,3025000,1,L06-3,1,0,0,0,280,280
3025001,3030000,0,L06-3,1,0,1,1,0,0
3050001,3055000,1,L06-3,1,0,0,0,898,898
3055001,3060000,2,L06-3,1,0,0,0,2037,2037
3110001,3115000,1,L06-3,1,0,0,0,875,875
3145001,3150000,0,L06-3,1,0,1,0,0,0
3175001,3180000,1,L06-3,1,0,0,0,1098,1098
3190001,3195000,0,L06-3,1,0,1,1,0,0
3210001,3215000,1,L06-3,1,0,0,0,1079,1079
3215001,3220000,1,L06-3,1,0,0,0,1163,1163
3230001,3235000,1,L06-3,1,0,0,0,1154,1154
3235001,3240000,1,L06-3,1,0,0,0,416,416
3275001,3280000,1,L06-3,1,0,0,0,93,93
3280001,3285000,2,L06-3,1,0,0,0,2902,2902
3290001,3295000,1,L06-3,1,0,0,0,1892,1892
3300001,3305000,1,L06-3,1,0,0,0,653,653
3310001,3315000,2,L06-3,1,0,0,0,1606,1606
3315001,3320000,1,L06-3,1,0,0,0,224,224
3320001,3325000,3,L06-3,1,0,0,0,4241,4241
3325001,3330000,1,L06-3,1,0,0,0,134,134
3380001,3385000,1,L06-3,1,0,0,0,375,375
3395001,3400000,0,L06-3,1,0,1,0,0,0
3400001,3405000,0,L06-3,1,1,0,0,0,3092
3425001,3430000,2,L06-3,1,0,0,0,3288,3288
3430001,3435000,1,L06-3,1,0,0,0,871,871
3435001,3440000,3,L06-3,1,0,0,0,3077,3077
3440001,3445000,2,L06-3,1,0,0,0,1353,1353
3445001,3450000,5,L06-3,1,0,0,0,2897,2897
3455001,3460000,4,L06-3,1,0,0,0,2389,2389
3485001,3490000,2,L06-3,1,0,0,0,820,820
3490001,3495000,1,L06-3,1,0,0,0,1067,1067
3505001,3510000,2,L06-3,1,1,0,0,648,3741
3510001,3515000,2,L06-3,1,0,0,0,1986,1986
3515001,3520000,2,L06-3,1,0,0,0,1819,1819
3520001,3525000,0,L06-3,1,1,0,0,0,856
3525001,3530000,0,L06-3,1,1,1,0,0,2237
3540001,3545000,1,L06-3,1,0,0,0,91,91
3545001,3550000,3,L06-3,1,0,0,0,1937,1937
3550001,3555000,2,L06-3,1,0,0,0,1277,1277
3555001,3560000,10,L06-3,1,0,0,0,4587,4587
3560001,3565000,13,L06-3,1,0,0,0,4684,4684
3565001,3570000,6,L06-3,1,0,0,0,2734,2734
3570001,3575000,3,L06-3,1,0,0,0,2567,2567
3610001,3615000,1,L06-3,1,0,0,0,1004,1004
3620001,3625000,1,L06-3,1,0,0,0,393,393
3625001,3630000,1,L06-3,1,0,0,0,1742,1742
3670001,3675000,1,L06-3,1,0,0,0,1103,1103
3690001,3695000,1,L06-3,1,0,0,0,843,843
3695001,3700000,4,L06-3,1,0,0,0,3221,3221
3725001,3730000,0,L06-3,1,1,0,0,0,3092
3780001,3785000,1,L06-3,1,0,0,0,1472,1472
3785001,3790000,2,L06-3,1,0,0,0,1508,1508
3835001,3840000,1,L06-3,1,0,0,0,1019,1019
3860001,3865000,3,L06-3,1,0,0,0,1992,1992
3865001,3870000,2,L06-3,1,0,0,0,1655,1655
3870001,3875000,1,L06-3,1,0,0,0,623,623
3875001,3880000,1,L06-3,1,0,0,0,2108,2108
3930001,3935000,2,L06-3,1,0,0,0,3331,3331
3935001,3940000,5,L06-3,1,0,0,0,3731,3731
20001,25000,1,L06-3,2,0,0,0,75,75
40001,45000,1,L06-3,2,0,0,0,1259,1259
55001,60000,3,L06-3,2,0,0,0,228,228
60001,65000,2,L06-3,2,0,0,0,1659,1659
65001,70000,1,L06-3,2,0,0,0,19,19
105001,110000,1,L06-3,2,0,0,0,545,545
120001,125000,2,L06-3,2,0,0,0,3382,3382
195001,200000,2,L06-3,2,0,0,0,2097,2097
200001,205000,1,L06-3,2,0,0,0,1060,1060
235001,240000,1,L06-3,2,0,0,0,322,322
240001,245000,1,L06-3,2,0,0,0,535,535
245001,250000,5,L06-3,2,0,0,0,3089,3089
250001,255000,5,L06-3,2,0,0,0,1615,1615
255001,260000,3,L06-3,2,0,0,0,4603,4603
260001,265000,1,L06-3,2,0,0,0,3823,3823
325001,330000,2,L06-3,2,0,0,0,2578,2578
330001,335000,2,L06-3,2,0,0,0,1325,1325
335001,340000,1,L06-3,2,0,0,0,1415,1415
345001,350000,1,L06-3,2,0,0,0,536,536
395001,400000,0,L06-3,2,1,0,0,0,1816
400001,405000,0,L06-3,2,1,0,0,0,1277
435001,440000,0,L06-3,2,0,1,0,0,0
445001,450000,0,L06-3,2,1,0,0,0,3092
450001,455000,2,L06-3,2,0,0,0,1939,1939
455001,460000,1,L06-3,2,0,0,0,566,566
465001,470000,1,L06-3,2,0,0,0,267,267
470001,475000,3,L06-3,2,0,0,0,2298,2298
475001,480000,1,L06-3,2,0,0,0,461,461
505001,510000,1,L06-3,2,0,1,1,227,227
525001,530000,1,L06-3,2,0,0,0,530,530
530001,535000,1,L06-3,2,0,0,0,0,0
560001,565000,1,L06-3,2,0,0,0,2855,2855
565001,570000,2,L06-3,2,0,0,0,2182,2182
585001,590000,2,L06-3,2,0,0,0,1276,1276
640001,645000,2,L06-3,2,0,0,0,1301,1301
645001,650000,3,L06-3,2,0,0,0,3900,3900
650001,655000,1,L06-3,2,0,0,0,821,821
670001,675000,1,L06-3,2,0,0,0,479,479
675001,680000,1,L06-3,2,0,0,0,2354,2354
705001,710000,0,L06-3,2,0,1,1,0,0
710001,715000,2,L06-3,2,0,0,0,1706,1706
715001,720000,5,L06-3,2,0,0,0,4997,4997
720001,725000,4,L06-3,2,0,0,0,4432,4432
725001,730000,5,L06-3,2,0,0,0,4206,4206
730001,735000,3,L06-3,2,0,0,0,3323,3323
735001,740000,1,L06-3,2,0,0,0,465,465
760001,765000,1,L06-3,2,0,0,0,662,662
775001,780000,1,L06-3,2,0,0,0,479,479
785001,790000,1,L06-3,2,0,0,0,67,67
790001,795000,2,L06-3,2,0,0,0,1557,1557
800001,805000,1,L06-3,2,0,0,0,824,824
805001,810000,6,L06-3,2,0,0,0,3800,3800
810001,815000,5,L06-3,2,0,0,0,4759,4759
815001,820000,5,L06-3,2,0,0,0,4280,4280
820001,825000,3,L06-3,2,0,0,0,4357,4357
825001,830000,2,L06-3,2,0,0,0,2209,2209
830001,835000,1,L06-3,2,0,0,0,1613,1613
835001,840000,1,L06-3,2,0,0,0,105,105
885001,890000,0,L06-3,2,1,0,0,0,3092
920001,925000,1,L06-3,2,0,0,0,875,875
975001,980000,2,L06-3,2,0,0,0,2317,2317
980001,985000,1,L06-3,2,0,0,0,618,618
1005001,1010000,0,L06-3,2,1,0,0,0,3092
1015001,1020000,3,L06-3,2,0,0,0,1500,1500
1065001,1070000,1,L06-3,2,0,0,0,1656,1656
1070001,1075000,3,L06-3,2,0,0,0,1251,1251
1100001,1105000,2,L06-3,2,0,0,0,1323,1323
1105001,1110000,4,L06-3,2,0,0,0,1833,1833
1110001,1115000,2,L06-3,2,0,0,0,1038,1038
1115001,1120000,1,L06-3,2,0,0,0,737,737
1130001,1135000,1,L06-3,2,0,0,0,1355,1355
1145001,1150000,1,L06-3,2,0,0,0,49,49
1150001,1155000,3,L06-3,2,0,0,0,2210,2210
1190001,1195000,1,L06-3,2,0,0,0,803,803
1210001,1215000,2,L06-3,2,0,0,0,1436,1436
1215001,1220000,2,L06-3,2,0,0,0,2428,2428
1230001,1235000,0,L06-3,2,0,1,1,0,0
1235001,1240000,1,L06-3,2,0,0,0,746,746
1255001,1260000,1,L06-3,2,0,0,0,878,878
1260001,1265000,1,L06-3,2,0,0,0,1127,1127
1315001,1320000,2,L06-3,2,0,0,0,2704,2704
1320001,1325000,1,L06-3,2,0,1,1,297,297
1325001,1330000,1,L06-3,2,0,0,0,1415,1415
1385001,1390000,1,L06-3,2,0,0,0,1107,1107
1390001,1395000,1,L06-3,2,0,0,0,113,113
1395001,1400000,2,L06-3,2,0,0,0,2182,2182
1475001,1480000,0,L06-3,2,1,1,0,0,1804
1480001,1485000,0,L06-3,2,1,0,0,0,1288
1485001,1490000,2,L06-3,2,0,0,0,3415,3415
1490001,1495000,1,L06-3,2,0,0,0,830,830
1495001,1500000,1,L06-3,2,0,0,0,1797,1797
1540001,1545000,1,L06-3,2,0,0,0,1326,1326
1545001,1550000,1,L06-3,2,0,0,0,434,434
1585001,1590000,1,L06-3,2,0,0,0,668,668
1605001,1610000,0,L06-3,2,1,0,0,0,3070
1610001,1615000,0,L06-3,2,1,0,0,0,23
1635001,1640000,1,L06-3,2,0,0,0,2033,2033
1645001,1650000,0,L06-3,2,1,0,0,0,732
1650001,1655000,0,L06-3,2,1,0,0,0,2361
1695001,1700000,0,L06-3,2,0,1,0,0,0
1710001,1715000,0,L06-3,2,1,0,0,0,1621
1715001,1720000,0,L06-3,2,1,1,0,0,1472
1720001,1725000,3,L06-3,2,0,0,0,707,707
1735001,1740000,1,L06-3,2,0,0,0,1733,1733
1745001,1750000,1,L06-3,2,0,0,0,1772,1772
1805001,1810000,1,L06-3,2,0,0,0,695,695
1830001,1835000,1,L06-3,2,0,0,0,995,995
1845001,1850000,0,L06-3,2,1,0,0,0,1712
1850001,1855000,0,L06-3,2,1,0,0,0,1380
1870001,1875000,1,L06-3,2,0,0,0,827,827
1890001,1895000,1,L06-3,2,0,0,0,1583,1583
1895001,1900000,5,L06-3,2,0,0,0,4183,4183
1900001,1905000,1,L06-3,2,0,0,0,430,430
1950001,1955000,1,L06-3,2,0,0,0,641,641
1975001,1980000,1,L06-3,2,0,0,0,1235,1235
1980001,1985000,1,L06-3,2,0,0,0,39,39
2145001,2150000,0,L06-3,2,1,0,0,0,2661
2150001,2155000,0,L06-3,2,1,0,0,0,432
2225001,2230000,1,L06-3,2,0,0,0,788,788
2235001,2240000,1,L06-3,2,0,0,0,590,590
2240001,2245000,1,L06-3,2,0,0,0,2220,2220
2245001,2250000,1,L06-3,2,0,0,0,377,377
2305001,2310000,3,L06-3,2,0,0,0,2555,2555
2310001,2315000,5,L06-3,2,0,0,0,3891,3891
2315001,2320000,1,L06-3,2,0,0,0,584,584
2350001,2355000,0,L06-3,2,1,1,0,0,3090
2355001,2360000,1,L06-3,2,0,0,0,1106,1106
2370001,2375000,1,L06-3,2,0,0,0,1183,1183
2375001,2380000,3,L06-3,2,0,0,0,1954,1954
2395001,2400000,2,L06-3,2,0,0,0,1642,1642
2400001,2405000,3,L06-3,2,0,0,0,1899,1899
2405001,2410000,2,L06-3,2,0,0,0,2308,2308
2410001,2415000,2,L06-3,2,0,0,0,2732,2732
2420001,2425000,0,L06-3,2,1,0,0,0,3092
2480001,2485000,1,L06-3,2,0,0,0,87,87
2495001,2500000,1,L06-3,2,0,0,0,518,518
2520001,2525000,1,L06-3,2,0,0,0,1330,1330
2525001,2530000,1,L06-3,2,0,0,0,70,70
2530001,2535000,1,L06-3,2,0,0,0,3133,3133
2535001,2540000,3,L06-3,2,0,0,0,3326,3326
2540001,2545000,3,L06-3,2,0,0,0,2445,2445
2545001,2550000,2,L06-3,2,0,0,0,2047,2047
2550001,2555000,1,L06-3,2,0,0,0,658,658
2560001,2565000,0,L06-3,2,1,0,0,0,2576
2565001,2570000,0,L06-3,2,1,0,0,0,517
2570001,2575000,1,L06-3,2,0,0,0,394,394
2575001,2580000,3,L06-3,2,0,0,0,3399,3399
2580001,2585000,1,L06-3,2,0,0,0,2102,2102
2585001,2590000,1,L06-3,2,0,0,0,218,218
2725001,2730000,0,L06-3,2,1,0,0,0,2176
2730001,2735000,0,L06-3,2,1,0,0,0,916
2795001,2800000,1,L06-3,2,0,0,0,530,530
2800001,2805000,1,L06-3,2,0,0,0,1664,1664
2810001,2815000,1,L06-3,2,0,0,0,84,84
2815001,2820000,1,L06-3,2,0,0,0,928,928
2820001,2825000,1,L06-3,2,0,0,0,610,610
2830001,2835000,1,L06-3,2,0,0,0,1015,1015
2835001,2840000,4,L06-3,2,0,0,0,3820,3820
2840001,2845000,2,L06-3,2,0,0,0,3013,3013
2915001,2920000,1,L06-3,2,0,0,0,76,76
2920001,2925000,1,L06-3,2,0,0,0,866,866
2925001,2930000,2,L06-3,2,0,0,0,2107,2107
2975001,2980000,2,L06-3,2,0,0,0,1606,1606
2980001,2985000,1,L06-3,2,0,0,0,1929,1929
2995001,3000000,1,L06-3,2,0,0,0,113,113
3030001,3035000,2,L06-3,2,0,0,0,1545,1545
3035001,3040000,5,L06-3,2,0,0,0,3111,3111
3040001,3045000,2,L06-3,2,0,0,0,2021,2021
3045001,3050000,2,L06-3,2,0,0,0,1871,1871
3070001,3075000,1,L06-3,2,0,0,0,107,107
3075001,3080000,1,L06-3,2,0,0,0,867,867
3115001,3120000,0,L06-3,2,1,0,0,0,762
3120001,3125000,0,L06-3,2,1,0,0,0,2331
3150001,3155000,1,L06-3,2,0,0,0,296,296
3155001,3160000,1,L06-3,2,0,0,0,802,802
3170001,3175000,0,L06-3,2,1,0,0,0,3093
3190001,3195000,2,L06-3,2,0,0,0,2002,2002
3195001,3200000,1,L06-3,2,0,0,0,240,240
3205001,3210000,1,L06-3,2,0,0,0,676,676
3210001,3215000,1,L06-3,2,0,0,0,478,478
3215001,3220000,1,L06-3,2,0,0,0,416,416
3255001,3260000,2,L06-3,2,0,0,0,817,817
3260001,3265000,1,L06-3,2,0,0,0,2178,2178
3265001,3270000,1,L06-3,2,0,0,0,291,291
3270001,3275000,1,L06-3,2,0,0,0,1601,1601
3275001,3280000,1,L06-3,2,0,0,0,0,0
3280001,3285000,1,L06-3,2,0,0,0,653,653
3290001,3295000,2,L06-3,2,0,0,0,1606,1606
3295001,3300000,1,L06-3,2,0,0,0,1013,1013
3300001,3305000,2,L06-3,2,0,0,0,3586,3586
3355001,3360000,1,L06-3,2,0,0,0,375,375
3370001,3375000,0,L06-3,2,1,0,0,0,655
3375001,3380000,0,L06-3,2,1,0,0,0,2438
3395001,3400000,1,L06-3,2,0,0,0,660,660
3400001,3405000,2,L06-3,2,0,0,0,3499,3499
3405001,3410000,2,L06-3,2,0,0,0,1355,1355
3410001,3415000,2,L06-3,2,0,0,0,2002,2002
3415001,3420000,4,L06-3,2,0,0,0,2032,2032
3420001,3425000,2,L06-3,2,0,0,0,1938,1938
3425001,3430000,4,L06-3,2,0,0,0,1724,1724
3430001,3435000,1,L06-3,2,0,0,0,665,665
3445001,3450000,0,L06-3,2,0,1,0,0,0
3455001,3460000,2,L06-3,2,0,1,0,820,820
3460001,3465000,1,L06-3,2,0,0,0,1067,1067
3475001,3480000,0,L06-3,2,1,0,0,0,2197
3480001,3485000,3,L06-3,2,1,0,0,2634,3530
3485001,3490000,2,L06-3,2,0,0,0,939,939
3490001,3495000,1,L06-3,2,0,0,0,880,880
3495001,3500000,0,L06-3,2,1,0,0,0,3093
3515001,3520000,2,L06-3,2,0,0,0,620,620
3520001,3525000,2,L06-3,2,0,0,0,1408,1408
3525001,3530000,6,L06-3,2,0,0,0,3708,3708
3530001,3535000,13,L06-3,2,0,0,0,4707,4707
3535001,3540000,10,L06-3,2,0,0,0,4407,4407
3540001,3545000,3,L06-3,2,0,0,0,3027,3027
3580001,3585000,1,L06-3,2,0,0,0,1004,1004
3595001,3600000,1,L06-3,2,0,0,0,2135,2135
3640001,3645000,1,L06-3,2,0,0,0,890,890
3645001,3650000,1,L06-3,2,0,0,0,213,213
3665001,3670000,4,L06-3,2,0,0,0,3398,3398
3670001,3675000,1,L06-3,2,0,0,0,667,667
3695001,3700000,0,L06-3,2,1,0,0,0,2337
3700001,3705000,0,L06-3,2,1,0,0,0,755
3755001,3760000,2,L06-3,2,0,0,0,2980,2980
3805001,3810000,1,L06-3,2,0,0,0,1019,1019
3830001,3835000,2,L06-3,2,0,0,0,1308,1308
3835001,3840000,4,L06-3,2,0,0,0,2339,2339
3845001,3850000,2,L06-3,2,0,0,0,2731,2731
3900001,3905000,1,L06-3,2,0,0,0,2238,2238
3905001,3910000,5,L06-3,2,0,0,0,3178,3178
3910001,3915000,1,L06-3,2,0,0,0,1646,1646
3935001,3940000,2,L06-3,2,0,0,0,2943,2943
3940001,3945000,1,L06-3,2,0,0,0,256,256
20001,25000,1,L06-4,1,0,0,0,75,75
40001,45000,1,L06-4,1,0,0,0,1259,1259
55001,60000,3,L06-4,1,0,0,0,228,228
60001,65000,2,L06-4,1,0,0,0,1658,1658
65001,70000,1,L06-4,1,0,0,0,20,20
105001,110000,1,L06-4,1,0,0,0,545,545
120001,125000,2,L06-4,1,0,0,0,3382,3382
125001,130000,1,L06-4,1,0,0,0,0,0
195001,200000,2,L06-4,1,0,0,0,2093,2093
200001,205000,1,L06-4,1,0,0,0,1064,1064
235001,240000,1,L06-4,1,0,0,0,318,318
240001,245000,1,L06-4,1,0,0,0,539,539
245001,250000,5,L06-4,1,0,0,0,3088,3088
250001,255000,5,L06-4,1,0,0,0,1612,1612
255001,260000,3,L06-4,1,0,0,0,4603,4603
260001,265000,1,L06-4,1,0,0,0,3827,3827
305001,310000,0,L06-4,1,0,1,0,0,0
320001,325000,0,L06-4,1,0,1,0,0,0
325001,330000,2,L06-4,1,0,0,0,2577,2577
330001,335000,2,L06-4,1,0,0,0,1326,1326
335001,340000,1,L06-4,1,0,0,0,1415,1415
345001,350000,1,L06-4,1,0,0,0,536,536
435001,440000,0,L06-4,1,0,1,0,0,0
440001,445000,0,L06-4,1,1,0,0,0,2144
445001,450000,2,L06-4,1,1,0,0,1939,2888
450001,455000,1,L06-4,1,0,0,0,566,566
465001,470000,3,L06-4,1,0,0,0,2565,2565
470001,475000,1,L06-4,1,0,0,0,461,461
500001,505000,1,L06-4,1,0,0,0,227,227
525001,530000,1,L06-4,1,0,0,0,530,530
555001,560000,1,L06-4,1,0,0,0,1781,1781
560001,565000,3,L06-4,1,0,0,0,2619,2619
565001,570000,1,L06-4,1,0,0,0,637,637
580001,585000,2,L06-4,1,0,0,0,1276,1276
640001,645000,3,L06-4,1,0,0,0,4251,4251
645001,650000,2,L06-4,1,0,0,0,1771,1771
665001,670000,1,L06-4,1,0,0,0,479,479
670001,675000,1,L06-4,1,0,0,0,1095,1095
675001,680000,1,L06-4,1,0,0,0,1259,1259
710001,715000,4,L06-4,1,0,0,0,4803,4803
715001,720000,6,L06-4,1,0,0,0,4943,4943
720001,725000,4,L06-4,1,0,0,0,4024,4024
725001,730000,4,L06-4,1,0,0,0,4606,4606
730001,735000,2,L06-4,1,0,0,0,753,753
760001,765000,1,L06-4,1,0,0,0,662,662
775001,780000,1,L06-4,1,0,0,0,479,479
785001,790000,2,L06-4,1,0,0,0,1434,1434
790001,795000,1,L06-4,1,0,0,0,190,190
795001,800000,1,L06-4,1,0,0,0,824,824
800001,805000,3,L06-4,1,0,0,0,2370,2370
805001,810000,6,L06-4,1,0,0,0,4314,4314
810001,815000,3,L06-4,1,0,0,0,4359,4359
815001,820000,5,L06-4,1,0,0,0,4261,4261
820001,825000,2,L06-4,1,0,0,0,2803,2803
825001,830000,1,L06-4,1,0,0,0,1298,1298
830001,835000,1,L06-4,1,0,0,0,1718,1718
880001,885000,0,L06-4,1,1,0,0,0,1204
885001,890000,0,L06-4,1,1,0,0,0,1888
930001,935000,1,L06-4,1,0,0,0,974,974
955001,960000,1,L06-4,1,0,0,0,750,750
960001,965000,2,L06-4,1,0,0,0,2068,2068
965001,970000,5,L06-4,1,0,0,0,3051,3051
970001,975000,2,L06-4,1,0,0,0,2679,2679
1005001,1010000,1,L06-4,1,0,0,0,113,113
1020001,1025000,1,L06-4,1,0,0,0,1307,1307
1025001,1030000,3,L06-4,1,0,0,0,1612,1612
1030001,1035000,1,L06-4,1,0,0,0,618,618
1075001,1080000,2,L06-4,1,0,0,0,1800,1800
1080001,1085000,2,L06-4,1,0,0,0,1173,1173
1085001,1090000,1,L06-4,1,0,0,0,76,76
1150001,1155000,0,L06-4,1,0,1,1,0,0
1160001,1165000,2,L06-4,1,0,0,0,2425,2425
1165001,1170000,5,L06-4,1,0,0,0,3270,3270
1170001,1175000,1,L06-4,1,0,0,0,2153,2153
1185001,1190000,1,L06-4,1,0,0,0,1538,1538
1190001,1195000,1,L06-4,1,0,0,0,84,84
1200001,1205000,1,L06-4,1,0,0,0,1664,1664
1205001,1210000,1,L06-4,1,0,0,0,530,530
1275001,1280000,0,L06-4,1,1,0,0,0,3093
1290001,1295000,0,L06-4,1,0,1,0,0,0
1415001,1420000,1,L06-4,1,0,0,0,218,218
1420001,1425000,1,L06-4,1,0,0,0,960,960
1425001,1430000,2,L06-4,1,0,0,0,3643,3643
1430001,1435000,1,L06-4,1,0,0,0,1292,1292
1440001,1445000,0,L06-4,1,1,0,0,0,3093
1455001,1460000,1,L06-4,1,0,0,0,1673,1673
1460001,1465000,3,L06-4,1,0,0,0,3390,3390
1465001,1470000,4,L06-4,1,0,0,0,2271,2271
1470001,1475000,1,L06-4,1,0,0,0,4275,4275
1480001,1485000,1,L06-4,1,0,0,0,1400,1400
1505001,1510000,1,L06-4,1,0,0,0,518,518
1525001,1530000,1,L06-4,1,0,0,0,87,87
1600001,1605000,2,L06-4,1,0,0,0,3225,3225
1605001,1610000,2,L06-4,1,0,0,0,1815,1815
1610001,1615000,3,L06-4,1,0,0,0,1899,1899
1615001,1620000,2,L06-4,1,0,0,0,1642,1642
1635001,1640000,3,L06-4,1,0,0,0,2446,2446
1640001,1645000,1,L06-4,1,0,0,0,691,691
1650001,1655000,1,L06-4,1,0,0,0,206,206
1655001,1660000,1,L06-4,1,0,0,0,900,900
1660001,1665000,0,L06-4,1,1,0,0,0,3093
1695001,1700000,1,L06-4,1,0,0,0,584,584
1700001,1705000,5,L06-4,1,0,0,0,4381,4381
1705001,1710000,3,L06-4,1,0,0,0,2065,2065
1765001,1770000,1,L06-4,1,0,0,0,868,868
1770001,1775000,1,L06-4,1,0,0,0,1729,1729
1775001,1780000,1,L06-4,1,0,0,0,590,590
1785001,1790000,1,L06-4,1,0,0,0,788,788
1925001,1930000,0,L06-4,1,0,1,1,0,0
2030001,2035000,1,L06-4,1,0,0,0,1274,1274
2055001,2060000,1,L06-4,1,0,0,0,641,641
2110001,2115000,3,L06-4,1,0,0,0,3547,3547
2115001,2120000,3,L06-4,1,0,0,0,2649,2649
2135001,2140000,1,L06-4,1,0,0,0,827,827
2175001,2180000,1,L06-4,1,0,0,0,995,995
2200001,2205000,1,L06-4,1,0,0,0,437,437
2205001,2210000,1,L06-4,1,0,0,0,258,258
2260001,2265000,1,L06-4,1,0,0,0,1772,1772
2270001,2275000,1,L06-4,1,0,0,0,948,948
2275001,2280000,1,L06-4,1,0,0,0,785,785
2285001,2290000,3,L06-4,1,0,0,0,665,665
2290001,2295000,1,L06-4,1,0,0,0,42,42
2305001,2310000,0,L06-4,1,1,0,0,0,6
2310001,2315000,0,L06-4,1,1,0,0,0,3087
2355001,2360000,0,L06-4,1,0,1,1,0,0
2405001,2410000,1,L06-4,1,0,0,0,2033,2033
2450001,2455000,1,L06-4,1,0,0,0,668,668
2495001,2500000,1,L06-4,1,0,1,0,1760,1760
2540001,2545000,1,L06-4,1,0,0,0,901,901
2545001,2550000,1,L06-4,1,0,0,0,1726,1726
2550001,2555000,2,L06-4,1,0,0,0,2595,2595
2555001,2560000,1,L06-4,1,0,0,0,820,820
2635001,2640000,1,L06-4,1,0,0,0,1021,1021
2640001,2645000,2,L06-4,1,0,0,0,1161,1161
2645001,2650000,1,L06-4,1,0,0,0,1220,1220
2705001,2710000,1,L06-4,1,0,0,0,1395,1395
2710001,2715000,1,L06-4,1,0,0,0,20,20
2715001,2720000,2,L06-4,1,0,0,0,2420,2420
2720001,2725000,1,L06-4,1,0,0,0,581,581
2770001,2775000,1,L06-4,1,0,0,0,838,838
2775001,2780000,1,L06-4,1,0,0,0,289,289
2780001,2785000,1,L06-4,1,0,0,0,878,878
2800001,2805000,1,L06-4,1,0,0,0,746,746
2815001,2820000,1,L06-4,1,0,0,0,1472,1472
2820001,2825000,2,L06-4,1,0,0,0,2392,2392
2845001,2850000,1,L06-4,1,0,0,0,803,803
2880001,2885000,1,L06-4,1,0,0,0,380,380
2885001,2890000,2,L06-4,1,0,0,0,1879,1879
2905001,2910000,1,L06-4,1,0,0,0,1355,1355
2915001,2920000,1,L06-4,1,0,0,0,737,737
2925001,2930000,4,L06-4,1,0,0,0,2375,2375
2930001,2935000,3,L06-4,1,0,0,0,1819,1819
2965001,2970000,3,L06-4,1,0,0,0,2907,2907
3015001,3020000,3,L06-4,1,0,0,0,1220,1220
3020001,3025000,1,L06-4,1,0,0,0,280,280
3050001,3055000,1,L06-4,1,0,0,0,898,898
3055001,3060000,2,L06-4,1,0,0,0,2037,2037
3110001,3115000,1,L06-4,1,0,0,0,875,875
3170001,3175000,0,L06-4,1,0,1,1,0,0
3175001,3180000,1,L06-4,1,0,0,0,1098,1098
3210001,3215000,1,L06-4,1,0,0,0,1079,1079
3215001,3220000,1,L06-4,1,0,0,0,1163,1163
3230001,3235000,1,L06-4,1,0,0,0,1154,1154
3235001,3240000,1,L06-4,1,0,0,0,416,416
3250001,3255000,0,L06-4,1,0,1,1,0,0
3275001,3280000,1,L06-4,1,0,0,0,93,93
3280001,3285000,2,L06-4,1,0,0,0,2902,2902
3290001,3295000,1,L06-4,1,0,0,0,1892,1892
3295001,3300000,0,L06-4,1,0,1,1,0,0
3300001,3305000,1,L06-4,1,0,0,0,653,653
3310001,3315000,2,L06-4,1,0,0,0,1606,1606
3315001,3320000,1,L06-4,1,0,0,0,224,224
3320001,3325000,3,L06-4,1,0,0,0,4241,4241
3325001,3330000,1,L06-4,1,0,0,0,134,134
3380001,3385000,1,L06-4,1,0,0,0,375,375
3385001,3390000,0,L06-4,1,0,1,1,0,0
3400001,3405000,0,L06-4,1,1,0,0,0,3092
3425001,3430000,2,L06-4,1,0,0,0,3288,3288
3430001,3435000,1,L06-4,1,0,0,0,871,871
3435001,3440000,3,L06-4,1,0,0,0,3077,3077
3440001,3445000,2,L06-4,1,0,0,0,1353,1353
3445001,3450000,5,L06-4,1,0,0,0,2897,2897
3455001,3460000,4,L06-4,1,0,0,0,2389,2389
3485001,3490000,2,L06-4,1,0,0,0,820,820
3490001,3495000,1,L06-4,1,0,0,0,1067,1067
3505001,3510000,2,L06-4,1,1,0,0,648,3741
3510001,3515000,2,L06-4,1,0,0,0,1986,1986
3515001,3520000,2,L06-4,1,0,0,0,1819,1819
3520001,3525000,0,L06-4,1,1,0,0,0,856
3525001,3530000,0,L06-4,1,1,0,0,0,2237
3530001,3535000,0,L06-4,1,0,1,0,0,0
3540001,3545000,1,L06-4,1,0,0,0,91,91
3545001,3550000,3,L06-4,1,0,0,0,1937,1937
3550001,3555000,2,L06-4,1,0,0,0,1277,1277
3555001,3560000,10,L06-4,1,0,0,0,4587,4587
3560001,3565000,13,L06-4,1,0,0,0,4684,4684
3565001,3570000,6,L06-4,1,0,0,0,2734,2734
3570001,3575000,3,L06-4,1,0,0,0,2567,2567
3610001,3615000,1,L06-4,1,0,0,0,1004,1004
3620001,3625000,1,L06-4,1,0,0,0,393,393
3625001,3630000,1,L06-4,1,0,0,0,1742,1742
3670001,3675000,1,L06-4,1,0,0,0,1103,1103
3690001,3695000,1,L06-4,1,0,0,0,843,843
3695001,3700000,4,L06-4,1,0,0,0,3221,3221
3720001,3725000,0,L06-4,1,0,1,1,0,0
3725001,3730000,0,L06-4,1,1,0,0,0,3092
3730001,3735000,0,L06-4,1,0,1,0,0,0
3770001,3775000,0,L06-4,1,0,1,1,0,0
3780001,3785000,1,L06-4,1,0,0,0,1472,1472
3785001,3790000,2,L06-4,1,0,0,0,1508,1508
3835001,3840000,1,L06-4,1,0,0,0,1019,1019
3860001,3865000,3,L06-4,1,0,1,1,1992,1992
3865001,3870000,2,L06-4,1,0,0,0,1655,1655
3870001,3875000,1,L06-4,1,0,0,0,623,623
3875001,3880000,1,L06-4,1,0,0,0,2108,2108
3930001,3935000,2,L06-4,1,0,0,0,3331,3331
3935001,3940000,5,L06-4,1,0,0,0,3731,3731
3960001,3965000,1,L06-4,1,0,0,0,301,301
3965001,3970000,2,L06-4,1,0,0,0,2898,2898
20001,25000,1,L06-4,2,0,0,0,75,75
40001,45000,1,L06-4,2,0,0,0,1259,1259
55001,60000,3,L06-4,2,0,0,0,228,228
60001,65000,2,L06-4,2,0,0,0,1663,1663
65001,70000,1,L06-4,2,0,0,0,15,15
105001,110000,1,L06-4,2,0,0,0,545,545
120001,125000,2,L06-4,2,0,0,0,3382,3382
195001,200000,2,L06-4,2,0,0,0,2102,2102
200001,205000,1,L06-4,2,0,0,0,1055,1055
235001,240000,1,L06-4,2,0,0,0,327,327
240001,245000,1,L06-4,2,0,0,0,530,530
245001,250000,5,L06-4,2,0,0,0,3089,3089
250001,255000,5,L06-4,2,0,0,0,1621,1621
255001,260000,3,L06-4,2,0,0,0,4603,4603
260001,265000,1,L06-4,2,0,0,0,3817,3817
305001,310000,0,L06-4,2,1,0,0,0,3093
315001,320000,3,L06-4,2,0,0,0,3903,3903
325001,330000,1,L06-4,2,0,0,0,1415,1415
335001,340000,1,L06-4,2,0,0,0,536,536
425001,430000,0,L06-4,2,1,0,0,0,4890
430001,435000,2,L06-4,2,1,0,0,1673,2977
435001,440000,2,L06-4,2,0,0,0,832,832
450001,455000,3,L06-4,2,0,0,0,2565,2565
455001,460000,1,L06-4,2,0,0,0,461,461
485001,490000,1,L06-4,2,0,0,0,227,227
510001,515000,1,L06-4,2,0,0,0,530,530
540001,545000,1,L06-4,2,0,0,0,1428,1428
545001,550000,3,L06-4,2,0,0,0,2619,2619
550001,555000,1,L06-4,2,0,0,0,990,990
565001,570000,2,L06-4,2,0,0,0,1276,1276
625001,630000,3,L06-4,2,0,0,0,4050,4050
630001,635000,3,L06-4,2,0,0,0,1971,1971
650001,655000,1,L06-4,2,0,0,0,479,479
655001,660000,1,L06-4,2,0,0,0,746,746
660001,665000,1,L06-4,2,0,0,0,1608,1608
695001,700000,4,L06-4,2,0,0,0,4454,4454
700001,705000,5,L06-4,2,0,0,0,4997,4997
705001,710000,5,L06-4,2,0,0,0,3970,3970
710001,715000,4,L06-4,2,0,0,0,4606,4606
715001,720000,2,L06-4,2,0,0,0,1102,1102
745001,750000,1,L06-4,2,0,0,0,662,662
760001,765000,1,L06-4,2,0,0,0,479,479
770001,775000,1,L06-4,2,0,0,0,1280,1280
775001,780000,1,L06-4,2,0,0,0,344,344
780001,785000,1,L06-4,2,0,0,0,824,824
785001,790000,3,L06-4,2,0,0,0,2078,2078
790001,795000,6,L06-4,2,0,0,0,4270,4270
795001,800000,4,L06-4,2,0,0,0,4347,4347
800001,805000,5,L06-4,2,0,0,0,4261,4261
805001,810000,2,L06-4,2,0,0,0,3150,3150
810001,815000,1,L06-4,2,0,0,0,1298,1298
815001,820000,1,L06-4,2,0,0,0,1718,1718
865001,870000,0,L06-4,2,1,0,0,0,859
870001,875000,0,L06-4,2,1,0,0,0,2234
915001,920000,1,L06-4,2,0,0,0,974,974
940001,945000,1,L06-4,2,0,0,0,403,403
945001,950000,2,L06-4,2,0,0,0,2415,2415
950001,955000,4,L06-4,2,0,0,0,2969,2969
955001,960000,2,L06-4,2,0,0,0,2761,2761
990001,995000,1,L06-4,2,0,0,0,113,113
1005001,1010000,1,L06-4,2,0,0,0,959,959
1010001,1015000,3,L06-4,2,0,0,0,1616,1616
1015001,1020000,1,L06-4,2,0,0,0,962,962
1060001,1065000,2,L06-4,2,0,0,0,1451,1451
1065001,1070000,2,L06-4,2,0,1,1,1522,1522
1070001,1075000,1,L06-4,2,0,0,0,76,76
1135001,1140000,0,L06-4,2,1,0,0,0,539
1140001,1145000,0,L06-4,2,1,0,0,0,2553
1150001,1155000,2,L06-4,2,0,0,0,3013,3013
1155001,1160000,4,L06-4,2,0,0,0,4229,4229
1160001,1165000,1,L06-4,2,0,0,0,606,606
1170001,1175000,1,L06-4,2,0,0,0,1019,1019
1175001,1180000,1,L06-4,2,0,0,0,519,519
1180001,1185000,1,L06-4,2,0,0,0,84,84
1190001,1195000,1,L06-4,2,0,0,0,1664,1664
1195001,1200000,1,L06-4,2,0,0,0,530,530
1260001,1265000,0,L06-4,2,1,0,0,0,1330
1265001,1270000,0,L06-4,2,1,0,0,0,1763
1385001,1390000,1,L06-4,2,0,0,0,218,218
1395001,1400000,1,L06-4,2,0,0,0,3736,3736
1400001,1405000,3,L06-4,2,0,0,0,2159,2159
1410001,1415000,0,L06-4,2,1,0,0,0,2151
1415001,1420000,0,L06-4,2,1,0,0,0,941
1425001,1430000,1,L06-4,2,0,0,0,1673,1673
1430001,1435000,2,L06-4,2,0,0,0,2666,2666
1435001,1440000,2,L06-4,2,0,0,0,811,811
1440001,1445000,3,L06-4,2,0,0,0,4960,4960
1445001,1450000,1,L06-4,2,0,0,0,1499,1499
1450001,1455000,1,L06-4,2,0,0,0,1400,1400
1480001,1485000,1,L06-4,2,0,0,0,518,518
1495001,1500000,1,L06-4,2,0,0,0,87,87
1570001,1575000,1,L06-4,2,0,0,0,1225,1225
1575001,1580000,3,L06-4,2,0,0,0,3816,3816
1580001,1585000,2,L06-4,2,0,0,0,926,926
1585001,1590000,4,L06-4,2,0,0,0,1504,1504
1590001,1595000,2,L06-4,2,0,0,0,1111,1111
1605001,1610000,1,L06-4,2,0,0,0,229,229
1610001,1615000,3,L06-4,2,0,0,0,2908,2908
1625001,1630000,1,L06-4,2,0,0,0,1106,1106
1630001,1635000,0,L06-4,2,1,0,0,0,2680
1635001,1640000,0,L06-4,2,1,0,0,0,413
1665001,1670000,1,L06-4,2,0,0,0,569,569
1670001,1675000,4,L06-4,2,0,0,0,2434,2434
1675001,1680000,5,L06-4,2,0,0,0,3507,3507
1680001,1685000,1,L06-4,2,0,0,0,520,520
1740001,1745000,1,L06-4,2,0,0,0,2597,2597
1745001,1750000,1,L06-4,2,0,0,0,590,590
1760001,1765000,1,L06-4,2,0,0,0,788,788
1900001,1905000,0,L06-4,2,1,0,0,0,4200
1905001,1910000,0,L06-4,2,1,0,0,0,1994
2005001,2010000,1,L06-4,2,0,0,0,209,209
2010001,2015000,1,L06-4,2,0,0,0,1065,1065
2035001,2040000,1,L06-4,2,0,0,0,641,641
2085001,2090000,1,L06-4,2,0,0,0,601,601
2090001,2095000,5,L06-4,2,0,0,0,4183,4183
2095001,2100000,1,L06-4,2,0,0,0,1412,1412
2115001,2120000,1,L06-4,2,0,0,0,827,827
2135001,2140000,0,L06-4,2,0,1,1,0,0
2145001,2150000,0,L06-4,2,0,1,1,0,0
2155001,2160000,1,L06-4,2,0,0,0,995,995
2180001,2185000,1,L06-4,2,0,0,0,695,695
2240001,2245000,1,L06-4,2,0,0,0,1772,1772
2250001,2255000,1,L06-4,2,0,0,0,1733,1733
2265001,2270000,3,L06-4,2,0,0,0,707,707
2285001,2290000,0,L06-4,2,1,0,0,0,1599
2290001,2295000,1,L06-4,2,1,0,0,852,2346
2295001,2300000,1,L06-4,2,0,0,0,908,908
2335001,2340000,1,L06-4,2,0,0,0,668,668
2380001,2385000,1,L06-4,2,0,0,0,1050,1050
2385001,2390000,1,L06-4,2,0,0,0,983,983
2430001,2435000,0,L06-4,2,1,0,0,0,2891
2435001,2440000,0,L06-4,2,1,0,0,0,201
2480001,2485000,0,L06-4,2,1,0,0,0,3092
2525001,2530000,1,L06-4,2,0,0,0,1295,1295
2530001,2535000,1,L06-4,2,0,0,0,1332,1332
2535001,2540000,2,L06-4,2,0,0,0,2989,2989
2540001,2545000,1,L06-4,2,0,0,0,426,426
2620001,2625000,2,L06-4,2,0,0,0,1347,1347
2625001,2630000,1,L06-4,2,0,0,0,835,835
2630001,2635000,1,L06-4,2,0,0,0,1220,1220
2690001,2695000,1,L06-4,2,0,0,0,1415,1415
2700001,2705000,2,L06-4,2,0,0,0,2815,2815
2705001,2710000,1,L06-4,2,0,0,0,186,186
2755001,2760000,1,L06-4,2,0,0,0,1127,1127
2765001,2770000,1,L06-4,2,0,0,0,878,878
2785001,2790000,1,L06-4,2,0,0,0,746,746
2800001,2805000,1,L06-4,2,0,0,0,1472,1472
2805001,2810000,2,L06-4,2,0,0,0,2392,2392
2830001,2835000,1,L06-4,2,0,0,0,803,803
2865001,2870000,2,L06-4,2,0,0,0,744,744
2870001,2875000,2,L06-4,2,0,0,0,1515,1515
2885001,2890000,1,L06-4,2,0,0,0,118,118
2890001,2895000,1,L06-4,2,0,0,0,1237,1237
2900001,2905000,1,L06-4,2,0,0,0,737,737
2910001,2915000,4,L06-4,2,0,0,0,2723,2723
2915001,2920000,2,L06-4,2,0,0,0,1470,1470
2950001,2955000,3,L06-4,2,0,0,0,2906,2906
3000001,3005000,3,L06-4,2,0,0,0,1500,1500
3035001,3040000,1,L06-4,2,0,0,0,1298,1298
3040001,3045000,2,L06-4,2,0,0,0,1637,1637
3095001,3100000,1,L06-4,2,0,0,0,875,875
3155001,3160000,0,L06-4,2,1,0,0,0,843
3160001,3165000,0,L06-4,2,1,0,0,0,2250
3165001,3170000,1,L06-4,2,0,0,0,1098,1098
3200001,3205000,2,L06-4,2,0,0,0,2242,2242
3215001,3220000,1,L06-4,2,0,0,0,1154,1154
3220001,3225000,1,L06-4,2,0,0,0,416,416
3240001,3245000,0,L06-4,2,1,0,0,0,3092
3270001,3275000,2,L06-4,2,0,0,0,2995,2995
3280001,3285000,1,L06-4,2,0,0,0,1892,1892
3285001,3290000,0,L06-4,2,1,0,0,0,1535
3290001,3295000,1,L06-4,2,1,0,0,129,1687
3295001,3300000,1,L06-4,2,0,0,0,524,524
3305001,3310000,2,L06-4,2,0,0,0,1606,1606
3310001,3315000,1,L06-4,2,0,0,0,1013,1013
3315001,3320000,2,L06-4,2,0,0,0,3586,3586
3360001,3365000,0,L06-4,2,0,1,1,0,0
3370001,3375000,1,L06-4,2,0,0,0,376,376
3380001,3385000,0,L06-4,2,1,0,0,0,2895
3385001,3390000,0,L06-4,2,1,0,0,0,196
3395001,3400000,0,L06-4,2,1,0,0,0,1315
3400001,3405000,0,L06-4,2,1,0,0,0,1778
3420001,3425000,1,L06-4,2,0,0,0,1321,1321
3425001,3430000,2,L06-4,2,0,0,0,2838,2838
3430001,3435000,2,L06-4,2,0,0,0,1423,1423
3435001,3440000,1,L06-4,2,0,0,0,1934,1934
3440001,3445000,4,L06-4,2,0,0,0,2694,2694
3445001,3450000,2,L06-4,2,0,0,0,1276,1276
3450001,3455000,4,L06-4,2,0,0,0,2385,2385
3455001,3460000,1,L06-4,2,0,0,0,4,4
3480001,3485000,2,L06-4,2,0,0,0,820,820
3485001,3490000,1,L06-4,2,0,0,0,1067,1067
3500001,3505000,0,L06-4,2,1,0,0,0,2858
3505001,3510000,3,L06-4,2,1,0,0,2634,2868
3510001,3515000,2,L06-4,2,0,0,0,1602,1602
3515001,3520000,1,L06-4,2,0,0,0,217,217
3520001,3525000,0,L06-4,2,1,0,0,0,3093
3535001,3540000,3,L06-4,2,0,0,0,1132,1132
3540001,3545000,1,L06-4,2,0,0,0,896,896
3545001,3550000,7,L06-4,2,0,0,0,4228,4228
3550001,3555000,14,L06-4,2,0,0,0,4701,4701
3555001,3560000,8,L06-4,2,0,0,0,3893,3893
3560001,3565000,3,L06-4,2,0,0,0,3027,3027
3600001,3605000,1,L06-4,2,0,0,0,1004,1004
3615001,3620000,1,L06-4,2,0,0,0,2135,2135
3660001,3665000,1,L06-4,2,0,0,0,1103,1103
3685001,3690000,4,L06-4,2,0,0,0,3922,3922
3690001,3695000,1,L06-4,2,0,0,0,144,144
3710001,3715000,0,L06-4,2,1,0,0,0,675
3715001,3720000,0,L06-4,2,1,0,0,0,2418
3720001,3725000,0,L06-4,2,1,0,0,0,3093
3760001,3765000,0,L06-4,2,1,0,0,0,2282
3765001,3770000,0,L06-4,2,1,0,0,0,811
3775001,3780000,1,L06-4,2,0,1,0,1043,1043
3780001,3785000,2,L06-4,2,0,0,0,1937,1937
3830001,3835000,1,L06-4,2,0,0,0,1019,1019
3855001,3860000,3,L06-4,2,0,0,0,1942,1942
3860001,3865000,2,L06-4,2,1,0,0,842,3934
3865001,3870000,2,L06-4,2,0,0,0,863,863
3870001,3875000,2,L06-4,2,0,0,0,1830,1830
3875001,3880000,1,L06-4,2,0,0,0,901,901
3925001,3930000,1,L06-4,2,0,0,0,905,905
20001,25000,1,L07-1,1,0,0,0,75,75
30001,35000,0,L07-1,1,1,0,0,0,1502
35001,40000,0,L07-1,1,1,0,0,0,1590
40001,45000,1,L07-1,1,0,0,0,1227,1227
45001,50000,1,L07-1,1,0,0,0,32,32
55001,60000,2,L07-1,1,0,0,0,152,152
60001,65000,1,L07-1,1,0,0,0,76,76
65001,70000,2,L07-1,1,0,0,0,1678,1678
110001,115000,1,L07-1,1,0,0,0,545,545
120001,125000,1,L07-1,1,0,0,0,685,685
125001,130000,2,L07-1,1,0,0,0,2697,2697
160001,165000,0,L07-1,1,0,1,1,0,0
195001,200000,1,L07-1,1,0,0,0,279,279
200001,205000,2,L07-1,1,0,0,0,2877,2877
240001,245000,1,L07-1,1,0,0,0,857,857
245001,250000,1,L07-1,1,0,0,0,610,610
250001,255000,6,L07-1,1,0,0,0,2788,2788
255001,260000,5,L07-1,1,0,0,0,2903,2903
260001,265000,2,L07-1,1,0,0,0,4923,4923
265001,270000,1,L07-1,1,0,0,0,1906,1906
330001,335000,3,L07-1,1,0,0,0,3855,3855
335001,340000,1,L07-1,1,0,0,0,48,48
340001,345000,1,L07-1,1,0,0,0,1414,1414
350001,355000,1,L07-1,1,0,0,0,536,536
445001,450000,2,L07-1,1,0,0,0,1939,1939
450001,455000,1,L07-1,1,0,0,0,566,566
465001,470000,3,L07-1,1,0,0,0,2565,2565
470001,475000,1,L07-1,1,0,0,0,461,461
500001,505000,1,L07-1,1,0,0,0,227,227
525001,530000,1,L07-1,1,0,0,0,530,530
555001,560000,1,L07-1,1,0,0,0,1823,1823
560001,565000,3,L07-1,1,0,0,0,2619,2619
565001,570000,1,L07-1,1,0,0,0,595,595
580001,585000,2,L07-1,1,0,0,0,1276,1276
640001,645000,3,L07-1,1,0,0,0,4250,4250
645001,650000,2,L07-1,1,0,0,0,1770,1770
665001,670000,1,L07-1,1,0,0,0,479,479
670001,675000,1,L07-1,1,0,0,0,1140,1140
675001,680000,1,L07-1,1,0,0,0,1214,1214
710001,715000,4,L07-1,1,0,0,0,4854,4854
715001,720000,6,L07-1,1,0,0,0,4943,4943
720001,725000,4,L07-1,1,0,0,0,4024,4024
725001,730000,4,L07-1,1,0,0,0,4607,4607
730001,735000,2,L07-1,1,0,0,0,700,700
760001,765000,1,L07-1,1,0,0,0,662,662
775001,780000,1,L07-1,1,0,0,0,479,479
785001,790000,2,L07-1,1,0,0,0,1487,1487
790001,795000,1,L07-1,1,0,0,0,136,136
795001,800000,1,L07-1,1,0,0,0,824,824
800001,805000,3,L07-1,1,0,0,0,2370,2370
805001,810000,6,L07-1,1,0,0,0,4369,4369
810001,815000,3,L07-1,1,0,0,0,4358,4358
815001,820000,5,L07-1,1,0,0,0,4261,4261
820001,825000,2,L07-1,1,0,0,0,2749,2749
825001,830000,1,L07-1,1,0,0,0,1298,1298
830001,835000,1,L07-1,1,0,0,0,1717,1717
850001,855000,0,L07-1,1,1,0,0,0,3093
930001,935000,1,L07-1,1,0,0,0,974,974
960001,965000,2,L07-1,1,0,0,0,2818,2818
965001,970000,4,L07-1,1,0,0,0,2640,2640
970001,975000,3,L07-1,1,0,0,0,3090,3090
1010001,1015000,1,L07-1,1,0,0,0,113,113
1025001,1030000,1,L07-1,1,0,0,0,1929,1929
1030001,1035000,2,L07-1,1,0,0,0,1606,1606
1070001,1075000,0,L07-1,1,1,0,0,0,3092
1080001,1085000,2,L07-1,1,0,0,0,1583,1583
1085001,1090000,2,L07-1,1,0,0,0,1390,1390
1090001,1095000,1,L07-1,1,0,0,0,76,76
1165001,1170000,2,L07-1,1,0,0,0,2216,2216
1170001,1175000,5,L07-1,1,0,0,0,3272,3272
1175001,1180000,1,L07-1,1,0,0,0,2360,2360
1190001,1195000,1,L07-1,1,0,0,0,1538,1538
1195001,1200000,1,L07-1,1,0,0,0,84,84
1205001,1210000,1,L07-1,1,0,0,0,1664,1664
1210001,1215000,1,L07-1,1,0,0,0,530,530
1280001,1285000,0,L07-1,1,1,0,0,0,3094
1300001,1305000,0,L07-1,1,1,1,0,0,1513
1305001,1310000,0,L07-1,1,1,0,0,0,1579
1425001,1430000,1,L07-1,1,0,0,0,218,218
1430001,1435000,1,L07-1,1,0,0,0,2662,2662
1435001,1440000,3,L07-1,1,0,0,0,3233,3233
1460001,1465000,1,L07-1,1,0,0,0,1673,1673
1465001,1470000,3,L07-1,1,0,0,0,2766,2766
1470001,1475000,3,L07-1,1,0,0,0,2271,2271
1475001,1480000,2,L07-1,1,0,0,0,4900,4900
1485001,1490000,1,L07-1,1,0,1,1,1400,1400
1515001,1520000,1,L07-1,1,0,0,0,518,518
1530001,1535000,1,L07-1,1,0,0,0,87,87
1605001,1610000,2,L07-1,1,0,0,0,2619,2619
1610001,1615000,2,L07-1,1,0,0,0,2421,2421
1615001,1620000,3,L07-1,1,0,0,0,1899,1899
1620001,1625000,2,L07-1,1,0,0,0,1642,1642
1640001,1645000,2,L07-1,1,0,0,0,1841,1841
1645001,1650000,2,L07-1,1,0,0,0,1296,1296
1660001,1665000,1,L07-1,1,0,0,0,1105,1105
1695001,1700000,1,L07-1,1,0,0,0,285,285
1700001,1705000,4,L07-1,1,0,0,0,2434,2434
1705001,1710000,5,L07-1,1,0,0,0,3507,3507
1710001,1715000,1,L07-1,1,0,0,0,804,804
1770001,1775000,1,L07-1,1,0,0,0,2597,2597
1775001,1780000,1,L07-1,1,0,0,0,590,590
1790001,1795000,1,L07-1,1,0,0,0,788,788
1855001,1860000,0,L07-1,1,1,0,0,0,3093
2015001,2020000,1,L07-1,1,0,0,0,1274,1274
2040001,2045000,1,L07-1,1,0,0,0,641,641
2095001,2100000,4,L07-1,1,0,0,0,3939,3939
2100001,2105000,2,L07-1,1,0,0,0,2257,2257
2115001,2120000,0,L07-1,1,1,1,0,0,1782
2120001,2125000,0,L07-1,1,1,1,0,0,1312
2125001,2130000,1,L07-1,1,0,0,0,827,827
2145001,2150000,0,L07-1,1,1,1,0,0,3093
2165001,2170000,1,L07-1,1,0,0,0,995,995
2190001,2195000,1,L07-1,1,0,0,0,0,0
2195001,2200000,1,L07-1,1,0,0,0,695,695
2250001,2255000,1,L07-1,1,0,0,0,1771,1771
2260001,2265000,1,L07-1,1,0,0,0,495,495
2265001,2270000,1,L07-1,1,0,0,0,1238,1238
2275001,2280000,3,L07-1,1,0,0,0,212,212
2280001,2285000,1,L07-1,1,0,0,0,495,495
2345001,2350000,0,L07-1,1,1,1,0,0,3093
2395001,2400000,1,L07-1,1,0,0,0,2033,2033
2430001,2435000,0,L07-1,1,1,0,0,0,3091
2445001,2450000,1,L07-1,1,0,0,0,668,668
2485001,2490000,1,L07-1,1,0,0,0,990,990
2490001,2495000,1,L07-1,1,0,0,0,770,770
2535001,2540000,1,L07-1,1,0,0,0,2360,2360
2540001,2545000,1,L07-1,1,0,0,0,267,267
2545001,2550000,2,L07-1,1,0,0,0,3415,3415
2630001,2635000,2,L07-1,1,0,0,0,2182,2182
2640001,2645000,1,L07-1,1,0,0,0,1220,1220
2700001,2705000,1,L07-1,1,0,0,0,1415,1415
2710001,2715000,2,L07-1,1,0,0,0,3000,3000
2765001,2770000,1,L07-1,1,0,0,0,1127,1127
2770001,2775000,1,L07-1,1,0,0,0,31,31
2775001,2780000,1,L07-1,1,0,0,0,847,847
2790001,2795000,1,L07-1,1,0,0,0,746,746
2810001,2815000,1,L07-1,1,0,0,0,1472,1472
2815001,2820000,2,L07-1,1,0,0,0,2392,2392
2835001,2840000,1,L07-1,1,0,0,0,469,469
2840001,2845000,1,L07-1,1,0,0,0,334,334
2875001,2880000,2,L07-1,1,0,0,0,1285,1285
2880001,2885000,1,L07-1,1,0,0,0,974,974
2895001,2900000,1,L07-1,1,0,0,0,1188,1188
2900001,2905000,1,L07-1,1,0,0,0,167,167
2910001,2915000,1,L07-1,1,0,0,0,737,737
2920001,2925000,4,L07-1,1,0,0,0,2723,2723
2925001,2930000,2,L07-1,1,0,0,0,1471,1471
2955001,2960000,2,L07-1,1,0,0,0,139,139
2960001,2965000,2,L07-1,1,0,0,0,2767,2767
2980001,2985000,0,L07-1,1,1,0,0,0,251
2985001,2990000,0,L07-1,1,1,0,0,0,2841
3010001,3015000,2,L07-1,1,0,0,0,610,610
3015001,3020000,2,L07-1,1,1,0,0,889,1548
3020001,3025000,0,L07-1,1,1,0,0,0,2434
3040001,3045000,2,L07-1,1,0,0,0,2935,2935
3095001,3100000,1,L07-1,1,0,0,0,119,119
3100001,3105000,1,L07-1,1,0,0,0,756,756
3165001,3170000,1,L07-1,1,0,0,0,1098,1098
3200001,3205000,2,L07-1,1,0,0,0,2242,2242
3215001,3220000,1,L07-1,1,0,0,0,1154,1154
3220001,3225000,1,L07-1,1,0,0,0,416,416
3265001,3270000,2,L07-1,1,0,0,0,2604,2604
3270001,3275000,1,L07-1,1,0,0,0,391,391
3275001,3280000,1,L07-1,1,0,0,0,1892,1892
3285001,3290000,1,L07-1,1,0,0,0,653,653
3295001,3300000,1,L07-1,1,0,0,0,613,613
3300001,3305000,2,L07-1,1,0,0,0,993,993
3305001,3310000,2,L07-1,1,0,0,0,2410,2410
3310001,3315000,2,L07-1,1,0,0,0,2188,2188
3350001,3355000,0,L07-1,1,0,1,1,0,0
3365001,3370000,1,L07-1,1,0,0,0,375,375
3410001,3415000,2,L07-1,1,0,0,0,4144,4144
3415001,3420000,2,L07-1,1,0,0,0,101,101
3420001,3425000,2,L07-1,1,0,0,0,3271,3271
3425001,3430000,1,L07-1,1,0,0,0,1172,1172
3430001,3435000,4,L07-1,1,0,0,0,2798,2798
3435001,3440000,1,L07-1,1,0,0,0,242,242
3440001,3445000,4,L07-1,1,0,0,0,2147,2147
3465001,3470000,1,L07-1,1,0,0,0,181,181
3470001,3475000,3,L07-1,1,0,0,0,1436,1436
3475001,3480000,1,L07-1,1,0,0,0,270,270
3490001,3495000,3,L07-1,1,0,0,0,2634,2634
3495001,3500000,2,L07-1,1,0,0,0,1819,1819
3520001,3525000,1,L07-1,1,0,0,0,572,572
3525001,3530000,2,L07-1,1,0,0,0,1455,1455
3530001,3535000,6,L07-1,1,0,0,0,2973,2973
3535001,3540000,11,L07-1,1,0,0,0,4871,4871
3540001,3545000,12,L07-1,1,0,0,0,4708,4708
3545001,3550000,3,L07-1,1,0,0,0,2768,2768
3550001,3555000,2,L07-1,1,0,0,0,529,529
3575001,3580000,0,L07-1,1,1,0,0,0,3093
3590001,3595000,1,L07-1,1,0,0,0,1004,1004
3605001,3610000,1,L07-1,1,0,0,0,2134,2134
3650001,3655000,1,L07-1,1,0,0,0,1103,1103
3675001,3680000,4,L07-1,1,0,0,0,4065,4065
3785001,3790000,2,L07-1,1,0,0,0,2962,2962
3790001,3795000,1,L07-1,1,0,0,0,18,18
3795001,3800000,0,L07-1,1,1,0,0,0,2287
3800001,3805000,0,L07-1,1,1,0,0,0,805
3840001,3845000,1,L07-1,1,0,0,0,1019,1019
3865001,3870000,2,L07-1,1,0,0,0,1756,1756
3870001,3875000,3,L07-1,1,0,0,0,1892,1892
3880001,3885000,2,L07-1,1,0,0,0,2731,2731
3935001,3940000,1,L07-1,1,0,0,0,2414,2414
3940001,3945000,5,L07-1,1,0,0,0,3475,3475
3945001,3950000,1,L07-1,1,0,0,0,1173,1173
3970001,3975000,2,L07-1,1,0,0,0,3199,3199
20001,25000,1,L07-1,2,0,0,0,75,75
30001,35000,0,L07-1,2,1,0,0,0,1510
35001,40000,0,L07-1,2,1,0,0,0,1583
40001,45000,1,L07-1,2,0,0,0,1231,1231
45001,50000,1,L07-1,2,0,0,0,28,28
55001,60000,2,L07-1,2,0,0,0,152,152
60001,65000,1,L07-1,2,0,0,0,76,76
65001,70000,2,L07-1,2,0,0,0,1678,1678
110001,115000,1,L07-1,2,0,0,0,545,545
120001,125000,1,L07-1,2,0,0,0,685,685
125001,130000,2,L07-1,2,0,0,0,2697,2697
160001,165000,0,L07-1,2,1,0,0,0,932
165001,170000,0,L07-1,2,1,0,0,0,2160
200001,205000,1,L07-1,2,0,0,0,959,959
205001,210000,1,L07-1,2,0,0,0,2197,2197
245001,250000,1,L07-1,2,0,0,0,857,857
250001,255000,3,L07-1,2,0,0,0,2473,2473
255001,260000,5,L07-1,2,0,0,0,1544,1544
260001,265000,3,L07-1,2,0,0,0,4177,4177
265001,270000,2,L07-1,2,0,0,0,4923,4923
270001,275000,1,L07-1,2,0,0,0,13,13
330001,335000,2,L07-1,2,0,0,0,1387,1387
335001,340000,2,L07-1,2,0,0,0,2516,2516
340001,345000,1,L07-1,2,0,0,0,244,244
345001,350000,1,L07-1,2,0,0,0,1171,1171
350001,355000,1,L07-1,2,0,0,0,433,433
355001,360000,1,L07-1,2,0,0,0,103,103
450001,455000,2,L07-1,2,0,0,0,1939,1939
455001,460000,1,L07-1,2,0,0,0,566,566
465001,470000,1,L07-1,2,0,0,0,283,283
470001,475000,3,L07-1,2,0,0,0,2282,2282
475001,480000,1,L07-1,2,0,0,0,461,461
505001,510000,1,L07-1,2,0,0,0,227,227
525001,530000,1,L07-1,2,0,0,0,530,530
560001,565000,1,L07-1,2,0,0,0,2855,2855
565001,570000,2,L07-1,2,0,0,0,2182,2182
585001,590000,2,L07-1,2,0,0,0,1276,1276
640001,645000,2,L07-1,2,0,0,0,1324,1324
645001,650000,3,L07-1,2,0,0,0,3877,3877
650001,655000,1,L07-1,2,0,0,0,821,821
670001,675000,1,L07-1,2,0,0,0,479,479
675001,680000,1,L07-1,2,0,0,0,2354,2354
710001,715000,2,L07-1,2,0,0,0,1728,1728
715001,720000,5,L07-1,2,0,0,0,4997,4997
720001,725000,4,L07-1,2,0,0,0,4409,4409
725001,730000,5,L07-1,2,0,0,0,4229,4229
730001,735000,3,L07-1,2,0,0,0,3323,3323
735001,740000,1,L07-1,2,0,0,0,442,442
760001,765000,1,L07-1,2,0,0,0,661,661
775001,780000,1,L07-1,2,0,0,0,479,479
785001,790000,1,L07-1,2,0,0,0,93,93
790001,795000,2,L07-1,2,0,0,0,1531,1531
800001,805000,2,L07-1,2,0,0,0,824,824
805001,810000,6,L07-1,2,0,0,0,3826,3826
810001,815000,5,L07-1,2,0,0,0,4759,4759
815001,820000,5,L07-1,2,0,0,0,4280,4280
820001,825000,3,L07-1,2,0,0,0,4357,4357
825001,830000,2,L07-1,2,0,0,0,2183,2183
830001,835000,1,L07-1,2,0,0,0,1640,1640
835001,840000,1,L07-1,2,0,0,0,78,78
850001,855000,0,L07-1,2,1,0,0,0,1293
855001,860000,0,L07-1,2,1,0,0,0,1801
935001,940000,1,L07-1,2,0,0,0,974,974
960001,965000,1,L07-1,2,0,0,0,511,511
965001,970000,2,L07-1,2,0,0,0,2307,2307
970001,975000,4,L07-1,2,0,0,0,2969,2969
975001,980000,2,L07-1,2,0,0,0,2761,2761
1010001,1015000,1,L07-1,2,0,0,0,113,113
1025001,1030000,1,L07-1,2,0,0,0,1066,1066
1030001,1035000,3,L07-1,2,0,0,0,1612,1612
1035001,1040000,1,L07-1,2,0,0,0,858,858
1070001,1075000,0,L07-1,2,1,0,0,0,394
1075001,1080000,0,L07-1,2,1,0,0,0,2699
1085001,1090000,3,L07-1,2,0,0,0,2578,2578
1090001,1095000,1,L07-1,2,0,0,0,395,395
1095001,1100000,1,L07-1,2,0,0,0,76,76
1170001,1175000,2,L07-1,2,0,0,0,3013,3013
1175001,1180000,4,L07-1,2,0,0,0,4339,4339
1180001,1185000,1,L07-1,2,0,0,0,496,496
1190001,1195000,1,L07-1,2,0,0,0,1130,1130
1195001,1200000,1,L07-1,2,0,0,0,408,408
1200001,1205000,1,L07-1,2,0,0,0,84,84
1210001,1215000,1,L07-1,2,0,0,0,1664,1664
1215001,1220000,1,L07-1,2,0,0,0,530,530
1280001,1285000,0,L07-1,2,1,0,0,0,1438
1285001,1290000,0,L07-1,2,1,0,0,0,1655
1295001,1300000,0,L07-1,2,0,1,0,0,0
1305001,1310000,0,L07-1,2,1,0,0,0,3092
1425001,1430000,1,L07-1,2,0,0,0,218,218
1430001,1435000,1,L07-1,2,0,0,0,72,72
1435001,1440000,2,L07-1,2,0,0,0,4531,4531
1440001,1445000,1,L07-1,2,0,0,0,1292,1292
1460001,1465000,1,L07-1,2,0,0,0,1301,1301
1465001,1470000,2,L07-1,2,0,0,0,2047,2047
1470001,1475000,3,L07-1,2,0,0,0,1802,1802
1475001,1480000,3,L07-1,2,0,0,0,3969,3969
1480001,1485000,1,L07-1,2,0,0,0,2490,2490
1485001,1490000,0,L07-1,2,1,0,0,0,1195
1490001,1495000,1,L07-1,2,1,0,0,1400,3298
1520001,1525000,1,L07-1,2,0,0,0,518,518
1535001,1540000,1,L07-1,2,0,0,0,87,87
1610001,1615000,2,L07-1,2,0,0,0,1916,1916
1615001,1620000,2,L07-1,2,0,0,0,3124,3124
1620001,1625000,2,L07-1,2,0,0,0,1663,1663
1625001,1630000,3,L07-1,2,0,0,0,1676,1676
1630001,1635000,1,L07-1,2,0,0,0,202,202
1645001,1650000,1,L07-1,2,0,0,0,1136,1136
1650001,1655000,3,L07-1,2,0,0,0,2001,2001
1665001,1670000,1,L07-1,2,0,0,0,1106,1106
1705001,1710000,3,L07-1,2,0,0,0,2014,2014
1710001,1715000,5,L07-1,2,0,0,0,4162,4162
1715001,1720000,1,L07-1,2,0,0,0,854,854
1775001,1780000,1,L07-1,2,0,0,0,2597,2597
1780001,1785000,1,L07-1,2,0,0,0,140,140
1785001,1790000,1,L07-1,2,0,0,0,450,450
1795001,1800000,1,L07-1,2,0,0,0,788,788
1860001,1865000,0,L07-1,2,1,0,0,0,3093
2020001,2025000,1,L07-1,2,0,0,0,1274,1274
2045001,2050000,1,L07-1,2,0,0,0,641,641
2100001,2105000,3,L07-1,2,0,0,0,3568,3568
2105001,2110000,3,L07-1,2,0,0,0,2628,2628
2120001,2125000,0,L07-1,2,1,0,0,0,2003
2125001,2130000,1,L07-1,2,1,0,0,827,1918
2150001,2155000,0,L07-1,2,1,0,0,0,3094
2170001,2175000,1,L07-1,2,0,0,0,995,995
2195001,2200000,1,L07-1,2,0,0,0,695,695
2255001,2260000,1,L07-1,2,0,0,0,1772,1772
2265001,2270000,1,L07-1,2,0,0,0,1733,1733
2280001,2285000,3,L07-1,2,0,0,0,707,707
2345001,2350000,0,L07-1,2,1,0,0,0,1253
2350001,2355000,0,L07-1,2,1,0,0,0,1840
2395001,2400000,1,L07-1,2,0,0,0,2033,2033
2430001,2435000,0,L07-1,2,1,0,0,0,1744
2435001,2440000,0,L07-1,2,1,0,0,0,1349
2445001,2450000,1,L07-1,2,0,0,0,325,325
2450001,2455000,1,L07-1,2,0,0,0,343,343
2490001,2495000,1,L07-1,2,0,0,0,1760,1760
2535001,2540000,1,L07-1,2,0,0,0,301,301
2540001,2545000,1,L07-1,2,0,0,0,2326,2326
2545001,2550000,1,L07-1,2,0,0,0,2229,2229
2550001,2555000,2,L07-1,2,0,0,0,1186,1186
2630001,2635000,1,L07-1,2,0,0,0,424,424
2635001,2640000,2,L07-1,2,0,0,0,1758,1758
2640001,2645000,1,L07-1,2,0,0,0,1220,1220
2700001,2705000,1,L07-1,2,0,0,0,801,801
2705001,2710000,1,L07-1,2,0,0,0,614,614
2710001,2715000,1,L07-1,2,0,0,0,1897,1897
2715001,2720000,2,L07-1,2,0,0,0,1103,1103
2765001,2770000,1,L07-1,2,0,0,0,244,244
2770001,2775000,1,L07-1,2,0,0,0,883,883
2775001,2780000,1,L07-1,2,0,0,0,878,878
2795001,2800000,1,L07-1,2,0,0,0,746,746
2810001,2815000,1,L07-1,2,0,0,0,971,971
2815001,2820000,3,L07-1,2,0,0,0,2893,2893
2840001,2845000,1,L07-1,2,0,0,0,803,803
2875001,2880000,1,L07-1,2,0,0,0,380,380
2880001,2885000,2,L07-1,2,0,0,0,1879,1879
2900001,2905000,1,L07-1,2,0,0,0,1355,1355
2910001,2915000,1,L07-1,2,0,0,0,720,720
2915001,2920000,1,L07-1,2,0,0,0,17,17
2920001,2925000,4,L07-1,2,0,0,0,1795,1795
2925001,2930000,3,L07-1,2,0,0,0,2400,2400
2930001,2935000,0,L07-1,2,0,1,0,0,0
2960001,2965000,3,L07-1,2,0,0,0,2857,2857
2965001,2970000,1,L07-1,2,0,0,0,49,49
2985001,2990000,0,L07-1,2,1,0,0,0,3092
3015001,3020000,3,L07-1,2,0,0,0,1500,1500
3020001,3025000,0,L07-1,2,1,0,0,0,3093
3040001,3045000,2,L07-1,2,0,0,0,1498,1498
3045001,3050000,1,L07-1,2,0,0,0,1437,1437
3100001,3105000,1,L07-1,2,0,0,0,875,875
3165001,3170000,1,L07-1,2,0,0,0,1098,1098
3200001,3205000,2,L07-1,2,0,0,0,1737,1737
3205001,3210000,1,L07-1,2,0,0,0,505,505
3215001,3220000,1,L07-1,2,0,0,0,411,411
3220001,3225000,1,L07-1,2,0,0,0,743,743
3225001,3230000,1,L07-1,2,0,0,0,416,416
3265001,3270000,1,L07-1,2,0,0,0,737,737
3270001,3275000,1,L07-1,2,0,0,0,2258,2258
3275001,3280000,1,L07-1,2,0,0,0,25,25
3280001,3285000,1,L07-1,2,0,0,0,1867,1867
3290001,3295000,1,L07-1,2,0,0,0,653,653
3300001,3305000,2,L07-1,2,0,0,0,1606,1606
3305001,3310000,1,L07-1,2,0,0,0,916,916
3310001,3315000,3,L07-1,2,0,0,0,3682,3682
3350001,3355000,0,L07-1,2,1,0,0,0,2731
3355001,3360000,0,L07-1,2,1,0,0,0,363
3370001,3375000,1,L07-1,2,0,0,0,375,375
3415001,3420000,2,L07-1,2,0,0,0,3984,3984
3420001,3425000,2,L07-1,2,0,0,0,262,262
3425001,3430000,2,L07-1,2,0,0,0,3271,3271
3430001,3435000,1,L07-1,2,0,0,0,1172,1172
3435001,3440000,4,L07-1,2,0,0,0,2798,2798
3440001,3445000,1,L07-1,2,0,0,0,81,81
3445001,3450000,4,L07-1,2,0,0,0,2308,2308
3470001,3475000,1,L07-1,2,0,0,0,24,24
3475001,3480000,3,L07-1,2,0,0,0,1436,1436
3480001,3485000,1,L07-1,2,0,0,0,427,427
3495001,3500000,3,L07-1,2,0,0,0,2635,2635
3500001,3505000,2,L07-1,2,0,0,0,1819,1819
3525001,3530000,1,L07-1,2,0,0,0,571,571
3530001,3535000,2,L07-1,2,0,0,0,1455,1455
3535001,3540000,6,L07-1,2,0,0,0,2817,2817
3540001,3545000,11,L07-1,2,0,0,0,4871,4871
3545001,3550000,11,L07-1,2,0,0,0,4743,4743
3550001,3555000,4,L07-1,2,0,0,0,2735,2735
3555001,3560000,2,L07-1,2,0,0,0,682,682
3580001,3585000,0,L07-1,2,1,0,0,0,3093
3595001,3600000,1,L07-1,2,0,0,0,1004,1004
3610001,3615000,1,L07-1,2,0,0,0,2134,2134
3655001,3660000,1,L07-1,2,0,0,0,1103,1103
3680001,3685000,4,L07-1,2,0,0,0,4066,4066
3790001,3795000,2,L07-1,2,0,0,0,2803,2803
3795001,3800000,1,L07-1,2,0,0,0,177,177
3800001,3805000,0,L07-1,2,1,0,0,0,2131
3805001,3810000,0,L07-1,2,1,0,0,0,962
3845001,3850000,1,L07-1,2,0,0,0,1019,1019
3870001,3875000,2,L07-1,2,0,0,0,1753,1753
3875001,3880000,4,L07-1,2,0,0,0,1894,1894
3885001,3890000,2,L07-1,2,0,0,0,2731,2731
3940001,3945000,1,L07-1,2,0,0,0,2414,2414
3945001,3950000,5,L07-1,2,0,0,0,3312,3312
3950001,3955000,1,L07-1,2,0,0,0,1336,1336
3975001,3980000,2,L07-1,2,0,0,0,3199,3199
20001,25000,1,L07-2,1,0,0,0,75,75
30001,35000,0,L07-2,1,1,0,0,0,1502
35001,40000,0,L07-2,1,1,0,0,0,1590
40001,45000,1,L07-2,1,0,0,0,1227,1227
45001,50000,1,L07-2,1,0,0,0,32,32
55001,60000,2,L07-2,1,0,0,0,152,152
60001,65000,1,L07-2,1,0,0,0,76,76
65001,70000,2,L07-2,1,0,0,0,1678,1678
110001,115000,1,L07-2,1,0,0,0,545,545
120001,125000,1,L07-2,1,0,0,0,685,685
125001,130000,2,L07-2,1,0,0,0,2697,2697
195001,200000,1,L07-2,1,0,0,0,279,279
200001,205000,2,L07-2,1,0,0,0,2877,2877
240001,245000,1,L07-2,1,0,0,0,857,857
245001,250000,1,L07-2,1,0,0,0,610,610
250001,255000,6,L07-2,1,0,0,0,2788,2788
255001,260000,5,L07-2,1,0,0,0,2903,2903
260001,265000,2,L07-2,1,0,0,0,4923,4923
265001,270000,1,L07-2,1,0,0,0,1906,1906
330001,335000,3,L07-2,1,0,0,0,3855,3855
335001,340000,1,L07-2,1,0,0,0,48,48
340001,345000,1,L07-2,1,0,0,0,1414,1414
350001,355000,1,L07-2,1,0,0,0,536,536
445001,450000,2,L07-2,1,0,0,0,1939,1939
450001,455000,1,L07-2,1,0,0,0,566,566
465001,470000,3,L07-2,1,0,0,0,2565,2565
470001,475000,1,L07-2,1,0,0,0,461,461
500001,505000,1,L07-2,1,0,0,0,227,227
525001,530000,1,L07-2,1,0,0,0,530,530
555001,560000,1,L07-2,1,0,0,0,1823,1823
560001,565000,3,L07-2,1,0,0,0,2619,2619
565001,570000,1,L07-2,1,0,0,0,595,595
580001,585000,2,L07-2,1,0,0,0,1276,1276
640001,645000,3,L07-2,1,0,0,0,4250,4250
645001,650000,2,L07-2,1,0,0,0,1770,1770
665001,670000,1,L07-2,1,0,0,0,479,479
670001,675000,1,L07-2,1,0,0,0,1140,1140
675001,680000,1,L07-2,1,0,0,0,1214,1214
710001,715000,4,L07-2,1,0,0,0,4854,4854
715001,720000,6,L07-2,1,0,0,0,4943,4943
720001,725000,4,L07-2,1,0,0,0,4024,4024
725001,730000,4,L07-2,1,0,0,0,4607,4607
730001,735000,2,L07-2,1,0,0,0,700,700
760001,765000,1,L07-2,1,0,0,0,662,662
775001,780000,1,L07-2,1,0,0,0,479,479
785001,790000,2,L07-2,1,0,0,0,1487,1487
790001,795000,1,L07-2,1,0,0,0,136,136
795001,800000,1,L07-2,1,0,0,0,824,824
800001,805000,3,L07-2,1,0,0,0,2370,2370
805001,810000,6,L07-2,1,0,0,0,4369,4369
810001,815000,3,L07-2,1,0,0,0,4358,4358
815001,820000,5,L07-2,1,0,0,0,4261,4261
820001,825000,2,L07-2,1,0,0,0,2749,2749
825001,830000,1,L07-2,1,0,0,0,1298,1298
830001,835000,1,L07-2,1,0,0,0,1717,1717
850001,855000,0,L07-2,1,1,0,0,0,3093
930001,935000,1,L07-2,1,0,0,0,974,974
960001,965000,2,L07-2,1,0,0,0,2818,2818
965001,970000,4,L07-2,1,0,0,0,2640,2640
970001,975000,3,L07-2,1,0,0,0,3090,3090
1010001,1015000,1,L07-2,1,0,0,0,113,113
1025001,1030000,1,L07-2,1,0,0,0,1929,1929
1030001,1035000,2,L07-2,1,0,0,0,1606,1606
1070001,1075000,0,L07-2,1,1,0,0,0,3092
1075001,1080000,0,L07-2,1,0,1,0,0,0
1080001,1085000,2,L07-2,1,0,0,0,1583,1583
1085001,1090000,2,L07-2,1,0,0,0,1390,1390
1090001,1095000,1,L07-2,1,0,0,0,76,76
1165001,1170000,2,L07-2,1,0,0,0,2216,2216
1170001,1175000,5,L07-2,1,0,0,0,3272,3272
1175001,1180000,1,L07-2,1,0,0,0,2360,2360
1190001,1195000,1,L07-2,1,0,0,0,1538,1538
1195001,1200000,1,L07-2,1,0,0,0,84,84
1205001,1210000,1,L07-2,1,0,0,0,1664,1664
1210001,1215000,1,L07-2,1,0,0,0,530,530
1280001,1285000,0,L07-2,1,1,0,0,0,3094
1300001,1305000,0,L07-2,1,1,0,0,0,1513
1305001,1310000,0,L07-2,1,1,0,0,0,1579
1425001,1430000,1,L07-2,1,0,0,0,218,218
1430001,1435000,1,L07-2,1,0,0,0,2662,2662
1435001,1440000,3,L07-2,1,0,0,0,3233,3233
1460001,1465000,1,L07-2,1,0,0,0,1673,1673
1465001,1470000,3,L07-2,1,0,0,0,2766,2766
1470001,1475000,3,L07-2,1,0,0,0,2271,2271
1475001,1480000,2,L07-2,1,0,0,0,4900,4900
1485001,1490000,1,L07-2,1,0,1,1,1400,1400
1515001,1520000,1,L07-2,1,0,0,0,518,518
1530001,1535000,1,L07-2,1,0,0,0,87,87
1605001,1610000,2,L07-2,1,0,0,0,2619,2619
1610001,1615000,2,L07-2,1,0,0,0,2421,2421
1615001,1620000,3,L07-2,1,0,0,0,1899,1899
1620001,1625000,2,L07-2,1,0,0,0,1642,1642
1640001,1645000,2,L07-2,1,0,0,0,1841,1841
1645001,1650000,2,L07-2,1,0,0,0,1296,1296
1660001,1665000,1,L07-2,1,0,0,0,1105,1105
1695001,1700000,1,L07-2,1,0,0,0,285,285
1700001,1705000,4,L07-2,1,0,0,0,2434,2434
1705001,1710000,5,L07-2,1,0,0,0,3507,3507
1710001,1715000,1,L07-2,1,0,0,0,804,804
1770001,1775000,1,L07-2,1,0,0,0,2597,2597
1775001,1780000,1,L07-2,1,0,0,0,590,590
1790001,1795000,1,L07-2,1,0,0,0,788,788
1855001,1860000,0,L07-2,1,1,0,0,0,3093
1920001,1925000,0,L07-2,1,0,1,1,0,0
2015001,2020000,1,L07-2,1,0,0,0,1274,1274
2040001,2045000,1,L07-2,1,0,0,0,641,641
2095001,2100000,4,L07-2,1,0,0,0,3939,3939
2100001,2105000,2,L07-2,1,0,0,0,2257,2257
2115001,2120000,0,L07-2,1,1,0,0,0,1782
2120001,2125000,0,L07-2,1,1,1,0,0,1312
2125001,2130000,1,L07-2,1,0,0,0,827,827
2145001,2150000,0,L07-2,1,1,0,0,0,3093
2165001,2170000,1,L07-2,1,0,0,0,995,995
2190001,2195000,1,L07-2,1,0,0,0,0,0
2195001,2200000,1,L07-2,1,0,0,0,695,695
2250001,2255000,1,L07-2,1,0,0,0,1771,1771
2260001,2265000,1,L07-2,1,0,0,0,495,495
2265001,2270000,1,L07-2,1,0,0,0,1238,1238
2275001,2280000,3,L07-2,1,0,0,0,212,212
2280001,2285000,1,L07-2,1,0,0,0,495,495
2345001,2350000,0,L07-2,1,1,0,0,0,3093
2350001,2355000,0,L07-2,1,0,1,0,0,0
2395001,2400000,1,L07-2,1,0,0,0,2033,2033
2430001,2435000,0,L07-2,1,1,0,0,0,3091
2445001,2450000,1,L07-2,1,0,0,0,668,668
2485001,2490000,1,L07-2,1,0,0,0,990,990
2490001,2495000,1,L07-2,1,0,0,0,770,770
2535001,2540000,1,L07-2,1,0,0,0,2360,2360
2540001,2545000,1,L07-2,1,0,0,0,267,267
2545001,2550000,2,L07-2,1,0,0,0,3415,3415
2630001,2635000,2,L07-2,1,0,0,0,2182,2182
2640001,2645000,1,L07-2,1,0,0,0,1220,1220
2700001,2705000,1,L07-2,1,0,0,0,1415,1415
2710001,2715000,2,L07-2,1,0,0,0,3000,3000
2765001,2770000,1,L07-2,1,0,0,0,1127,1127
2770001,2775000,1,L07-2,1,0,0,0,31,31
2775001,2780000,1,L07-2,1,0,0,0,847,847
2790001,2795000,1,L07-2,1,0,0,0,746,746
2810001,2815000,1,L07-2,1,0,0,0,1472,1472
2815001,2820000,2,L07-2,1,0,0,0,2392,2392
2835001,2840000,1,L07-2,1,0,0,0,469,469
2840001,2845000,1,L07-2,1,0,0,0,334,334
2875001,2880000,2,L07-2,1,0,0,0,1285,1285
2880001,2885000,1,L07-2,1,0,0,0,974,974
2895001,2900000,1,L07-2,1,0,0,0,1188,1188
2900001,2905000,1,L07-2,1,0,0,0,167,167
2910001,2915000,1,L07-2,1,0,0,0,737,737
2920001,2925000,4,L07-2,1,0,0,0,2723,2723
2925001,2930000,2,L07-2,1,0,0,0,1471,1471
2955001,2960000,2,L07-2,1,0,0,0,139,139
2960001,2965000,2,L07-2,1,0,0,0,2767,2767
2980001,2985000,0,L07-2,1,1,0,0,0,251
2985001,2990000,0,L07-2,1,1,0,0,0,2841
3010001,3015000,2,L07-2,1,0,0,0,610,610
3015001,3020000,2,L07-2,1,1,0,0,889,1548
3020001,3025000,0,L07-2,1,1,0,0,0,2434
3040001,3045000,2,L07-2,1,0,0,0,2935,2935
3095001,3100000,1,L07-2,1,0,0,0,119,119
3100001,3105000,1,L07-2,1,0,0,0,756,756
3165001,3170000,1,L07-2,1,0,0,0,1098,1098
3200001,3205000,2,L07-2,1,0,0,0,2242,2242
3215001,3220000,1,L07-2,1,0,0,0,1154,1154
3220001,3225000,1,L07-2,1,0,0,0,416,416
3265001,3270000,2,L07-2,1,0,0,0,2604,2604
3270001,3275000,1,L07-2,1,0,0,0,391,391
3275001,3280000,1,L07-2,1,0,0,0,1892,1892
3285001,3290000,1,L07-2,1,0,0,0,653,653
3295001,3300000,1,L07-2,1,0,0,0,613,613
3300001,3305000,2,L07-2,1,0,0,0,993,993
3305001,3310000,2,L07-2,1,0,0,0,2410,2410
3310001,3315000,2,L07-2,1,0,0,0,2188,2188
3365001,3370000,1,L07-2,1,0,0,0,375,375
3410001,3415000,2,L07-2,1,0,0,0,4144,4144
3415001,3420000,2,L07-2,1,0,0,0,101,101
3420001,3425000,2,L07-2,1,0,0,0,3271,3271
3425001,3430000,1,L07-2,1,0,0,0,1172,1172
3430001,3435000,4,L07-2,1,0,0,0,2798,2798
3435001,3440000,1,L07-2,1,0,0,0,242,242
3440001,3445000,4,L07-2,1,0,0,0,2147,2147
3465001,3470000,1,L07-2,1,0,0,0,181,181
3470001,3475000,3,L07-2,1,0,0,0,1436,1436
3475001,3480000,1,L07-2,1,0,0,0,270,270
3490001,3495000,3,L07-2,1,0,0,0,2634,2634
3495001,3500000,2,L07-2,1,0,0,0,1819,1819
3520001,3525000,1,L07-2,1,0,0,0,572,572
3525001,3530000,2,L07-2,1,0,0,0,1455,1455
3530001,3535000,6,L07-2,1,0,0,0,2973,2973
3535001,3540000,11,L07-2,1,0,0,0,4871,4871
3540001,3545000,12,L07-2,1,0,0,0,4708,4708
3545001,3550000,3,L07-2,1,0,0,0,2768,2768
3550001,3555000,2,L07-2,1,0,0,0,529,529
3575001,3580000,0,L07-2,1,1,0,0,0,3093
3590001,3595000,1,L07-2,1,0,0,0,1004,1004
3605001,3610000,1,L07-2,1,0,0,0,2134,2134
3650001,3655000,1,L07-2,1,0,0,0,1103,1103
3675001,3680000,4,L07-2,1,0,0,0,4065,4065
3785001,3790000,2,L07-2,1,0,0,0,2962,2962
3790001,3795000,1,L07-2,1,0,0,0,18,18
3795001,3800000,0,L07-2,1,1,0,0,0,2287
3800001,3805000,0,L07-2,1,1,0,0,0,805
3840001,3845000,1,L07-2,1,0,0,0,1019,1019
3865001,3870000,2,L07-2,1,0,0,0,1756,1756
3870001,3875000,3,L07-2,1,0,0,0,1892,1892
3880001,3885000,2,L07-2,1,0,0,0,2731,2731
3935001,3940000,1,L07-2,1,0,0,0,2414,2414
3940001,3945000,5,L07-2,1,0,0,0,3475,3475
3945001,3950000,1,L07-2,1,0,0,0,1173,1173
3970001,3975000,2,L07-2,1,0,0,0,3199,3199
20001,25000,1,L07-2,2,0,0,0,75,75
30001,35000,0,L07-2,2,1,0,0,0,1506
35001,40000,0,L07-2,2,1,0,0,0,1587
40001,45000,1,L07-2,2,0,0,0,1227,1227
45001,50000,1,L07-2,2,0,0,0,32,32
55001,60000,2,L07-2,2,0,0,0,152,152
60001,65000,1,L07-2,2,0,0,0,76,76
65001,70000,2,L07-2,2,0,0,0,1678,1678
110001,115000,1,L07-2,2,0,0,0,545,545
120001,125000,1,L07-2,2,0,0,0,674,674
125001,130000,2,L07-2,2,0,0,0,2708,2708
195001,200000,1,L07-2,2,0,0,0,262,262
200001,205000,2,L07-2,2,0,0,0,2895,2895
240001,245000,1,L07-2,2,0,0,0,857,857
245001,250000,1,L07-2,2,0,0,0,584,584
250001,255000,6,L07-2,2,0,0,0,2788,2788
255001,260000,5,L07-2,2,0,0,0,2903,2903
260001,265000,2,L07-2,2,0,0,0,4923,4923
265001,270000,1,L07-2,2,0,0,0,1932,1932
330001,335000,3,L07-2,2,0,0,0,3822,3822
335001,340000,1,L07-2,2,0,0,0,81,81
340001,345000,1,L07-2,2,0,0,0,1415,1415
350001,355000,1,L07-2,2,0,0,0,536,536
445001,450000,2,L07-2,2,0,0,0,1939,1939
450001,455000,1,L07-2,2,0,0,0,566,566
465001,470000,3,L07-2,2,0,0,0,2565,2565
470001,475000,1,L07-2,2,0,0,0,461,461
500001,505000,1,L07-2,2,0,0,0,227,227
525001,530000,1,L07-2,2,0,0,0,530,530
555001,560000,1,L07-2,2,0,0,0,1775,1775
560001,565000,3,L07-2,2,0,0,0,2619,2619
565001,570000,1,L07-2,2,0,0,0,643,643
580001,585000,2,L07-2,2,0,0,0,1276,1276
640001,645000,3,L07-2,2,0,0,0,4251,4251
645001,650000,2,L07-2,2,0,0,0,1770,1770
665001,670000,1,L07-2,2,0,0,0,479,479
670001,675000,1,L07-2,2,0,0,0,1091,1091
675001,680000,1,L07-2,2,0,0,0,1263,1263
710001,715000,4,L07-2,2,0,0,0,4800,4800
715001,720000,6,L07-2,2,0,0,0,4943,4943
720001,725000,4,L07-2,2,0,0,0,4024,4024
725001,730000,4,L07-2,2,0,0,0,4608,4608
730001,735000,2,L07-2,2,0,0,0,754,754
760001,765000,1,L07-2,2,0,0,0,662,662
775001,780000,1,L07-2,2,0,0,0,479,479
785001,790000,2,L07-2,2,0,0,0,1436,1436
790001,795000,1,L07-2,2,0,0,0,188,188
795001,800000,1,L07-2,2,0,0,0,824,824
800001,805000,3,L07-2,2,0,0,0,2370,2370
805001,810000,6,L07-2,2,0,0,0,4316,4316
810001,815000,3,L07-2,2,0,0,0,4359,4359
815001,820000,5,L07-2,2,0,0,0,4261,4261
820001,825000,2,L07-2,2,0,0,0,2801,2801
825001,830000,1,L07-2,2,0,0,0,1298,1298
830001,835000,1,L07-2,2,0,0,0,1718,1718
850001,855000,0,L07-2,2,1,0,0,0,3094
930001,935000,1,L07-2,2,0,0,0,974,974
960001,965000,2,L07-2,2,0,0,0,2818,2818
965001,970000,4,L07-2,2,0,0,0,2582,2582
970001,975000,3,L07-2,2,0,0,0,3148,3148
1010001,1015000,1,L07-2,2,0,0,0,113,113
1025001,1030000,1,L07-2,2,0,0,0,1931,1931
1030001,1035000,2,L07-2,2,0,0,0,1606,1606
1070001,1075000,0,L07-2,2,1,0,0,0,3093
1080001,1085000,3,L07-2,2,0,0,0,2334,2334
1085001,1090000,1,L07-2,2,0,0,0,639,639
1090001,1095000,1,L07-2,2,0,0,0,76,76
1165001,1170000,2,L07-2,2,0,0,0,3013,3013
1170001,1175000,4,L07-2,2,0,0,0,4096,4096
1175001,1180000,1,L07-2,2,0,0,0,739,739
1185001,1190000,1,L07-2,2,0,0,0,886,886
1190001,1195000,1,L07-2,2,0,0,0,652,652
1195001,1200000,1,L07-2,2,0,0,0,84,84
1205001,1210000,1,L07-2,2,0,0,0,1664,1664
1210001,1215000,1,L07-2,2,0,0,0,530,530
1275001,1280000,0,L07-2,2,1,0,0,0,1194
1280001,1285000,0,L07-2,2,1,0,0,0,1900
1300001,1305000,0,L07-2,2,1,0,0,0,3094
1420001,1425000,1,L07-2,2,0,0,0,218,218
1430001,1435000,2,L07-2,2,0,0,0,4120,4120
1435001,1440000,2,L07-2,2,0,0,0,1775,1775
1455001,1460000,1,L07-2,2,0,0,0,504,504
1460001,1465000,2,L07-2,2,0,0,0,2047,2047
1465001,1470000,3,L07-2,2,0,0,0,2600,2600
1470001,1475000,3,L07-2,2,0,0,0,3171,3171
1475001,1480000,1,L07-2,2,0,0,0,3288,3288
1480001,1485000,0,L07-2,2,1,0,0,0,494
1485001,1490000,1,L07-2,2,1,0,0,1400,4000
1515001,1520000,1,L07-2,2,0,0,0,518,518
1530001,1535000,1,L07-2,2,0,0,0,87,87
1605001,1610000,1,L07-2,2,0,0,0,1333,1333
1610001,1615000,3,L07-2,2,0,0,0,3707,3707
1615001,1620000,2,L07-2,2,0,0,0,1022,1022
1620001,1625000,4,L07-2,2,0,0,0,1517,1517
1625001,1630000,2,L07-2,2,0,0,0,1002,1002
1640001,1645000,1,L07-2,2,0,0,0,337,337
1645001,1650000,3,L07-2,2,0,0,0,2800,2800
1660001,1665000,1,L07-2,2,0,0,0,1106,1106
1700001,1705000,2,L07-2,2,0,0,0,1367,1367
1705001,1710000,6,L07-2,2,0,0,0,4594,4594
1710001,1715000,2,L07-2,2,0,0,0,1069,1069
1770001,1775000,1,L07-2,2,0,0,0,1861,1861
1775001,1780000,1,L07-2,2,0,0,0,736,736
1780001,1785000,1,L07-2,2,0,0,0,590,590
1790001,1795000,1,L07-2,2,0,0,0,788,788
1855001,1860000,0,L07-2,2,1,0,0,0,3094
1860001,1865000,0,L07-2,2,0,1,0,0,0
1920001,1925000,0,L07-2,2,1,0,0,0,1892
1925001,1930000,0,L07-2,2,1,0,0,0,1200
2020001,2025000,1,L07-2,2,0,0,0,1274,1274
2045001,2050000,1,L07-2,2,0,0,0,641,641
2095001,2100000,1,L07-2,2,0,0,0,121,121
2100001,2105000,5,L07-2,2,0,0,0,4183,4183
2105001,2110000,1,L07-2,2,0,0,0,1892,1892
2120001,2125000,0,L07-2,2,1,0,0,0,2152
2125001,2130000,1,L07-2,2,1,0,0,827,1769
2150001,2155000,0,L07-2,2,1,0,0,0,3093
2165001,2170000,0,L07-2,2,0,1,1,0,0
2170001,2175000,1,L07-2,2,0,0,0,995,995
2195001,2200000,1,L07-2,2,0,0,0,695,695
2255001,2260000,1,L07-2,2,0,0,0,1772,1772
2265001,2270000,1,L07-2,2,0,0,0,1650,1650
2270001,2275000,1,L07-2,2,0,0,0,83,83
2280001,2285000,3,L07-2,2,0,0,0,707,707
2345001,2350000,0,L07-2,2,1,0,0,0,961
2350001,2355000,0,L07-2,2,1,0,0,0,2133
2395001,2400000,1,L07-2,2,0,0,0,2033,2033
2430001,2435000,0,L07-2,2,1,0,0,0,3093
2445001,2450000,1,L07-2,2,0,0,0,668,668
2485001,2490000,1,L07-2,2,0,0,0,390,390
2490001,2495000,1,L07-2,2,0,0,0,1370,1370
2535001,2540000,1,L07-2,2,0,0,0,1755,1755
2540001,2545000,1,L07-2,2,0,0,0,872,872
2545001,2550000,2,L07-2,2,0,0,0,3415,3415
2630001,2635000,2,L07-2,2,0,0,0,1807,1807
2635001,2640000,1,L07-2,2,0,0,0,375,375
2640001,2645000,1,L07-2,2,0,0,0,1220,1220
2700001,2705000,1,L07-2,2,0,0,0,1415,1415
2710001,2715000,2,L07-2,2,0,0,0,3001,3001
2765001,2770000,1,L07-2,2,0,0,0,1127,1127
2775001,2780000,1,L07-2,2,0,0,0,878,878
2790001,2795000,1,L07-2,2,0,0,0,227,227
2795001,2800000,1,L07-2,2,0,0,0,519,519
2810001,2815000,1,L07-2,2,0,0,0,1473,1473
2815001,2820000,2,L07-2,2,0,0,0,2392,2392
2840001,2845000,1,L07-2,2,0,0,0,803,803
2875001,2880000,2,L07-2,2,0,0,0,1204,1204
2880001,2885000,2,L07-2,2,0,0,0,1055,1055
2895001,2900000,1,L07-2,2,0,0,0,578,578
2900001,2905000,1,L07-2,2,0,0,0,777,777
2910001,2915000,1,L07-2,2,0,0,0,737,737
2920001,2925000,4,L07-2,2,0,0,0,2723,2723
2925001,2930000,2,L07-2,2,0,0,0,1471,1471
2960001,2965000,3,L07-2,2,0,0,0,2907,2907
2985001,2990000,0,L07-2,2,1,0,0,0,3094
3010001,3015000,1,L07-2,2,0,0,0,0,0
3015001,3020000,3,L07-2,2,1,0,0,1500,1544
3020001,3025000,0,L07-2,2,1,0,0,0,3050
3040001,3045000,2,L07-2,2,0,0,0,2931,2931
3045001,3050000,1,L07-2,2,0,0,0,4,4
3100001,3105000,1,L07-2,2,0,0,0,875,875
3165001,3170000,1,L07-2,2,0,0,0,1098,1098
3200001,3205000,2,L07-2,2,0,0,0,2242,2242
3215001,3220000,1,L07-2,2,0,0,0,1154,1154
3220001,3225000,1,L07-2,2,0,0,0,416,416
3265001,3270000,2,L07-2,2,0,0,0,1982,1982
3270001,3275000,1,L07-2,2,0,0,0,1013,1013
3275001,3280000,1,L07-2,2,0,0,0,1456,1456
3280001,3285000,1,L07-2,2,0,0,0,436,436
3285001,3290000,1,L07-2,2,0,0,0,653,653
3295001,3300000,1,L07-2,2,0,0,0,0,0
3300001,3305000,2,L07-2,2,0,0,0,1606,1606
3305001,3310000,2,L07-2,2,0,0,0,1783,1783
3310001,3315000,2,L07-2,2,0,0,0,2815,2815
3365001,3370000,1,L07-2,2,0,0,0,375,375
3410001,3415000,2,L07-2,2,0,0,0,3516,3516
3415001,3420000,1,L07-2,2,0,0,0,643,643
3420001,3425000,3,L07-2,2,0,0,0,3305,3305
3425001,3430000,2,L07-2,2,0,0,0,1224,1224
3430001,3435000,4,L07-2,2,0,0,0,2798,2798
3440001,3445000,4,L07-2,2,0,0,0,2389,2389
3470001,3475000,3,L07-2,2,0,0,0,986,986
3475001,3480000,1,L07-2,2,0,0,0,901,901
3490001,3495000,3,L07-2,2,0,0,0,2634,2634
3495001,3500000,2,L07-2,2,0,0,0,1819,1819
3520001,3525000,1,L07-2,2,0,0,0,571,571
3525001,3530000,2,L07-2,2,0,0,0,1456,1456
3530001,3535000,5,L07-2,2,0,0,0,2635,2635
3535001,3540000,10,L07-2,2,0,0,0,4602,4602
3540001,3545000,13,L07-2,2,0,0,0,4717,4717
3545001,3550000,3,L07-2,2,0,0,0,2763,2763
3550001,3555000,3,L07-2,2,0,0,0,1132,1132
3565001,3570000,0,L07-2,2,0,1,0,0,0
3575001,3580000,0,L07-2,2,1,0,0,0,3093
3590001,3595000,1,L07-2,2,0,0,0,1004,1004
3605001,3610000,1,L07-2,2,0,0,0,2135,2135
3650001,3655000,1,L07-2,2,0,0,0,1103,1103
3675001,3680000,4,L07-2,2,0,0,0,3928,3928
3680001,3685000,1,L07-2,2,0,0,0,137,137
3705001,3710000,0,L07-2,2,0,1,1,0,0
3785001,3790000,2,L07-2,2,0,0,0,2323,2323
3790001,3795000,1,L07-2,2,0,1,0,657,657
3795001,3800000,0,L07-2,2,1,0,0,0,1647
3800001,3805000,0,L07-2,2,1,0,0,0,1446
3840001,3845000,1,L07-2,2,0,0,0,1019,1019
3865001,3870000,2,L07-2,2,0,0,0,1273,1273
3870001,3875000,5,L07-2,2,0,0,0,2374,2374
3880001,3885000,2,L07-2,2,0,0,0,2731,2731
3935001,3940000,1,L07-2,2,0,0,0,2195,2195
3940001,3945000,5,L07-2,2,0,0,0,3221,3221
3945001,3950000,1,L07-2,2,0,0,0,1646,1646
3970001,3975000,2,L07-2,2,0,0,0,2900,2900
20001,25000,1,L07-3,1,0,0,0,75,75
30001,35000,0,L07-3,1,1,0,0,0,1502
35001,40000,0,L07-3,1,1,0,0,0,1590
40001,45000,1,L07-3,1,0,0,0,1227,1227
45001,50000,1,L07-3,1,0,0,0,32,32
55001,60000,2,L07-3,1,0,0,0,152,152
60001,65000,1,L07-3,1,0,0,0,76,76
65001,70000,2,L07-3,1,0,0,0,1678,1678
110001,115000,1,L07-3,1,0,0,0,545,545
120001,125000,1,L07-3,1,0,0,0,685,685
125001,130000,2,L07-3,1,0,0,0,2697,2697
195001,200000,1,L07-3,1,0,0,0,279,279
200001,205000,2,L07-3,1,0,0,0,2877,2877
240001,245000,1,L07-3,1,0,0,0,857,857
245001,250000,1,L07-3,1,0,0,0,610,610
250001,255000,6,L07-3,1,0,0,0,2788,2788
255001,260000,5,L07-3,1,0,0,0,2903,2903
260001,265000,2,L07-3,1,0,0,0,4923,4923
265001,270000,1,L07-3,1,0,0,0,1906,1906
330001,335000,3,L07-3,1,0,0,0,3855,3855
335001,340000,1,L07-3,1,0,0,0,48,48
340001,345000,1,L07-3,1,0,0,0,1414,1414
350001,355000,1,L07-3,1,0,0,0,536,536
445001,450000,2,L07-3,1,0,0,0,1939,1939
450001,455000,1,L07-3,1,0,0,0,566,566
465001,470000,3,L07-3,1,0,0,0,2565,2565
470001,475000,1,L07-3,1,0,0,0,461,461
500001,505000,1,L07-3,1,0,0,0,227,227
525001,530000,1,L07-3,1,0,0,0,530,530
555001,560000,1,L07-3,1,0,0,0,1823,1823
560001,565000,3,L07-3,1,0,0,0,2619,2619
565001,570000,1,L07-3,1,0,0,0,595,595
580001,585000,2,L07-3,1,0,0,0,1276,1276
640001,645000,3,L07-3,1,0,0,0,4250,4250
645001,650000,2,L07-3,1,0,0,0,1770,1770
665001,670000,1,L07-3,1,0,0,0,479,479
670001,675000,1,L07-3,1,0,0,0,1140,1140
675001,680000,1,L07-3,1,0,0,0,1214,1214
710001,715000,4,L07-3,1,0,0,0,4854,4854
715001,720000,6,L07-3,1,0,0,0,4943,4943
720001,725000,4,L07-3,1,0,0,0,4024,4024
725001,730000,4,L07-3,1,0,0,0,4607,4607
730001,735000,2,L07-3,1,0,0,0,700,700
760001,765000,1,L07-3,1,0,0,0,662,662
775001,780000,1,L07-3,1,0,0,0,479,479
785001,790000,2,L07-3,1,0,0,0,1487,1487
790001,795000,1,L07-3,1,0,0,0,136,136
795001,800000,1,L07-3,1,0,0,0,824,824
800001,805000,3,L07-3,1,0,0,0,2370,2370
805001,810000,6,L07-3,1,0,0,0,4369,4369
810001,815000,3,L07-3,1,0,0,0,4358,4358
815001,820000,5,L07-3,1,0,0,0,4261,4261
820001,825000,2,L07-3,1,0,0,0,2749,2749
825001,830000,1,L07-3,1,0,0,0,1298,1298
830001,835000,1,L07-3,1,0,0,0,1717,1717
850001,855000,0,L07-3,1,1,0,0,0,3093
930001,935000,1,L07-3,1,0,0,0,974,974
960001,965000,2,L07-3,1,0,0,0,2818,2818
965001,970000,4,L07-3,1,0,0,0,2640,2640
970001,975000,3,L07-3,1,0,0,0,3090,3090
1010001,1015000,1,L07-3,1,0,0,0,113,113
1025001,1030000,1,L07-3,1,0,0,0,1929,1929
1030001,1035000,2,L07-3,1,0,0,0,1606,1606
1070001,1075000,0,L07-3,1,1,0,0,0,3092
1080001,1085000,2,L07-3,1,0,0,0,1583,1583
1085001,1090000,2,L07-3,1,0,0,0,1390,1390
1090001,1095000,1,L07-3,1,0,0,0,76,76
1165001,1170000,2,L07-3,1,0,0,0,2216,2216
1170001,1175000,5,L07-3,1,0,0,0,3272,3272
1175001,1180000,1,L07-3,1,0,0,0,2360,2360
1190001,1195000,1,L07-3,1,0,0,0,1538,1538
1195001,1200000,1,L07-3,1,0,0,0,84,84
1205001,1210000,1,L07-3,1,0,0,0,1664,1664
1210001,1215000,1,L07-3,1,0,0,0,530,530
1280001,1285000,0,L07-3,1,1,0,0,0,3094
1300001,1305000,0,L07-3,1,1,1,0,0,1513
1305001,1310000,0,L07-3,1,1,0,0,0,1579
1425001,1430000,1,L07-3,1,0,0,0,218,218
1430001,1435000,1,L07-3,1,0,0,0,2662,2662
1435001,1440000,3,L07-3,1,0,0,0,3233,3233
1460001,1465000,1,L07-3,1,0,0,0,1673,1673
1465001,1470000,3,L07-3,1,0,0,0,2766,2766
1470001,1475000,3,L07-3,1,0,0,0,2271,2271
1475001,1480000,2,L07-3,1,0,0,0,4900,4900
1485001,1490000,1,L07-3,1,0,1,0,1400,1400
1515001,1520000,1,L07-3,1,0,0,0,518,518
1530001,1535000,1,L07-3,1,0,0,0,87,87
1540001,1545000,0,L07-3,1,0,1,1,0,0
1605001,1610000,2,L07-3,1,0,0,0,2619,2619
1610001,1615000,2,L07-3,1,0,0,0,2421,2421
1615001,1620000,3,L07-3,1,0,0,0,1899,1899
1620001,1625000,2,L07-3,1,0,0,0,1642,1642
1640001,1645000,2,L07-3,1,0,0,0,1841,1841
1645001,1650000,2,L07-3,1,0,0,0,1296,1296
1660001,1665000,1,L07-3,1,0,0,0,1105,1105
1695001,1700000,1,L07-3,1,0,0,0,285,285
1700001,1705000,4,L07-3,1,0,0,0,2434,2434
1705001,1710000,5,L07-3,1,0,0,0,3507,3507
1710001,1715000,1,L07-3,1,0,0,0,804,804
1770001,1775000,1,L07-3,1,0,0,0,2597,2597
1775001,1780000,1,L07-3,1,0,0,0,590,590
1790001,1795000,1,L07-3,1,0,0,0,788,788
1855001,1860000,0,L07-3,1,1,0,0,0,3093
2015001,2020000,1,L07-3,1,0,0,0,1274,1274
2040001,2045000,1,L07-3,1,0,0,0,641,641
2095001,2100000,4,L07-3,1,0,0,0,3939,3939
2100001,2105000,2,L07-3,1,0,0,0,2257,2257
2115001,2120000,0,L07-3,1,1,0,0,0,1782
2120001,2125000,0,L07-3,1,1,1,0,0,1312
2125001,2130000,1,L07-3,1,0,0,0,827,827
2145001,2150000,0,L07-3,1,1,0,0,0,3093
2165001,2170000,1,L07-3,1,0,0,0,995,995
2190001,2195000,1,L07-3,1,0,0,0,0,0
2195001,2200000,1,L07-3,1,0,0,0,695,695
2250001,2255000,1,L07-3,1,0,0,0,1771,1771
2260001,2265000,1,L07-3,1,0,0,0,495,495
2265001,2270000,1,L07-3,1,0,0,0,1238,1238
2275001,2280000,3,L07-3,1,0,0,0,212,212
2280001,2285000,1,L07-3,1,0,0,0,495,495
2345001,2350000,0,L07-3,1,1,1,0,0,3093
2395001,2400000,1,L07-3,1,0,0,0,2033,2033
2430001,2435000,0,L07-3,1,1,0,0,0,3091
2445001,2450000,1,L07-3,1,0,0,0,668,668
2485001,2490000,1,L07-3,1,0,0,0,990,990
2490001,2495000,1,L07-3,1,0,0,0,770,770
2535001,2540000,1,L07-3,1,0,0,0,2360,2360
2540001,2545000,1,L07-3,1,0,0,0,267,267
2545001,2550000,2,L07-3,1,0,0,0,3415,3415
2630001,2635000,2,L07-3,1,0,0,0,2182,2182
2640001,2645000,1,L07-3,1,0,0,0,1220,1220
2700001,2705000,1,L07-3,1,0,0,0,1415,1415
2710001,2715000,2,L07-3,1,0,0,0,3000,3000
2765001,2770000,1,L07-3,1,0,0,0,1127,1127
2770001,2775000,1,L07-3,1,0,0,0,31,31
2775001,2780000,1,L07-3,1,0,0,0,847,847
2790001,2795000,1,L07-3,1,0,0,0,746,746
2810001,2815000,1,L07-3,1,0,0,0,1472,1472
2815001,2820000,2,L07-3,1,0,0,0,2392,2392
2835001,2840000,1,L07-3,1,0,0,0,469,469
2840001,2845000,1,L07-3,1,0,0,0,334,334
2875001,2880000,2,L07-3,1,0,0,0,1285,1285
2880001,2885000,1,L07-3,1,0,0,0,974,974
2895001,2900000,1,L07-3,1,0,0,0,1188,1188
2900001,2905000,1,L07-3,1,0,0,0,167,167
2910001,2915000,1,L07-3,1,0,0,0,737,737
2920001,2925000,4,L07-3,1,0,0,0,2723,2723
2925001,2930000,2,L07-3,1,0,0,0,1471,1471
2955001,2960000,2,L07-3,1,0,0,0,139,139
2960001,2965000,2,L07-3,1,0,0,0,2767,2767
2980001,2985000,0,L07-3,1,1,0,0,0,251
2985001,2990000,0,L07-3,1,1,0,0,0,2841
3010001,3015000,2,L07-3,1,0,0,0,610,610
3015001,3020000,2,L07-3,1,1,1,0,889,1548
3020001,3025000,0,L07-3,1,1,0,0,0,2434
3040001,3045000,2,L07-3,1,0,0,0,2935,2935
3095001,3100000,1,L07-3,1,0,0,0,119,119
3100001,3105000,1,L07-3,1,0,0,0,756,756
3165001,3170000,1,L07-3,1,0,0,0,1098,1098
3200001,3205000,2,L07-3,1,0,0,0,2242,2242
3215001,3220000,1,L07-3,1,0,0,0,1154,1154
3220001,3225000,1,L07-3,1,0,0,0,416,416
3265001,3270000,2,L07-3,1,0,0,0,2604,2604
3270001,3275000,1,L07-3,1,0,0,0,391,391
3275001,3280000,1,L07-3,1,0,0,0,1892,1892
3285001,3290000,1,L07-3,1,0,0,0,653,653
3295001,3300000,1,L07-3,1,0,0,0,613,613
3300001,3305000,2,L07-3,1,0,0,0,993,993
3305001,3310000,2,L07-3,1,0,0,0,2410,2410
3310001,3315000,2,L07-3,1,0,0,0,2188,2188
3365001,3370000,1,L07-3,1,0,0,0,375,375
3410001,3415000,2,L07-3,1,0,0,0,4144,4144
3415001,3420000,2,L07-3,1,0,0,0,101,101
3420001,3425000,2,L07-3,1,0,0,0,3271,3271
3425001,3430000,1,L07-3,1,0,0,0,1172,1172
3430001,3435000,4,L07-3,1,0,0,0,2798,2798
3435001,3440000,1,L07-3,1,0,0,0,242,242
3440001,3445000,4,L07-3,1,0,0,0,2147,2147
3465001,3470000,1,L07-3,1,0,0,0,181,181
3470001,3475000,3,L07-3,1,0,0,0,1436,1436
3475001,3480000,1,L07-3,1,0,0,0,270,270
3490001,3495000,3,L07-3,1,0,0,0,2634,2634
3495001,3500000,2,L07-3,1,0,0,0,1819,1819
3520001,3525000,1,L07-3,1,0,0,0,572,572
3525001,3530000,2,L07-3,1,0,0,0,1455,1455
3530001,3535000,6,L07-3,1,0,0,0,2973,2973
3535001,3540000,11,L07-3,1,0,0,0,4871,4871
3540001,3545000,12,L07-3,1,0,0,0,4708,4708
3545001,3550000,3,L07-3,1,0,0,0,2768,2768
3550001,3555000,2,L07-3,1,0,0,0,529,529
3575001,3580000,0,L07-3,1,1,0,0,0,3093
3590001,3595000,1,L07-3,1,0,0,0,1004,1004
3605001,3610000,1,L07-3,1,0,0,0,2134,2134
3650001,3655000,1,L07-3,1,0,0,0,1103,1103
3675001,3680000,4,L07-3,1,0,0,0,4065,4065
3700001,3705000,0,L07-3,1,0,1,0,0,0
3720001,3725000,0,L07-3,1,0,1,0,0,0
3785001,3790000,2,L07-3,1,0,0,0,2962,2962
3790001,3795000,1,L07-3,1,0,0,0,18,18
3795001,3800000,0,L07-3,1,1,0,0,0,2287
3800001,3805000,0,L07-3,1,1,0,0,0,805
3840001,3845000,1,L07-3,1,0,0,0,1019,1019
3865001,3870000,2,L07-3,1,0,0,0,1756,1756
3870001,3875000,3,L07-3,1,0,0,0,1892,1892
3880001,3885000,2,L07-3,1,0,0,0,2731,2731
3935001,3940000,1,L07-3,1,0,0,0,2414,2414
3940001,3945000,5,L07-3,1,0,0,0,3475,3475
3945001,3950000,1,L07-3,1,0,0,0,1173,1173
20001,25000,1,L07-3,2,0,0,0,75,75
30001,35000,0,L07-3,2,1,0,0,0,1508
35001,40000,0,L07-3,2,1,0,0,0,1586
40001,45000,1,L07-3,2,0,0,0,1228,1228
45001,50000,1,L07-3,2,0,0,0,31,31
55001,60000,2,L07-3,2,0,0,0,152,152
60001,65000,1,L07-3,2,0,0,0,76,76
65001,70000,2,L07-3,2,0,1,1,1678,1678
110001,115000,1,L07-3,2,0,0,0,545,545
120001,125000,1,L07-3,2,0,0,0,681,681
125001,130000,2,L07-3,2,0,0,0,2701,2701
195001,200000,1,L07-3,2,0,0,0,268,268
200001,205000,2,L07-3,2,0,0,0,2889,2889
240001,245000,1,L07-3,2,0,0,0,857,857
245001,250000,1,L07-3,2,0,0,0,593,593
250001,255000,6,L07-3,2,0,0,0,2788,2788
255001,260000,5,L07-3,2,0,0,0,2903,2903
260001,265000,2,L07-3,2,0,0,0,4923,4923
265001,270000,1,L07-3,2,0,0,0,1924,1924
330001,335000,3,L07-3,2,0,0,0,3829,3829
335001,340000,1,L07-3,2,0,0,0,74,74
340001,345000,1,L07-3,2,0,0,0,1415,1415
350001,355000,1,L07-3,2,0,0,0,536,536
445001,450000,2,L07-3,2,0,0,0,1939,1939
450001,455000,1,L07-3,2,0,0,0,566,566
465001,470000,3,L07-3,2,0,0,0,2565,2565
470001,475000,1,L07-3,2,0,0,0,461,461
500001,505000,1,L07-3,2,0,0,0,227,227
525001,530000,1,L07-3,2,0,0,0,530,530
555001,560000,1,L07-3,2,0,0,0,1785,1785
560001,565000,3,L07-3,2,0,0,0,2619,2619
565001,570000,1,L07-3,2,0,0,0,633,633
580001,585000,2,L07-3,2,0,0,0,1276,1276
640001,645000,3,L07-3,2,0,0,0,4251,4251
645001,650000,2,L07-3,2,0,0,0,1771,1771
665001,670000,1,L07-3,2,0,0,0,479,479
670001,675000,1,L07-3,2,0,0,0,1101,1101
675001,680000,1,L07-3,2,0,0,0,1253,1253
710001,715000,4,L07-3,2,0,0,0,4808,4808
715001,720000,6,L07-3,2,0,0,0,4943,4943
720001,725000,4,L07-3,2,0,0,0,4024,4024
725001,730000,4,L07-3,2,0,0,0,4608,4608
730001,735000,2,L07-3,2,0,0,0,745,745
760001,765000,1,L07-3,2,0,0,0,662,662
775001,780000,1,L07-3,2,0,0,0,479,479
785001,790000,2,L07-3,2,0,0,0,1446,1446
790001,795000,1,L07-3,2,0,0,0,178,178
795001,800000,1,L07-3,2,0,0,0,824,824
800001,805000,3,L07-3,2,0,0,0,2370,2370
805001,810000,6,L07-3,2,0,0,0,4328,4328
810001,815000,3,L07-3,2,0,0,0,4359,4359
815001,820000,5,L07-3,2,0,0,0,4261,4261
820001,825000,2,L07-3,2,0,0,0,2789,2789
825001,830000,1,L07-3,2,0,0,0,1298,1298
830001,835000,1,L07-3,2,0,0,0,1718,1718
850001,855000,0,L07-3,2,1,0,0,0,3094
930001,935000,1,L07-3,2,0,0,0,974,974
960001,965000,2,L07-3,2,0,0,0,2818,2818
965001,970000,4,L07-3,2,0,0,0,2592,2592
970001,975000,3,L07-3,2,0,0,0,3138,3138
1010001,1015000,1,L07-3,2,0,0,0,113,113
1025001,1030000,1,L07-3,2,0,0,0,1930,1930
1030001,1035000,2,L07-3,2,0,0,0,1606,1606
1070001,1075000,0,L07-3,2,1,0,0,0,3091
1080001,1085000,2,L07-3,2,0,0,0,1538,1538
1085001,1090000,2,L07-3,2,0,0,0,1434,1434
1090001,1095000,1,L07-3,2,0,0,0,76,76
1165001,1170000,2,L07-3,2,0,0,0,2165,2165
1170001,1175000,5,L07-3,2,0,0,0,3271,3271
1175001,1180000,1,L07-3,2,0,0,0,2411,2411
1190001,1195000,1,L07-3,2,0,0,0,1538,1538
1195001,1200000,1,L07-3,2,0,0,0,84,84
1205001,1210000,1,L07-3,2,0,0,0,1664,1664
1210001,1215000,1,L07-3,2,0,0,0,530,530
1280001,1285000,0,L07-3,2,1,0,0,0,3092
1300001,1305000,0,L07-3,2,1,0,0,0,2574
1305001,1310000,0,L07-3,2,1,0,0,0,519
1310001,1315000,1,L07-3,2,0,0,0,3786,3786
1315001,1320000,3,L07-3,2,0,0,0,2673,2673
1320001,1325000,3,L07-3,2,0,0,0,3098,3098
1325001,1330000,2,L07-3,2,0,0,0,2047,2047
1330001,1335000,1,L07-3,2,0,0,0,5,5
1350001,1355000,3,L07-3,2,0,0,0,2118,2118
1355001,1360000,1,L07-3,2,0,0,0,3777,3777
1365001,1370000,1,L07-3,2,0,0,0,218,218
1480001,1485000,0,L07-3,2,1,0,0,0,455
1485001,1490000,1,L07-3,2,1,0,0,1248,3886
1490001,1495000,1,L07-3,2,0,0,0,152,152
1515001,1520000,1,L07-3,2,0,0,0,518,518
1530001,1535000,1,L07-3,2,0,0,0,87,87
1540001,1545000,0,L07-3,2,1,0,0,0,892
1545001,1550000,0,L07-3,2,1,0,0,0,2202
1610001,1615000,2,L07-3,2,0,0,0,2450,2450
1615001,1620000,2,L07-3,2,0,0,0,2590,2590
1620001,1625000,3,L07-3,2,0,0,0,1899,1899
1625001,1630000,2,L07-3,2,0,0,0,1642,1642
1645001,1650000,2,L07-3,2,0,0,0,1670,1670
1650001,1655000,2,L07-3,2,0,0,0,1467,1467
1665001,1670000,1,L07-3,2,0,0,0,1106,1106
1700001,1705000,1,L07-3,2,0,0,0,113,113
1705001,1710000,4,L07-3,2,0,0,0,2434,2434
1710001,1715000,4,L07-3,2,0,0,0,3629,3629
1715001,1720000,1,L07-3,2,0,0,0,854,854
1775001,1780000,1,L07-3,2,0,0,0,2597,2597
1780001,1785000,1,L07-3,2,0,0,0,590,590
1795001,1800000,1,L07-3,2,0,0,0,788,788
1860001,1865000,0,L07-3,2,1,0,0,0,3093
2020001,2025000,1,L07-3,2,0,0,0,1274,1274
2045001,2050000,1,L07-3,2,0,0,0,641,641
2100001,2105000,4,L07-3,2,0,0,0,3738,3738
2105001,2110000,2,L07-3,2,0,0,0,2458,2458
2120001,2125000,0,L07-3,2,1,0,0,0,1582
2125001,2130000,1,L07-3,2,1,0,0,377,1889
2130001,2135000,1,L07-3,2,0,0,0,450,450
2150001,2155000,0,L07-3,2,1,0,0,0,3093
2170001,2175000,1,L07-3,2,0,0,0,995,995
2195001,2200000,1,L07-3,2,0,0,0,601,601
2200001,2205000,1,L07-3,2,0,0,0,94,94
2255001,2260000,1,L07-3,2,0,0,0,1772,1772
2265001,2270000,1,L07-3,2,0,0,0,1112,1112
2270001,2275000,1,L07-3,2,0,0,0,621,621
2280001,2285000,3,L07-3,2,0,0,0,707,707
2345001,2350000,0,L07-3,2,1,0,0,0,427
2350001,2355000,0,L07-3,2,1,0,0,0,2666
2400001,2405000,1,L07-3,2,0,0,0,2033,2033
2435001,2440000,0,L07-3,2,1,0,0,0,3094
2450001,2455000,1,L07-3,2,0,0,0,668,668
2490001,2495000,1,L07-3,2,0,0,0,1755,1755
2495001,2500000,1,L07-3,2,0,0,0,6,6
2540001,2545000,1,L07-3,2,0,0,0,2627,2627
2545001,2550000,1,L07-3,2,0,0,0,47,47
2550001,2555000,2,L07-3,2,0,0,0,3368,3368
2610001,2615000,0,L07-3,2,0,1,1,0,0
2635001,2640000,2,L07-3,2,0,0,0,2182,2182
2645001,2650000,1,L07-3,2,0,0,0,1220,1220
2705001,2710000,1,L07-3,2,0,0,0,1415,1415
2715001,2720000,2,L07-3,2,0,0,0,3001,3001
2770001,2775000,1,L07-3,2,0,0,0,1127,1127
2775001,2780000,1,L07-3,2,0,0,0,787,787
2780001,2785000,1,L07-3,2,0,0,0,91,91
2795001,2800000,1,L07-3,2,0,0,0,746,746
2815001,2820000,2,L07-3,2,0,0,0,1844,1844
2820001,2825000,2,L07-3,2,0,0,0,2020,2020
2840001,2845000,1,L07-3,2,0,0,0,803,803
2880001,2885000,3,L07-3,2,0,0,0,1627,1627
2885001,2890000,1,L07-3,2,0,0,0,632,632
2900001,2905000,1,L07-3,2,0,0,0,1355,1355
2915001,2920000,1,L07-3,2,0,0,0,737,737
2920001,2925000,2,L07-3,2,0,0,0,453,453
2925001,2930000,3,L07-3,2,0,0,0,2270,2270
2930001,2935000,2,L07-3,2,0,0,0,1471,1471
2960001,2965000,3,L07-3,2,0,0,0,667,667
2965001,2970000,1,L07-3,2,0,0,0,2240,2240
2985001,2990000,0,L07-3,2,1,0,0,0,1016
2990001,2995000,0,L07-3,2,1,0,0,0,2077
3015001,3020000,3,L07-3,2,0,0,0,1353,1353
3020001,3025000,1,L07-3,2,1,0,0,147,2024
3025001,3030000,0,L07-3,2,1,0,0,0,1216
3045001,3050000,2,L07-3,2,0,0,0,2935,2935
3100001,3105000,1,L07-3,2,0,0,0,875,875
3165001,3170000,1,L07-3,2,0,0,0,193,193
3170001,3175000,1,L07-3,2,0,0,0,905,905
3200001,3205000,1,L07-3,2,0,0,0,213,213
3205001,3210000,2,L07-3,2,0,0,0,2029,2029
3220001,3225000,1,L07-3,2,0,0,0,1154,1154
3225001,3230000,1,L07-3,2,0,0,0,416,416
3270001,3275000,2,L07-3,2,0,0,0,2995,2995
3280001,3285000,1,L07-3,2,0,0,0,1892,1892
3290001,3295000,1,L07-3,2,0,0,0,653,653
3300001,3305000,1,L07-3,2,0,0,0,1238,1238
3305001,3310000,1,L07-3,2,0,0,0,368,368
3310001,3315000,3,L07-3,2,0,0,0,3422,3422
3315001,3320000,1,L07-3,2,0,0,0,1177,1177
3370001,3375000,1,L07-3,2,0,0,0,375,375
3410001,3415000,1,L07-3,2,0,0,0,373,373
3415001,3420000,2,L07-3,2,0,0,0,3786,3786
3420001,3425000,2,L07-3,2,0,0,0,1069,1069
3425001,3430000,2,L07-3,2,0,0,0,2288,2288
3430001,3435000,4,L07-3,2,0,0,0,1747,1747
3435001,3440000,2,L07-3,2,0,0,0,2222,2222
3440001,3445000,3,L07-3,2,0,0,0,1446,1446
3445001,3450000,2,L07-3,2,0,0,0,943,943
3470001,3475000,2,L07-3,2,0,0,0,820,820
3475001,3480000,1,L07-3,2,0,0,0,1067,1067
3490001,3495000,2,L07-3,2,0,0,0,812,812
3495001,3500000,2,L07-3,2,0,0,0,1822,1822
3500001,3505000,2,L07-3,2,0,0,0,1819,1819
3525001,3530000,3,L07-3,2,0,0,0,1080,1080
3530001,3535000,2,L07-3,2,0,0,0,947,947
3535001,3540000,7,L07-3,2,0,0,0,4166,4166
3540001,3545000,14,L07-3,2,0,0,0,4701,4701
3545001,3550000,8,L07-3,2,0,0,0,3955,3955
3550001,3555000,3,L07-3,2,0,0,0,3027,3027
3575001,3580000,0,L07-3,2,1,0,0,0,723
3580001,3585000,0,L07-3,2,1,0,0,0,2371
3595001,3600000,1,L07-3,2,0,0,0,1004,1004
3605001,3610000,1,L07-3,2,0,0,0,561,561
3610001,3615000,1,L07-3,2,0,0,0,1574,1574
3655001,3660000,1,L07-3,2,0,0,0,1103,1103
3675001,3680000,1,L07-3,2,0,0,0,854,854
3680001,3685000,3,L07-3,2,0,0,0,3211,3211
3705001,3710000,0,L07-3,2,1,0,0,0,2615
3710001,3715000,0,L07-3,2,1,1,0,0,478
3770001,3775000,1,L07-3,2,0,0,0,1800,1800
3775001,3780000,2,L07-3,2,0,0,0,1180,1180
3780001,3785000,0,L07-3,2,1,0,0,0,1114
3785001,3790000,0,L07-3,2,1,0,0,0,1979
3825001,3830000,1,L07-3,2,0,0,0,1019,1019
3850001,3855000,1,L07-3,2,0,0,0,740,740
3855001,3860000,5,L07-3,2,0,0,0,2801,2801
3860001,3865000,1,L07-3,2,0,0,0,106,106
3865001,3870000,2,L07-3,2,0,0,0,2586,2586
3870001,3875000,1,L07-3,2,0,0,0,145,145
3920001,3925000,1,L07-3,2,0,0,0,1657,1657
3925001,3930000,4,L07-3,2,0,0,0,3286,3286
3930001,3935000,3,L07-3,2,0,0,0,2120,2120
3955001,3960000,2,L07-3,2,0,0,0,2361,2361
3960001,3965000,1,L07-3,2,0,0,0,838,838
20001,25000,1,L07-4,1,0,0,0,75,75
30001,35000,0,L07-4,1,1,0,0,0,1502
35001,40000,0,L07-4,1,1,0,0,0,1590
40001,45000,1,L07-4,1,0,0,0,1227,1227
45001,50000,1,L07-4,1,0,0,0,32,32
55001,60000,2,L07-4,1,0,0,0,152,152
60001,65000,1,L07-4,1,0,0,0,76,76
65001,70000,2,L07-4,1,0,0,0,1678,1678
110001,115000,1,L07-4,1,0,0,0,545,545
120001,125000,1,L07-4,1,0,0,0,685,685
125001,130000,2,L07-4,1,0,0,0,2697,2697
195001,200000,1,L07-4,1,0,0,0,279,279
200001,205000,2,L07-4,1,0,0,0,2877,2877
240001,245000,1,L07-4,1,0,0,0,857,857
245001,250000,1,L07-4,1,0,0,0,610,610
250001,255000,6,L07-4,1,0,0,0,2788,2788
255001,260000,5,L07-4,1,0,0,0,2903,2903
260001,265000,2,L07-4,1,0,0,0,4923,4923
265001,270000,1,L07-4,1,0,0,0,1906,1906
330001,335000,3,L07-4,1,0,0,0,3855,3855
335001,340000,1,L07-4,1,0,0,0,48,48
340001,345000,1,L07-4,1,0,0,0,1414,1414
350001,355000,1,L07-4,1,0,0,0,536,536
445001,450000,2,L07-4,1,0,0,0,1939,1939
450001,455000,1,L07-4,1,0,0,0,566,566
465001,470000,3,L07-4,1,0,0,0,2565,2565
470001,475000,1,L07-4,1,0,0,0,461,461
500001,505000,1,L07-4,1,0,0,0,227,227
525001,530000,1,L07-4,1,0,0,0,530,530
555001,560000,1,L07-4,1,0,0,0,1823,1823
560001,565000,3,L07-4,1,0,0,0,2619,2619
565001,570000,1,L07-4,1,0,0,0,595,595
580001,585000,2,L07-4,1,0,0,0,1276,1276
640001,645000,3,L07-4,1,0,0,0,4250,4250
645001,650000,2,L07-4,1,0,0,0,1770,1770
665001,670000,1,L07-4,1,0,0,0,479,479
670001,675000,1,L07-4,1,0,0,0,1140,1140
675001,680000,1,L07-4,1,0,0,0,1214,1214
710001,715000,4,L07-4,1,0,0,0,4854,4854
715001,720000,6,L07-4,1,0,0,0,4943,4943
720001,725000,4,L07-4,1,0,0,0,4024,4024
725001,730000,4,L07-4,1,0,0,0,4607,4607
730001,735000,2,L07-4,1,0,0,0,700,700
760001,765000,1,L07-4,1,0,0,0,662,662
775001,780000,1,L07-4,1,0,0,0,479,479
785001,790000,2,L07-4,1,0,0,0,1487,1487
790001,795000,1,L07-4,1,0,0,0,136,136
795001,800000,1,L07-4,1,0,0,0,824,824
800001,805000,3,L07-4,1,0,0,0,2370,2370
805001,810000,6,L07-4,1,0,0,0,4369,4369
810001,815000,3,L07-4,1,0,0,0,4358,4358
815001,820000,5,L07-4,1,0,0,0,4261,4261
820001,825000,2,L07-4,1,0,0,0,2749,2749
825001,830000,1,L07-4,1,0,0,0,1298,1298
830001,835000,1,L07-4,1,0,0,0,1717,1717
845001,850000,0,L07-4,1,0,1,0,0,0
850001,855000,0,L07-4,1,1,0,0,0,2972
855001,860000,0,L07-4,1,1,0,0,0,121
930001,935000,1,L07-4,1,0,0,0,974,974
960001,965000,2,L07-4,1,0,0,0,2183,2183
965001,970000,3,L07-4,1,0,0,0,1932,1932
970001,975000,4,L07-4,1,0,0,0,3197,3197
975001,980000,2,L07-4,1,0,0,0,1236,1236
1010001,1015000,1,L07-4,1,0,0,0,113,113
1025001,1030000,1,L07-4,1,0,0,0,1929,1929
1030001,1035000,2,L07-4,1,0,0,0,1606,1606
1070001,1075000,0,L07-4,1,1,0,0,0,2079
1075001,1080000,0,L07-4,1,1,0,0,0,1013
1080001,1085000,1,L07-4,1,0,0,0,722,722
1085001,1090000,2,L07-4,1,0,0,0,2251,2251
1095001,1100000,1,L07-4,1,0,0,0,76,76
1165001,1170000,1,L07-4,1,0,0,0,778,778
1170001,1175000,4,L07-4,1,0,0,0,3284,3284
1175001,1180000,3,L07-4,1,0,0,0,3786,3786
1190001,1195000,1,L07-4,1,0,0,0,1538,1538
1195001,1200000,1,L07-4,1,0,0,0,84,84
1205001,1210000,1,L07-4,1,0,0,0,1076,1076
1210001,1215000,2,L07-4,1,0,0,0,1118,1118
1280001,1285000,0,L07-4,1,1,0,0,0,3094
1300001,1305000,0,L07-4,1,1,0,0,0,72
1305001,1310000,0,L07-4,1,1,0,0,0,3020
1425001,1430000,1,L07-4,1,0,0,0,218,218
1430001,1435000,1,L07-4,1,0,0,0,1221,1221
1435001,1440000,3,L07-4,1,0,0,0,3399,3399
1440001,1445000,1,L07-4,1,0,0,0,1275,1275
1460001,1465000,1,L07-4,1,0,0,0,1673,1673
1465001,1470000,2,L07-4,1,0,0,0,2731,2731
1470001,1475000,2,L07-4,1,0,0,0,873,873
1475001,1480000,3,L07-4,1,0,0,0,4992,4992
1480001,1485000,1,L07-4,1,0,0,0,1341,1341
1485001,1490000,1,L07-4,1,0,0,0,1400,1400
1515001,1520000,1,L07-4,1,0,0,0,518,518
1530001,1535000,1,L07-4,1,0,0,0,87,87
1605001,1610000,1,L07-4,1,0,0,0,1395,1395
1610001,1615000,3,L07-4,1,0,0,0,3645,3645
1615001,1620000,2,L07-4,1,0,0,0,1085,1085
1620001,1625000,4,L07-4,1,0,0,0,1517,1517
1625001,1630000,1,L07-4,1,0,0,0,939,939
1640001,1645000,1,L07-4,1,0,0,0,400,400
1645001,1650000,3,L07-4,1,0,0,0,2737,2737
1660001,1665000,1,L07-4,1,0,0,0,1105,1105
1700001,1705000,2,L07-4,1,0,0,0,1429,1429
1705001,1710000,6,L07-4,1,0,0,0,4594,4594
1710001,1715000,2,L07-4,1,0,0,0,1007,1007
1770001,1775000,1,L07-4,1,0,0,0,1932,1932
1775001,1780000,1,L07-4,1,0,0,0,665,665
1780001,1785000,1,L07-4,1,0,0,0,590,590
1790001,1795000,1,L07-4,1,0,0,0,788,788
1855001,1860000,0,L07-4,1,1,0,0,0,3093
2015001,2020000,1,L07-4,1,0,0,0,1274,1274
2040001,2045000,1,L07-4,1,0,0,0,641,641
2095001,2100000,2,L07-4,1,0,0,0,3295,3295
2100001,2105000,4,L07-4,1,0,0,0,2901,2901
2115001,2120000,0,L07-4,1,1,1,0,0,341
2120001,2125000,0,L07-4,1,1,0,0,0,2753
2125001,2130000,1,L07-4,1,0,0,0,827,827
2145001,2150000,0,L07-4,1,1,0,0,0,1770
2150001,2155000,0,L07-4,1,1,0,0,0,1323
2170001,2175000,1,L07-4,1,0,0,0,995,995
2195001,2200000,1,L07-4,1,0,0,0,695,695
2250001,2255000,1,L07-4,1,0,0,0,364,364
2255001,2260000,1,L07-4,1,0,0,0,1407,1407
2265001,2270000,1,L07-4,1,0,0,0,1733,1733
2280001,2285000,3,L07-4,1,0,0,0,707,707
2345001,2350000,0,L07-4,1,1,0,0,0,3093
2395001,2400000,1,L07-4,1,0,0,0,2033,2033
2430001,2435000,0,L07-4,1,1,0,0,0,2361
2435001,2440000,0,L07-4,1,1,0,0,0,730
2445001,2450000,1,L07-4,1,0,0,0,668,668
2490001,2495000,1,L07-4,1,0,0,0,1760,1760
2535001,2540000,1,L07-4,1,0,0,0,919,919
2540001,2545000,1,L07-4,1,0,0,0,1708,1708
2545001,2550000,2,L07-4,1,0,0,0,2612,2612
2550001,2555000,1,L07-4,1,0,0,0,803,803
2630001,2635000,1,L07-4,1,0,0,0,1048,1048
2635001,2640000,2,L07-4,1,0,0,0,1134,1134
2640001,2645000,1,L07-4,1,0,0,0,1220,1220
2700001,2705000,1,L07-4,1,0,0,0,1415,1415
2705001,2710000,1,L07-4,1,0,0,0,0,0
2710001,2715000,2,L07-4,1,0,0,0,2448,2448
2715001,2720000,1,L07-4,1,0,0,0,552,552
2765001,2770000,1,L07-4,1,0,0,0,866,866
2770001,2775000,1,L07-4,1,0,0,0,261,261
2775001,2780000,1,L07-4,1,0,0,0,878,878
2795001,2800000,1,L07-4,1,0,0,0,746,746
2810001,2815000,1,L07-4,1,0,0,0,1472,1472
2815001,2820000,2,L07-4,1,0,0,0,2392,2392
2840001,2845000,1,L07-4,1,0,0,0,803,803
2875001,2880000,2,L07-4,1,0,0,0,380,380
2880001,2885000,2,L07-4,1,0,0,0,1879,1879
2900001,2905000,1,L07-4,1,0,0,0,1355,1355
2910001,2915000,1,L07-4,1,0,0,0,737,737
2920001,2925000,4,L07-4,1,0,0,0,2402,2402
2925001,2930000,3,L07-4,1,0,0,0,1792,1792
2960001,2965000,3,L07-4,1,0,0,0,2906,2906
2985001,2990000,0,L07-4,1,1,0,0,0,3092
3015001,3020000,3,L07-4,1,0,0,0,1499,1499
3025001,3030000,0,L07-4,1,0,1,0,0,0
3030001,3035000,0,L07-4,1,1,0,0,0,2756
3035001,3040000,0,L07-4,1,1,0,0,0,337
3050001,3055000,1,L07-4,1,0,0,0,733,733
3055001,3060000,2,L07-4,1,0,0,0,2202,2202
3110001,3115000,1,L07-4,1,0,0,0,875,875
3175001,3180000,1,L07-4,1,0,0,0,1076,1076
3180001,3185000,1,L07-4,1,0,0,0,22,22
3210001,3215000,1,L07-4,1,0,0,0,1079,1079
3215001,3220000,1,L07-4,1,0,0,0,1163,1163
3230001,3235000,1,L07-4,1,0,0,0,1154,1154
3235001,3240000,1,L07-4,1,0,0,0,416,416
3280001,3285000,2,L07-4,1,0,0,0,2995,2995
3290001,3295000,1,L07-4,1,0,0,0,1892,1892
3300001,3305000,1,L07-4,1,0,0,0,653,653
3310001,3315000,2,L07-4,1,0,0,0,1606,1606
3315001,3320000,2,L07-4,1,0,0,0,71,71
3320001,3325000,3,L07-4,1,0,0,0,4241,4241
3325001,3330000,1,L07-4,1,0,0,0,286,286
3380001,3385000,1,L07-4,1,0,0,0,375,375
3420001,3425000,1,L07-4,1,0,0,0,1266,1266
3425001,3430000,2,L07-4,1,0,0,0,2893,2893
3430001,3435000,2,L07-4,1,0,0,0,1423,1423
3435001,3440000,1,L07-4,1,0,0,0,1934,1934
3440001,3445000,4,L07-4,1,0,0,0,2641,2641
3445001,3450000,2,L07-4,1,0,0,0,1329,1329
3450001,3455000,4,L07-4,1,0,0,0,2332,2332
3455001,3460000,1,L07-4,1,0,0,0,57,57
3480001,3485000,2,L07-4,1,0,0,0,820,820
3485001,3490000,1,L07-4,1,0,0,0,1067,1067
3500001,3505000,3,L07-4,1,0,0,0,1643,1643
3505001,3510000,1,L07-4,1,0,0,0,991,991
3510001,3515000,2,L07-4,1,0,0,0,1819,1819
3535001,3540000,3,L07-4,1,0,0,0,1965,1965
3540001,3545000,3,L07-4,1,0,0,0,504,504
3545001,3550000,8,L07-4,1,0,0,0,4612,4612
3550001,3555000,13,L07-4,1,0,0,0,4689,4689
3555001,3560000,7,L07-4,1,0,0,0,3079,3079
3560001,3565000,3,L07-4,1,0,0,0,3027,3027
3585001,3590000,0,L07-4,1,1,0,0,0,1614
3590001,3595000,0,L07-4,1,1,0,0,0,1479
3600001,3605000,1,L07-4,1,0,0,0,285,285
3605001,3610000,1,L07-4,1,0,0,0,719,719
3615001,3620000,1,L07-4,1,0,0,0,1451,1451
3620001,3625000,1,L07-4,1,0,0,0,683,683
3630001,3635000,0,L07-4,1,0,1,1,0,0
3665001,3670000,1,L07-4,1,0,0,0,1103,1103
3685001,3690000,2,L07-4,1,0,0,0,1661,1661
3690001,3695000,3,L07-4,1,0,0,0,2404,2404
3795001,3800000,1,L07-4,1,0,0,0,69,69
3800001,3805000,2,L07-4,1,0,0,0,2911,2911
3810001,3815000,0,L07-4,1,1,0,0,0,3092
3855001,3860000,1,L07-4,1,0,0,0,1019,1019
3880001,3885000,3,L07-4,1,0,0,0,1992,1992
3885001,3890000,2,L07-4,1,0,0,0,1656,1656
3890001,3895000,2,L07-4,1,0,0,0,861,861
3895001,3900000,1,L07-4,1,0,0,0,1870,1870
3950001,3955000,3,L07-4,1,0,0,0,3834,3834
3955001,3960000,4,L07-4,1,0,0,0,3228,3228
3980001,3985000,1,L07-4,1,0,0,0,807,807
3985001,3990000,2,L07-4,1,0,0,0,2392,2392
20001,25000,1,L07-4,2,0,0,0,75,75
30001,35000,0,L07-4,2,1,0,0,0,1506
35001,40000,0,L07-4,2,1,0,0,0,1588
40001,45000,1,L07-4,2,0,0,0,1226,1226
45001,50000,1,L07-4,2,0,0,0,33,33
55001,60000,2,L07-4,2,0,0,0,152,152
60001,65000,1,L07-4,2,0,0,0,76,76
65001,70000,2,L07-4,2,0,0,0,1678,1678
110001,115000,1,L07-4,2,0,0,0,545,545
120001,125000,1,L07-4,2,0,0,0,676,676
125001,130000,2,L07-4,2,0,0,0,2706,2706
195001,200000,1,L07-4,2,0,0,0,263,263
200001,205000,2,L07-4,2,0,0,0,2894,2894
240001,245000,1,L07-4,2,0,0,0,857,857
245001,250000,1,L07-4,2,0,0,0,586,586
250001,255000,6,L07-4,2,0,0,0,2788,2788
255001,260000,5,L07-4,2,0,0,0,2903,2903
260001,265000,2,L07-4,2,0,0,0,4923,4923
265001,270000,1,L07-4,2,0,0,0,1930,1930
330001,335000,3,L07-4,2,0,0,0,3823,3823
335001,340000,1,L07-4,2,0,0,0,80,80
340001,345000,1,L07-4,2,0,0,0,1415,1415
350001,355000,1,L07-4,2,0,0,0,536,536
445001,450000,2,L07-4,2,0,0,0,1939,1939
450001,455000,1,L07-4,2,0,0,0,566,566
465001,470000,3,L07-4,2,0,0,0,2565,2565
470001,475000,1,L07-4,2,0,0,0,461,461
500001,505000,1,L07-4,2,0,0,0,227,227
525001,530000,1,L07-4,2,0,0,0,530,530
555001,560000,1,L07-4,2,0,0,0,1776,1776
560001,565000,3,L07-4,2,0,0,0,2619,2619
565001,570000,1,L07-4,2,0,0,0,642,642
580001,585000,2,L07-4,2,0,0,0,1276,1276
640001,645000,3,L07-4,2,0,0,0,4251,4251
645001,650000,2,L07-4,2,0,0,0,1771,1771
665001,670000,1,L07-4,2,0,0,0,479,479
670001,675000,1,L07-4,2,0,0,0,1087,1087
675001,680000,1,L07-4,2,0,0,0,1267,1267
705001,710000,0,L07-4,2,0,1,1,0,0
710001,715000,4,L07-4,2,0,0,0,4795,4795
715001,720000,6,L07-4,2,0,0,0,4943,4943
720001,725000,4,L07-4,2,0,0,0,4024,4024
725001,730000,4,L07-4,2,0,0,0,4607,4607
730001,735000,2,L07-4,2,0,0,0,760,760
760001,765000,1,L07-4,2,0,0,0,662,662
775001,780000,1,L07-4,2,0,0,0,479,479
785001,790000,2,L07-4,2,0,0,0,1427,1427
790001,795000,1,L07-4,2,0,0,0,197,197
795001,800000,1,L07-4,2,0,0,0,824,824
800001,805000,3,L07-4,2,0,0,0,2370,2370
805001,810000,6,L07-4,2,0,0,0,4307,4307
810001,815000,3,L07-4,2,0,0,0,4359,4359
815001,820000,5,L07-4,2,0,0,0,4261,4261
820001,825000,2,L07-4,2,0,0,0,2810,2810
825001,830000,1,L07-4,2,0,0,0,1298,1298
830001,835000,1,L07-4,2,0,0,0,1718,1718
845001,850000,0,L07-4,2,1,0,0,0,200
850001,855000,0,L07-4,2,1,0,0,0,2894
930001,935000,1,L07-4,2,0,0,0,974,974
960001,965000,2,L07-4,2,0,0,0,2818,2818
965001,970000,4,L07-4,2,0,0,0,2969,2969
970001,975000,2,L07-4,2,0,0,0,2761,2761
1005001,1010000,1,L07-4,2,0,0,0,113,113
1025001,1030000,1,L07-4,2,0,0,0,1931,1931
1030001,1035000,2,L07-4,2,0,0,0,1606,1606
1065001,1070000,0,L07-4,2,0,1,0,0,0
1070001,1075000,0,L07-4,2,1,1,0,0,3094
1080001,1085000,2,L07-4,2,0,0,0,2107,2107
1085001,1090000,1,L07-4,2,0,0,0,866,866
1090001,1095000,1,L07-4,2,0,0,0,76,76
1165001,1170000,2,L07-4,2,0,0,0,2985,2985
1170001,1175000,5,L07-4,2,0,0,0,3269,3269
1175001,1180000,1,L07-4,2,0,0,0,1594,1594
1185001,1190000,1,L07-4,2,0,0,0,31,31
1190001,1195000,1,L07-4,2,0,0,0,1507,1507
1195001,1200000,1,L07-4,2,0,0,0,84,84
1205001,1210000,1,L07-4,2,0,0,0,1664,1664
1210001,1215000,1,L07-4,2,0,0,0,530,530
1275001,1280000,0,L07-4,2,1,0,0,0,336
1280001,1285000,0,L07-4,2,1,0,0,0,2757
1300001,1305000,0,L07-4,2,1,0,0,0,2280
1305001,1310000,0,L07-4,2,1,0,0,0,811
1420001,1425000,1,L07-4,2,0,0,0,218,218
1430001,1435000,1,L07-4,2,0,0,0,3421,3421
1435001,1440000,3,L07-4,2,0,0,0,2474,2474
1460001,1465000,2,L07-4,2,0,0,0,1697,1697
1465001,1470000,3,L07-4,2,0,0,0,3453,3453
1470001,1475000,3,L07-4,2,0,0,0,2318,2318
1475001,1480000,1,L07-4,2,0,0,0,4141,4141
1485001,1490000,1,L07-4,2,0,1,0,1400,1400
1510001,1515000,1,L07-4,2,0,0,0,518,518
1525001,1530000,1,L07-4,2,0,0,0,21,21
1530001,1535000,1,L07-4,2,0,0,0,66,66
1605001,1610000,2,L07-4,2,0,0,0,3360,3360
1610001,1615000,2,L07-4,2,0,1,1,1680,1680
1615001,1620000,3,L07-4,2,0,0,0,1899,1899
1620001,1625000,2,L07-4,2,0,0,0,1642,1642
1640001,1645000,3,L07-4,2,0,0,0,2581,2581
1645001,1650000,1,L07-4,2,0,0,0,556,556
1655001,1660000,1,L07-4,2,0,0,0,341,341
1660001,1665000,1,L07-4,2,0,0,0,765,765
1695001,1700000,1,L07-4,2,0,0,0,584,584
1700001,1705000,4,L07-4,2,0,0,0,2660,2660
1705001,1710000,4,L07-4,2,0,0,0,3720,3720
1710001,1715000,1,L07-4,2,0,0,0,66,66
1770001,1775000,1,L07-4,2,0,0,0,2597,2597
1775001,1780000,1,L07-4,2,0,0,0,590,590
1790001,1795000,1,L07-4,2,0,0,0,788,788
1850001,1855000,0,L07-4,2,1,0,0,0,425
1855001,1860000,0,L07-4,2,1,0,0,0,2668
1955001,1960000,0,L07-4,2,0,1,1,0,0
2010001,2015000,1,L07-4,2,0,0,0,63,63
2015001,2020000,1,L07-4,2,0,0,0,1211,1211
2040001,2045000,1,L07-4,2,0,0,0,641,641
2090001,2095000,1,L07-4,2,0,0,0,455,455
2095001,2100000,5,L07-4,2,0,0,0,4183,4183
2100001,2105000,1,L07-4,2,0,0,0,1558,1558
2115001,2120000,0,L07-4,2,1,0,0,0,3094
2120001,2125000,1,L07-4,2,0,0,0,827,827
2145001,2150000,0,L07-4,2,1,0,0,0,3094
2165001,2170000,1,L07-4,2,0,0,0,995,995
2190001,2195000,1,L07-4,2,0,0,0,695,695
2250001,2255000,1,L07-4,2,0,0,0,1772,1772
2260001,2265000,1,L07-4,2,0,0,0,1733,1733
2275001,2280000,3,L07-4,2,0,0,0,707,707
2340001,2345000,0,L07-4,2,1,0,0,0,1121
2345001,2350000,0,L07-4,2,1,1,0,0,1973
2390001,2395000,1,L07-4,2,0,0,0,477,477
2395001,2400000,1,L07-4,2,0,0,0,1556,1556
2425001,2430000,0,L07-4,2,1,0,0,0,113
2430001,2435000,0,L07-4,2,1,0,0,0,2980
2445001,2450000,1,L07-4,2,0,0,0,668,668
2485001,2490000,1,L07-4,2,0,0,0,1761,1761
2535001,2540000,1,L07-4,2,0,0,0,2627,2627
2540001,2545000,1,L07-4,2,0,0,0,591,591
2545001,2550000,2,L07-4,2,0,0,0,2824,2824
2605001,2610000,0,L07-4,2,0,1,0,0,0
2620001,2625000,0,L07-4,2,0,1,0,0,0
2630001,2635000,2,L07-4,2,0,0,0,2182,2182
2635001,2640000,1,L07-4,2,0,0,0,71,71
2640001,2645000,1,L07-4,2,0,0,0,1149,1149
2670001,2675000,0,L07-4,2,0,1,1,0,0
2700001,2705000,1,L07-4,2,0,0,0,1415,1415
2705001,2710000,1,L07-4,2,0,0,0,251,251
2710001,2715000,2,L07-4,2,0,0,0,2749,2749
2765001,2770000,1,L07-4,2,0,0,0,1127,1127
2770001,2775000,1,L07-4,2,0,0,0,878,878
2790001,2795000,1,L07-4,2,0,0,0,746,746
2810001,2815000,2,L07-4,2,0,0,0,2375,2375
2815001,2820000,2,L07-4,2,0,0,0,1489,1489
2835001,2840000,1,L07-4,2,0,0,0,803,803
2875001,2880000,3,L07-4,2,0,0,0,2154,2154
2880001,2885000,1,L07-4,2,0,0,0,105,105
2895001,2900000,1,L07-4,2,0,0,0,1355,1355
2910001,2915000,1,L07-4,2,0,0,0,737,737
2915001,2920000,2,L07-4,2,0,0,0,979,979
2920001,2925000,4,L07-4,2,0,0,0,1833,1833
2925001,2930000,2,L07-4,2,0,0,0,1382,1382
2955001,2960000,3,L07-4,2,0,0,0,1193,1193
2960001,2965000,1,L07-4,2,0,0,0,1713,1713
2980001,2985000,0,L07-4,2,1,0,0,0,1540
2985001,2990000,0,L07-4,2,1,0,0,0,1554
3010001,3015000,3,L07-4,2,0,0,0,1500,1500
3015001,3020000,0,L07-4,2,0,1,0,0,0
3025001,3030000,0,L07-4,2,1,0,0,0,3094
3045001,3050000,2,L07-4,2,0,0,0,2075,2075
3050001,3055000,1,L07-4,2,0,0,0,860,860
3105001,3110000,1,L07-4,2,0,0,0,875,875
3170001,3175000,1,L07-4,2,0,0,0,1098,1098
3205001,3210000,2,L07-4,2,0,0,0,2242,2242
3220001,3225000,1,L07-4,2,0,0,0,983,983
3225001,3230000,1,L07-4,2,0,0,0,171,171
3230001,3235000,1,L07-4,2,0,0,0,416,416
3270001,3275000,2,L07-4,2,0,0,0,1121,1121
3275001,3280000,1,L07-4,2,0,0,0,1874,1874
3280001,3285000,1,L07-4,2,0,0,0,596,596
3285001,3290000,1,L07-4,2,0,0,0,1296,1296
3290001,3295000,1,L07-4,2,0,0,0,287,287
3295001,3300000,1,L07-4,2,0,0,0,366,366
3305001,3310000,2,L07-4,2,0,0,0,1606,1606
3310001,3315000,1,L07-4,2,0,0,0,1013,1013
3315001,3320000,2,L07-4,2,0,0,0,3586,3586
3370001,3375000,1,L07-4,2,0,0,0,375,375
3415001,3420000,1,L07-4,2,0,0,0,2672,2672
3420001,3425000,2,L07-4,2,0,0,0,1487,1487
3425001,3430000,3,L07-4,2,0,0,0,2441,2441
3430001,3435000,2,L07-4,2,0,0,0,1353,1353
3435001,3440000,5,L07-4,2,0,0,0,3058,3058
3440001,3445000,1,L07-4,2,0,0,0,475,475
3445001,3450000,4,L07-4,2,0,0,0,2389,2389
3475001,3480000,2,L07-4,2,0,0,0,820,820
3480001,3485000,1,L07-4,2,0,0,0,1067,1067
3495001,3500000,3,L07-4,2,0,0,0,2634,2634
3500001,3505000,2,L07-4,2,0,0,0,1056,1056
3505001,3510000,1,L07-4,2,0,0,0,763,763
3525001,3530000,1,L07-4,2,0,0,0,572,572
3530001,3535000,2,L07-4,2,0,0,0,1456,1456
3535001,3540000,3,L07-4,2,0,0,0,1821,1821
3540001,3545000,10,L07-4,2,0,0,0,4600,4600
3545001,3550000,13,L07-4,2,0,0,0,4679,4679
3550001,3555000,5,L07-4,2,0,0,0,2752,2752
3555001,3560000,3,L07-4,2,0,0,0,1997,1997
3580001,3585000,0,L07-4,2,1,0,0,0,3022
3585001,3590000,0,L07-4,2,1,0,0,0,70
3595001,3600000,1,L07-4,2,0,0,0,1004,1004
3610001,3615000,1,L07-4,2,0,0,0,2135,2135
3625001,3630000,0,L07-4,2,1,0,0,0,3093
3660001,3665000,1,L07-4,2,0,0,0,1103,1103
3680001,3685000,1,L07-4,2,0,0,0,207,207
3685001,3690000,4,L07-4,2,0,0,0,3858,3858
3710001,3715000,0,L07-4,2,0,1,0,0,0
3740001,3745000,0,L07-4,2,0,1,0,0,0
3795001,3800000,2,L07-4,2,0,0,0,2980,2980
3805001,3810000,0,L07-4,2,1,0,0,0,2677
3810001,3815000,0,L07-4,2,1,0,0,0,417
3850001,3855000,1,L07-4,2,0,0,0,1019,1019
3875001,3880000,2,L07-4,2,0,0,0,1756,1756
3880001,3885000,3,L07-4,2,0,0,0,1891,1891
3890001,3895000,2,L07-4,2,0,0,0,2731,2731
3945001,3950000,1,L07-4,2,0,0,0,2414,2414
20001,25000,1,L08-1,1,0,0,0,75,75
30001,35000,0,L08-1,1,1,0,0,0,1501
35001,40000,0,L08-1,1,1,0,0,0,1591
40001,45000,1,L08-1,1,0,0,0,1226,1226
45001,50000,1,L08-1,1,0,0,0,33,33
55001,60000,2,L08-1,1,0,0,0,152,152
60001,65000,1,L08-1,1,0,0,0,76,76
65001,70000,2,L08-1,1,1,0,0,1678,2191
70001,75000,0,L08-1,1,1,0,0,0,2581
115001,120000,1,L08-1,1,0,0,0,545,545
125001,130000,1,L08-1,1,0,0,0,2581,2581
130001,135000,2,L08-1,1,0,0,0,801,801
200001,205000,1,L08-1,1,0,0,0,958,958
205001,210000,1,L08-1,1,0,0,0,2198,2198
245001,250000,1,L08-1,1,0,0,0,857,857
250001,255000,3,L08-1,1,0,0,0,2477,2477
255001,260000,5,L08-1,1,0,0,0,1540,1540
260001,265000,3,L08-1,1,0,0,0,4180,4180
265001,270000,2,L08-1,1,0,0,0,4923,4923
270001,275000,1,L08-1,1,0,0,0,10,10
330001,335000,2,L08-1,1,0,0,0,1400,1400
335001,340000,2,L08-1,1,0,0,0,2503,2503
340001,345000,1,L08-1,1,0,0,0,258,258
345001,350000,1,L08-1,1,0,0,0,1156,1156
350001,355000,1,L08-1,1,0,0,0,448,448
355001,360000,1,L08-1,1,0,0,0,88,88
450001,455000,2,L08-1,1,0,0,0,1939,1939
455001,460000,1,L08-1,1,0,0,0,566,566
465001,470000,1,L08-1,1,0,0,0,304,304
470001,475000,3,L08-1,1,0,0,0,2261,2261
475001,480000,1,L08-1,1,0,0,0,461,461
505001,510000,1,L08-1,1,0,0,0,227,227
515001,520000,0,L08-1,1,0,1,1,0,0
525001,530000,1,L08-1,1,0,0,0,530,530
560001,565000,1,L08-1,1,0,0,0,2855,2855
565001,570000,2,L08-1,1,0,0,0,2182,2182
585001,590000,2,L08-1,1,0,0,0,1276,1276
640001,645000,2,L08-1,1,0,0,0,1339,1339
645001,650000,3,L08-1,1,0,0,0,3861,3861
650001,655000,1,L08-1,1,0,0,0,820,820
670001,675000,1,L08-1,1,0,0,0,479,479
675001,680000,1,L08-1,1,0,0,0,2354,2354
710001,715000,2,L08-1,1,0,0,0,1750,1750
715001,720000,5,L08-1,1,0,0,0,4997,4997
720001,725000,4,L08-1,1,0,0,0,4387,4387
725001,730000,5,L08-1,1,0,0,0,4252,4252
730001,735000,3,L08-1,1,0,0,0,3323,3323
735001,740000,1,L08-1,1,0,0,0,419,419
760001,765000,1,L08-1,1,0,0,0,662,662
775001,780000,1,L08-1,1,0,0,0,479,479
785001,790000,1,L08-1,1,0,0,0,113,113
790001,795000,2,L08-1,1,0,0,0,1510,1510
800001,805000,2,L08-1,1,0,0,0,826,826
805001,810000,6,L08-1,1,0,0,0,3843,3843
810001,815000,5,L08-1,1,0,0,0,4760,4760
815001,820000,5,L08-1,1,0,0,0,4279,4279
820001,825000,3,L08-1,1,0,0,0,4357,4357
825001,830000,2,L08-1,1,0,0,0,2164,2164
830001,835000,1,L08-1,1,0,0,0,1657,1657
835001,840000,1,L08-1,1,0,0,0,60,60
850001,855000,0,L08-1,1,0,1,0,0,0
855001,860000,0,L08-1,1,1,1,0,0,3093
935001,940000,1,L08-1,1,0,0,0,974,974
965001,970000,2,L08-1,1,0,0,0,2818,2818
970001,975000,4,L08-1,1,0,0,0,2969,2969
975001,980000,2,L08-1,1,0,0,0,2761,2761
1010001,1015000,1,L08-1,1,0,0,0,113,113
1030001,1035000,1,L08-1,1,0,0,0,1929,1929
1035001,1040000,2,L08-1,1,0,0,0,1606,1606
1075001,1080000,0,L08-1,1,1,0,0,0,3092
1085001,1090000,2,L08-1,1,0,0,0,2038,2038
1090001,1095000,2,L08-1,1,0,0,0,935,935
1095001,1100000,1,L08-1,1,0,0,0,76,76
1170001,1175000,2,L08-1,1,0,0,0,2671,2671
1175001,1180000,5,L08-1,1,0,0,0,3272,3272
1180001,1185000,1,L08-1,1,0,0,0,1905,1905
1195001,1200000,1,L08-1,1,0,0,0,1538,1538
1200001,1205000,1,L08-1,1,0,0,0,84,84
1210001,1215000,1,L08-1,1,0,0,0,1664,1664
1215001,1220000,1,L08-1,1,0,0,0,530,530
1280001,1285000,0,L08-1,1,1,0,0,0,27
1285001,1290000,0,L08-1,1,1,0,0,0,3067
1305001,1310000,0,L08-1,1,1,0,0,0,1968
1310001,1315000,0,L08-1,1,1,0,0,0,1124
1425001,1430000,1,L08-1,1,0,0,0,114,114
1430001,1435000,1,L08-1,1,0,0,0,104,104
1435001,1440000,1,L08-1,1,0,0,0,3117,3117
1440001,1445000,3,L08-1,1,0,0,0,2778,2778
1465001,1470000,1,L08-1,1,0,0,0,1673,1673
1470001,1475000,3,L08-1,1,0,0,0,3221,3221
1475001,1480000,4,L08-1,1,0,0,0,2271,2271
1480001,1485000,2,L08-1,1,0,0,0,4445,4445
1490001,1495000,1,L08-1,1,0,0,0,1400,1400
1515001,1520000,1,L08-1,1,0,0,0,395,395
1520001,1525000,1,L08-1,1,0,0,0,123,123
1535001,1540000,1,L08-1,1,0,0,0,87,87
1610001,1615000,2,L08-1,1,0,0,0,3074,3074
1615001,1620000,2,L08-1,1,0,0,0,1966,1966
1620001,1625000,3,L08-1,1,0,0,0,1899,1899
1625001,1630000,2,L08-1,1,0,0,0,1642,1642
1645001,1650000,3,L08-1,1,0,0,0,2296,2296
1650001,1655000,1,L08-1,1,0,0,0,841,841
1660001,1665000,1,L08-1,1,0,0,0,57,57
1665001,1670000,1,L08-1,1,0,0,0,1048,1048
1700001,1705000,1,L08-1,1,0,0,0,584,584
1705001,1710000,3,L08-1,1,0,0,0,2421,2421
1710001,1715000,4,L08-1,1,0,0,0,3676,3676
1715001,1720000,1,L08-1,1,0,0,0,349,349
1775001,1780000,1,L08-1,1,0,0,0,2597,2597
1780001,1785000,1,L08-1,1,0,0,0,590,590
1795001,1800000,1,L08-1,1,0,0,0,788,788
1855001,1860000,0,L08-1,1,1,0,0,0,156
1860001,1865000,0,L08-1,1,1,0,0,0,2937
2020001,2025000,1,L08-1,1,0,0,0,1274,1274
2045001,2050000,1,L08-1,1,0,0,0,641,641
2095001,2100000,1,L08-1,1,0,0,0,206,206
2100001,2105000,5,L08-1,1,0,0,0,4184,4184
2105001,2110000,1,L08-1,1,0,0,0,1806,1806
2120001,2125000,0,L08-1,1,1,0,0,0,2237
2125001,2130000,1,L08-1,1,1,1,0,203,1060
2130001,2135000,1,L08-1,1,0,0,0,624,624
2150001,2155000,0,L08-1,1,1,0,0,0,3093
2170001,2175000,1,L08-1,1,0,0,0,995,995
2195001,2200000,1,L08-1,1,0,0,0,437,437
2200001,2205000,1,L08-1,1,0,0,0,258,258
2255001,2260000,1,L08-1,1,0,0,0,1771,1771
2265001,2270000,1,L08-1,1,0,0,0,950,950
2270001,2275000,1,L08-1,1,0,0,0,783,783
2280001,2285000,3,L08-1,1,0,0,0,667,667
2285001,2290000,1,L08-1,1,0,0,0,40,40
2345001,2350000,0,L08-1,1,1,0,0,0,261
2350001,2355000,0,L08-1,1,1,0,0,0,2832
2370001,2375000,0,L08-1,1,0,1,0,0,0
2400001,2405000,1,L08-1,1,0,0,0,2033,2033
2435001,2440000,0,L08-1,1,1,0,0,0,3091
2450001,2455000,1,L08-1,1,0,0,0,668,668
2490001,2495000,1,L08-1,1,0,0,0,1445,1445
2495001,2500000,1,L08-1,1,0,0,0,315,315
2540001,2545000,1,L08-1,1,0,0,0,2627,2627
2550001,2555000,2,L08-1,1,0,0,0,3415,3415
2635001,2640000,2,L08-1,1,0,0,0,2182,2182
2645001,2650000,1,L08-1,1,0,0,0,1220,1220
2705001,2710000,1,L08-1,1,0,0,0,1415,1415
2715001,2720000,2,L08-1,1,0,0,0,3000,3000
2770001,2775000,1,L08-1,1,0,0,0,1127,1127
2775001,2780000,1,L08-1,1,0,0,0,486,486
2780001,2785000,1,L08-1,1,0,0,0,392,392
2795001,2800000,1,L08-1,1,0,0,0,746,746
2815001,2820000,2,L08-1,1,0,0,0,1540,1540
2820001,2825000,2,L08-1,1,0,0,0,2324,2324
2840001,2845000,1,L08-1,1,0,0,0,803,803
2880001,2885000,3,L08-1,1,0,0,0,1320,1320
2885001,2890000,1,L08-1,1,0,0,0,939,939
2900001,2905000,1,L08-1,1,0,0,0,1355,1355
2915001,2920000,1,L08-1,1,0,0,0,737,737
2920001,2925000,1,L08-1,1,0,0,0,187,187
2925001,2930000,4,L08-1,1,0,0,0,2536,2536
2930001,2935000,2,L08-1,1,0,0,0,1471,1471
2960001,2965000,3,L08-1,1,0,0,0,359,359
2965001,2970000,1,L08-1,1,0,0,0,2547,2547
2985001,2990000,0,L08-1,1,1,0,0,0,706
2990001,2995000,0,L08-1,1,1,0,0,0,2386
3015001,3020000,2,L08-1,1,0,1,0,1065,1065
3020001,3025000,2,L08-1,1,0,0,0,434,434
3025001,3030000,0,L08-1,1,0,1,0,0,0
3035001,3040000,0,L08-1,1,1,0,0,0,3093
3055001,3060000,2,L08-1,1,0,0,0,2541,2541
3060001,3065000,1,L08-1,1,0,0,0,394,394
3115001,3120000,1,L08-1,1,0,0,0,875,875
3180001,3185000,1,L08-1,1,0,0,0,1098,1098
3215001,3220000,2,L08-1,1,0,0,0,2242,2242
3230001,3235000,1,L08-1,1,0,0,0,1154,1154
3235001,3240000,1,L08-1,1,0,0,0,372,372
3240001,3245000,1,L08-1,1,0,0,0,44,44
3280001,3285000,2,L08-1,1,0,0,0,1597,1597
3285001,3290000,1,L08-1,1,0,0,0,1398,1398
3290001,3295000,1,L08-1,1,0,0,0,1074,1074
3295001,3300000,1,L08-1,1,0,0,0,818,818
3300001,3305000,1,L08-1,1,0,0,0,653,653
3315001,3320000,2,L08-1,1,0,0,0,1606,1606
3320001,3325000,2,L08-1,1,0,0,0,1403,1403
3325001,3330000,2,L08-1,1,0,0,0,3195,3195
3380001,3385000,1,L08-1,1,0,0,0,375,375
3425001,3430000,2,L08-1,1,0,0,0,3137,3137
3430001,3435000,1,L08-1,1,0,0,0,1022,1022
3435001,3440000,3,L08-1,1,0,0,0,2927,2927
3440001,3445000,2,L08-1,1,0,0,0,1354,1354
3445001,3450000,5,L08-1,1,0,0,0,3046,3046
3450001,3455000,1,L08-1,1,0,0,0,0,0
3455001,3460000,4,L08-1,1,0,0,0,2389,2389
3485001,3490000,2,L08-1,1,0,0,0,820,820
3490001,3495000,1,L08-1,1,0,0,0,1067,1067
3505001,3510000,3,L08-1,1,0,0,0,2634,2634
3510001,3515000,2,L08-1,1,0,0,0,1545,1545
3515001,3520000,1,L08-1,1,0,0,0,274,274
3535001,3540000,1,L08-1,1,0,0,0,572,572
3540001,3545000,2,L08-1,1,0,0,0,1455,1455
3545001,3550000,4,L08-1,1,0,0,0,2278,2278
3550001,3555000,11,L08-1,1,0,0,0,4585,4585
3555001,3560000,12,L08-1,1,0,0,0,4726,4726
3560001,3565000,4,L08-1,1,0,0,0,2752,2752
3565001,3570000,3,L08-1,1,0,0,0,1508,1508
3590001,3595000,0,L08-1,1,1,0,0,0,3093
3605001,3610000,1,L08-1,1,0,0,0,1004,1004
3620001,3625000,1,L08-1,1,0,0,0,2134,2134
3665001,3670000,1,L08-1,1,0,0,0,1044,1044
3670001,3675000,1,L08-1,1,0,0,0,59,59
3690001,3695000,4,L08-1,1,0,0,0,3554,3554
3695001,3700000,1,L08-1,1,0,0,0,511,511
3800001,3805000,1,L08-1,1,0,0,0,1965,1965
3805001,3810000,2,L08-1,1,0,0,0,1015,1015
3810001,3815000,0,L08-1,1,1,0,0,0,1280
3815001,3820000,0,L08-1,1,1,0,0,0,1812
3855001,3860000,1,L08-1,1,0,0,0,1019,1019
3880001,3885000,1,L08-1,1,0,0,0,909,909
3885001,3890000,5,L08-1,1,0,0,0,2739,2739
3895001,3900000,2,L08-1,1,0,0,0,2731,2731
20001,25000,1,L08-1,2,0,0,0,75,75
30001,35000,0,L08-1,2,1,0,0,0,1506
35001,40000,0,L08-1,2,1,0,0,0,1588
40001,45000,1,L08-1,2,0,0,0,1228,1228
45001,50000,1,L08-1,2,0,0,0,31,31
55001,60000,2,L08-1,2,0,0,0,152,152
60001,65000,1,L08-1,2,0,0,0,76,76
65001,70000,2,L08-1,2,1,0,0,1678,2190
70001,75000,0,L08-1,2,1,0,0,0,2582
115001,120000,1,L08-1,2,0,0,0,545,545
125001,130000,1,L08-1,2,0,0,0,2577,2577
130001,135000,2,L08-1,2,0,0,0,805,805
200001,205000,1,L08-1,2,0,0,0,959,959
205001,210000,1,L08-1,2,0,0,0,2198,2198
245001,250000,1,L08-1,2,0,0,0,857,857
250001,255000,3,L08-1,2,0,0,0,2457,2457
255001,260000,5,L08-1,2,0,0,0,1560,1560
260001,265000,3,L08-1,2,0,0,0,4160,4160
265001,270000,2,L08-1,2,0,0,0,4923,4923
270001,275000,1,L08-1,2,0,0,0,30,30
330001,335000,2,L08-1,2,0,0,0,1373,1373
335001,340000,2,L08-1,2,0,0,0,2530,2530
340001,345000,1,L08-1,2,0,0,0,230,230
345001,350000,1,L08-1,2,0,0,0,1185,1185
350001,355000,1,L08-1,2,0,0,0,419,419
355001,360000,1,L08-1,2,0,0,0,117,117
450001,455000,2,L08-1,2,0,0,0,1939,1939
455001,460000,1,L08-1,2,0,0,0,566,566
465001,470000,1,L08-1,2,0,0,0,267,267
470001,475000,3,L08-1,2,0,0,0,2298,2298
475001,480000,1,L08-1,2,0,0,0,461,461
505001,510000,1,L08-1,2,0,0,0,227,227
515001,520000,0,L08-1,2,1,0,0,0,3094
530001,535000,1,L08-1,2,0,0,0,530,530
560001,565000,1,L08-1,2,0,0,0,580,580
565001,570000,2,L08-1,2,0,0,0,2619,2619
570001,575000,2,L08-1,2,0,0,0,1838,1838
585001,590000,2,L08-1,2,0,0,0,880,880
590001,595000,1,L08-1,2,0,0,0,396,396
645001,650000,2,L08-1,2,0,0,0,3202,3202
650001,655000,4,L08-1,2,0,0,0,2820,2820
675001,680000,1,L08-1,2,0,0,0,479,479
680001,685000,1,L08-1,2,0,0,0,2354,2354
715001,720000,4,L08-1,2,0,0,0,3605,3605
720001,725000,6,L08-1,2,0,0,0,4997,4997
725001,730000,5,L08-1,2,0,0,0,4031,4031
730001,735000,5,L08-1,2,0,0,0,4545,4545
735001,740000,2,L08-1,2,0,0,0,1952,1952
765001,770000,1,L08-1,2,0,0,0,662,662
780001,785000,1,L08-1,2,0,0,0,479,479
790001,795000,1,L08-1,2,0,0,0,1280,1280
795001,800000,1,L08-1,2,0,0,0,344,344
800001,805000,1,L08-1,2,0,0,0,440,440
805001,810000,3,L08-1,2,0,0,0,1867,1867
810001,815000,6,L08-1,2,0,0,0,4025,4025
815001,820000,4,L08-1,2,0,0,0,4742,4742
820001,825000,5,L08-1,2,0,0,0,3853,3853
825001,830000,2,L08-1,2,0,0,0,4004,4004
830001,835000,1,L08-1,2,0,0,0,1298,1298
835001,840000,1,L08-1,2,0,0,0,1718,1718
855001,860000,0,L08-1,2,1,0,0,0,3093
935001,940000,1,L08-1,2,0,0,0,974,974
965001,970000,2,L08-1,2,0,0,0,2818,2818
970001,975000,4,L08-1,2,0,0,0,2109,2109
975001,980000,3,L08-1,2,0,0,0,3271,3271
980001,985000,1,L08-1,2,0,0,0,350,350
1015001,1020000,1,L08-1,2,0,0,0,113,113
1030001,1035000,1,L08-1,2,0,0,0,1930,1930
1035001,1040000,2,L08-1,2,0,0,0,1606,1606
1070001,1075000,0,L08-1,2,0,1,0,0,0
1075001,1080000,0,L08-1,2,1,0,0,0,2988
1080001,1085000,0,L08-1,2,1,0,0,0,106
1085001,1090000,2,L08-1,2,0,0,0,1050,1050
1090001,1095000,2,L08-1,2,0,0,0,1923,1923
1095001,1100000,1,L08-1,2,0,0,0,76,76
1170001,1175000,2,L08-1,2,0,0,0,1674,1674
1175001,1180000,4,L08-1,2,0,0,0,3284,3284
1180001,1185000,2,L08-1,2,0,0,0,2890,2890
1195001,1200000,1,L08-1,2,0,0,0,1538,1538
1200001,1205000,1,L08-1,2,0,0,0,84,84
1210001,1215000,1,L08-1,2,0,0,0,1664,1664
1215001,1220000,1,L08-1,2,0,0,0,530,530
1285001,1290000,0,L08-1,2,1,0,0,0,3093
1405001,1410000,1,L08-1,2,0,0,0,218,218
1410001,1415000,1,L08-1,2,0,0,0,165,165
1415001,1420000,2,L08-1,2,0,0,0,4438,4438
1420001,1425000,1,L08-1,2,0,0,0,1292,1292
1440001,1445000,1,L08-1,2,0,0,0,1394,1394
1445001,1450000,3,L08-1,2,0,0,0,2047,2047
1450001,1455000,2,L08-1,2,0,0,0,1709,1709
1455001,1460000,3,L08-1,2,0,0,0,4062,4062
1460001,1465000,1,L08-1,2,0,0,0,2397,2397
1465001,1470000,1,L08-1,2,0,0,0,804,804
1470001,1475000,1,L08-1,2,0,0,0,596,596
1495001,1500000,1,L08-1,2,0,0,0,518,518
1510001,1515000,1,L08-1,2,0,0,0,87,87
1585001,1590000,1,L08-1,2,0,0,0,326,326
1590001,1595000,3,L08-1,2,0,0,0,4648,4648
1595001,1600000,2,L08-1,2,0,0,0,94,94
1600001,1605000,3,L08-1,2,0,0,0,1871,1871
1605001,1610000,2,L08-1,2,0,0,0,1642,1642
1625001,1630000,3,L08-1,2,0,0,0,3137,3137
1640001,1645000,1,L08-1,2,0,0,0,1106,1106
1680001,1685000,1,L08-1,2,0,0,0,584,584
1685001,1690000,5,L08-1,2,0,0,0,4367,4367
1690001,1695000,3,L08-1,2,0,0,0,2079,2079
1750001,1755000,1,L08-1,2,0,0,0,855,855
1755001,1760000,1,L08-1,2,0,0,0,1742,1742
1760001,1765000,1,L08-1,2,0,0,0,590,590
1770001,1775000,1,L08-1,2,0,0,0,788,788
1835001,1840000,0,L08-1,2,1,0,0,0,2180
1840001,1845000,0,L08-1,2,1,0,0,0,914
1995001,2000000,1,L08-1,2,0,0,0,1274,1274
2020001,2025000,1,L08-1,2,0,0,0,166,166
2025001,2030000,1,L08-1,2,0,0,0,475,475
2075001,2080000,1,L08-1,2,0,0,0,2211,2211
2080001,2085000,5,L08-1,2,0,0,0,3985,3985
2100001,2105000,0,L08-1,2,1,0,0,0,3094
2105001,2110000,1,L08-1,2,0,0,0,827,827
2125001,2130000,0,L08-1,2,1,0,0,0,1457
2130001,2135000,0,L08-1,2,1,0,0,0,1636
2150001,2155000,1,L08-1,2,0,0,0,995,995
2175001,2180000,1,L08-1,2,0,0,0,695,695
2230001,2235000,1,L08-1,2,0,0,0,43,43
2235001,2240000,1,L08-1,2,0,0,0,1729,1729
2245001,2250000,1,L08-1,2,0,0,0,1733,1733
2260001,2265000,3,L08-1,2,0,0,0,707,707
2325001,2330000,0,L08-1,2,1,0,0,0,3042
2330001,2335000,0,L08-1,2,1,0,0,0,52
2350001,2355000,0,L08-1,2,0,1,0,0,0
2355001,2360000,1,L08-1,2,0,0,0,723,723
2360001,2365000,1,L08-1,2,0,0,0,1310,1310
2390001,2395000,0,L08-1,2,1,1,0,0,356
2395001,2400000,0,L08-1,2,1,0,0,0,2737
2410001,2415000,1,L08-1,2,0,0,0,668,668
2450001,2455000,1,L08-1,2,0,0,0,1760,1760
2500001,2505000,1,L08-1,2,0,0,0,2627,2627
2505001,2510000,1,L08-1,2,0,0,0,836,836
2510001,2515000,2,L08-1,2,0,0,0,2579,2579
2595001,2600000,2,L08-1,2,0,0,0,2182,2182
2600001,2605000,1,L08-1,2,0,0,0,317,317
2605001,2610000,1,L08-1,2,0,0,0,903,903
2665001,2670000,1,L08-1,2,0,0,0,1416,1416
2670001,2675000,1,L08-1,2,0,0,0,497,497
2675001,2680000,2,L08-1,2,0,0,0,2504,2504
2730001,2735000,1,L08-1,2,0,0,0,1127,1127
2735001,2740000,1,L08-1,2,0,0,0,878,878
2755001,2760000,1,L08-1,2,0,0,0,746,746
2775001,2780000,2,L08-1,2,0,0,0,2625,2625
2780001,2785000,2,L08-1,2,0,0,0,1239,1239
2800001,2805000,1,L08-1,2,0,0,0,803,803
2840001,2845000,3,L08-1,2,0,0,0,2259,2259
2860001,2865000,1,L08-1,2,0,0,0,1355,1355
2875001,2880000,1,L08-1,2,0,0,0,737,737
2880001,2885000,2,L08-1,2,0,0,0,1114,1114
2885001,2890000,3,L08-1,2,0,0,0,1953,1953
2890001,2895000,2,L08-1,2,0,0,0,1126,1126
2920001,2925000,3,L08-1,2,0,0,0,1450,1450
2925001,2930000,1,L08-1,2,0,0,0,1456,1456
2945001,2950000,0,L08-1,2,1,0,0,0,1798
2950001,2955000,1,L08-1,2,1,0,0,10,1305
2955001,2960000,3,L08-1,2,0,0,0,1490,1490
2960001,2965000,0,L08-1,2,1,0,0,0,446
2965001,2970000,0,L08-1,2,1,0,0,0,2646
2985001,2990000,2,L08-1,2,0,0,0,2935,2935
3045001,3050000,1,L08-1,2,0,0,0,875,875
3110001,3115000,1,L08-1,2,0,0,0,1098,1098
3145001,3150000,2,L08-1,2,0,0,0,2242,2242
3160001,3165000,1,L08-1,2,0,0,0,1154,1154
3165001,3170000,1,L08-1,2,0,0,0,416,416
3210001,3215000,2,L08-1,2,0,0,0,2383,2383
3215001,3220000,1,L08-1,2,0,0,0,613,613
3220001,3225000,1,L08-1,2,0,0,0,1856,1856
3225001,3230000,1,L08-1,2,0,0,0,36,36
3230001,3235000,1,L08-1,2,0,0,0,653,653
3240001,3245000,1,L08-1,2,0,0,0,385,385
3245001,3250000,2,L08-1,2,0,0,0,1221,1221
3250001,3255000,2,L08-1,2,0,0,0,2182,2182
3255001,3260000,2,L08-1,2,0,0,0,2417,2417
3310001,3315000,1,L08-1,2,0,0,0,375,375
3355001,3360000,2,L08-1,2,0,0,0,3913,3913
3360001,3365000,2,L08-1,2,0,0,0,332,332
3365001,3370000,2,L08-1,2,0,0,0,3271,3271
3370001,3375000,1,L08-1,2,0,0,0,1172,1172
3375001,3380000,4,L08-1,2,0,0,0,2798,2798
3380001,3385000,1,L08-1,2,0,0,0,8,8
3385001,3390000,4,L08-1,2,0,0,0,2381,2381
3415001,3420000,3,L08-1,2,0,0,0,1385,1385
3420001,3425000,1,L08-1,2,0,0,0,502,502
3435001,3440000,3,L08-1,2,0,0,0,2634,2634
3440001,3445000,2,L08-1,2,0,0,0,1819,1819
3465001,3470000,1,L08-1,2,0,0,0,572,572
3470001,3475000,2,L08-1,2,0,0,0,1456,1456
3475001,3480000,6,L08-1,2,0,0,0,2739,2739
3480001,3485000,11,L08-1,2,0,0,0,4881,4881
3485001,3490000,12,L08-1,2,0,0,0,4733,4733
3490001,3495000,4,L08-1,2,0,0,0,2735,2735
3495001,3500000,2,L08-1,2,0,0,0,761,761
3520001,3525000,0,L08-1,2,1,0,0,0,3093
3535001,3540000,1,L08-1,2,0,0,0,1004,1004
3550001,3555000,1,L08-1,2,0,0,0,2135,2135
3595001,3600000,1,L08-1,2,0,0,0,1103,1103
3620001,3625000,4,L08-1,2,0,0,0,4066,4066
3730001,3735000,2,L08-1,2,0,0,0,2725,2725
3735001,3740000,1,L08-1,2,0,0,0,255,255
3740001,3745000,0,L08-1,2,1,0,0,0,2048
3745001,3750000,0,L08-1,2,1,0,0,0,1045
3750001,3755000,0,L08-1,2,0,1,0,0,0
3785001,3790000,1,L08-1,2,0,0,0,1019,1019
3810001,3815000,2,L08-1,2,0,0,0,1669,1669
3815001,3820000,4,L08-1,2,0,0,0,1979,1979
3825001,3830000,2,L08-1,2,0,0,0,2731,2731
3880001,3885000,1,L08-1,2,0,0,0,2414,2414
3885001,3890000,5,L08-1,2,0,0,0,3228,3228
3890001,3895000,1,L08-1,2,0,0,0,1420,1420
20001,25000,1,L08-2,1,0,0,0,75,75
30001,35000,0,L08-2,1,1,0,0,0,1501
35001,40000,0,L08-2,1,1,0,0,0,1591
40001,45000,1,L08-2,1,0,0,0,1226,1226
45001,50000,1,L08-2,1,0,0,0,33,33
55001,60000,2,L08-2,1,0,0,0,152,152
60001,65000,1,L08-2,1,0,0,0,76,76
65001,70000,2,L08-2,1,1,0,0,1678,2191
70001,75000,0,L08-2,1,1,0,0,0,2581
115001,120000,1,L08-2,1,0,0,0,545,545
125001,130000,1,L08-2,1,0,0,0,2581,2581
130001,135000,2,L08-2,1,0,0,0,801,801
200001,205000,1,L08-2,1,0,0,0,958,958
205001,210000,1,L08-2,1,0,0,0,2198,2198
245001,250000,1,L08-2,1,0,0,0,857,857
250001,255000,3,L08-2,1,0,0,0,2477,2477
255001,260000,5,L08-2,1,0,0,0,1540,1540
260001,265000,3,L08-2,1,0,0,0,4180,4180
265001,270000,2,L08-2,1,0,0,0,4923,4923
270001,275000,1,L08-2,1,0,0,0,10,10
330001,335000,2,L08-2,1,0,0,0,1400,1400
335001,340000,2,L08-2,1,0,0,0,2503,2503
340001,345000,1,L08-2,1,0,0,0,258,258
345001,350000,1,L08-2,1,0,0,0,1156,1156
350001,355000,1,L08-2,1,0,0,0,448,448
355001,360000,1,L08-2,1,0,0,0,88,88
450001,455000,2,L08-2,1,0,0,0,1939,1939
455001,460000,1,L08-2,1,0,0,0,566,566
465001,470000,1,L08-2,1,0,0,0,304,304
470001,475000,3,L08-2,1,0,0,0,2261,2261
475001,480000,1,L08-2,1,0,0,0,461,461
505001,510000,1,L08-2,1,0,0,0,227,227
525001,530000,1,L08-2,1,0,0,0,530,530
560001,565000,1,L08-2,1,0,0,0,2855,2855
565001,570000,2,L08-2,1,0,0,0,2182,2182
585001,590000,2,L08-2,1,0,0,0,1276,1276
640001,645000,2,L08-2,1,0,0,0,1339,1339
645001,650000,3,L08-2,1,0,0,0,3861,3861
650001,655000,1,L08-2,1,0,0,0,820,820
670001,675000,1,L08-2,1,0,0,0,479,479
675001,680000,1,L08-2,1,0,0,0,2354,2354
710001,715000,2,L08-2,1,0,0,0,1750,1750
715001,720000,5,L08-2,1,0,0,0,4997,4997
720001,725000,4,L08-2,1,0,0,0,4387,4387
725001,730000,5,L08-2,1,0,0,0,4252,4252
730001,735000,3,L08-2,1,0,0,0,3323,3323
735001,740000,1,L08-2,1,0,0,0,419,419
760001,765000,1,L08-2,1,0,0,0,662,662
775001,780000,1,L08-2,1,0,0,0,479,479
785001,790000,1,L08-2,1,0,0,0,113,113
790001,795000,2,L08-2,1,0,0,0,1510,1510
800001,805000,2,L08-2,1,0,0,0,826,826
805001,810000,6,L08-2,1,0,0,0,3843,3843
810001,815000,5,L08-2,1,0,0,0,4760,4760
815001,820000,5,L08-2,1,0,0,0,4279,4279
820001,825000,3,L08-2,1,0,0,0,4357,4357
825001,830000,2,L08-2,1,0,0,0,2164,2164
830001,835000,1,L08-2,1,0,0,0,1657,1657
835001,840000,1,L08-2,1,0,0,0,60,60
855001,860000,0,L08-2,1,1,0,0,0,3093
935001,940000,1,L08-2,1,0,0,0,974,974
965001,970000,2,L08-2,1,0,0,0,2818,2818
970001,975000,4,L08-2,1,0,0,0,2969,2969
975001,980000,2,L08-2,1,0,0,0,2761,2761
1010001,1015000,1,L08-2,1,0,0,0,113,113
1030001,1035000,1,L08-2,1,0,0,0,1929,1929
1035001,1040000,2,L08-2,1,0,0,0,1606,1606
1075001,1080000,0,L08-2,1,1,0,0,0,3092
1085001,1090000,2,L08-2,1,0,0,0,2038,2038
1090001,1095000,2,L08-2,1,0,0,0,935,935
1095001,1100000,1,L08-2,1,0,0,0,76,76
1170001,1175000,2,L08-2,1,0,0,0,2671,2671
1175001,1180000,5,L08-2,1,0,0,0,3272,3272
1180001,1185000,1,L08-2,1,0,0,0,1905,1905
1195001,1200000,1,L08-2,1,0,0,0,1538,1538
1200001,1205000,1,L08-2,1,0,0,0,84,84
1210001,1215000,1,L08-2,1,0,0,0,1664,1664
1215001,1220000,1,L08-2,1,0,0,0,530,530
1280001,1285000,0,L08-2,1,1,0,0,0,27
1285001,1290000,0,L08-2,1,1,0,0,0,3067
1305001,1310000,0,L08-2,1,1,1,0,0,1968
1310001,1315000,0,L08-2,1,1,0,0,0,1124
1425001,1430000,1,L08-2,1,0,0,0,114,114
1430001,1435000,1,L08-2,1,0,0,0,104,104
1435001,1440000,1,L08-2,1,0,0,0,3117,3117
1440001,1445000,3,L08-2,1,0,0,0,2778,2778
1465001,1470000,1,L08-2,1,0,0,0,1673,1673
1470001,1475000,3,L08-2,1,0,0,0,3221,3221
1475001,1480000,4,L08-2,1,0,0,0,2271,2271
1480001,1485000,2,L08-2,1,0,0,0,4445,4445
1490001,1495000,1,L08-2,1,0,0,0,1400,1400
1515001,1520000,1,L08-2,1,0,0,0,395,395
1520001,1525000,1,L08-2,1,0,0,0,123,123
1535001,1540000,1,L08-2,1,0,0,0,87,87
1610001,1615000,2,L08-2,1,0,0,0,3074,3074
1615001,1620000,2,L08-2,1,0,0,0,1966,1966
1620001,1625000,3,L08-2,1,0,0,0,1899,1899
1625001,1630000,2,L08-2,1,0,0,0,1642,1642
1645001,1650000,3,L08-2,1,0,0,0,2296,2296
1650001,1655000,1,L08-2,1,0,0,0,841,841
1660001,1665000,1,L08-2,1,0,0,0,57,57
1665001,1670000,1,L08-2,1,0,0,0,1048,1048
1700001,1705000,1,L08-2,1,0,0,0,584,584
1705001,1710000,3,L08-2,1,0,0,0,2421,2421
1710001,1715000,4,L08-2,1,0,0,0,3676,3676
1715001,1720000,1,L08-2,1,0,0,0,349,349
1775001,1780000,1,L08-2,1,0,0,0,2597,2597
1780001,1785000,1,L08-2,1,0,0,0,590,590
1795001,1800000,1,L08-2,1,0,0,0,788,788
1855001,1860000,0,L08-2,1,1,0,0,0,156
1860001,1865000,0,L08-2,1,1,0,0,0,2937
2020001,2025000,1,L08-2,1,0,0,0,1274,1274
2045001,2050000,1,L08-2,1,0,0,0,641,641
2095001,2100000,1,L08-2,1,0,0,0,206,206
2100001,2105000,5,L08-2,1,0,0,0,4184,4184
2105001,2110000,1,L08-2,1,0,0,0,1806,1806
2120001,2125000,0,L08-2,1,1,0,0,0,2237
2125001,2130000,1,L08-2,1,1,0,0,203,1060
2130001,2135000,1,L08-2,1,0,0,0,624,624
2150001,2155000,0,L08-2,1,1,0,0,0,3093
2170001,2175000,1,L08-2,1,0,0,0,995,995
2195001,2200000,1,L08-2,1,0,0,0,437,437
2200001,2205000,1,L08-2,1,0,0,0,258,258
2255001,2260000,1,L08-2,1,0,0,0,1771,1771
2265001,2270000,1,L08-2,1,0,0,0,950,950
2270001,2275000,1,L08-2,1,0,0,0,783,783
2280001,2285000,3,L08-2,1,0,0,0,667,667
2285001,2290000,1,L08-2,1,0,0,0,40,40
2345001,2350000,0,L08-2,1,1,0,0,0,261
2350001,2355000,0,L08-2,1,1,0,0,0,2832
2395001,2400000,0,L08-2,1,0,1,0,0,0
2400001,2405000,1,L08-2,1,0,0,0,2033,2033
2430001,2435000,0,L08-2,1,0,1,0,0,0
2435001,2440000,0,L08-2,1,1,0,0,0,3091
2450001,2455000,1,L08-2,1,0,0,0,668,668
2490001,2495000,1,L08-2,1,0,0,0,1445,1445
2495001,2500000,1,L08-2,1,0,0,0,315,315
2540001,2545000,1,L08-2,1,0,0,0,2627,2627
2550001,2555000,2,L08-2,1,0,0,0,3415,3415
2635001,2640000,2,L08-2,1,0,0,0,2182,2182
2645001,2650000,1,L08-2,1,0,0,0,1220,1220
2705001,2710000,1,L08-2,1,0,0,0,1415,1415
2715001,2720000,2,L08-2,1,0,0,0,3000,3000
2770001,2775000,1,L08-2,1,0,0,0,1127,1127
2775001,2780000,1,L08-2,1,0,0,0,486,486
2780001,2785000,1,L08-2,1,0,0,0,392,392
2795001,2800000,1,L08-2,1,0,0,0,746,746
2815001,2820000,2,L08-2,1,0,0,0,1540,1540
2820001,2825000,2,L08-2,1,0,0,0,2324,2324
2840001,2845000,1,L08-2,1,0,0,0,803,803
2880001,2885000,3,L08-2,1,0,0,0,1320,1320
2885001,2890000,1,L08-2,1,0,0,0,939,939
2900001,2905000,1,L08-2,1,0,0,0,1355,1355
2915001,2920000,1,L08-2,1,0,0,0,737,737
2920001,2925000,1,L08-2,1,0,0,0,187,187
2925001,2930000,4,L08-2,1,0,0,0,2536,2536
2930001,2935000,2,L08-2,1,0,0,0,1471,1471
2960001,2965000,3,L08-2,1,0,0,0,359,359
2965001,2970000,1,L08-2,1,0,0,0,2547,2547
2985001,2990000,0,L08-2,1,1,0,0,0,706
2990001,2995000,0,L08-2,1,1,0,0,0,2386
3015001,3020000,2,L08-2,1,0,0,0,1065,1065
3020001,3025000,2,L08-2,1,0,0,0,434,434
3035001,3040000,0,L08-2,1,1,0,0,0,3093
3055001,3060000,2,L08-2,1,0,0,0,2541,2541
3060001,3065000,1,L08-2,1,0,0,0,394,394
3115001,3120000,1,L08-2,1,0,0,0,875,875
3180001,3185000,1,L08-2,1,0,0,0,1098,1098
3215001,3220000,2,L08-2,1,0,0,0,2242,2242
3230001,3235000,1,L08-2,1,0,0,0,1154,1154
3235001,3240000,1,L08-2,1,0,0,0,372,372
3240001,3245000,1,L08-2,1,0,0,0,44,44
3280001,3285000,2,L08-2,1,0,0,0,1597,1597
3285001,3290000,1,L08-2,1,0,0,0,1398,1398
3290001,3295000,1,L08-2,1,0,0,0,1074,1074
3295001,3300000,1,L08-2,1,0,0,0,818,818
3300001,3305000,1,L08-2,1,0,0,0,653,653
3315001,3320000,2,L08-2,1,0,0,0,1606,1606
3320001,3325000,2,L08-2,1,0,0,0,1403,1403
3325001,3330000,2,L08-2,1,0,0,0,3195,3195
3380001,3385000,1,L08-2,1,0,0,0,375,375
3425001,3430000,2,L08-2,1,0,0,0,3137,3137
3430001,3435000,1,L08-2,1,0,0,0,1022,1022
3435001,3440000,3,L08-2,1,0,0,0,2927,2927
3440001,3445000,2,L08-2,1,0,0,0,1354,1354
3445001,3450000,5,L08-2,1,0,0,0,3046,3046
3450001,3455000,1,L08-2,1,0,0,0,0,0
3455001,3460000,4,L08-2,1,0,0,0,2389,2389
3485001,3490000,2,L08-2,1,0,0,0,820,820
3490001,3495000,1,L08-2,1,0,0,0,1067,1067
3505001,3510000,3,L08-2,1,0,0,0,2634,2634
3510001,3515000,2,L08-2,1,0,0,0,1545,1545
3515001,3520000,1,L08-2,1,0,0,0,274,274
3535001,3540000,1,L08-2,1,0,0,0,572,572
3540001,3545000,2,L08-2,1,0,0,0,1455,1455
3545001,3550000,4,L08-2,1,0,0,0,2278,2278
3550001,3555000,11,L08-2,1,0,0,0,4585,4585
3555001,3560000,12,L08-2,1,0,0,0,4726,4726
3560001,3565000,4,L08-2,1,0,0,0,2752,2752
3565001,3570000,3,L08-2,1,0,0,0,1508,1508
3590001,3595000,0,L08-2,1,1,0,0,0,3093
3605001,3610000,1,L08-2,1,0,0,0,1004,1004
3620001,3625000,1,L08-2,1,0,0,0,2134,2134
3665001,3670000,1,L08-2,1,0,0,0,1044,1044
3670001,3675000,1,L08-2,1,0,0,0,59,59
3690001,3695000,4,L08-2,1,0,0,0,3554,3554
3695001,3700000,1,L08-2,1,0,0,0,511,511
3800001,3805000,1,L08-2,1,0,0,0,1965,1965
3805001,3810000,2,L08-2,1,0,0,0,1015,1015
3810001,3815000,0,L08-2,1,1,0,0,0,1280
3815001,3820000,0,L08-2,1,1,0,0,0,1812
3855001,3860000,1,L08-2,1,0,0,0,1019,1019
3880001,3885000,1,L08-2,1,0,0,0,909,909
3885001,3890000,5,L08-2,1,0,0,0,2739,2739
3895001,3900000,2,L08-2,1,0,0,0,2731,2731
20001,25000,1,L08-2,2,0,0,0,75,75
30001,35000,0,L08-2,2,1,0,0,0,1505
35001,40000,0,L08-2,2,1,0,0,0,1587
40001,45000,1,L08-2,2,0,0,0,1228,1228
45001,50000,1,L08-2,2,0,0,0,31,31
55001,60000,2,L08-2,2,0,0,0,152,152
60001,65000,1,L08-2,2,0,0,0,76,76
65001,70000,2,L08-2,2,1,0,0,1678,2187
70001,75000,0,L08-2,2,1,0,0,0,2584
115001,120000,1,L08-2,2,0,0,0,545,545
125001,130000,1,L08-2,2,0,0,0,2577,2577
130001,135000,2,L08-2,2,0,0,0,805,805
200001,205000,1,L08-2,2,0,0,0,959,959
205001,210000,1,L08-2,2,0,0,0,2198,2198
245001,250000,1,L08-2,2,0,0,0,857,857
250001,255000,3,L08-2,2,0,0,0,2462,2462
255001,260000,5,L08-2,2,0,0,0,1555,1555
260001,265000,3,L08-2,2,0,0,0,4164,4164
265001,270000,2,L08-2,2,0,0,0,4923,4923
270001,275000,1,L08-2,2,0,0,0,26,26
330001,335000,2,L08-2,2,0,0,0,1379,1379
335001,340000,2,L08-2,2,0,0,0,2524,2524
340001,345000,1,L08-2,2,0,0,0,235,235
345001,350000,1,L08-2,2,0,0,0,1180,1180
350001,355000,1,L08-2,2,0,0,0,424,424
355001,360000,1,L08-2,2,0,0,0,112,112
450001,455000,2,L08-2,2,0,0,0,1939,1939
455001,460000,1,L08-2,2,0,0,0,566,566
465001,470000,1,L08-2,2,0,0,0,274,274
470001,475000,3,L08-2,2,0,0,0,2291,2291
475001,480000,1,L08-2,2,0,0,0,461,461
505001,510000,1,L08-2,2,0,0,0,227,227
525001,530000,1,L08-2,2,0,0,0,530,530
530001,535000,1,L08-2,2,0,0,0,0,0
560001,565000,1,L08-2,2,0,0,0,2855,2855
565001,570000,2,L08-2,2,0,0,0,2182,2182
585001,590000,2,L08-2,2,0,0,0,1276,1276
640001,645000,2,L08-2,2,0,0,0,1308,1308
645001,650000,3,L08-2,2,0,0,0,3893,3893
650001,655000,1,L08-2,2,0,0,0,821,821
670001,675000,1,L08-2,2,0,0,0,479,479
675001,680000,1,L08-2,2,0,0,0,2354,2354
710001,715000,2,L08-2,2,0,0,0,1713,1713
715001,720000,5,L08-2,2,0,0,0,4997,4997
720001,725000,4,L08-2,2,0,0,0,4424,4424
725001,730000,5,L08-2,2,0,0,0,4214,4214
730001,735000,3,L08-2,2,0,0,0,3323,3323
735001,740000,1,L08-2,2,0,0,0,457,457
760001,765000,1,L08-2,2,0,0,0,662,662
775001,780000,1,L08-2,2,0,0,0,479,479
785001,790000,1,L08-2,2,0,0,0,73,73
790001,795000,2,L08-2,2,0,0,0,1551,1551
800001,805000,1,L08-2,2,0,0,0,824,824
805001,810000,6,L08-2,2,0,0,0,3806,3806
810001,815000,5,L08-2,2,0,0,0,4759,4759
815001,820000,5,L08-2,2,0,0,0,4280,4280
820001,825000,3,L08-2,2,0,0,0,4357,4357
825001,830000,2,L08-2,2,0,0,0,2203,2203
830001,835000,1,L08-2,2,0,0,0,1619,1619
835001,840000,1,L08-2,2,0,0,0,99,99
855001,860000,0,L08-2,2,1,0,0,0,3094
900001,905000,0,L08-2,2,0,1,1,0,0
935001,940000,1,L08-2,2,0,0,0,974,974
965001,970000,2,L08-2,2,0,0,0,2818,2818
970001,975000,4,L08-2,2,0,0,0,2969,2969
975001,980000,2,L08-2,2,0,0,0,2761,2761
1010001,1015000,1,L08-2,2,0,0,0,113,113
1030001,1035000,1,L08-2,2,0,0,0,1931,1931
1035001,1040000,2,L08-2,2,0,0,0,1606,1606
1075001,1080000,0,L08-2,2,1,1,0,0,3094
1085001,1090000,2,L08-2,2,0,0,0,1990,1990
1090001,1095000,2,L08-2,2,0,0,0,983,983
1095001,1100000,1,L08-2,2,0,1,1,76,76
1170001,1175000,2,L08-2,2,0,0,0,2615,2615
1175001,1180000,5,L08-2,2,0,0,0,3269,3269
1180001,1185000,1,L08-2,2,0,0,0,1963,1963
1195001,1200000,1,L08-2,2,0,0,0,1538,1538
1200001,1205000,1,L08-2,2,0,0,0,84,84
1210001,1215000,1,L08-2,2,0,0,0,1664,1664
1215001,1220000,1,L08-2,2,0,0,0,530,530
1220001,1225000,0,L08-2,2,0,1,1,0,0
1285001,1290000,0,L08-2,2,1,0,0,0,3093
1305001,1310000,0,L08-2,2,1,0,0,0,3098
1425001,1430000,1,L08-2,2,0,0,0,218,218
1430001,1435000,1,L08-2,2,0,0,0,109,109
1435001,1440000,2,L08-2,2,0,0,0,4494,4494
1440001,1445000,1,L08-2,2,0,0,0,1292,1292
1460001,1465000,1,L08-2,2,0,0,0,1338,1338
1465001,1470000,2,L08-2,2,0,0,0,2047,2047
1470001,1475000,3,L08-2,2,0,0,0,1765,1765
1475001,1480000,3,L08-2,2,0,0,0,4007,4007
1480001,1485000,1,L08-2,2,0,0,0,2452,2452
1485001,1490000,1,L08-2,2,0,0,0,749,749
1490001,1495000,1,L08-2,2,0,0,0,651,651
1515001,1520000,1,L08-2,2,0,0,0,518,518
1530001,1535000,1,L08-2,2,0,0,0,87,87
1605001,1610000,1,L08-2,2,0,0,0,271,271
1610001,1615000,3,L08-2,2,0,0,0,4648,4648
1615001,1620000,1,L08-2,2,0,0,0,121,121
1620001,1625000,3,L08-2,2,0,0,0,1898,1898
1625001,1630000,2,L08-2,2,0,0,0,1642,1642
1645001,1650000,3,L08-2,2,0,0,0,3137,3137
1660001,1665000,1,L08-2,2,0,0,0,1106,1106
1700001,1705000,1,L08-2,2,0,0,0,584,584
1705001,1710000,5,L08-2,2,0,0,0,4315,4315
1710001,1715000,3,L08-2,2,0,0,0,2131,2131
1770001,1775000,1,L08-2,2,0,0,0,803,803
1775001,1780000,1,L08-2,2,0,0,0,1794,1794
1780001,1785000,1,L08-2,2,0,0,0,590,590
1790001,1795000,1,L08-2,2,0,0,0,788,788
1855001,1860000,0,L08-2,2,1,0,0,0,2128
1860001,1865000,0,L08-2,2,1,0,0,0,966
2015001,2020000,1,L08-2,2,0,0,0,1274,1274
2020001,2025000,0,L08-2,2,0,1,1,0,0
2040001,2045000,1,L08-2,2,0,0,0,123,123
2045001,2050000,1,L08-2,2,0,0,0,518,518
2095001,2100000,1,L08-2,2,0,0,0,2168,2168
2100001,2105000,5,L08-2,2,0,0,0,4028,4028
2120001,2125000,0,L08-2,2,1,1,0,0,3093
2125001,2130000,1,L08-2,2,0,0,0,827,827
2145001,2150000,0,L08-2,2,1,0,0,0,629
2150001,2155000,0,L08-2,2,1,0,0,0,2465
2170001,2175000,1,L08-2,2,0,0,0,995,995
2195001,2200000,1,L08-2,2,0,0,0,695,695
2255001,2260000,1,L08-2,2,0,0,0,1772,1772
2265001,2270000,1,L08-2,2,0,0,0,1733,1733
2280001,2285000,3,L08-2,2,0,0,0,707,707
2345001,2350000,0,L08-2,2,1,0,0,0,2208
2350001,2355000,1,L08-2,2,1,0,0,2033,2915
2385001,2390000,0,L08-2,2,1,0,0,0,2824
2390001,2395000,0,L08-2,2,1,0,0,0,269
2400001,2405000,1,L08-2,2,0,0,0,668,668
2440001,2445000,1,L08-2,2,0,0,0,12,12
2445001,2450000,1,L08-2,2,0,0,0,1748,1748
2490001,2495000,1,L08-2,2,0,0,0,1377,1377
2495001,2500000,1,L08-2,2,0,0,0,1250,1250
2500001,2505000,2,L08-2,2,0,0,0,3071,3071
2505001,2510000,1,L08-2,2,0,0,0,344,344
2585001,2590000,2,L08-2,2,0,0,0,1429,1429
2590001,2595000,1,L08-2,2,0,0,0,753,753
2595001,2600000,1,L08-2,2,0,0,0,1220,1220
2655001,2660000,1,L08-2,2,0,0,0,1415,1415
2665001,2670000,2,L08-2,2,0,0,0,2896,2896
2670001,2675000,1,L08-2,2,0,0,0,105,105
2720001,2725000,1,L08-2,2,0,0,0,1127,1127
2730001,2735000,1,L08-2,2,0,0,0,878,878
2750001,2755000,1,L08-2,2,0,0,0,747,747
2765001,2770000,1,L08-2,2,0,0,0,1472,1472
2770001,2775000,2,L08-2,2,0,0,0,2392,2392
2795001,2800000,1,L08-2,2,0,0,0,803,803
2830001,2835000,2,L08-2,2,0,0,0,822,822
2835001,2840000,2,L08-2,2,0,0,0,1437,1437
2850001,2855000,1,L08-2,2,0,0,0,196,196
2855001,2860000,1,L08-2,2,0,0,0,1159,1159
2865001,2870000,1,L08-2,2,0,0,0,737,737
2875001,2880000,4,L08-2,2,0,0,0,2723,2723
2880001,2885000,2,L08-2,2,0,0,0,1471,1471
2915001,2920000,3,L08-2,2,0,0,0,2906,2906
2920001,2925000,0,L08-2,2,0,1,1,0,0
2940001,2945000,0,L08-2,2,1,0,0,0,3092
2965001,2970000,0,L08-2,2,0,1,0,0,0
2970001,2975000,3,L08-2,2,0,0,0,1499,1499
2980001,2985000,0,L08-2,2,0,1,0,0,0
2985001,2990000,0,L08-2,2,1,0,0,0,3094
3005001,3010000,1,L08-2,2,0,0,0,1181,1181
3010001,3015000,2,L08-2,2,0,0,0,1754,1754
3065001,3070000,1,L08-2,2,0,0,0,875,875
3070001,3075000,0,L08-2,2,0,1,1,0,0
3095001,3100000,0,L08-2,2,0,1,1,0,0
3130001,3135000,1,L08-2,2,0,0,0,1098,1098
3165001,3170000,2,L08-2,2,0,0,0,1330,1330
3170001,3175000,1,L08-2,2,0,0,0,912,912
3180001,3185000,1,L08-2,2,0,0,0,5,5
3185001,3190000,1,L08-2,2,0,0,0,1149,1149
3190001,3195000,1,L08-2,2,0,0,0,416,416
3230001,3235000,1,L08-2,2,0,0,0,381,381
3235001,3240000,2,L08-2,2,0,0,0,2614,2614
3245001,3250000,1,L08-2,2,0,0,0,1892,1892
3255001,3260000,1,L08-2,2,0,0,0,653,653
3265001,3270000,2,L08-2,2,0,0,0,1606,1606
3270001,3275000,1,L08-2,2,0,0,0,511,511
3275001,3280000,3,L08-2,2,0,0,0,4088,4088
3335001,3340000,1,L08-2,2,0,0,0,375,375
3375001,3380000,1,L08-2,2,0,0,0,1701,1701
3380001,3385000,2,L08-2,2,0,0,0,2458,2458
3385001,3390000,3,L08-2,2,0,0,0,1465,1465
3390001,3395000,1,L08-2,2,0,0,0,1892,1892
3395001,3400000,4,L08-2,2,0,0,0,2711,2711
3400001,3405000,1,L08-2,2,0,0,0,1259,1259
3405001,3410000,4,L08-2,2,0,0,0,2389,2389
3435001,3440000,2,L08-2,2,0,0,0,820,820
3440001,3445000,1,L08-2,2,0,0,0,1067,1067
3455001,3460000,3,L08-2,2,0,0,0,2075,2075
3460001,3465000,2,L08-2,2,0,0,0,651,651
3465001,3470000,2,L08-2,2,0,0,0,1727,1727
3480001,3485000,0,L08-2,2,0,1,1,0,0
3490001,3495000,3,L08-2,2,0,0,0,2028,2028
3495001,3500000,2,L08-2,2,0,0,0,872,872
3500001,3505000,9,L08-2,2,0,0,0,4597,4597
3505001,3510000,14,L08-2,2,0,0,0,4688,4688
3510001,3515000,7,L08-2,2,0,0,0,2720,2720
3515001,3520000,3,L08-2,2,0,0,0,2972,2972
3540001,3545000,0,L08-2,2,1,0,0,0,2048
3545001,3550000,0,L08-2,2,1,0,0,0,1046
3555001,3560000,1,L08-2,2,0,0,0,720,720
3560001,3565000,1,L08-2,2,0,0,0,284,284
3570001,3575000,1,L08-2,2,0,0,0,1885,1885
3575001,3580000,1,L08-2,2,0,0,0,250,250
3620001,3625000,1,L08-2,2,0,0,0,1103,1103
3640001,3645000,3,L08-2,2,0,0,0,2089,2089
3645001,3650000,2,L08-2,2,0,0,0,1975,1975
3750001,3755000,1,L08-2,2,0,0,0,495,495
3755001,3760000,2,L08-2,2,0,0,0,2485,2485
3765001,3770000,0,L08-2,2,1,0,0,0,3093
3805001,3810000,1,L08-2,2,0,0,0,332,332
3810001,3815000,1,L08-2,2,0,0,0,687,687
3835001,3840000,4,L08-2,2,0,0,0,2239,2239
3840001,3845000,2,L08-2,2,0,0,0,1408,1408
3845001,3850000,2,L08-2,2,0,0,0,1284,1284
3850001,3855000,1,L08-2,2,0,0,0,1447,1447
3900001,3905000,1,L08-2,2,0,0,0,357,357
3905001,3910000,3,L08-2,2,0,0,0,3893,3893
3910001,3915000,4,L08-2,2,0,0,0,2812,2812
3935001,3940000,1,L08-2,2,0,0,0,1224,1224
3940001,3945000,2,L08-2,2,0,0,0,1975,1975
20001,25000,1,L08-3,1,0,0,0,75,75
30001,35000,0,L08-3,1,1,0,0,0,1501
35001,40000,0,L08-3,1,1,0,0,0,1591
40001,45000,1,L08-3,1,0,0,0,1226,1226
45001,50000,1,L08-3,1,0,0,0,33,33
55001,60000,2,L08-3,1,0,0,0,152,152
60001,65000,1,L08-3,1,0,0,0,76,76
65001,70000,2,L08-3,1,1,0,0,1678,2191
70001,75000,0,L08-3,1,1,0,0,0,2581
115001,120000,1,L08-3,1,0,0,0,545,545
125001,130000,1,L08-3,1,0,0,0,2581,2581
130001,135000,2,L08-3,1,0,0,0,801,801
200001,205000,1,L08-3,1,0,0,0,958,958
205001,210000,1,L08-3,1,0,0,0,2198,2198
245001,250000,1,L08-3,1,0,0,0,857,857
250001,255000,3,L08-3,1,0,0,0,2477,2477
255001,260000,5,L08-3,1,0,0,0,1540,1540
260001,265000,3,L08-3,1,0,0,0,4180,4180
265001,270000,2,L08-3,1,0,0,0,4923,4923
270001,275000,1,L08-3,1,0,0,0,10,10
330001,335000,2,L08-3,1,0,0,0,1400,1400
335001,340000,2,L08-3,1,0,0,0,2503,2503
340001,345000,1,L08-3,1,0,0,0,258,258
345001,350000,1,L08-3,1,0,0,0,1156,1156
350001,355000,1,L08-3,1,0,0,0,448,448
355001,360000,1,L08-3,1,0,0,0,88,88
450001,455000,2,L08-3,1,0,0,0,1939,1939
455001,460000,1,L08-3,1,0,0,0,566,566
465001,470000,1,L08-3,1,0,0,0,304,304
470001,475000,3,L08-3,1,0,0,0,2261,2261
475001,480000,1,L08-3,1,0,0,0,461,461
505001,510000,1,L08-3,1,0,0,0,227,227
525001,530000,1,L08-3,1,0,0,0,530,530
560001,565000,1,L08-3,1,0,0,0,2855,2855
565001,570000,2,L08-3,1,0,0,0,2182,2182
585001,590000,2,L08-3,1,0,0,0,1276,1276
640001,645000,2,L08-3,1,0,0,0,1339,1339
645001,650000,3,L08-3,1,0,0,0,3861,3861
650001,655000,1,L08-3,1,0,0,0,820,820
670001,675000,1,L08-3,1,0,0,0,479,479
675001,680000,1,L08-3,1,0,0,0,2354,2354
710001,715000,2,L08-3,1,0,0,0,1750,1750
715001,720000,5,L08-3,1,0,0,0,4997,4997
720001,725000,4,L08-3,1,0,0,0,4387,4387
725001,730000,5,L08-3,1,0,0,0,4252,4252
730001,735000,3,L08-3,1,0,0,0,3323,3323
735001,740000,1,L08-3,1,0,0,0,419,419
760001,765000,1,L08-3,1,0,0,0,662,662
775001,780000,1,L08-3,1,0,0,0,479,479
785001,790000,1,L08-3,1,0,0,0,113,113
790001,795000,2,L08-3,1,0,0,0,1510,1510
800001,805000,2,L08-3,1,0,0,0,826,826
805001,810000,6,L08-3,1,0,0,0,3843,3843
810001,815000,5,L08-3,1,0,0,0,4760,4760
815001,820000,5,L08-3,1,0,0,0,4279,4279
820001,825000,3,L08-3,1,0,0,0,4357,4357
825001,830000,2,L08-3,1,0,0,0,2164,2164
830001,835000,1,L08-3,1,0,0,0,1657,1657
835001,840000,1,L08-3,1,0,0,0,60,60
855001,860000,0,L08-3,1,1,0,0,0,3093
935001,940000,1,L08-3,1,0,0,0,974,974
965001,970000,2,L08-3,1,0,0,0,2818,2818
970001,975000,4,L08-3,1,0,0,0,2969,2969
975001,980000,2,L08-3,1,0,0,0,2761,2761
1010001,1015000,1,L08-3,1,0,0,0,113,113
1030001,1035000,1,L08-3,1,0,0,0,1929,1929
1035001,1040000,2,L08-3,1,0,0,0,1606,1606
1075001,1080000,0,L08-3,1,1,0,0,0,3092
1085001,1090000,2,L08-3,1,0,0,0,2038,2038
1090001,1095000,2,L08-3,1,0,0,0,935,935
1095001,1100000,1,L08-3,1,0,0,0,76,76
1170001,1175000,2,L08-3,1,0,0,0,2671,2671
1175001,1180000,5,L08-3,1,0,0,0,3272,3272
1180001,1185000,1,L08-3,1,0,0,0,1905,1905
1195001,1200000,1,L08-3,1,0,0,0,1538,1538
1200001,1205000,1,L08-3,1,0,0,0,84,84
1210001,1215000,1,L08-3,1,0,0,0,1664,1664
1215001,1220000,1,L08-3,1,0,0,0,530,530
1280001,1285000,0,L08-3,1,1,0,0,0,27
1285001,1290000,0,L08-3,1,1,0,0,0,3067
1305001,1310000,0,L08-3,1,1,0,0,0,1968
1310001,1315000,0,L08-3,1,1,0,0,0,1124
1425001,1430000,1,L08-3,1,0,0,0,114,114
1430001,1435000,1,L08-3,1,0,0,0,104,104
1435001,1440000,1,L08-3,1,0,0,0,3117,3117
1440001,1445000,3,L08-3,1,0,0,0,2778,2778
1465001,1470000,1,L08-3,1,0,0,0,1673,1673
1470001,1475000,3,L08-3,1,0,0,0,3221,3221
1475001,1480000,4,L08-3,1,0,0,0,2271,2271
1480001,1485000,2,L08-3,1,0,0,0,4445,4445
1490001,1495000,1,L08-3,1,0,0,0,1400,1400
1515001,1520000,1,L08-3,1,0,0,0,395,395
1520001,1525000,1,L08-3,1,0,0,0,123,123
1535001,1540000,1,L08-3,1,0,0,0,87,87
1610001,1615000,2,L08-3,1,0,0,0,3074,3074
1615001,1620000,2,L08-3,1,0,0,0,1966,1966
1620001,1625000,3,L08-3,1,0,0,0,1899,1899
1625001,1630000,2,L08-3,1,0,0,0,1642,1642
1645001,1650000,3,L08-3,1,0,0,0,2296,2296
1650001,1655000,1,L08-3,1,0,0,0,841,841
1660001,1665000,1,L08-3,1,0,0,0,57,57
1665001,1670000,1,L08-3,1,0,0,0,1048,1048
1700001,1705000,1,L08-3,1,0,0,0,584,584
1705001,1710000,3,L08-3,1,0,0,0,2421,2421
1710001,1715000,4,L08-3,1,0,0,0,3676,3676
1715001,1720000,1,L08-3,1,0,0,0,349,349
1775001,1780000,1,L08-3,1,0,0,0,2597,2597
1780001,1785000,1,L08-3,1,0,0,0,590,590
1795001,1800000,1,L08-3,1,0,0,0,788,788
1855001,1860000,0,L08-3,1,1,0,0,0,156
1860001,1865000,0,L08-3,1,1,0,0,0,2937
2020001,2025000,1,L08-3,1,0,0,0,1274,1274
2045001,2050000,1,L08-3,1,0,0,0,641,641
2095001,2100000,1,L08-3,1,0,0,0,206,206
2100001,2105000,5,L08-3,1,0,0,0,4184,4184
2105001,2110000,1,L08-3,1,0,0,0,1806,1806
2120001,2125000,0,L08-3,1,1,0,0,0,2237
2125001,2130000,1,L08-3,1,1,1,0,203,1060
2130001,2135000,1,L08-3,1,0,0,0,624,624
2150001,2155000,0,L08-3,1,1,0,0,0,3093
2170001,2175000,1,L08-3,1,0,0,0,995,995
2195001,2200000,1,L08-3,1,0,0,0,437,437
2200001,2205000,1,L08-3,1,0,0,0,258,258
2255001,2260000,1,L08-3,1,0,0,0,1771,1771
2265001,2270000,1,L08-3,1,0,0,0,950,950
2270001,2275000,1,L08-3,1,0,0,0,783,783
2280001,2285000,3,L08-3,1,0,0,0,667,667
2285001,2290000,1,L08-3,1,0,0,0,40,40
2345001,2350000,0,L08-3,1,1,0,0,0,261
2350001,2355000,0,L08-3,1,1,0,0,0,2832
2380001,2385000,0,L08-3,1,0,1,0,0,0
2400001,2405000,1,L08-3,1,0,0,0,2033,2033
2435001,2440000,0,L08-3,1,1,0,0,0,3091
2450001,2455000,1,L08-3,1,0,0,0,668,668
2490001,2495000,1,L08-3,1,0,0,0,1445,1445
2495001,2500000,1,L08-3,1,0,0,0,315,315
2540001,2545000,1,L08-3,1,0,0,0,2627,2627
2550001,2555000,2,L08-3,1,0,0,0,3415,3415
2635001,2640000,2,L08-3,1,0,0,0,2182,2182
2645001,2650000,1,L08-3,1,0,0,0,1220,1220
2705001,2710000,1,L08-3,1,0,0,0,1415,1415
2715001,2720000,2,L08-3,1,0,0,0,3000,3000
2725001,2730000,0,L08-3,1,0,1,0,0,0
2770001,2775000,1,L08-3,1,0,0,0,1127,1127
2775001,2780000,1,L08-3,1,0,0,0,486,486
2780001,2785000,1,L08-3,1,0,0,0,392,392
2795001,2800000,1,L08-3,1,0,0,0,746,746
2815001,2820000,2,L08-3,1,0,0,0,1540,1540
2820001,2825000,2,L08-3,1,0,0,0,2324,2324
2840001,2845000,1,L08-3,1,0,0,0,803,803
2880001,2885000,3,L08-3,1,0,0,0,1320,1320
2885001,2890000,1,L08-3,1,0,0,0,939,939
2900001,2905000,1,L08-3,1,0,0,0,1355,1355
2915001,2920000,1,L08-3,1,0,0,0,737,737
2920001,2925000,1,L08-3,1,0,0,0,187,187
2925001,2930000,4,L08-3,1,0,0,0,2536,2536
2930001,2935000,2,L08-3,1,0,0,0,1471,1471
2960001,2965000,3,L08-3,1,0,0,0,359,359
2965001,2970000,1,L08-3,1,0,0,0,2547,2547
2985001,2990000,0,L08-3,1,1,0,0,0,706
2990001,2995000,0,L08-3,1,1,0,0,0,2386
3015001,3020000,2,L08-3,1,0,1,0,1065,1065
3020001,3025000,2,L08-3,1,0,0,0,434,434
3035001,3040000,0,L08-3,1,1,0,0,0,3093
3055001,3060000,2,L08-3,1,0,0,0,2541,2541
3060001,3065000,1,L08-3,1,0,0,0,394,394
3115001,3120000,1,L08-3,1,0,0,0,875,875
3180001,3185000,1,L08-3,1,0,0,0,1098,1098
3215001,3220000,2,L08-3,1,0,0,0,2242,2242
3230001,3235000,1,L08-3,1,0,0,0,1154,1154
3235001,3240000,1,L08-3,1,0,0,0,372,372
3240001,3245000,1,L08-3,1,0,0,0,44,44
3280001,3285000,2,L08-3,1,0,0,0,1597,1597
3285001,3290000,1,L08-3,1,0,0,0,1398,1398
3290001,3295000,1,L08-3,1,0,0,0,1074,1074
3295001,3300000,1,L08-3,1,0,0,0,818,818
3300001,3305000,1,L08-3,1,0,0,0,653,653
3315001,3320000,2,L08-3,1,0,0,0,1606,1606
3320001,3325000,2,L08-3,1,0,0,0,1403,1403
3325001,3330000,2,L08-3,1,0,0,0,3195,3195
3380001,3385000,1,L08-3,1,0,0,0,375,375
3425001,3430000,2,L08-3,1,0,0,0,3137,3137
3430001,3435000,1,L08-3,1,0,0,0,1022,1022
3435001,3440000,3,L08-3,1,0,0,0,2927,2927
3440001,3445000,2,L08-3,1,0,0,0,1354,1354
3445001,3450000,5,L08-3,1,0,0,0,3046,3046
3450001,3455000,1,L08-3,1,0,0,0,0,0
3455001,3460000,4,L08-3,1,0,0,0,2389,2389
3485001,3490000,2,L08-3,1,0,0,0,820,820
3490001,3495000,1,L08-3,1,0,0,0,1067,1067
3505001,3510000,3,L08-3,1,0,0,0,2634,2634
3510001,3515000,2,L08-3,1,0,0,0,1545,1545
3515001,3520000,1,L08-3,1,0,0,0,274,274
3535001,3540000,1,L08-3,1,0,0,0,572,572
3540001,3545000,2,L08-3,1,0,0,0,1455,1455
3545001,3550000,4,L08-3,1,0,0,0,2278,2278
3550001,3555000,11,L08-3,1,0,0,0,4585,4585
3555001,3560000,12,L08-3,1,0,0,0,4726,4726
3560001,3565000,4,L08-3,1,0,0,0,2752,2752
3565001,3570000,3,L08-3,1,0,0,0,1508,1508
3590001,3595000,0,L08-3,1,1,0,0,0,3093
3605001,3610000,1,L08-3,1,0,0,0,1004,1004
3620001,3625000,1,L08-3,1,0,0,0,2134,2134
3665001,3670000,1,L08-3,1,0,0,0,1044,1044
3670001,3675000,1,L08-3,1,0,0,0,59,59
3690001,3695000,4,L08-3,1,0,0,0,3554,3554
3695001,3700000,1,L08-3,1,0,0,0,511,511
3800001,3805000,1,L08-3,1,0,0,0,1965,1965
3805001,3810000,2,L08-3,1,0,0,0,1015,1015
3810001,3815000,0,L08-3,1,1,0,0,0,1280
3815001,3820000,0,L08-3,1,1,0,0,0,1812
3855001,3860000,1,L08-3,1,0,0,0,1019,1019
3880001,3885000,1,L08-3,1,0,0,0,909,909
3885001,3890000,5,L08-3,1,0,0,0,2739,2739
3895001,3900000,2,L08-3,1,0,0,0,2731,2731
3950001,3955000,1,L08-3,1,0,0,0,1837,1837
3955001,3960000,5,L08-3,1,0,0,0,3269,3269
3960001,3965000,2,L08-3,1,0,0,0,1956,1956
3985001,3990000,2,L08-3,1,0,0,0,2541,2541
3990001,3995000,1,L08-3,1,0,0,0,658,658
20001,25000,1,L08-3,2,0,0,0,75,75
30001,35000,0,L08-3,2,1,0,0,0,1505
35001,40000,0,L08-3,2,1,0,0,0,1589
40001,45000,1,L08-3,2,0,0,0,1226,1226
45001,50000,1,L08-3,2,0,0,0,33,33
55001,60000,2,L08-3,2,0,0,0,152,152
60001,65000,1,L08-3,2,0,0,0,76,76
65001,70000,2,L08-3,2,1,0,0,1679,2185
70001,75000,0,L08-3,2,1,0,0,0,2586
115001,120000,1,L08-3,2,0,0,0,545,545
125001,130000,1,L08-3,2,0,0,0,2575,2575
130001,135000,2,L08-3,2,0,0,0,807,807
200001,205000,1,L08-3,2,0,0,0,959,959
205001,210000,1,L08-3,2,0,0,0,2198,2198
245001,250000,1,L08-3,2,0,0,0,857,857
250001,255000,3,L08-3,2,0,0,0,2459,2459
255001,260000,5,L08-3,2,0,0,0,1558,1558
260001,265000,3,L08-3,2,0,0,0,4162,4162
265001,270000,2,L08-3,2,0,0,0,4923,4923
270001,275000,1,L08-3,2,0,0,0,28,28
330001,335000,2,L08-3,2,0,0,0,1375,1375
335001,340000,2,L08-3,2,0,0,0,2528,2528
340001,345000,1,L08-3,2,0,0,0,232,232
345001,350000,1,L08-3,2,0,0,0,1183,1183
350001,355000,1,L08-3,2,0,0,0,421,421
355001,360000,1,L08-3,2,0,0,0,115,115
450001,455000,2,L08-3,2,0,0,0,1939,1939
455001,460000,1,L08-3,2,0,0,0,566,566
465001,470000,1,L08-3,2,0,0,0,269,269
470001,475000,3,L08-3,2,0,0,0,2296,2296
475001,480000,1,L08-3,2,0,0,0,461,461
505001,510000,1,L08-3,2,0,0,0,227,227
525001,530000,1,L08-3,2,0,0,0,530,530
530001,535000,1,L08-3,2,0,0,0,0,0
560001,565000,1,L08-3,2,0,0,0,2855,2855
565001,570000,2,L08-3,2,0,0,0,2182,2182
585001,590000,2,L08-3,2,0,0,0,1276,1276
640001,645000,2,L08-3,2,0,0,0,1303,1303
645001,650000,3,L08-3,2,0,0,0,3898,3898
650001,655000,1,L08-3,2,0,0,0,821,821
670001,675000,1,L08-3,2,0,0,0,479,479
675001,680000,1,L08-3,2,0,0,0,2354,2354
710001,715000,2,L08-3,2,0,0,0,1707,1707
715001,720000,5,L08-3,2,0,0,0,4997,4997
720001,725000,4,L08-3,2,0,0,0,4431,4431
725001,730000,5,L08-3,2,0,0,0,4208,4208
730001,735000,3,L08-3,2,0,0,0,3323,3323
735001,740000,1,L08-3,2,0,0,0,463,463
760001,765000,1,L08-3,2,0,0,0,662,662
775001,780000,1,L08-3,2,0,0,0,479,479
785001,790000,1,L08-3,2,0,0,0,67,67
790001,795000,2,L08-3,2,0,0,0,1557,1557
800001,805000,1,L08-3,2,0,0,0,824,824
805001,810000,6,L08-3,2,0,0,0,3802,3802
810001,815000,5,L08-3,2,0,0,0,4759,4759
815001,820000,5,L08-3,2,0,0,0,4280,4280
820001,825000,3,L08-3,2,0,0,0,4357,4357
825001,830000,2,L08-3,2,0,0,0,2207,2207
830001,835000,1,L08-3,2,0,0,0,1615,1615
835001,840000,1,L08-3,2,0,0,0,103,103
855001,860000,0,L08-3,2,1,0,0,0,3093
935001,940000,1,L08-3,2,0,0,0,974,974
965001,970000,2,L08-3,2,0,0,0,2818,2818
970001,975000,4,L08-3,2,0,0,0,2969,2969
975001,980000,2,L08-3,2,0,0,0,2761,2761
1010001,1015000,1,L08-3,2,0,0,0,113,113
1030001,1035000,1,L08-3,2,0,0,0,1931,1931
1035001,1040000,2,L08-3,2,0,0,0,1606,1606
1075001,1080000,0,L08-3,2,1,0,0,0,3093
1085001,1090000,2,L08-3,2,0,0,0,1990,1990
1090001,1095000,2,L08-3,2,0,0,0,983,983
1095001,1100000,1,L08-3,2,0,0,0,76,76
1170001,1175000,2,L08-3,2,0,0,0,2615,2615
1175001,1180000,5,L08-3,2,0,0,0,3269,3269
1180001,1185000,1,L08-3,2,0,0,0,1964,1964
1195001,1200000,1,L08-3,2,0,0,0,1538,1538
1200001,1205000,1,L08-3,2,0,0,0,84,84
1210001,1215000,1,L08-3,2,0,0,0,1664,1664
1215001,1220000,1,L08-3,2,0,0,0,530,530
1285001,1290000,0,L08-3,2,1,0,0,0,3093
1305001,1310000,0,L08-3,2,1,0,0,0,1911
1310001,1315000,0,L08-3,2,1,0,0,0,1182
1425001,1430000,1,L08-3,2,0,0,0,47,47
1430001,1435000,1,L08-3,2,0,0,0,171,171
1435001,1440000,1,L08-3,2,0,0,0,3049,3049
1440001,1445000,3,L08-3,2,0,0,0,2846,2846
1465001,1470000,1,L08-3,2,0,0,0,1673,1673
1470001,1475000,3,L08-3,2,0,0,0,3153,3153
1475001,1480000,3,L08-3,2,0,0,0,2271,2271
1480001,1485000,2,L08-3,2,0,0,0,4512,4512
1490001,1495000,1,L08-3,2,0,0,0,1400,1400
1515001,1520000,1,L08-3,2,0,0,0,326,326
1520001,1525000,1,L08-3,2,0,0,0,192,192
1535001,1540000,1,L08-3,2,0,0,0,87,87
1610001,1615000,2,L08-3,2,0,0,0,2996,2996
1615001,1620000,2,L08-3,2,0,0,0,2044,2044
1620001,1625000,3,L08-3,2,0,0,0,1899,1899
1625001,1630000,2,L08-3,2,0,0,0,1642,1642
1645001,1650000,3,L08-3,2,0,0,0,2218,2218
1650001,1655000,1,L08-3,2,0,0,0,919,919
1665001,1670000,1,L08-3,2,0,0,0,1106,1106
1700001,1705000,1,L08-3,2,0,0,0,584,584
1705001,1710000,3,L08-3,2,0,0,0,2421,2421
1710001,1715000,4,L08-3,2,0,0,0,3597,3597
1715001,1720000,1,L08-3,2,0,0,0,428,428
1775001,1780000,1,L08-3,2,0,0,0,2597,2597
1780001,1785000,1,L08-3,2,0,1,1,590,590
1795001,1800000,1,L08-3,2,0,0,0,788,788
1855001,1860000,0,L08-3,2,1,0,0,0,64
1860001,1865000,0,L08-3,2,1,0,0,0,3029
2020001,2025000,1,L08-3,2,0,0,0,1274,1274
2045001,2050000,1,L08-3,2,0,0,0,641,641
2095001,2100000,1,L08-3,2,0,0,0,97,97
2100001,2105000,5,L08-3,2,0,0,0,4183,4183
2105001,2110000,2,L08-3,2,0,0,0,1916,1916
2120001,2125000,0,L08-3,2,1,0,0,0,2127
2125001,2130000,1,L08-3,2,1,0,0,827,1793
2150001,2155000,0,L08-3,2,1,0,0,0,3093
2170001,2175000,1,L08-3,2,0,0,0,995,995
2195001,2200000,1,L08-3,2,0,0,0,695,695
2255001,2260000,1,L08-3,2,0,0,0,1772,1772
2265001,2270000,1,L08-3,2,0,0,0,1733,1733
2280001,2285000,3,L08-3,2,0,0,0,707,707
2335001,2340000,0,L08-3,2,0,1,0,0,0
2345001,2350000,0,L08-3,2,1,0,0,0,1117
2350001,2355000,0,L08-3,2,1,0,0,0,1976
2370001,2375000,1,L08-3,2,0,0,0,2033,2033
2405001,2410000,0,L08-3,2,1,0,0,0,2445
2410001,2415000,0,L08-3,2,1,0,0,0,649
2695001,2700000,0,L08-3,2,1,0,0,0,2390
2700001,2705000,0,L08-3,2,1,0,0,0,703
3030001,3035000,1,L08-3,2,0,0,0,881,881
3035001,3040000,1,L08-3,2,0,0,0,246,246
3040001,3045000,1,L08-3,2,0,0,0,878,878
3060001,3065000,1,L08-3,2,0,0,0,746,746
3075001,3080000,1,L08-3,2,0,0,0,1472,1472
3080001,3085000,2,L08-3,2,0,0,0,2392,2392
3105001,3110000,1,L08-3,2,0,0,0,803,803
3140001,3145000,2,L08-3,2,0,0,0,392,392
3145001,3150000,2,L08-3,2,0,0,0,1867,1867
3165001,3170000,1,L08-3,2,0,0,0,1355,1355
3175001,3180000,1,L08-3,2,0,0,0,738,738
3185001,3190000,4,L08-3,2,0,0,0,2420,2420
3190001,3195000,3,L08-3,2,0,0,0,1774,1774
3225001,3230000,3,L08-3,2,0,0,0,2906,2906
3250001,3255000,1,L08-3,2,1,0,0,361,3454
3255001,3260000,3,L08-3,2,0,0,0,1139,1139
3270001,3275000,0,L08-3,2,1,0,0,0,3093
3290001,3295000,2,L08-3,2,0,0,0,1833,1833
3295001,3300000,1,L08-3,2,0,0,0,1102,1102
3350001,3355000,1,L08-3,2,0,0,0,875,875
3415001,3420000,1,L08-3,2,0,0,0,1098,1098
3450001,3455000,2,L08-3,2,0,0,0,2063,2063
3455001,3460000,1,L08-3,2,0,0,0,179,179
3465001,3470000,1,L08-3,2,0,0,0,737,737
3470001,3475000,1,L08-3,2,0,0,0,417,417
3475001,3480000,1,L08-3,2,0,0,0,416,416
3515001,3520000,2,L08-3,2,0,0,0,878,878
3520001,3525000,1,L08-3,2,0,0,0,2118,2118
3525001,3530000,1,L08-3,2,0,0,0,350,350
3530001,3535000,1,L08-3,2,0,0,0,1542,1542
3535001,3540000,1,L08-3,2,0,0,0,41,41
3540001,3545000,1,L08-3,2,0,0,0,612,612
3550001,3555000,2,L08-3,2,0,0,0,1606,1606
3555001,3560000,1,L08-3,2,0,0,0,1013,1013
3560001,3565000,2,L08-3,2,0,0,0,3586,3586
3615001,3620000,1,L08-3,2,0,0,0,376,376
3660001,3665000,1,L08-3,2,0,0,0,2430,2430
3665001,3670000,2,L08-3,2,0,0,0,1729,1729
3670001,3675000,3,L08-3,2,0,0,0,2194,2194
3675001,3680000,2,L08-3,2,0,0,0,1353,1353
3680001,3685000,5,L08-3,2,0,0,0,3058,3058
3685001,3690000,1,L08-3,2,0,0,0,722,722
3690001,3695000,4,L08-3,2,0,0,0,2389,2389
3720001,3725000,2,L08-3,2,0,0,0,820,820
3725001,3730000,1,L08-3,2,0,0,0,1067,1067
3740001,3745000,3,L08-3,2,0,0,0,2634,2634
3745001,3750000,2,L08-3,2,0,0,0,808,808
3750001,3755000,1,L08-3,2,0,0,0,1011,1011
3770001,3775000,1,L08-3,2,0,0,0,412,412
3775001,3780000,3,L08-3,2,0,0,0,1616,1616
3780001,3785000,3,L08-3,2,0,0,0,1572,1572
3785001,3790000,10,L08-3,2,0,0,0,4600,4600
3790001,3795000,12,L08-3,2,0,0,0,4697,4697
3795001,3800000,6,L08-3,2,0,0,0,2734,2734
3800001,3805000,3,L08-3,2,0,0,0,2246,2246
3825001,3830000,0,L08-3,2,1,0,0,0,2774
3830001,3835000,0,L08-3,2,1,0,0,0,319
3840001,3845000,1,L08-3,2,0,0,0,1004,1004
3855001,3860000,1,L08-3,2,0,0,0,2135,2135
3900001,3905000,1,L08-3,2,0,0,0,305,305
3905001,3910000,1,L08-3,2,0,0,0,798,798
3925001,3930000,4,L08-3,2,0,0,0,2812,2812
3930001,3935000,1,L08-3,2,0,0,0,1252,1252
4035001,4040000,1,L08-3,2,0,0,0,1219,1219
4040001,4045000,2,L08-3,2,0,0,0,1761,1761
4045001,4050000,0,L08-3,2,1,0,0,0,534
4050001,4055000,0,L08-3,2,1,0,0,0,2559
4090001,4095000,1,L08-3,2,0,0,0,1019,1019
4115001,4120000,1,L08-3,2,0,0,0,161,161
4120001,4125000,4,L08-3,2,0,0,0,2801,2801
4125001,4130000,2,L08-3,2,0,0,0,685,685
4130001,4135000,2,L08-3,2,0,0,0,2007,2007
4135001,4140000,1,L08-3,2,0,0,0,724,724
4185001,4190000,1,L08-3,2,0,0,0,1081,1081
4190001,4195000,3,L08-3,2,0,0,0,3836,3836
4195001,4200000,3,L08-3,2,0,0,0,2145,2145
4220001,4225000,1,L08-3,2,0,0,0,1829,1829
4225001,4230000,1,L08-3,2,0,0,0,1370,1370
20001,25000,1,L08-4,1,0,0,0,75,75
30001,35000,0,L08-4,1,1,0,0,0,1501
35001,40000,0,L08-4,1,1,0,0,0,1591
40001,45000,1,L08-4,1,0,0,0,1226,1226
45001,50000,1,L08-4,1,0,0,0,33,33
55001,60000,2,L08-4,1,0,0,0,152,152
60001,65000,1,L08-4,1,0,0,0,76,76
65001,70000,2,L08-4,1,1,0,0,1678,2191
70001,75000,0,L08-4,1,1,0,0,0,2581
115001,120000,1,L08-4,1,0,0,0,545,545
125001,130000,1,L08-4,1,0,0,0,2581,2581
130001,135000,2,L08-4,1,0,0,0,801,801
200001,205000,1,L08-4,1,0,0,0,958,958
205001,210000,1,L08-4,1,0,0,0,2198,2198
245001,250000,1,L08-4,1,0,0,0,857,857
250001,255000,3,L08-4,1,0,0,0,2477,2477
255001,260000,5,L08-4,1,0,0,0,1540,1540
260001,265000,3,L08-4,1,0,0,0,4180,4180
265001,270000,2,L08-4,1,0,0,0,4923,4923
270001,275000,1,L08-4,1,0,0,0,10,10
330001,335000,2,L08-4,1,0,0,0,1400,1400
335001,340000,2,L08-4,1,0,0,0,2503,2503
340001,345000,1,L08-4,1,0,0,0,258,258
345001,350000,1,L08-4,1,0,0,0,1156,1156
350001,355000,1,L08-4,1,0,0,0,448,448
355001,360000,1,L08-4,1,0,0,0,88,88
450001,455000,2,L08-4,1,0,0,0,1939,1939
455001,460000,1,L08-4,1,0,0,0,566,566
465001,470000,1,L08-4,1,0,0,0,304,304
470001,475000,3,L08-4,1,0,0,0,2261,2261
475001,480000,1,L08-4,1,0,0,0,461,461
505001,510000,1,L08-4,1,0,0,0,227,227
525001,530000,1,L08-4,1,0,0,0,530,530
560001,565000,1,L08-4,1,0,0,0,2855,2855
565001,570000,2,L08-4,1,0,0,0,2182,2182
585001,590000,2,L08-4,1,0,0,0,1276,1276
640001,645000,2,L08-4,1,0,0,0,1339,1339
645001,650000,3,L08-4,1,0,0,0,3861,3861
650001,655000,1,L08-4,1,0,0,0,820,820
670001,675000,1,L08-4,1,0,0,0,479,479
675001,680000,1,L08-4,1,0,0,0,2354,2354
710001,715000,2,L08-4,1,0,0,0,1750,1750
715001,720000,5,L08-4,1,0,0,0,4997,4997
720001,725000,4,L08-4,1,0,0,0,4387,4387
725001,730000,5,L08-4,1,0,0,0,4252,4252
730001,735000,3,L08-4,1,0,0,0,3323,3323
735001,740000,1,L08-4,1,0,0,0,419,419
760001,765000,1,L08-4,1,0,0,0,662,662
775001,780000,1,L08-4,1,0,0,0,479,479
785001,790000,1,L08-4,1,0,0,0,113,113
790001,795000,2,L08-4,1,0,0,0,1510,1510
800001,805000,2,L08-4,1,0,0,0,826,826
805001,810000,6,L08-4,1,0,0,0,3843,3843
810001,815000,5,L08-4,1,0,0,0,4760,4760
815001,820000,5,L08-4,1,0,0,0,4279,4279
820001,825000,3,L08-4,1,0,0,0,4357,4357
825001,830000,2,L08-4,1,0,0,0,2164,2164
830001,835000,1,L08-4,1,0,0,0,1657,1657
835001,840000,1,L08-4,1,0,0,0,60,60
850001,855000,0,L08-4,1,0,1,0,0,0
855001,860000,0,L08-4,1,1,0,0,0,3093
935001,940000,1,L08-4,1,0,0,0,974,974
965001,970000,2,L08-4,1,0,0,0,2818,2818
970001,975000,4,L08-4,1,0,0,0,2969,2969
975001,980000,2,L08-4,1,0,0,0,2761,2761
1010001,1015000,1,L08-4,1,0,0,0,113,113
1030001,1035000,1,L08-4,1,0,0,0,1929,1929
1035001,1040000,2,L08-4,1,0,0,0,1606,1606
1075001,1080000,0,L08-4,1,1,0,0,0,3092
1085001,1090000,2,L08-4,1,0,0,0,2038,2038
1090001,1095000,2,L08-4,1,0,0,0,935,935
1095001,1100000,1,L08-4,1,0,0,0,76,76
1170001,1175000,2,L08-4,1,0,0,0,2671,2671
1175001,1180000,5,L08-4,1,0,0,0,3272,3272
1180001,1185000,1,L08-4,1,0,0,0,1905,1905
1195001,1200000,1,L08-4,1,0,0,0,1538,1538
1200001,1205000,1,L08-4,1,0,0,0,84,84
1210001,1215000,1,L08-4,1,0,0,0,1664,1664
1215001,1220000,1,L08-4,1,0,0,0,530,530
1280001,1285000,0,L08-4,1,1,0,0,0,27
1285001,1290000,0,L08-4,1,1,0,0,0,3067
1305001,1310000,0,L08-4,1,1,0,0,0,1968
1310001,1315000,0,L08-4,1,1,0,0,0,1124
1425001,1430000,1,L08-4,1,0,0,0,114,114
1430001,1435000,1,L08-4,1,0,0,0,104,104
1435001,1440000,1,L08-4,1,0,0,0,3117,3117
1440001,1445000,3,L08-4,1,0,0,0,2778,2778
1465001,1470000,1,L08-4,1,0,0,0,1673,1673
1470001,1475000,3,L08-4,1,0,0,0,3221,3221
1475001,1480000,4,L08-4,1,0,0,0,2271,2271
1480001,1485000,2,L08-4,1,0,0,0,4445,4445
1490001,1495000,1,L08-4,1,0,0,0,1400,1400
1515001,1520000,1,L08-4,1,0,0,0,395,395
1520001,1525000,1,L08-4,1,0,0,0,123,123
1535001,1540000,1,L08-4,1,0,0,0,87,87
1610001,1615000,2,L08-4,1,0,0,0,3074,3074
1615001,1620000,2,L08-4,1,0,0,0,1966,1966
1620001,1625000,3,L08-4,1,0,0,0,1899,1899
1625001,1630000,2,L08-4,1,0,0,0,1642,1642
1645001,1650000,3,L08-4,1,0,0,0,2296,2296
1650001,1655000,1,L08-4,1,0,0,0,841,841
1660001,1665000,1,L08-4,1,0,0,0,57,57
1665001,1670000,1,L08-4,1,0,0,0,1048,1048
1700001,1705000,1,L08-4,1,0,0,0,584,584
1705001,1710000,3,L08-4,1,0,0,0,2421,2421
1710001,1715000,4,L08-4,1,0,0,0,3676,3676
1715001,1720000,1,L08-4,1,0,0,0,349,349
1775001,1780000,1,L08-4,1,0,0,0,2597,2597
1780001,1785000,1,L08-4,1,0,0,0,590,590
1795001,1800000,1,L08-4,1,0,0,0,788,788
1855001,1860000,0,L08-4,1,1,0,0,0,156
1860001,1865000,0,L08-4,1,1,0,0,0,2937
2020001,2025000,1,L08-4,1,0,0,0,1274,1274
2045001,2050000,1,L08-4,1,0,0,0,641,641
2095001,2100000,1,L08-4,1,0,0,0,206,206
2100001,2105000,5,L08-4,1,0,0,0,4184,4184
2105001,2110000,1,L08-4,1,0,0,0,1806,1806
2120001,2125000,0,L08-4,1,1,1,0,0,2237
2125001,2130000,1,L08-4,1,1,0,0,203,1060
2130001,2135000,1,L08-4,1,0,0,0,624,624
2150001,2155000,0,L08-4,1,1,0,0,0,3093
2170001,2175000,1,L08-4,1,0,0,0,995,995
2195001,2200000,1,L08-4,1,0,0,0,437,437
2200001,2205000,1,L08-4,1,0,0,0,258,258
2255001,2260000,1,L08-4,1,0,0,0,1771,1771
2265001,2270000,1,L08-4,1,0,0,0,950,950
2270001,2275000,1,L08-4,1,0,0,0,783,783
2280001,2285000,3,L08-4,1,0,0,0,667,667
2285001,2290000,1,L08-4,1,0,0,0,40,40
2345001,2350000,0,L08-4,1,1,0,0,0,261
2350001,2355000,0,L08-4,1,1,0,0,0,2832
2400001,2405000,1,L08-4,1,0,0,0,2033,2033
2435001,2440000,0,L08-4,1,1,0,0,0,3091
2450001,2455000,1,L08-4,1,0,0,0,668,668
2490001,2495000,1,L08-4,1,0,0,0,1445,1445
2495001,2500000,1,L08-4,1,0,0,0,315,315
2540001,2545000,1,L08-4,1,0,0,0,2627,2627
2550001,2555000,2,L08-4,1,0,0,0,3415,3415
2635001,2640000,2,L08-4,1,0,0,0,2182,2182
2645001,2650000,1,L08-4,1,0,0,0,1220,1220
2705001,2710000,1,L08-4,1,0,0,0,1415,1415
2715001,2720000,2,L08-4,1,0,0,0,3000,3000
2770001,2775000,1,L08-4,1,0,0,0,1127,1127
2775001,2780000,1,L08-4,1,0,0,0,486,486
2780001,2785000,1,L08-4,1,0,0,0,392,392
2795001,2800000,1,L08-4,1,0,0,0,746,746
2815001,2820000,2,L08-4,1,0,0,0,1540,1540
2820001,2825000,2,L08-4,1,0,0,0,2324,2324
2840001,2845000,1,L08-4,1,0,0,0,803,803
2880001,2885000,3,L08-4,1,0,0,0,1320,1320
2885001,2890000,1,L08-4,1,0,0,0,939,939
2900001,2905000,1,L08-4,1,0,0,0,1355,1355
2915001,2920000,1,L08-4,1,0,0,0,737,737
2920001,2925000,1,L08-4,1,0,0,0,187,187
2925001,2930000,4,L08-4,1,0,0,0,2536,2536
2930001,2935000,2,L08-4,1,0,0,0,1471,1471
2960001,2965000,3,L08-4,1,0,0,0,359,359
2965001,2970000,1,L08-4,1,0,0,0,2547,2547
2985001,2990000,0,L08-4,1,1,0,0,0,706
2990001,2995000,0,L08-4,1,1,0,0,0,2386
3015001,3020000,2,L08-4,1,0,0,0,1065,1065
3020001,3025000,2,L08-4,1,0,0,0,434,434
3030001,3035000,0,L08-4,1,0,1,0,0,0
3035001,3040000,0,L08-4,1,1,0,0,0,3093
3055001,3060000,2,L08-4,1,0,0,0,2541,2541
3060001,3065000,1,L08-4,1,0,0,0,394,394
3115001,3120000,1,L08-4,1,0,0,0,875,875
3180001,3185000,1,L08-4,1,0,0,0,1098,1098
3215001,3220000,2,L08-4,1,0,0,0,2242,2242
3230001,3235000,1,L08-4,1,0,0,0,1154,1154
3235001,3240000,1,L08-4,1,0,0,0,372,372
3240001,3245000,1,L08-4,1,0,0,0,44,44
3280001,3285000,2,L08-4,1,0,0,0,1597,1597
3285001,3290000,1,L08-4,1,0,0,0,1398,1398
3290001,3295000,1,L08-4,1,0,0,0,1074,1074
3295001,3300000,1,L08-4,1,0,0,0,818,818
3300001,3305000,1,L08-4,1,0,0,0,653,653
3315001,3320000,2,L08-4,1,0,0,0,1606,1606
3320001,3325000,2,L08-4,1,0,0,0,1403,1403
3325001,3330000,2,L08-4,1,0,0,0,3195,3195
3380001,3385000,1,L08-4,1,0,0,0,375,375
3425001,3430000,2,L08-4,1,0,0,0,3137,3137
3430001,3435000,1,L08-4,1,0,0,0,1022,1022
3435001,3440000,3,L08-4,1,0,0,0,2927,2927
3440001,3445000,2,L08-4,1,0,0,0,1354,1354
3445001,3450000,5,L08-4,1,0,0,0,3046,3046
3450001,3455000,1,L08-4,1,0,0,0,0,0
3455001,3460000,4,L08-4,1,0,0,0,2389,2389
3485001,3490000,2,L08-4,1,0,0,0,820,820
3490001,3495000,1,L08-4,1,0,0,0,1067,1067
3505001,3510000,3,L08-4,1,0,0,0,2634,2634
3510001,3515000,2,L08-4,1,0,0,0,1545,1545
3515001,3520000,1,L08-4,1,0,0,0,274,274
3535001,3540000,1,L08-4,1,0,0,0,572,572
3540001,3545000,2,L08-4,1,0,0,0,1455,1455
3545001,3550000,4,L08-4,1,0,0,0,2278,2278
3550001,3555000,11,L08-4,1,0,0,0,4585,4585
3555001,3560000,12,L08-4,1,0,0,0,4726,4726
3560001,3565000,4,L08-4,1,0,0,0,2752,2752
3565001,3570000,3,L08-4,1,0,0,0,1508,1508
3590001,3595000,0,L08-4,1,1,0,0,0,3093
3605001,3610000,1,L08-4,1,0,0,0,1004,1004
3620001,3625000,1,L08-4,1,0,0,0,2134,2134
3635001,3640000,0,L08-4,1,0,1,1,0,0
3665001,3670000,1,L08-4,1,0,0,0,1044,1044
3670001,3675000,1,L08-4,1,0,0,0,59,59
3690001,3695000,4,L08-4,1,0,0,0,3554,3554
3695001,3700000,1,L08-4,1,0,0,0,511,511
3800001,3805000,1,L08-4,1,0,0,0,1965,1965
3805001,3810000,2,L08-4,1,0,0,0,1015,1015
3810001,3815000,0,L08-4,1,1,0,0,0,1280
3815001,3820000,0,L08-4,1,1,0,0,0,1812
3855001,3860000,1,L08-4,1,0,0,0,1019,1019
3880001,3885000,1,L08-4,1,0,0,0,909,909
3885001,3890000,5,L08-4,1,0,0,0,2739,2739
3895001,3900000,2,L08-4,1,0,0,0,2731,2731
3950001,3955000,1,L08-4,1,0,0,0,1837,1837
3955001,3960000,5,L08-4,1,0,0,0,3269,3269
3960001,3965000,2,L08-4,1,0,0,0,1956,1956
3985001,3990000,2,L08-4,1,0,0,0,2541,2541
3990001,3995000,1,L08-4,1,0,0,0,658,658
20001,25000,1,L08-4,2,0,0,0,75,75
30001,35000,0,L08-4,2,1,0,0,0,1505
35001,40000,0,L08-4,2,1,0,0,0,1589
40001,45000,1,L08-4,2,0,0,0,1225,1225
45001,50000,1,L08-4,2,0,0,0,34,34
55001,60000,2,L08-4,2,0,0,0,152,152
60001,65000,1,L08-4,2,0,0,0,76,76
65001,70000,2,L08-4,2,1,0,0,1678,2185
70001,75000,0,L08-4,2,1,0,0,0,2586
115001,120000,1,L08-4,2,0,0,0,545,545
125001,130000,1,L08-4,2,0,0,0,2575,2575
130001,135000,2,L08-4,2,0,0,0,807,807
200001,205000,1,L08-4,2,0,0,0,959,959
205001,210000,1,L08-4,2,0,0,0,2198,2198
245001,250000,1,L08-4,2,0,0,0,857,857
250001,255000,3,L08-4,2,0,0,0,2461,2461
255001,260000,5,L08-4,2,0,0,0,1556,1556
260001,265000,3,L08-4,2,0,0,0,4164,4164
265001,270000,2,L08-4,2,0,0,0,4923,4923
270001,275000,1,L08-4,2,0,0,0,26,26
330001,335000,2,L08-4,2,0,0,0,1377,1377
335001,340000,2,L08-4,2,0,0,0,2526,2526
340001,345000,1,L08-4,2,0,0,0,234,234
345001,350000,1,L08-4,2,0,0,0,1181,1181
350001,355000,1,L08-4,2,0,0,0,423,423
355001,360000,1,L08-4,2,0,0,0,113,113
450001,455000,2,L08-4,2,0,0,0,1939,1939
455001,460000,1,L08-4,2,0,0,0,566,566
465001,470000,1,L08-4,2,0,0,0,271,271
470001,475000,3,L08-4,2,0,0,0,2294,2294
475001,480000,1,L08-4,2,0,0,0,461,461
505001,510000,1,L08-4,2,0,0,0,227,227
515001,520000,0,L08-4,2,0,1,1,0,0
525001,530000,1,L08-4,2,0,0,0,530,530
530001,535000,1,L08-4,2,0,0,0,0,0
560001,565000,1,L08-4,2,0,0,0,2855,2855
565001,570000,2,L08-4,2,0,0,0,2182,2182
585001,590000,2,L08-4,2,0,0,0,1276,1276
640001,645000,2,L08-4,2,0,0,0,1305,1305
645001,650000,3,L08-4,2,0,0,0,3896,3896
650001,655000,1,L08-4,2,0,0,0,821,821
670001,675000,1,L08-4,2,0,0,0,479,479
675001,680000,1,L08-4,2,0,0,0,2354,2354
710001,715000,2,L08-4,2,0,0,0,1711,1711
715001,720000,5,L08-4,2,0,0,0,4997,4997
720001,725000,4,L08-4,2,0,0,0,4426,4426
725001,730000,5,L08-4,2,0,0,0,4212,4212
730001,735000,3,L08-4,2,0,0,0,3323,3323
735001,740000,1,L08-4,2,0,0,0,459,459
760001,765000,1,L08-4,2,0,0,0,662,662
775001,780000,1,L08-4,2,0,0,0,479,479
785001,790000,1,L08-4,2,0,0,0,75,75
790001,795000,2,L08-4,2,0,0,0,1549,1549
800001,805000,1,L08-4,2,0,0,0,824,824
805001,810000,6,L08-4,2,0,0,0,3809,3809
810001,815000,5,L08-4,2,0,0,0,4759,4759
815001,820000,5,L08-4,2,0,0,0,4280,4280
820001,825000,3,L08-4,2,0,0,0,4357,4357
825001,830000,2,L08-4,2,0,0,0,2200,2200
830001,835000,1,L08-4,2,0,0,0,1622,1622
835001,840000,1,L08-4,2,0,0,0,96,96
850001,855000,0,L08-4,2,1,0,0,0,2122
855001,860000,0,L08-4,2,1,0,0,0,971
930001,935000,1,L08-4,2,0,0,0,325,325
935001,940000,1,L08-4,2,0,0,0,649,649
960001,965000,1,L08-4,2,0,0,0,1339,1339
965001,970000,3,L08-4,2,0,0,0,2010,2010
970001,975000,5,L08-4,2,0,0,0,3109,3109
975001,980000,2,L08-4,2,0,0,0,2090,2090
1010001,1015000,1,L08-4,2,0,0,0,113,113
1025001,1030000,1,L08-4,2,0,0,0,1894,1894
1030001,1035000,3,L08-4,2,0,0,0,1612,1612
1035001,1040000,1,L08-4,2,0,0,0,31,31
1070001,1075000,0,L08-4,2,1,0,0,0,1221
1075001,1080000,0,L08-4,2,1,0,0,0,1872
1085001,1090000,3,L08-4,2,0,0,0,2974,2974
1095001,1100000,1,L08-4,2,0,0,0,76,76
1170001,1175000,3,L08-4,2,0,0,0,3196,3196
1175001,1180000,4,L08-4,2,0,0,0,4652,4652
1190001,1195000,1,L08-4,2,0,0,0,1538,1538
1200001,1205000,1,L08-4,2,0,0,0,84,84
1205001,1210000,1,L08-4,2,0,0,0,207,207
1210001,1215000,2,L08-4,2,0,0,0,1822,1822
1215001,1220000,1,L08-4,2,0,0,0,165,165
1280001,1285000,0,L08-4,2,1,0,0,0,2265
1285001,1290000,0,L08-4,2,1,0,0,0,829
1305001,1310000,0,L08-4,2,1,0,0,0,3094
1425001,1430000,1,L08-4,2,0,0,0,218,218
1430001,1435000,1,L08-4,2,0,0,0,348,348
1435001,1440000,2,L08-4,2,0,0,0,4255,4255
1440001,1445000,1,L08-4,2,0,0,0,1292,1292
1460001,1465000,1,L08-4,2,0,0,0,1577,1577
1465001,1470000,3,L08-4,2,0,0,0,2047,2047
1470001,1475000,2,L08-4,2,0,0,0,1526,1526
1475001,1480000,3,L08-4,2,0,0,0,4245,4245
1480001,1485000,1,L08-4,2,0,0,0,2214,2214
1485001,1490000,1,L08-4,2,0,0,0,988,988
1490001,1495000,1,L08-4,2,0,0,0,412,412
1515001,1520000,1,L08-4,2,0,0,0,518,518
1530001,1535000,1,L08-4,2,0,0,0,87,87
1605001,1610000,1,L08-4,2,0,0,0,508,508
1610001,1615000,3,L08-4,2,0,0,0,4532,4532
1615001,1620000,1,L08-4,2,0,0,0,210,210
1620001,1625000,3,L08-4,2,0,0,0,1689,1689
1625001,1630000,2,L08-4,2,0,0,0,1642,1642
1645001,1650000,3,L08-4,2,0,0,0,3137,3137
1660001,1665000,1,L08-4,2,0,0,0,1106,1106
1700001,1705000,1,L08-4,2,0,0,0,584,584
1705001,1710000,5,L08-4,2,0,0,0,4552,4552
1710001,1715000,3,L08-4,2,0,0,0,1894,1894
1770001,1775000,1,L08-4,2,0,0,0,1037,1037
1775001,1780000,1,L08-4,2,0,0,0,1560,1560
1780001,1785000,1,L08-4,2,0,0,0,590,590
1790001,1795000,1,L08-4,2,0,0,0,788,788
1855001,1860000,0,L08-4,2,1,0,0,0,2364
1860001,1865000,0,L08-4,2,1,0,0,0,729
2015001,2020000,1,L08-4,2,0,0,0,1274,1274
2040001,2045000,1,L08-4,2,0,0,0,355,355
2045001,2050000,1,L08-4,2,0,0,0,286,286
2095001,2100000,2,L08-4,2,0,0,0,2387,2387
2100001,2105000,5,L08-4,2,0,0,0,3809,3809
2115001,2120000,0,L08-4,2,1,0,0,0,61
2120001,2125000,0,L08-4,2,1,0,0,0,3032
2125001,2130000,1,L08-4,2,0,0,0,827,827
2145001,2150000,0,L08-4,2,1,0,0,0,1493
2150001,2155000,0,L08-4,2,1,0,0,0,1599
2170001,2175000,1,L08-4,2,0,0,0,995,995
2195001,2200000,1,L08-4,2,0,0,0,695,695
2250001,2255000,1,L08-4,2,0,0,0,82,82
2255001,2260000,1,L08-4,2,0,0,0,1690,1690
2265001,2270000,1,L08-4,2,0,0,0,1733,1733
2280001,2285000,3,L08-4,2,0,0,0,707,707
2320001,2325000,0,L08-4,2,0,1,1,0,0
2345001,2350000,0,L08-4,2,1,0,0,0,3081
2350001,2355000,0,L08-4,2,1,0,0,0,11
2395001,2400000,1,L08-4,2,0,0,0,2033,2033
2430001,2435000,0,L08-4,2,1,0,0,0,2073
2435001,2440000,0,L08-4,2,1,0,0,0,1021
2445001,2450000,1,L08-4,2,0,0,0,652,652
2450001,2455000,1,L08-4,2,0,0,0,16,16
2490001,2495000,1,L08-4,2,0,0,0,1761,1761
2535001,2540000,1,L08-4,2,0,0,0,630,630
2540001,2545000,1,L08-4,2,0,0,0,1997,1997
2545001,2550000,2,L08-4,2,0,0,0,2323,2323
2550001,2555000,1,L08-4,2,0,0,0,1092,1092
2630001,2635000,1,L08-4,2,0,0,0,749,749
2635001,2640000,2,L08-4,2,0,0,0,1433,1433
2640001,2645000,1,L08-4,2,0,0,0,1220,1220
2700001,2705000,1,L08-4,2,0,0,0,1124,1124
2705001,2710000,1,L08-4,2,0,0,0,291,291
2710001,2715000,2,L08-4,2,0,0,0,2149,2149
2715001,2720000,1,L08-4,2,0,0,0,852,852
2765001,2770000,1,L08-4,2,0,0,0,565,565
2770001,2775000,1,L08-4,2,0,0,0,562,562
2775001,2780000,1,L08-4,2,0,0,0,878,878
2795001,2800000,1,L08-4,2,0,0,0,746,746
2810001,2815000,1,L08-4,2,0,0,0,1293,1293
2815001,2820000,3,L08-4,2,0,0,0,2571,2571
2840001,2845000,1,L08-4,2,0,0,0,803,803
2875001,2880000,1,L08-4,2,0,0,0,380,380
2880001,2885000,2,L08-4,2,0,0,0,1879,1879
2900001,2905000,1,L08-4,2,0,0,0,1355,1355
2910001,2915000,1,L08-4,2,0,0,0,737,737
2920001,2925000,4,L08-4,2,0,0,0,2113,2113
2925001,2930000,3,L08-4,2,0,0,0,2081,2081
2960001,2965000,3,L08-4,2,0,0,0,2906,2906
2985001,2990000,0,L08-4,2,1,0,0,0,3092
3015001,3020000,3,L08-4,2,0,0,0,1500,1500
3025001,3030000,0,L08-4,2,1,0,0,0,1172
3030001,3035000,0,L08-4,2,1,0,0,0,1922
3050001,3055000,2,L08-4,2,0,0,0,2935,2935
3105001,3110000,1,L08-4,2,0,0,0,631,631
3110001,3115000,1,L08-4,2,0,0,0,244,244
3175001,3180000,1,L08-4,2,0,0,0,1098,1098
3210001,3215000,2,L08-4,2,0,0,0,2242,2242
3225001,3230000,1,L08-4,2,0,0,0,1154,1154
3230001,3235000,1,L08-4,2,0,0,0,416,416
3275001,3280000,2,L08-4,2,0,0,0,2995,2995
3285001,3290000,1,L08-4,2,0,0,0,1892,1892
3295001,3300000,1,L08-4,2,0,0,0,653,653
3305001,3310000,1,L08-4,2,0,0,0,1109,1109
3310001,3315000,2,L08-4,2,0,0,0,497,497
3315001,3320000,2,L08-4,2,0,0,0,2758,2758
3320001,3325000,1,L08-4,2,0,0,0,1841,1841
3375001,3380000,1,L08-4,2,0,0,0,375,375
3420001,3425000,2,L08-4,2,0,0,0,4159,4159
3425001,3430000,2,L08-4,2,0,0,0,358,358
3430001,3435000,2,L08-4,2,0,0,0,2999,2999
3435001,3440000,2,L08-4,2,0,0,0,1316,1316
3440001,3445000,4,L08-4,2,0,0,0,2654,2654
3445001,3450000,2,L08-4,2,0,0,0,735,735
3450001,3455000,3,L08-4,2,0,0,0,1654,1654
3475001,3480000,2,L08-4,2,0,0,0,660,660
3480001,3485000,2,L08-4,2,0,0,0,1227,1227
3495001,3500000,1,L08-4,2,0,0,0,106,106
3500001,3505000,3,L08-4,2,0,0,0,2528,2528
3505001,3510000,2,L08-4,2,0,0,0,1819,1819
3530001,3535000,1,L08-4,2,0,0,0,572,572
3535001,3540000,2,L08-4,2,0,0,0,1456,1456
3540001,3545000,6,L08-4,2,0,0,0,3464,3464
3545001,3550000,12,L08-4,2,0,0,0,4706,4706
3550001,3555000,11,L08-4,2,0,0,0,4652,4652
3555001,3560000,3,L08-4,2,0,0,0,2894,2894
3560001,3565000,1,L08-4,2,0,0,0,133,133
3580001,3585000,0,L08-4,2,1,0,0,0,11
3585001,3590000,0,L08-4,2,1,0,0,0,3082
3595001,3600000,0,L08-4,2,0,1,0,0,0
3600001,3605000,1,L08-4,2,0,0,0,1004,1004
3615001,3620000,1,L08-4,2,0,0,0,2135,2135
3625001,3630000,0,L08-4,2,1,0,0,0,1385
3630001,3635000,0,L08-4,2,1,0,0,0,1709
3665001,3670000,1,L08-4,2,0,0,0,1103,1103
3685001,3690000,3,L08-4,2,0,0,0,1951,1951
3690001,3695000,2,L08-4,2,0,0,0,2114,2114
3795001,3800000,1,L08-4,2,0,0,0,354,354
3800001,3805000,2,L08-4,2,0,0,0,2626,2626
3810001,3815000,0,L08-4,2,1,0,0,0,3093
3850001,3855000,1,L08-4,2,0,0,0,191,191
3855001,3860000,1,L08-4,2,0,0,0,828,828
3880001,3885000,4,L08-4,2,0,0,0,2096,2096
3885001,3890000,2,L08-4,2,0,0,0,1551,1551
3890001,3895000,2,L08-4,2,0,0,0,1142,1142
3895001,3900000,1,L08-4,2,0,0,0,1589,1589
3945001,3950000,1,L08-4,2,0,0,0,215,215
3950001,3955000,3,L08-4,2,0,0,0,3893,3893
3955001,3960000,4,L08-4,2,0,0,0,2954,2954
3980001,3985000,1,L08-4,2,0,0,0,1082,1082
3985001,3990000,2,L08-4,2,0,0,0,2117,2117
20001,25000,1,L09-1,1,0,0,0,75,75
40001,45000,1,L09-1,1,0,1,1,1259,1259
55001,60000,3,L09-1,1,0,0,0,228,228
60001,65000,2,L09-1,1,0,0,0,1667,1667
65001,70000,1,L09-1,1,0,0,0,11,11
105001,110000,1,L09-1,1,0,0,0,545,545
120001,125000,2,L09-1,1,0,0,0,3382,3382
195001,200000,2,L09-1,1,0,0,0,2110,2110
200001,205000,1,L09-1,1,0,0,0,1046,1046
235001,240000,1,L09-1,1,0,0,0,338,338
240001,245000,1,L09-1,1,0,0,0,519,519
245001,250000,5,L09-1,1,0,0,0,3089,3089
250001,255000,4,L09-1,1,0,0,0,1631,1631
255001,260000,3,L09-1,1,0,0,0,4603,4603
260001,265000,1,L09-1,1,0,0,0,3807,3807
325001,330000,2,L09-1,1,0,0,0,2600,2600
330001,335000,2,L09-1,1,0,0,0,1302,1302
335001,340000,1,L09-1,1,0,0,0,1415,1415
345001,350000,1,L09-1,1,0,0,0,536,536
390001,395000,0,L09-1,1,1,0,0,0,4089
445001,450000,2,L09-1,1,0,0,0,1062,1062
450001,455000,2,L09-1,1,0,0,0,1443,1443
465001,470000,3,L09-1,1,0,0,0,2210,2210
470001,475000,2,L09-1,1,0,0,0,816,816
500001,505000,1,L09-1,1,0,0,0,227,227
525001,530000,1,L09-1,1,0,0,0,530,530
555001,560000,1,L09-1,1,0,0,0,932,932
560001,565000,2,L09-1,1,0,0,0,2619,2619
565001,570000,2,L09-1,1,0,0,0,1486,1486
580001,585000,2,L09-1,1,0,0,0,1232,1232
585001,590000,1,L09-1,1,0,0,0,44,44
640001,645000,2,L09-1,1,0,0,0,3553,3553
645001,650000,4,L09-1,1,0,0,0,2468,2468
665001,670000,1,L09-1,1,0,0,0,185,185
670001,675000,2,L09-1,1,0,0,0,547,547
675001,680000,1,L09-1,1,0,0,0,2101,2101
710001,715000,4,L09-1,1,0,0,0,3963,3963
715001,720000,5,L09-1,1,0,0,0,4997,4997
720001,725000,4,L09-1,1,0,0,0,4031,4031
725001,730000,5,L09-1,1,0,0,0,4545,4545
730001,735000,2,L09-1,1,0,0,0,1593,1593
760001,765000,1,L09-1,1,0,0,0,661,661
765001,770000,0,L09-1,1,1,0,0,0,2486
770001,775000,0,L09-1,1,1,0,0,0,608
780001,785000,1,L09-1,1,0,0,0,479,479
790001,795000,2,L09-1,1,0,0,0,1624,1624
800001,805000,1,L09-1,1,0,0,0,825,825
805001,810000,4,L09-1,1,0,0,0,3095,3095
810001,815000,5,L09-1,1,0,0,0,4645,4645
815001,820000,5,L09-1,1,0,0,0,4250,4250
820001,825000,3,L09-1,1,0,0,0,4370,4370
825001,830000,3,L09-1,1,0,0,0,2236,2236
830001,835000,2,L09-1,1,0,0,0,1571,1571
835001,840000,1,L09-1,1,0,0,0,954,954
930001,935000,1,L09-1,1,0,0,0,287,287
935001,940000,1,L09-1,1,0,0,0,687,687
960001,965000,1,L09-1,1,0,0,0,1303,1303
965001,970000,3,L09-1,1,0,0,0,2010,2010
970001,975000,5,L09-1,1,0,0,0,3111,3111
975001,980000,2,L09-1,1,0,0,0,2124,2124
1010001,1015000,1,L09-1,1,0,0,0,113,113
1025001,1030000,1,L09-1,1,0,0,0,1862,1862
1030001,1035000,3,L09-1,1,0,0,0,1612,1612
1035001,1040000,1,L09-1,1,0,0,0,61,61
1080001,1085000,2,L09-1,1,1,0,0,2107,2337
1085001,1090000,1,L09-1,1,1,0,0,866,3729
1095001,1100000,1,L09-1,1,0,0,0,76,76
1170001,1175000,3,L09-1,1,0,0,0,3188,3188
1175001,1180000,4,L09-1,1,0,0,0,4660,4660
1190001,1195000,1,L09-1,1,0,0,0,1538,1538
1200001,1205000,1,L09-1,1,0,0,0,84,84
1205001,1210000,1,L09-1,1,0,0,0,201,201
1210001,1215000,2,L09-1,1,0,0,0,1822,1822
1215001,1220000,1,L09-1,1,0,0,0,172,172
1280001,1285000,0,L09-1,1,1,0,0,0,2262
1285001,1290000,0,L09-1,1,1,0,0,0,830
1420001,1425000,1,L09-1,1,0,0,0,218,218
1430001,1435000,1,L09-1,1,0,0,0,3456,3456
1435001,1440000,3,L09-1,1,0,0,0,2439,2439
1460001,1465000,2,L09-1,1,0,0,0,1732,1732
1465001,1470000,3,L09-1,1,0,0,0,3418,3418
1470001,1475000,3,L09-1,1,0,0,0,2354,2354
1475001,1480000,1,L09-1,1,0,0,0,4105,4105
1485001,1490000,1,L09-1,1,0,0,0,1400,1400
1510001,1515000,1,L09-1,1,0,0,0,518,518
1525001,1530000,1,L09-1,1,0,0,0,65,65
1530001,1535000,1,L09-1,1,0,0,0,22,22
1605001,1610000,2,L09-1,1,0,0,0,3411,3411
1610001,1615000,2,L09-1,1,0,0,0,1629,1629
1615001,1620000,3,L09-1,1,0,0,0,1899,1899
1620001,1625000,2,L09-1,1,0,0,0,1642,1642
1640001,1645000,3,L09-1,1,0,0,0,2635,2635
1645001,1650000,1,L09-1,1,0,0,0,502,502
1655001,1660000,1,L09-1,1,0,0,0,396,396
1660001,1665000,1,L09-1,1,0,0,0,710,710
1695001,1700000,0,L09-1,1,1,0,0,0,2335
1700001,1705000,1,L09-1,1,1,0,0,584,2339
1705001,1710000,4,L09-1,1,0,0,0,3620,3620
1710001,1715000,4,L09-1,1,0,0,0,2826,2826
1750001,1755000,0,L09-1,1,1,0,0,0,2151
1755001,1760000,0,L09-1,1,1,0,0,0,1937
1775001,1780000,1,L09-1,1,0,0,0,969,969
1780001,1785000,1,L09-1,1,0,0,0,1627,1627
1785001,1790000,1,L09-1,1,0,0,0,590,590
1795001,1800000,1,L09-1,1,0,0,0,788,788
2040001,2045000,1,L09-1,1,0,0,0,1274,1274
2065001,2070000,1,L09-1,1,0,0,0,641,641
2120001,2125000,3,L09-1,1,0,0,0,3674,3674
2125001,2130000,3,L09-1,1,0,0,0,2522,2522
2145001,2150000,1,L09-1,1,0,0,0,827,827
2185001,2190000,1,L09-1,1,0,0,0,995,995
2210001,2215000,1,L09-1,1,0,0,0,571,571
2215001,2220000,1,L09-1,1,0,0,0,124,124
2260001,2265000,0,L09-1,1,1,0,0,0,4090
2275001,2280000,1,L09-1,1,0,0,0,1772,1772
2285001,2290000,1,L09-1,1,0,0,0,1733,1733
2300001,2305000,3,L09-1,1,0,0,0,707,707
2305001,2310000,0,L09-1,1,0,1,1,0,0
2325001,2330000,0,L09-1,1,1,0,0,0,3094
2415001,2420000,1,L09-1,1,0,0,0,1115,1115
2420001,2425000,1,L09-1,1,0,0,0,918,918
2465001,2470000,1,L09-1,1,0,0,0,668,668
2505001,2510000,1,L09-1,1,0,0,0,1044,1044
2510001,2515000,1,L09-1,1,0,0,0,716,716
2555001,2560000,1,L09-1,1,0,0,0,2527,2527
2560001,2565000,1,L09-1,1,0,0,0,100,100
2565001,2570000,2,L09-1,1,0,0,0,3415,3415
2650001,2655000,2,L09-1,1,0,0,0,2182,2182
2660001,2665000,1,L09-1,1,0,0,0,1220,1220
2720001,2725000,1,L09-1,1,0,0,0,1415,1415
2730001,2735000,2,L09-1,1,0,0,0,3000,3000
2785001,2790000,1,L09-1,1,0,0,0,1126,1126
2790001,2795000,1,L09-1,1,0,0,0,197,197
2795001,2800000,1,L09-1,1,0,0,0,681,681
2810001,2815000,1,L09-1,1,0,0,0,746,746
2830001,2835000,1,L09-1,1,0,0,0,1472,1472
2835001,2840000,2,L09-1,1,0,0,0,2392,2392
2855001,2860000,1,L09-1,1,0,0,0,636,636
2860001,2865000,1,L09-1,1,0,0,0,167,167
2895001,2900000,2,L09-1,1,0,0,0,1285,1285
2900001,2905000,1,L09-1,1,0,0,0,974,974
2915001,2920000,1,L09-1,1,0,0,0,1355,1355
2920001,2925000,1,L09-1,1,0,0,0,0,0
2930001,2935000,1,L09-1,1,0,0,0,737,737
2940001,2945000,4,L09-1,1,0,0,0,2722,2722
2945001,2950000,2,L09-1,1,0,0,0,1471,1471
2975001,2980000,2,L09-1,1,0,0,0,277,277
2980001,2985000,1,L09-1,1,0,0,0,2629,2629
3030001,3035000,3,L09-1,1,0,0,0,1499,1499
3065001,3070000,2,L09-1,1,0,0,0,2935,2935
3120001,3125000,1,L09-1,1,0,0,0,33,33
3125001,3130000,1,L09-1,1,0,0,0,842,842
3150001,3155000,0,L09-1,1,1,0,0,0,2271
3155001,3160000,0,L09-1,1,1,0,0,0,822
3190001,3195000,1,L09-1,1,0,0,0,1098,1098
3225001,3230000,2,L09-1,1,0,0,0,1476,1476
3230001,3235000,1,L09-1,1,0,0,0,766,766
3240001,3245000,1,L09-1,1,0,0,0,151,151
3245001,3250000,1,L09-1,1,0,0,0,1003,1003
3250001,3255000,1,L09-1,1,0,0,0,416,416
3290001,3295000,1,L09-1,1,0,0,0,530,530
3295001,3300000,2,L09-1,1,0,0,0,2465,2465
3305001,3310000,1,L09-1,1,0,0,0,1892,1892
3315001,3320000,1,L09-1,1,0,0,0,653,653
3325001,3330000,2,L09-1,1,0,0,0,1606,1606
3330001,3335000,1,L09-1,1,0,0,0,660,660
3335001,3340000,3,L09-1,1,0,0,0,3938,3938
3395001,3400000,1,L09-1,1,0,0,0,374,374
3435001,3440000,1,L09-1,1,0,0,0,1857,1857
3440001,3445000,2,L09-1,1,0,0,0,2302,2302
3445001,3450000,3,L09-1,1,0,0,0,1621,1621
3450001,3455000,1,L09-1,1,0,0,0,1736,1736
3455001,3460000,4,L09-1,1,0,0,0,2711,2711
3460001,3465000,1,L09-1,1,0,0,0,1259,1259
3465001,3470000,4,L09-1,1,0,0,0,2389,2389
3495001,3500000,2,L09-1,1,1,0,0,820,2302
3500001,3505000,1,L09-1,1,1,0,0,387,1998
3505001,3510000,1,L09-1,1,0,0,0,680,680
3520001,3525000,3,L09-1,1,0,0,0,2634,2634
3525001,3530000,2,L09-1,1,0,0,0,1819,1819
3550001,3555000,1,L09-1,1,0,0,0,571,571
3555001,3560000,2,L09-1,1,0,0,0,1456,1456
3560001,3565000,5,L09-1,1,0,0,0,2737,2737
3565001,3570000,10,L09-1,1,0,0,0,4707,4707
3570001,3575000,12,L09-1,1,0,0,0,4732,4732
3575001,3580000,2,L09-1,1,1,0,0,646,4404
3580001,3585000,3,L09-1,1,1,0,0,2893,3225
3585001,3590000,1,L09-1,1,0,0,0,134,134
3620001,3625000,1,L09-1,1,0,0,0,1004,1004
3635001,3640000,1,L09-1,1,0,0,0,2135,2135
3680001,3685000,1,L09-1,1,0,0,0,640,640
3685001,3690000,1,L09-1,1,0,0,0,463,463
3705001,3710000,4,L09-1,1,0,0,0,3151,3151
3710001,3715000,1,L09-1,1,0,0,0,915,915
3735001,3740000,0,L09-1,1,1,0,0,0,3092
3790001,3795000,1,L09-1,1,0,0,0,337,337
3795001,3800000,2,L09-1,1,0,0,0,2643,2643
3845001,3850000,1,L09-1,1,0,0,0,1019,1019
3870001,3875000,2,L09-1,1,0,0,0,1756,1756
3875001,3880000,3,L09-1,1,0,0,0,1891,1891
3885001,3890000,2,L09-1,1,0,0,0,2731,2731
3940001,3945000,1,L09-1,1,0,0,0,2414,2414
3945001,3950000,5,L09-1,1,0,0,0,3941,3941
3950001,3955000,1,L09-1,1,0,0,0,707,707
3960001,3965000,0,L09-1,1,0,1,0,0,0
3970001,3975000,0,L09-1,1,0,1,0,0,0
3975001,3980000,2,L09-1,1,0,0,0,3199,3199
20001,25000,1,L09-1,2,0,0,0,75,75
40001,45000,1,L09-1,2,1,0,0,1259,3925
45001,50000,0,L09-1,2,1,0,0,0,1424
60001,65000,3,L09-1,2,0,0,0,228,228
65001,70000,2,L09-1,2,0,0,0,1678,1678
110001,115000,1,L09-1,2,0,0,0,545,545
125001,130000,2,L09-1,2,0,0,0,3382,3382
200001,205000,2,L09-1,2,0,0,0,2994,2994
205001,210000,1,L09-1,2,0,0,0,162,162
240001,245000,1,L09-1,2,0,0,0,857,857
250001,255000,5,L09-1,2,0,0,0,3089,3089
255001,260000,5,L09-1,2,0,0,0,2192,2192
260001,265000,2,L09-1,2,0,0,0,4923,4923
265001,270000,1,L09-1,2,0,0,0,2926,2926
330001,335000,2,L09-1,2,0,0,0,3295,3295
335001,340000,1,L09-1,2,0,0,0,608,608
340001,345000,1,L09-1,2,0,0,0,1415,1415
350001,355000,1,L09-1,2,0,0,0,536,536
390001,395000,0,L09-1,2,1,1,0,0,266
395001,400000,0,L09-1,2,1,0,0,0,3823
450001,455000,2,L09-1,2,0,0,0,1930,1930
455001,460000,2,L09-1,2,0,0,0,575,575
470001,475000,3,L09-1,2,0,0,0,2565,2565
475001,480000,1,L09-1,2,0,0,0,461,461
505001,510000,1,L09-1,2,0,0,0,227,227
530001,535000,1,L09-1,2,0,0,0,530,530
560001,565000,1,L09-1,2,0,0,0,1796,1796
565001,570000,3,L09-1,2,0,0,0,2619,2619
570001,575000,1,L09-1,2,0,0,0,622,622
585001,590000,2,L09-1,2,0,0,0,1276,1276
645001,650000,3,L09-1,2,0,0,0,4251,4251
650001,655000,2,L09-1,2,0,0,0,1771,1771
670001,675000,1,L09-1,2,0,0,0,479,479
675001,680000,1,L09-1,2,0,0,0,1114,1114
680001,685000,1,L09-1,2,0,0,0,1240,1240
715001,720000,4,L09-1,2,0,0,0,4823,4823
720001,725000,6,L09-1,2,0,0,0,4943,4943
725001,730000,4,L09-1,2,0,0,0,4024,4024
730001,735000,4,L09-1,2,0,0,0,4606,4606
735001,740000,2,L09-1,2,0,0,0,733,733
765001,770000,1,L09-1,2,0,0,0,662,662
770001,775000,0,L09-1,2,1,0,0,0,3093
780001,785000,1,L09-1,2,0,0,0,479,479
790001,795000,1,L09-1,2,0,0,0,81,81
795001,800000,2,L09-1,2,0,0,0,1543,1543
805001,810000,1,L09-1,2,0,0,0,824,824
810001,815000,6,L09-1,2,0,0,0,3815,3815
815001,820000,5,L09-1,2,0,0,0,4759,4759
820001,825000,5,L09-1,2,0,0,0,4280,4280
825001,830000,3,L09-1,2,0,0,0,4357,4357
830001,835000,2,L09-1,2,0,0,0,2194,2194
835001,840000,1,L09-1,2,0,0,0,1628,1628
840001,845000,1,L09-1,2,0,0,0,90,90
935001,940000,1,L09-1,2,0,0,0,974,974
965001,970000,2,L09-1,2,0,0,0,2149,2149
970001,975000,3,L09-1,2,0,0,0,1932,1932
975001,980000,4,L09-1,2,0,0,0,3199,3199
980001,985000,2,L09-1,2,0,0,0,1268,1268
1015001,1020000,1,L09-1,2,0,0,0,113,113
1030001,1035000,1,L09-1,2,0,0,0,1929,1929
1035001,1040000,2,L09-1,2,0,0,0,1606,1606
1085001,1090000,2,L09-1,2,1,0,0,2107,3189
1090001,1095000,1,L09-1,2,1,0,0,866,2878
1100001,1105000,1,L09-1,2,0,0,0,76,76
1170001,1175000,1,L09-1,2,0,0,0,757,757
1175001,1180000,4,L09-1,2,0,0,0,3283,3283
1180001,1185000,3,L09-1,2,0,0,0,3808,3808
1195001,1200000,1,L09-1,2,0,0,0,1538,1538
1200001,1205000,1,L09-1,2,0,0,0,84,84
1210001,1215000,1,L09-1,2,0,0,0,1054,1054
1215001,1220000,2,L09-1,2,0,0,0,1140,1140
1285001,1290000,0,L09-1,2,1,0,0,0,3094
1290001,1295000,0,L09-1,2,1,0,0,0,0
1425001,1430000,1,L09-1,2,0,0,0,218,218
1435001,1440000,2,L09-1,2,0,0,0,4140,4140
1440001,1445000,2,L09-1,2,0,0,0,1755,1755
1460001,1465000,1,L09-1,2,0,0,0,525,525
1465001,1470000,2,L09-1,2,0,0,0,2046,2046
1470001,1475000,3,L09-1,2,0,0,0,2579,2579
1475001,1480000,3,L09-1,2,0,0,0,3192,3192
1480001,1485000,1,L09-1,2,0,0,0,3267,3267
1490001,1495000,1,L09-1,2,0,0,0,1400,1400
1515001,1520000,1,L09-1,2,0,0,0,518,518
1530001,1535000,1,L09-1,2,0,0,0,87,87
1610001,1615000,2,L09-1,2,0,0,0,4235,4235
1615001,1620000,2,L09-1,2,0,0,0,805,805
1620001,1625000,3,L09-1,2,0,0,0,1899,1899
1625001,1630000,2,L09-1,2,0,0,0,1642,1642
1645001,1650000,3,L09-1,2,0,0,0,3137,3137
1660001,1665000,1,L09-1,2,0,0,0,1106,1106
1690001,1695000,0,L09-1,2,0,1,0,0,0
1700001,1705000,0,L09-1,2,1,0,0,0,3155
1705001,1710000,1,L09-1,2,1,0,0,584,1519
1710001,1715000,5,L09-1,2,0,0,0,4397,4397
1715001,1720000,3,L09-1,2,0,0,0,2049,2049
1755001,1760000,0,L09-1,2,1,0,0,0,2974
1760001,1765000,0,L09-1,2,1,0,0,0,1114
1780001,1785000,1,L09-1,2,0,0,0,1788,1788
1785001,1790000,1,L09-1,2,0,0,0,809,809
1790001,1795000,1,L09-1,2,0,0,0,590,590
1800001,1805000,1,L09-1,2,0,0,0,788,788
2045001,2050000,1,L09-1,2,0,0,0,1274,1274
2070001,2075000,1,L09-1,2,0,0,0,641,641
2125001,2130000,4,L09-1,2,0,0,0,4126,4126
2130001,2135000,2,L09-1,2,0,0,0,2070,2070
2150001,2155000,1,L09-1,2,0,0,0,827,827
2190001,2195000,1,L09-1,2,0,0,0,995,995
2215001,2220000,1,L09-1,2,0,0,0,695,695
2260001,2265000,0,L09-1,2,1,0,0,0,423
2265001,2270000,0,L09-1,2,1,0,0,0,3666
2280001,2285000,1,L09-1,2,0,0,0,1772,1772
2290001,2295000,1,L09-1,2,0,0,0,1733,1733
2305001,2310000,3,L09-1,2,0,0,0,707,707
2310001,2315000,0,L09-1,2,1,0,0,0,2725
2315001,2320000,0,L09-1,2,1,0,0,0,368
2330001,2335000,0,L09-1,2,1,0,0,0,2446
2335001,2340000,0,L09-1,2,1,0,0,0,647
2425001,2430000,1,L09-1,2,0,0,0,2033,2033
2470001,2475000,1,L09-1,2,0,0,0,116,116
2475001,2480000,1,L09-1,2,0,0,0,552,552
2480001,2485000,0,L09-1,2,0,1,1,0,0
2515001,2520000,1,L09-1,2,0,0,0,1762,1762
2560001,2565000,1,L09-1,2,0,0,0,199,199
2565001,2570000,1,L09-1,2,0,0,0,2428,2428
2570001,2575000,1,L09-1,2,0,0,0,2127,2127
2575001,2580000,2,L09-1,2,0,0,0,1288,1288
2655001,2660000,1,L09-1,2,0,0,0,323,323
2660001,2665000,2,L09-1,2,0,0,0,1859,1859
2665001,2670000,1,L09-1,2,0,0,0,1220,1220
2725001,2730000,1,L09-1,2,0,0,0,696,696
2730001,2735000,1,L09-1,2,0,0,0,719,719
2735001,2740000,1,L09-1,2,0,0,0,1792,1792
2740001,2745000,2,L09-1,2,0,0,0,1209,1209
2790001,2795000,1,L09-1,2,0,0,0,139,139
2795001,2800000,1,L09-1,2,0,0,0,988,988
2800001,2805000,1,L09-1,2,0,0,0,878,878
2820001,2825000,1,L09-1,2,0,0,0,746,746
2835001,2840000,1,L09-1,2,0,0,0,865,865
2840001,2845000,3,L09-1,2,0,0,0,2944,2944
2845001,2850000,1,L09-1,2,0,0,0,55,55
2865001,2870000,1,L09-1,2,0,0,0,803,803
2900001,2905000,1,L09-1,2,0,0,0,380,380
2905001,2910000,2,L09-1,2,0,0,0,1879,1879
2925001,2930000,1,L09-1,2,0,0,0,1355,1355
2935001,2940000,1,L09-1,2,0,0,0,605,605
2940001,2945000,1,L09-1,2,0,0,0,132,132
2945001,2950000,4,L09-1,2,0,0,0,1679,1679
2950001,2955000,3,L09-1,2,0,0,0,2514,2514
2970001,2975000,0,L09-1,2,0,2,0,0,0
2985001,2990000,3,L09-1,2,0,0,0,2742,2742
2990001,2995000,1,L09-1,2,0,0,0,164,164
3035001,3040000,3,L09-1,2,0,0,0,1499,1499
3070001,3075000,1,L09-1,2,0,0,0,1211,1211
3075001,3080000,2,L09-1,2,0,0,0,1724,1724
3130001,3135000,1,L09-1,2,0,0,0,875,875
3160001,3165000,0,L09-1,2,1,0,0,0,3092
3200001,3205000,1,L09-1,2,0,0,0,1098,1098
3235001,3240000,2,L09-1,2,0,0,0,2242,2242
3250001,3255000,1,L09-1,2,0,0,0,1154,1154
3255001,3260000,1,L09-1,2,0,0,0,416,416
3300001,3305000,2,L09-1,2,0,0,0,2957,2957
3305001,3310000,1,L09-1,2,0,0,0,38,38
3310001,3315000,1,L09-1,2,0,0,0,1892,1892
3320001,3325000,1,L09-1,2,0,0,0,653,653
3330001,3335000,1,L09-1,2,0,0,0,960,960
3335001,3340000,2,L09-1,2,0,0,0,646,646
3340001,3345000,2,L09-1,2,0,0,0,2757,2757
3345001,3350000,2,L09-1,2,0,0,0,1842,1842
3400001,3405000,1,L09-1,2,0,0,0,375,375
3445001,3450000,2,L09-1,2,0,0,0,4159,4159
3450001,3455000,2,L09-1,2,0,0,0,208,208
3455001,3460000,2,L09-1,2,0,0,0,3149,3149
3460001,3465000,2,L09-1,2,0,0,0,1172,1172
3465001,3470000,4,L09-1,2,0,0,0,2798,2798
3470001,3475000,2,L09-1,2,0,0,0,581,581
3475001,3480000,4,L09-1,2,0,0,0,1808,1808
3500001,3505000,2,L09-1,2,0,0,0,504,504
3505001,3510000,1,L09-1,2,1,0,0,316,3409
3510001,3515000,1,L09-1,2,0,0,0,1067,1067
3525001,3530000,3,L09-1,2,0,0,0,1780,1780
3530001,3535000,1,L09-1,2,0,0,0,854,854
3535001,3540000,2,L09-1,2,0,0,0,1819,1819
3560001,3565000,3,L09-1,2,0,0,0,2028,2028
3565001,3570000,2,L09-1,2,0,0,0,575,575
3570001,3575000,9,L09-1,2,0,0,0,4609,4609
3575001,3580000,14,L09-1,2,0,0,0,4694,4694
3580001,3585000,7,L09-1,2,1,0,0,2944,4343
3585001,3590000,1,L09-1,2,1,1,0,660,3350
3590001,3595000,3,L09-1,2,0,0,0,2367,2367
3630001,3635000,1,L09-1,2,0,0,0,1004,1004
3640001,3645000,1,L09-1,2,0,0,0,591,591
3645001,3650000,1,L09-1,2,0,0,0,1544,1544
3690001,3695000,1,L09-1,2,0,0,0,1103,1103
3710001,3715000,1,L09-1,2,0,0,0,854,854
3715001,3720000,3,L09-1,2,0,0,0,3212,3212
3740001,3745000,0,L09-1,2,1,0,0,0,1947
3745001,3750000,0,L09-1,2,1,0,0,0,1147
3800001,3805000,2,L09-1,2,0,0,0,2968,2968
3805001,3810000,1,L09-1,2,0,0,0,12,12
3850001,3855000,1,L09-1,2,0,0,0,916,916
3855001,3860000,1,L09-1,2,0,0,0,103,103
3875001,3880000,1,L09-1,2,0,0,0,20,20
3880001,3885000,4,L09-1,2,0,0,0,2801,2801
3885001,3890000,2,L09-1,2,0,0,0,826,826
3890001,3895000,2,L09-1,2,0,0,0,1866,1866
3895001,3900000,1,L09-1,2,0,0,0,865,865
3945001,3950000,1,L09-1,2,0,0,0,940,940
3950001,3955000,3,L09-1,2,0,0,0,3893,3893
3955001,3960000,4,L09-1,2,0,1,0,2229,2229
3970001,3975000,0,L09-1,2,1,0,0,0,2874
3975001,3980000,0,L09-1,2,1,1,0,0,1214
20001,25000,1,L09-2,1,0,0,0,75,75
40001,45000,1,L09-2,1,0,0,0,1259,1259
55001,60000,3,L09-2,1,0,0,0,228,228
60001,65000,2,L09-2,1,0,0,0,1667,1667
65001,70000,1,L09-2,1,0,0,0,11,11
105001,110000,1,L09-2,1,0,0,0,545,545
120001,125000,2,L09-2,1,0,0,0,3382,3382
195001,200000,2,L09-2,1,0,0,0,2110,2110
200001,205000,1,L09-2,1,0,0,0,1046,1046
235001,240000,1,L09-2,1,0,0,0,338,338
240001,245000,1,L09-2,1,0,0,0,519,519
245001,250000,5,L09-2,1,0,0,0,3089,3089
250001,255000,4,L09-2,1,0,0,0,1631,1631
255001,260000,3,L09-2,1,0,0,0,4603,4603
260001,265000,1,L09-2,1,0,0,0,3807,3807
325001,330000,2,L09-2,1,0,0,0,2600,2600
330001,335000,2,L09-2,1,0,0,0,1302,1302
335001,340000,1,L09-2,1,0,0,0,1415,1415
345001,350000,1,L09-2,1,0,0,0,536,536
390001,395000,0,L09-2,1,1,0,0,0,4089
445001,450000,2,L09-2,1,0,0,0,1062,1062
450001,455000,2,L09-2,1,0,0,0,1443,1443
465001,470000,3,L09-2,1,0,0,0,2210,2210
470001,475000,2,L09-2,1,0,0,0,816,816
500001,505000,1,L09-2,1,0,0,0,227,227
525001,530000,1,L09-2,1,0,0,0,530,530
555001,560000,1,L09-2,1,0,0,0,932,932
560001,565000,2,L09-2,1,0,0,0,2619,2619
565001,570000,2,L09-2,1,0,0,0,1486,1486
580001,585000,2,L09-2,1,0,0,0,1232,1232
585001,590000,1,L09-2,1,0,0,0,44,44
640001,645000,2,L09-2,1,0,0,0,3553,3553
645001,650000,4,L09-2,1,0,0,0,2468,2468
665001,670000,1,L09-2,1,0,0,0,185,185
670001,675000,2,L09-2,1,0,0,0,547,547
675001,680000,1,L09-2,1,0,0,0,2101,2101
710001,715000,4,L09-2,1,0,0,0,3963,3963
715001,720000,5,L09-2,1,0,0,0,4997,4997
720001,725000,4,L09-2,1,0,0,0,4031,4031
725001,730000,5,L09-2,1,0,0,0,4545,4545
730001,735000,2,L09-2,1,0,0,0,1593,1593
760001,765000,1,L09-2,1,0,0,0,661,661
765001,770000,0,L09-2,1,1,0,0,0,2486
770001,775000,0,L09-2,1,1,0,0,0,608
780001,785000,1,L09-2,1,0,0,0,479,479
790001,795000,2,L09-2,1,0,0,0,1624,1624
800001,805000,1,L09-2,1,0,0,0,825,825
805001,810000,4,L09-2,1,0,0,0,3095,3095
810001,815000,5,L09-2,1,0,0,0,4645,4645
815001,820000,5,L09-2,1,0,0,0,4250,4250
820001,825000,3,L09-2,1,0,0,0,4370,4370
825001,830000,3,L09-2,1,0,0,0,2236,2236
830001,835000,2,L09-2,1,0,0,0,1571,1571
835001,840000,1,L09-2,1,0,0,0,954,954
930001,935000,1,L09-2,1,0,0,0,287,287
935001,940000,1,L09-2,1,0,0,0,687,687
960001,965000,1,L09-2,1,0,0,0,1303,1303
965001,970000,3,L09-2,1,0,0,0,2010,2010
970001,975000,5,L09-2,1,0,0,0,3111,3111
975001,980000,2,L09-2,1,0,0,0,2124,2124
1010001,1015000,1,L09-2,1,0,0,0,113,113
1025001,1030000,1,L09-2,1,0,0,0,1862,1862
1030001,1035000,3,L09-2,1,0,0,0,1612,1612
1035001,1040000,1,L09-2,1,0,0,0,61,61
1080001,1085000,2,L09-2,1,1,0,0,2107,2337
1085001,1090000,1,L09-2,1,1,0,0,866,3729
1095001,1100000,1,L09-2,1,0,0,0,76,76
1170001,1175000,3,L09-2,1,0,0,0,3188,3188
1175001,1180000,4,L09-2,1,0,0,0,4660,4660
1190001,1195000,1,L09-2,1,0,0,0,1538,1538
1200001,1205000,1,L09-2,1,0,0,0,84,84
1205001,1210000,1,L09-2,1,0,0,0,201,201
1210001,1215000,2,L09-2,1,0,0,0,1822,1822
1215001,1220000,1,L09-2,1,0,0,0,172,172
1280001,1285000,0,L09-2,1,1,0,0,0,2262
1285001,1290000,0,L09-2,1,1,0,0,0,830
1410001,1415000,0,L09-2,1,0,1,1,0,0
1420001,1425000,1,L09-2,1,0,0,0,218,218
1430001,1435000,1,L09-2,1,0,0,0,3456,3456
1435001,1440000,3,L09-2,1,0,0,0,2439,2439
1460001,1465000,2,L09-2,1,0,0,0,1732,1732
1465001,1470000,3,L09-2,1,0,0,0,3418,3418
1470001,1475000,3,L09-2,1,0,0,0,2354,2354
1475001,1480000,1,L09-2,1,0,0,0,4105,4105
1485001,1490000,1,L09-2,1,0,0,0,1400,1400
1510001,1515000,1,L09-2,1,0,0,0,518,518
1525001,1530000,1,L09-2,1,0,0,0,65,65
1530001,1535000,1,L09-2,1,0,0,0,22,22
1605001,1610000,2,L09-2,1,0,0,0,3411,3411
1610001,1615000,2,L09-2,1,0,0,0,1629,1629
1615001,1620000,3,L09-2,1,0,0,0,1899,1899
1620001,1625000,2,L09-2,1,0,0,0,1642,1642
1640001,1645000,3,L09-2,1,0,0,0,2635,2635
1645001,1650000,1,L09-2,1,0,0,0,502,502
1655001,1660000,1,L09-2,1,0,0,0,396,396
1660001,1665000,1,L09-2,1,0,0,0,710,710
1685001,1690000,0,L09-2,1,0,1,0,0,0
1695001,1700000,0,L09-2,1,1,0,0,0,2335
1700001,1705000,1,L09-2,1,1,0,0,584,2339
1705001,1710000,4,L09-2,1,0,0,0,3620,3620
1710001,1715000,4,L09-2,1,0,0,0,2826,2826
1770001,1775000,1,L09-2,1,0,0,0,66,66
1775001,1780000,1,L09-2,1,0,0,0,2530,2530
1780001,1785000,1,L09-2,1,0,0,0,590,590
1790001,1795000,1,L09-2,1,0,0,0,788,788
2035001,2040000,1,L09-2,1,0,0,0,1274,1274
2060001,2065000,1,L09-2,1,0,0,0,641,641
2115001,2120000,2,L09-2,1,0,0,0,3222,3222
2120001,2125000,4,L09-2,1,0,0,0,2974,2974
2140001,2145000,1,L09-2,1,0,0,0,827,827
2180001,2185000,1,L09-2,1,0,0,0,995,995
2210001,2215000,1,L09-2,1,0,0,0,695,695
2255001,2260000,0,L09-2,1,1,1,0,0,3725
2260001,2265000,0,L09-2,1,1,0,0,0,365
2270001,2275000,1,L09-2,1,0,0,0,1772,1772
2280001,2285000,1,L09-2,1,0,0,0,1543,1543
2285001,2290000,1,L09-2,1,0,0,0,190,190
2295001,2300000,3,L09-2,1,0,0,0,707,707
2320001,2325000,0,L09-2,1,1,0,0,0,3094
2410001,2415000,1,L09-2,1,0,0,0,212,212
2415001,2420000,1,L09-2,1,0,0,0,1821,1821
2460001,2465000,1,L09-2,1,0,0,0,668,668
2500001,2505000,1,L09-2,1,0,0,0,141,141
2505001,2510000,1,L09-2,1,0,0,0,1619,1619
2550001,2555000,1,L09-2,1,0,0,0,1624,1624
2555001,2560000,1,L09-2,1,0,0,0,1003,1003
2560001,2565000,2,L09-2,1,0,0,0,3318,3318
2565001,2570000,1,L09-2,1,0,0,0,97,97
2645001,2650000,2,L09-2,1,0,0,0,1677,1677
2650001,2655000,1,L09-2,1,0,0,0,505,505
2655001,2660000,1,L09-2,1,0,0,0,1220,1220
2715001,2720000,1,L09-2,1,0,0,0,1415,1415
2725001,2730000,2,L09-2,1,0,0,0,3000,3000
2780001,2785000,1,L09-2,1,0,0,0,1126,1126
2790001,2795000,1,L09-2,1,0,0,0,878,878
2805001,2810000,1,L09-2,1,0,0,0,101,101
2810001,2815000,1,L09-2,1,0,0,0,645,645
2825001,2830000,1,L09-2,1,0,0,0,1472,1472
2830001,2835000,2,L09-2,1,0,0,0,2392,2392
2855001,2860000,1,L09-2,1,0,0,0,803,803
2890001,2895000,2,L09-2,1,0,0,0,1078,1078
2895001,2900000,2,L09-2,1,0,0,0,1181,1181
2910001,2915000,1,L09-2,1,0,0,0,455,455
2915001,2920000,1,L09-2,1,0,0,0,900,900
2925001,2930000,1,L09-2,1,0,0,0,737,737
2935001,2940000,4,L09-2,1,0,0,0,2722,2722
2940001,2945000,2,L09-2,1,0,0,0,1471,1471
2975001,2980000,3,L09-2,1,0,0,0,2906,2906
3025001,3030000,3,L09-2,1,0,0,0,1499,1499
3060001,3065000,2,L09-2,1,0,0,0,2556,2556
3065001,3070000,1,L09-2,1,0,0,0,379,379
3120001,3125000,1,L09-2,1,0,0,0,875,875
3145001,3150000,0,L09-2,1,1,0,0,0,1368
3150001,3155000,0,L09-2,1,1,0,0,0,1725
3185001,3190000,1,L09-2,1,0,0,0,765,765
3190001,3195000,1,L09-2,1,0,0,0,333,333
3220001,3225000,1,L09-2,1,0,0,0,788,788
3225001,3230000,2,L09-2,1,0,0,0,1454,1454
3240001,3245000,1,L09-2,1,0,0,0,1154,1154
3245001,3250000,1,L09-2,1,0,0,0,416,416
3290001,3295000,2,L09-2,1,0,0,0,2995,2995
3300001,3305000,1,L09-2,1,0,0,0,1892,1892
3310001,3315000,1,L09-2,1,0,0,0,653,653
3320001,3325000,2,L09-2,1,0,0,0,1304,1304
3325001,3330000,1,L09-2,1,0,0,0,302,302
3330001,3335000,3,L09-2,1,0,0,0,3998,3998
3335001,3340000,1,L09-2,1,0,0,0,600,600
3390001,3395000,1,L09-2,1,0,0,0,374,374
3430001,3435000,1,L09-2,1,0,0,0,954,954
3435001,3440000,2,L09-2,1,0,0,0,3205,3205
3440001,3445000,2,L09-2,1,0,0,0,1423,1423
3445001,3450000,1,L09-2,1,0,0,0,1934,1934
3450001,3455000,4,L09-2,1,0,0,0,2326,2326
3455001,3460000,2,L09-2,1,0,0,0,1644,1644
3460001,3465000,4,L09-2,1,0,0,0,2018,2018
3465001,3470000,1,L09-2,1,0,0,0,371,371
3490001,3495000,2,L09-2,1,1,0,0,820,1399
3495001,3500000,0,L09-2,1,1,0,0,0,2514
3500001,3505000,1,L09-2,1,0,0,0,1067,1067
3515001,3520000,3,L09-2,1,0,0,0,2634,2634
3520001,3525000,2,L09-2,1,0,0,0,1235,1235
3525001,3530000,1,L09-2,1,0,0,0,584,584
3545001,3550000,1,L09-2,1,0,0,0,571,571
3550001,3555000,2,L09-2,1,0,0,0,1456,1456
3555001,3560000,3,L09-2,1,0,0,0,1992,1992
3560001,3565000,11,L09-2,1,0,0,0,4579,4579
3565001,3570000,13,L09-2,1,0,0,0,4713,4713
3570001,3575000,4,L09-2,1,1,0,0,1538,4393
3575001,3580000,1,L09-2,1,1,0,0,2114,3349
3580001,3585000,3,L09-2,1,0,0,0,913,913
3615001,3620000,1,L09-2,1,0,0,0,883,883
3620001,3625000,1,L09-2,1,0,0,0,121,121
3630001,3635000,1,L09-2,1,0,0,0,2048,2048
3635001,3640000,1,L09-2,1,0,0,0,87,87
3680001,3685000,1,L09-2,1,0,0,0,1103,1103
3700001,3705000,3,L09-2,1,0,0,0,2251,2251
3705001,3710000,2,L09-2,1,0,0,0,1815,1815
3730001,3735000,0,L09-2,1,1,0,0,0,3092
3790001,3795000,2,L09-2,1,0,0,0,2980,2980
3840001,3845000,1,L09-2,1,0,0,0,1019,1019
3865001,3870000,2,L09-2,1,0,0,0,1476,1476
3870001,3875000,4,L09-2,1,0,0,0,2171,2171
3880001,3885000,2,L09-2,1,0,0,0,2731,2731
3900001,3905000,0,L09-2,1,0,1,0,0,0
3920001,3925000,0,L09-2,1,0,1,0,0,0
3935001,3940000,1,L09-2,1,0,0,0,2407,2407
3940001,3945000,6,L09-2,1,0,0,0,3045,3045
3945001,3950000,1,L09-2,1,0,0,0,1610,1610
20001,25000,1,L09-2,2,0,0,0,75,75
40001,45000,1,L09-2,2,0,0,0,1259,1259
55001,60000,3,L09-2,2,0,0,0,228,228
60001,65000,2,L09-2,2,0,0,0,1658,1658
65001,70000,1,L09-2,2,0,0,0,20,20
105001,110000,1,L09-2,2,0,0,0,545,545
120001,125000,2,L09-2,2,0,0,0,3382,3382
125001,130000,1,L09-2,2,0,0,0,0,0
195001,200000,2,L09-2,2,0,0,0,2095,2095
200001,205000,1,L09-2,2,0,0,0,1062,1062
235001,240000,1,L09-2,2,0,0,0,320,320
240001,245000,1,L09-2,2,0,0,0,537,537
245001,250000,5,L09-2,2,0,0,0,3089,3089
250001,255000,5,L09-2,2,0,0,0,1613,1613
255001,260000,3,L09-2,2,0,0,0,4603,4603
260001,265000,1,L09-2,2,0,0,0,3825,3825
325001,330000,2,L09-2,2,0,0,0,2578,2578
330001,335000,2,L09-2,2,0,0,0,1325,1325
335001,340000,1,L09-2,2,0,0,0,1415,1415
345001,350000,1,L09-2,2,0,0,0,536,536
440001,445000,1,L09-2,2,0,0,0,174,174
445001,450000,3,L09-2,2,0,0,0,1928,1928
450001,455000,1,L09-2,2,0,0,0,403,403
460001,465000,2,L09-2,2,0,0,0,1374,1374
465001,470000,3,L09-2,2,0,0,0,1583,1583
470001,475000,1,L09-2,2,0,0,0,69,69
495001,500000,1,L09-2,2,0,0,0,140,140
500001,505000,1,L09-2,2,0,0,0,87,87
520001,525000,1,L09-2,2,0,0,0,530,530
550001,555000,1,L09-2,2,0,0,0,0,0
555001,560000,1,L09-2,2,0,0,0,2855,2855
560001,565000,2,L09-2,2,0,0,0,2182,2182
575001,580000,1,L09-2,2,0,0,0,303,303
580001,585000,2,L09-2,2,0,0,0,973,973
635001,640000,2,L09-2,2,0,0,0,2619,2619
640001,645000,4,L09-2,2,0,0,0,3277,3277
645001,650000,1,L09-2,2,0,0,0,126,126
665001,670000,1,L09-2,2,0,0,0,479,479
670001,675000,1,L09-2,2,0,0,0,2354,2354
705001,710000,3,L09-2,2,0,0,0,3025,3025
710001,715000,5,L09-2,2,0,0,0,4997,4997
715001,720000,5,L09-2,2,0,0,0,4031,4031
720001,725000,5,L09-2,2,0,0,0,4545,4545
725001,730000,2,L09-2,2,0,0,0,2531,2531
755001,760000,1,L09-2,2,0,0,0,662,662
760001,765000,0,L09-2,2,1,0,0,0,1548
765001,770000,0,L09-2,2,1,0,0,0,1546
775001,780000,1,L09-2,2,0,0,0,479,479
785001,790000,2,L09-2,2,0,0,0,1553,1553
790001,795000,1,L09-2,2,0,0,0,71,71
795001,800000,1,L09-2,2,0,0,0,824,824
800001,805000,4,L09-2,2,0,0,0,2397,2397
805001,810000,6,L09-2,2,0,0,0,4405,4405
810001,815000,3,L09-2,2,0,0,0,4359,4359
815001,820000,5,L09-2,2,0,0,0,4261,4261
820001,825000,2,L09-2,2,0,0,0,2685,2685
825001,830000,1,L09-2,2,0,0,0,1298,1298
830001,835000,1,L09-2,2,0,0,0,1718,1718
930001,935000,1,L09-2,2,0,0,0,974,974
955001,960000,1,L09-2,2,0,0,0,354,354
960001,965000,2,L09-2,2,0,0,0,2464,2464
965001,970000,4,L09-2,2,0,0,0,2969,2969
970001,975000,2,L09-2,2,0,0,0,2761,2761
1005001,1010000,1,L09-2,2,0,0,0,113,113
1020001,1025000,1,L09-2,2,0,0,0,911,911
1025001,1030000,2,L09-2,2,0,0,0,1663,1663
1030001,1035000,1,L09-2,2,0,0,0,962,962
1065001,1070000,0,L09-2,2,0,1,1,0,0
1075001,1080000,2,L09-2,2,0,0,0,1405,1405
1080001,1085000,2,L09-2,2,1,0,0,1036,4130
1085001,1090000,1,L09-2,2,0,0,0,532,532
1090001,1095000,1,L09-2,2,0,0,0,76,76
1165001,1170000,2,L09-2,2,0,0,0,3013,3013
1170001,1175000,4,L09-2,2,0,0,0,4198,4198
1175001,1180000,1,L09-2,2,0,0,0,637,637
1185001,1190000,1,L09-2,2,0,0,0,988,988
1190001,1195000,1,L09-2,2,0,0,0,550,550
1195001,1200000,1,L09-2,2,0,0,0,84,84
1205001,1210000,1,L09-2,2,0,0,0,1664,1664
1210001,1215000,1,L09-2,2,0,0,0,530,530
1275001,1280000,0,L09-2,2,1,0,0,0,1294
1280001,1285000,0,L09-2,2,1,0,0,0,1800
1405001,1410000,0,L09-2,2,1,0,0,0,733
1410001,1415000,0,L09-2,2,1,0,0,0,2361
1420001,1425000,1,L09-2,2,0,0,0,218,218
1430001,1435000,2,L09-2,2,0,0,0,4220,4220
1435001,1440000,2,L09-2,2,0,0,0,1675,1675
1455001,1460000,1,L09-2,2,0,0,0,605,605
1460001,1465000,2,L09-2,2,0,0,0,2047,2047
1465001,1470000,3,L09-2,2,0,0,0,2498,2498
1470001,1475000,3,L09-2,2,0,0,0,3273,3273
1475001,1480000,1,L09-2,2,0,0,0,3186,3186
1480001,1485000,1,L09-2,2,0,0,0,15,15
1485001,1490000,1,L09-2,2,0,0,0,1385,1385
1510001,1515000,1,L09-2,2,0,0,0,518,518
1525001,1530000,1,L09-2,2,0,0,0,87,87
1605001,1610000,2,L09-2,2,0,0,0,4321,4321
1610001,1615000,2,L09-2,2,0,0,0,719,719
1615001,1620000,3,L09-2,2,0,0,0,1899,1899
1620001,1625000,2,L09-2,2,0,0,0,1642,1642
1630001,1635000,0,L09-2,2,0,1,0,0,0
1640001,1645000,3,L09-2,2,0,0,0,3137,3137
1655001,1660000,1,L09-2,2,0,0,0,1106,1106
1685001,1690000,0,L09-2,2,1,0,0,0,4090
1690001,1695000,3,L09-2,2,0,0,0,1994,1994
1695001,1700000,5,L09-2,2,0,0,0,4182,4182
1700001,1705000,1,L09-2,2,0,0,0,854,854
1760001,1765000,1,L09-2,2,0,0,0,2597,2597
1765001,1770000,1,L09-2,2,0,0,0,118,118
1770001,1775000,1,L09-2,2,0,0,0,472,472
1780001,1785000,1,L09-2,2,0,0,0,788,788
2020001,2025000,1,L09-2,2,0,0,0,398,398
2025001,2030000,1,L09-2,2,0,0,0,876,876
2050001,2055000,1,L09-2,2,0,0,0,640,640
2100001,2105000,1,L09-2,2,0,0,0,794,794
2105001,2110000,5,L09-2,2,0,0,0,4183,4183
2110001,2115000,1,L09-2,2,0,0,0,1219,1219
2130001,2135000,1,L09-2,2,0,0,0,827,827
2170001,2175000,1,L09-2,2,0,0,0,995,995
2195001,2200000,1,L09-2,2,0,0,0,695,695
2220001,2225000,0,L09-2,2,0,1,0,0,0
2240001,2245000,0,L09-2,2,1,0,0,0,1610
2245001,2250000,0,L09-2,2,1,0,0,0,2479
2255001,2260000,1,L09-2,2,0,0,0,735,735
2260001,2265000,1,L09-2,2,0,0,0,1037,1037
2270001,2275000,1,L09-2,2,0,0,0,1733,1733
2285001,2290000,3,L09-2,2,0,0,0,707,707
2305001,2310000,0,L09-2,2,1,0,0,0,1736
2310001,2315000,0,L09-2,2,1,0,0,0,1358
2400001,2405000,1,L09-2,2,0,0,0,2033,2033
2450001,2455000,1,L09-2,2,0,0,0,668,668
2490001,2495000,1,L09-2,2,0,0,0,1761,1761
2540001,2545000,1,L09-2,2,0,0,0,2627,2627
2545001,2550000,1,L09-2,2,0,0,0,1418,1418
2550001,2555000,2,L09-2,2,0,0,0,1997,1997
2635001,2640000,2,L09-2,2,0,0,0,2182,2182
2640001,2645000,1,L09-2,2,0,0,0,900,900
2645001,2650000,1,L09-2,2,0,0,0,320,320
2700001,2705000,1,L09-2,2,0,0,0,0,0
2705001,2710000,1,L09-2,2,0,0,0,1415,1415
2710001,2715000,1,L09-2,2,0,0,0,1081,1081
2715001,2720000,2,L09-2,2,0,0,0,1920,1920
2770001,2775000,1,L09-2,2,0,0,0,1127,1127
2775001,2780000,1,L09-2,2,0,0,0,878,878
2795001,2800000,1,L09-2,2,0,0,0,746,746
2810001,2815000,1,L09-2,2,0,0,0,151,151
2815001,2820000,3,L09-2,2,0,0,0,2944,2944
2820001,2825000,1,L09-2,2,0,0,0,769,769
2840001,2845000,1,L09-2,2,0,0,0,803,803
2875001,2880000,1,L09-2,2,0,0,0,380,380
2880001,2885000,2,L09-2,2,0,0,0,1879,1879
2900001,2905000,1,L09-2,2,0,0,0,1355,1355
2915001,2920000,1,L09-2,2,0,0,0,737,737
2920001,2925000,3,L09-2,2,0,0,0,1216,1216
2925001,2930000,4,L09-2,2,0,0,0,2308,2308
2930001,2935000,1,L09-2,2,0,0,0,670,670
2960001,2965000,3,L09-2,2,0,0,0,2028,2028
2965001,2970000,1,L09-2,2,0,0,0,879,879
3010001,3015000,2,L09-2,2,0,0,0,835,835
3015001,3020000,2,L09-2,2,0,0,0,665,665
3045001,3050000,1,L09-2,2,0,0,0,495,495
3050001,3055000,2,L09-2,2,0,0,0,2440,2440
3105001,3110000,1,L09-2,2,0,0,0,875,875
3135001,3140000,0,L09-2,2,1,0,0,0,3094
3175001,3180000,1,L09-2,2,0,0,0,1098,1098
3210001,3215000,2,L09-2,2,0,0,0,2242,2242
3225001,3230000,1,L09-2,2,0,0,0,1154,1154
3230001,3235000,1,L09-2,2,0,0,0,416,416
3275001,3280000,2,L09-2,2,0,0,0,2227,2227
3280001,3285000,1,L09-2,2,0,0,0,769,769
3285001,3290000,1,L09-2,2,0,0,0,1700,1700
3290001,3295000,1,L09-2,2,0,0,0,192,192
3295001,3300000,1,L09-2,2,0,0,0,653,653
3305001,3310000,1,L09-2,2,0,0,0,229,229
3310001,3315000,2,L09-2,2,0,0,0,1377,1377
3315001,3320000,2,L09-2,2,0,0,0,2026,2026
3320001,3325000,2,L09-2,2,0,0,0,2573,2573
3375001,3380000,1,L09-2,2,0,0,0,375,375
3420001,3425000,2,L09-2,2,0,0,0,3756,3756
3425001,3430000,2,L09-2,2,0,0,0,454,454
3430001,3435000,3,L09-2,2,0,0,0,3306,3306
3435001,3440000,1,L09-2,2,0,0,0,1172,1172
3440001,3445000,4,L09-2,2,0,0,0,2798,2798
3450001,3455000,4,L09-2,2,0,0,0,2389,2389
3480001,3485000,2,L09-2,2,1,0,0,820,3914
3485001,3490000,1,L09-2,2,0,0,0,1067,1067
3500001,3505000,2,L09-2,2,0,0,0,1117,1117
3505001,3510000,2,L09-2,2,0,0,0,1517,1517
3510001,3515000,2,L09-2,2,0,0,0,1819,1819
3535001,3540000,3,L09-2,2,0,0,0,1373,1373
3540001,3545000,1,L09-2,2,0,0,0,654,654
3545001,3550000,7,L09-2,2,0,0,0,4470,4470
3550001,3555000,14,L09-2,2,0,0,0,4701,4701
3555001,3560000,8,L09-2,2,1,1,0,3651,4325
3560001,3565000,0,L09-2,2,1,1,0,0,3415
3565001,3570000,3,L09-2,2,0,0,0,3027,3027
3605001,3610000,1,L09-2,2,0,0,0,1004,1004
3620001,3625000,1,L09-2,2,0,0,0,2135,2135
3665001,3670000,1,L09-2,2,0,0,0,1103,1103
3685001,3690000,1,L09-2,2,0,0,0,317,317
3690001,3695000,4,L09-2,2,0,0,0,3749,3749
3715001,3720000,0,L09-2,2,1,0,0,0,1224
3720001,3725000,0,L09-2,2,1,0,0,0,1869
3740001,3745000,2,L09-2,2,0,0,0,2731,2731
3750001,3755000,4,L09-2,2,0,0,0,2184,2184
3755001,3760000,2,L09-2,2,0,0,0,1463,1463
3780001,3785000,1,L09-2,2,0,0,0,1019,1019
3830001,3835000,2,L09-2,2,0,0,0,2980,2980
3890001,3895000,0,L09-2,2,1,0,0,0,3092
3910001,3915000,2,L09-2,2,0,0,0,3142,3142
3915001,3920000,5,L09-2,2,0,0,0,3920,3920
20001,25000,1,L09-3,1,0,0,0,75,75
40001,45000,1,L09-3,1,0,0,0,1259,1259
55001,60000,3,L09-3,1,0,0,0,228,228
60001,65000,2,L09-3,1,0,0,0,1667,1667
65001,70000,1,L09-3,1,0,0,0,11,11
105001,110000,1,L09-3,1,0,0,0,545,545
120001,125000,2,L09-3,1,0,0,0,3382,3382
155001,160000,0,L09-3,1,0,1,1,0,0
195001,200000,2,L09-3,1,0,0,0,2110,2110
200001,205000,1,L09-3,1,0,0,0,1046,1046
235001,240000,1,L09-3,1,0,0,0,338,338
240001,245000,1,L09-3,1,0,0,0,519,519
245001,250000,5,L09-3,1,0,0,0,3089,3089
250001,255000,4,L09-3,1,0,0,0,1631,1631
255001,260000,3,L09-3,1,0,0,0,4603,4603
260001,265000,1,L09-3,1,0,0,0,3807,3807
325001,330000,2,L09-3,1,0,0,0,2600,2600
330001,335000,2,L09-3,1,0,0,0,1302,1302
335001,340000,1,L09-3,1,0,0,0,1415,1415
345001,350000,1,L09-3,1,0,0,0,536,536
370001,375000,0,L09-3,1,0,1,1,0,0
390001,395000,0,L09-3,1,1,0,0,0,4089
445001,450000,2,L09-3,1,0,0,0,1062,1062
450001,455000,2,L09-3,1,0,0,0,1443,1443
465001,470000,3,L09-3,1,0,0,0,2210,2210
470001,475000,2,L09-3,1,0,0,0,816,816
500001,505000,1,L09-3,1,0,0,0,227,227
525001,530000,1,L09-3,1,0,0,0,530,530
555001,560000,1,L09-3,1,0,0,0,932,932
560001,565000,2,L09-3,1,0,0,0,2619,2619
565001,570000,2,L09-3,1,0,0,0,1486,1486
580001,585000,2,L09-3,1,0,0,0,1232,1232
585001,590000,1,L09-3,1,0,0,0,44,44
640001,645000,2,L09-3,1,0,0,0,3553,3553
645001,650000,4,L09-3,1,0,0,0,2468,2468
665001,670000,1,L09-3,1,0,0,0,185,185
670001,675000,2,L09-3,1,0,0,0,547,547
675001,680000,1,L09-3,1,0,0,0,2101,2101
710001,715000,4,L09-3,1,0,0,0,3963,3963
715001,720000,5,L09-3,1,0,0,0,4997,4997
720001,725000,4,L09-3,1,0,0,0,4031,4031
725001,730000,5,L09-3,1,0,0,0,4545,4545
730001,735000,2,L09-3,1,0,0,0,1593,1593
760001,765000,1,L09-3,1,0,0,0,661,661
765001,770000,0,L09-3,1,1,0,0,0,2486
770001,775000,0,L09-3,1,1,0,0,0,608
780001,785000,1,L09-3,1,0,0,0,479,479
790001,795000,2,L09-3,1,0,0,0,1624,1624
800001,805000,1,L09-3,1,0,0,0,825,825
805001,810000,4,L09-3,1,0,0,0,3095,3095
810001,815000,5,L09-3,1,0,0,0,4645,4645
815001,820000,5,L09-3,1,0,0,0,4250,4250
820001,825000,3,L09-3,1,0,0,0,4370,4370
825001,830000,3,L09-3,1,0,0,0,2236,2236
830001,835000,2,L09-3,1,0,0,0,1571,1571
835001,840000,1,L09-3,1,0,0,0,954,954
930001,935000,1,L09-3,1,0,0,0,287,287
935001,940000,1,L09-3,1,0,0,0,687,687
960001,965000,1,L09-3,1,0,0,0,1303,1303
965001,970000,3,L09-3,1,0,0,0,2010,2010
970001,975000,5,L09-3,1,0,0,0,3111,3111
975001,980000,2,L09-3,1,0,0,0,2124,2124
1010001,1015000,1,L09-3,1,0,0,0,113,113
1025001,1030000,1,L09-3,1,0,0,0,1862,1862
1030001,1035000,3,L09-3,1,0,0,0,1612,1612
1035001,1040000,1,L09-3,1,0,0,0,61,61
1080001,1085000,2,L09-3,1,1,0,0,2107,2337
1085001,1090000,1,L09-3,1,1,0,0,866,3729
1095001,1100000,1,L09-3,1,0,0,0,76,76
1170001,1175000,3,L09-3,1,0,0,0,3188,3188
1175001,1180000,4,L09-3,1,0,0,0,4660,4660
1190001,1195000,1,L09-3,1,0,0,0,1538,1538
1200001,1205000,1,L09-3,1,0,0,0,84,84
1205001,1210000,1,L09-3,1,0,0,0,201,201
1210001,1215000,2,L09-3,1,0,0,0,1822,1822
1215001,1220000,1,L09-3,1,0,0,0,172,172
1280001,1285000,0,L09-3,1,1,0,0,0,2262
1285001,1290000,0,L09-3,1,1,0,0,0,830
1420001,1425000,1,L09-3,1,0,0,0,218,218
1430001,1435000,1,L09-3,1,0,0,0,3456,3456
1435001,1440000,3,L09-3,1,0,0,0,2439,2439
1460001,1465000,2,L09-3,1,0,0,0,1732,1732
1465001,1470000,3,L09-3,1,0,0,0,3418,3418
1470001,1475000,3,L09-3,1,0,0,0,2354,2354
1475001,1480000,1,L09-3,1,0,0,0,4105,4105
1485001,1490000,1,L09-3,1,0,0,0,1400,1400
1510001,1515000,1,L09-3,1,0,0,0,518,518
1525001,1530000,1,L09-3,1,0,0,0,65,65
1530001,1535000,1,L09-3,1,0,0,0,22,22
1605001,1610000,2,L09-3,1,0,0,0,3411,3411
1610001,1615000,2,L09-3,1,0,0,0,1629,1629
1615001,1620000,3,L09-3,1,0,0,0,1899,1899
1620001,1625000,2,L09-3,1,0,0,0,1642,1642
1635001,1640000,0,L09-3,1,0,1,1,0,0
1640001,1645000,3,L09-3,1,0,0,0,2635,2635
1645001,1650000,1,L09-3,1,0,0,0,502,502
1655001,1660000,1,L09-3,1,0,0,0,396,396
1660001,1665000,1,L09-3,1,0,0,0,710,710
1685001,1690000,0,L09-3,1,0,1,0,0,0
1695001,1700000,0,L09-3,1,1,0,0,0,2335
1700001,1705000,1,L09-3,1,1,0,0,584,2339
1705001,1710000,4,L09-3,1,0,0,0,3620,3620
1710001,1715000,4,L09-3,1,0,0,0,2826,2826
1750001,1755000,0,L09-3,1,1,0,0,0,2151
1755001,1760000,0,L09-3,1,1,0,0,0,1937
1775001,1780000,1,L09-3,1,0,0,0,969,969
1780001,1785000,1,L09-3,1,0,0,0,1627,1627
1785001,1790000,1,L09-3,1,0,0,0,590,590
1795001,1800000,1,L09-3,1,0,0,0,788,788
1920001,1925000,0,L09-3,1,0,1,1,0,0
2040001,2045000,1,L09-3,1,0,0,0,1274,1274
2065001,2070000,1,L09-3,1,0,0,0,641,641
2120001,2125000,3,L09-3,1,0,0,0,3674,3674
2125001,2130000,3,L09-3,1,0,0,0,2522,2522
2145001,2150000,1,L09-3,1,0,0,0,827,827
2175001,2180000,0,L09-3,1,0,2,0,0,0
2185001,2190000,1,L09-3,1,0,0,0,995,995
2210001,2215000,1,L09-3,1,0,0,0,571,571
2215001,2220000,1,L09-3,1,0,0,0,124,124
2260001,2265000,0,L09-3,1,1,0,0,0,4090
2275001,2280000,1,L09-3,1,0,0,0,1772,1772
2285001,2290000,1,L09-3,1,0,0,0,1733,1733
2300001,2305000,3,L09-3,1,0,0,0,707,707
2325001,2330000,0,L09-3,1,1,0,0,0,3094
2415001,2420000,1,L09-3,1,0,0,0,1115,1115
2420001,2425000,1,L09-3,1,0,0,0,918,918
2465001,2470000,1,L09-3,1,0,0,0,668,668
2505001,2510000,1,L09-3,1,0,0,0,1044,1044
2510001,2515000,1,L09-3,1,0,0,0,716,716
2555001,2560000,1,L09-3,1,0,0,0,2527,2527
2560001,2565000,1,L09-3,1,0,0,0,100,100
2565001,2570000,2,L09-3,1,0,0,0,3415,3415
2650001,2655000,2,L09-3,1,0,0,0,2182,2182
2660001,2665000,1,L09-3,1,0,0,0,1220,1220
2720001,2725000,1,L09-3,1,0,0,0,1415,1415
2730001,2735000,2,L09-3,1,0,0,0,3000,3000
2785001,2790000,1,L09-3,1,0,0,0,1126,1126
2790001,2795000,1,L09-3,1,0,0,0,197,197
2795001,2800000,1,L09-3,1,0,0,0,681,681
2810001,2815000,1,L09-3,1,0,0,0,746,746
2830001,2835000,1,L09-3,1,0,0,0,1472,1472
2835001,2840000,2,L09-3,1,0,0,0,2392,2392
2855001,2860000,1,L09-3,1,0,0,0,636,636
2860001,2865000,1,L09-3,1,0,0,0,167,167
2895001,2900000,2,L09-3,1,0,0,0,1285,1285
2900001,2905000,1,L09-3,1,0,0,0,974,974
2915001,2920000,1,L09-3,1,0,0,0,1355,1355
2920001,2925000,1,L09-3,1,0,0,0,0,0
2930001,2935000,1,L09-3,1,0,0,0,737,737
2940001,2945000,4,L09-3,1,0,0,0,2722,2722
2945001,2950000,2,L09-3,1,0,0,0,1471,1471
2975001,2980000,2,L09-3,1,0,0,0,277,277
2980001,2985000,1,L09-3,1,0,0,0,2629,2629
3030001,3035000,3,L09-3,1,0,0,0,1499,1499
3065001,3070000,2,L09-3,1,0,0,0,2935,2935
3120001,3125000,1,L09-3,1,0,0,0,33,33
3125001,3130000,1,L09-3,1,0,0,0,842,842
3150001,3155000,0,L09-3,1,1,0,0,0,2271
3155001,3160000,0,L09-3,1,1,0,0,0,822
3190001,3195000,1,L09-3,1,0,0,0,1098,1098
3225001,3230000,2,L09-3,1,0,0,0,1476,1476
3230001,3235000,1,L09-3,1,0,0,0,766,766
3240001,3245000,1,L09-3,1,0,0,0,151,151
3245001,3250000,1,L09-3,1,0,0,0,1003,1003
3250001,3255000,1,L09-3,1,0,0,0,416,416
3290001,3295000,1,L09-3,1,0,0,0,530,530
3295001,3300000,2,L09-3,1,0,0,0,2465,2465
3305001,3310000,1,L09-3,1,0,0,0,1892,1892
3315001,3320000,1,L09-3,1,0,0,0,653,653
3325001,3330000,2,L09-3,1,0,0,0,1606,1606
3330001,3335000,1,L09-3,1,0,0,0,660,660
3335001,3340000,3,L09-3,1,0,0,0,3938,3938
3395001,3400000,1,L09-3,1,0,0,0,374,374
3435001,3440000,1,L09-3,1,0,0,0,1857,1857
3440001,3445000,2,L09-3,1,0,0,0,2302,2302
3445001,3450000,3,L09-3,1,0,0,0,1621,1621
3450001,3455000,1,L09-3,1,0,0,0,1736,1736
3455001,3460000,4,L09-3,1,0,0,0,2711,2711
3460001,3465000,1,L09-3,1,0,0,0,1259,1259
3465001,3470000,4,L09-3,1,0,0,0,2389,2389
3495001,3500000,2,L09-3,1,1,0,0,820,2302
3500001,3505000,1,L09-3,1,1,0,0,387,1998
3505001,3510000,1,L09-3,1,0,0,0,680,680
3520001,3525000,3,L09-3,1,0,0,0,2634,2634
3525001,3530000,2,L09-3,1,0,0,0,1819,1819
3550001,3555000,1,L09-3,1,0,0,0,571,571
3555001,3560000,2,L09-3,1,0,0,0,1456,1456
3560001,3565000,5,L09-3,1,0,0,0,2737,2737
3565001,3570000,10,L09-3,1,0,0,0,4707,4707
3570001,3575000,12,L09-3,1,0,0,0,4732,4732
3575001,3580000,2,L09-3,1,1,0,0,646,4404
3580001,3585000,3,L09-3,1,1,1,0,2893,3225
3585001,3590000,1,L09-3,1,0,0,0,134,134
3620001,3625000,1,L09-3,1,0,0,0,1004,1004
3635001,3640000,1,L09-3,1,0,0,0,2135,2135
3680001,3685000,1,L09-3,1,0,0,0,640,640
3685001,3690000,1,L09-3,1,0,0,0,463,463
3705001,3710000,4,L09-3,1,0,0,0,3151,3151
3710001,3715000,1,L09-3,1,0,0,0,915,915
3735001,3740000,0,L09-3,1,1,0,0,0,3092
3790001,3795000,1,L09-3,1,0,0,0,337,337
3795001,3800000,2,L09-3,1,0,0,0,2643,2643
3845001,3850000,1,L09-3,1,0,0,0,1019,1019
3870001,3875000,2,L09-3,1,0,0,0,1756,1756
3875001,3880000,3,L09-3,1,0,0,0,1891,1891
3885001,3890000,2,L09-3,1,0,0,0,2731,2731
3940001,3945000,1,L09-3,1,0,0,0,2414,2414
3945001,3950000,5,L09-3,1,0,0,0,3941,3941
3950001,3955000,1,L09-3,1,0,0,0,707,707
3975001,3980000,2,L09-3,1,0,0,0,3199,3199
20001,25000,1,L09-3,2,0,0,0,75,75
40001,45000,1,L09-3,2,0,0,0,1259,1259
55001,60000,3,L09-3,2,0,0,0,228,228
60001,65000,2,L09-3,2,0,0,0,1663,1663
65001,70000,1,L09-3,2,0,0,0,15,15
105001,110000,1,L09-3,2,0,0,0,545,545
120001,125000,2,L09-3,2,0,0,0,3382,3382
155001,160000,0,L09-3,2,1,0,0,0,2959
160001,165000,0,L09-3,2,1,1,0,0,1131
200001,205000,2,L09-3,2,0,0,0,3000,3000
205001,210000,1,L09-3,2,0,0,0,157,157
240001,245000,1,L09-3,2,0,0,0,857,857
250001,255000,5,L09-3,2,0,0,0,3089,3089
255001,260000,5,L09-3,2,0,0,0,2202,2202
260001,265000,2,L09-3,2,0,0,0,4923,4923
265001,270000,1,L09-3,2,0,0,0,2916,2916
330001,335000,2,L09-3,2,0,0,0,3295,3295
335001,340000,1,L09-3,2,0,0,0,608,608
340001,345000,1,L09-3,2,0,0,0,1415,1415
350001,355000,1,L09-3,2,0,0,0,536,536
375001,380000,0,L09-3,2,1,0,0,0,4090
395001,400000,0,L09-3,2,1,0,0,0,1182
400001,405000,0,L09-3,2,1,0,0,0,2908
455001,460000,2,L09-3,2,0,0,0,1939,1939
460001,465000,1,L09-3,2,0,0,0,566,566
475001,480000,3,L09-3,2,0,0,0,2565,2565
480001,485000,1,L09-3,2,0,0,0,461,461
510001,515000,1,L09-3,2,0,0,0,227,227
535001,540000,1,L09-3,2,0,0,0,530,530
565001,570000,1,L09-3,2,0,0,0,2724,2724
570001,575000,3,L09-3,2,0,0,0,2313,2313
590001,595000,2,L09-3,2,0,0,0,1276,1276
645001,650000,1,L09-3,2,0,0,0,390,390
650001,655000,4,L09-3,2,0,0,0,4381,4381
655001,660000,2,L09-3,2,0,0,0,1249,1249
675001,680000,1,L09-3,2,0,0,0,479,479
680001,685000,1,L09-3,2,0,0,0,2044,2044
685001,690000,1,L09-3,2,0,0,0,310,310
715001,720000,2,L09-3,2,0,0,0,752,752
720001,725000,4,L09-3,2,0,0,0,5000,5000
725001,730000,5,L09-3,2,0,0,0,4943,4943
730001,735000,5,L09-3,2,0,0,0,3923,3923
735001,740000,3,L09-3,2,0,0,0,3891,3891
740001,745000,1,L09-3,2,0,0,0,620,620
770001,775000,1,L09-3,2,0,0,0,662,662
775001,780000,0,L09-3,2,1,0,0,0,3092
785001,790000,1,L09-3,2,0,0,0,479,479
795001,800000,1,L09-3,2,0,0,0,1010,1010
800001,805000,2,L09-3,2,0,0,0,614,614
810001,815000,2,L09-3,2,0,0,0,1618,1618
815001,820000,5,L09-3,2,0,0,0,3947,3947
820001,825000,5,L09-3,2,0,0,0,4759,4759
825001,830000,5,L09-3,2,0,0,0,4166,4166
830001,835000,2,L09-3,2,0,0,0,4441,4441
835001,840000,1,L09-3,2,0,0,0,1298,1298
840001,845000,1,L09-3,2,0,0,0,1718,1718
940001,945000,1,L09-3,2,0,0,0,974,974
970001,975000,2,L09-3,2,0,0,0,2818,2818
975001,980000,4,L09-3,2,0,0,0,2098,2098
980001,985000,3,L09-3,2,0,0,0,3271,3271
985001,990000,1,L09-3,2,0,0,0,361,361
1020001,1025000,1,L09-3,2,0,0,0,113,113
1035001,1040000,1,L09-3,2,0,0,0,1930,1930
1040001,1045000,2,L09-3,2,0,0,0,1606,1606
1090001,1095000,2,L09-3,2,1,0,0,2106,4121
1095001,1100000,1,L09-3,2,1,0,0,866,1943
1100001,1105000,1,L09-3,2,0,0,0,76,76
1175001,1180000,2,L09-3,2,0,0,0,1691,1691
1180001,1185000,4,L09-3,2,0,0,0,3284,3284
1185001,1190000,2,L09-3,2,0,0,0,2873,2873
1200001,1205000,1,L09-3,2,0,0,0,1538,1538
1205001,1210000,1,L09-3,2,0,0,0,84,84
1215001,1220000,1,L09-3,2,0,0,0,1664,1664
1220001,1225000,1,L09-3,2,0,0,0,530,530
1290001,1295000,0,L09-3,2,1,0,0,0,3093
1430001,1435000,1,L09-3,2,0,0,0,218,218
1435001,1440000,1,L09-3,2,0,0,0,237,237
1440001,1445000,2,L09-3,2,0,0,0,4366,4366
1445001,1450000,1,L09-3,2,0,0,0,1292,1292
1465001,1470000,1,L09-3,2,0,0,0,1465,1465
1470001,1475000,3,L09-3,2,0,0,0,2047,2047
1475001,1480000,2,L09-3,2,0,0,0,1638,1638
1480001,1485000,3,L09-3,2,0,0,0,4133,4133
1485001,1490000,1,L09-3,2,0,0,0,2326,2326
1490001,1495000,1,L09-3,2,0,0,0,877,877
1495001,1500000,1,L09-3,2,0,0,0,523,523
1520001,1525000,1,L09-3,2,0,0,0,518,518
1535001,1540000,1,L09-3,2,0,0,0,87,87
1595001,1600000,0,L09-3,2,0,1,1,0,0
1610001,1615000,1,L09-3,2,0,0,0,402,402
1615001,1620000,3,L09-3,2,0,0,0,4638,4638
1620001,1625000,2,L09-3,2,0,0,0,105,105
1625001,1630000,3,L09-3,2,0,0,0,1794,1794
1630001,1635000,2,L09-3,2,0,0,0,1641,1641
1640001,1645000,0,L09-3,2,1,0,0,0,1065
1645001,1650000,0,L09-3,2,1,0,0,0,3021
1650001,1655000,1,L09-3,2,0,0,0,314,314
1655001,1660000,3,L09-3,2,0,0,0,2823,2823
1670001,1675000,1,L09-3,2,0,0,0,1106,1106
1700001,1705000,0,L09-3,2,1,0,0,0,4089
1705001,1710000,3,L09-3,2,0,0,0,1894,1894
1710001,1715000,5,L09-3,2,0,0,0,4288,4288
1715001,1720000,1,L09-3,2,0,0,0,854,854
1755001,1760000,0,L09-3,2,1,1,0,0,4089
1760001,1765000,0,L09-3,2,0,1,0,0,0
1780001,1785000,1,L09-3,2,0,0,0,2597,2597
1785001,1790000,1,L09-3,2,0,0,0,590,590
1800001,1805000,1,L09-3,2,0,0,0,788,788
1895001,1900000,0,L09-3,2,0,1,1,0,0
1920001,1925000,0,L09-3,2,0,1,0,0,0
1925001,1930000,0,L09-3,2,1,0,0,0,3094
1930001,1935000,0,L09-3,2,0,1,0,0,0
2045001,2050000,1,L09-3,2,0,0,0,1274,1274
2070001,2075000,1,L09-3,2,0,0,0,641,641
2125001,2130000,2,L09-3,2,0,0,0,3370,3370
2130001,2135000,3,L09-3,2,0,0,0,2826,2826
2150001,2155000,1,L09-3,2,0,0,0,827,827
2180001,2185000,0,L09-3,2,1,0,0,0,1186
2185001,2190000,0,L09-3,2,1,0,0,0,2904
2195001,2200000,1,L09-3,2,0,0,0,995,995
2200001,2205000,0,L09-3,2,0,1,1,0,0
2220001,2225000,1,L09-3,2,0,0,0,695,695
2265001,2270000,0,L09-3,2,1,0,0,0,1569
2270001,2275000,0,L09-3,2,1,0,0,0,2519
2280001,2285000,1,L09-3,2,0,0,0,695,695
2285001,2290000,1,L09-3,2,0,0,0,1077,1077
2295001,2300000,1,L09-3,2,0,0,0,1733,1733
2310001,2315000,3,L09-3,2,0,0,0,707,707
2330001,2335000,0,L09-3,2,1,0,0,0,1698
2335001,2340000,0,L09-3,2,1,0,0,0,1396
2425001,2430000,1,L09-3,2,0,0,0,2033,2033
2475001,2480000,1,L09-3,2,0,0,0,668,668
2515001,2520000,1,L09-3,2,0,0,0,1760,1760
2565001,2570000,1,L09-3,2,0,0,0,2627,2627
2570001,2575000,1,L09-3,2,0,0,0,1383,1383
2575001,2580000,2,L09-3,2,0,0,0,2032,2032
2635001,2640000,0,L09-3,2,0,1,1,0,0
2660001,2665000,2,L09-3,2,0,0,0,2182,2182
2665001,2670000,1,L09-3,2,0,0,0,867,867
2670001,2675000,1,L09-3,2,0,0,0,353,353
2730001,2735000,1,L09-3,2,0,0,0,1415,1415
2735001,2740000,1,L09-3,2,0,0,0,1042,1042
2740001,2745000,2,L09-3,2,0,0,0,1959,1959
2795001,2800000,1,L09-3,2,0,0,0,1127,1127
2800001,2805000,1,L09-3,2,0,0,0,878,878
2820001,2825000,1,L09-3,2,0,0,0,746,746
2835001,2840000,1,L09-3,2,0,0,0,115,115
2840001,2845000,3,L09-3,2,0,0,0,2944,2944
2845001,2850000,1,L09-3,2,0,0,0,805,805
2865001,2870000,1,L09-3,2,0,0,0,803,803
2900001,2905000,1,L09-3,2,0,0,0,380,380
2905001,2910000,3,L09-3,2,0,0,0,1879,1879
2925001,2930000,1,L09-3,2,0,0,0,1355,1355
2940001,2945000,1,L09-3,2,0,0,0,737,737
2945001,2950000,3,L09-3,2,0,0,0,1180,1180
2950001,2955000,4,L09-3,2,0,0,0,2308,2308
2955001,2960000,1,L09-3,2,0,0,0,706,706
2985001,2990000,3,L09-3,2,0,0,0,1990,1990
2990001,2995000,1,L09-3,2,0,0,0,916,916
3035001,3040000,2,L09-3,2,0,0,0,797,797
3040001,3045000,2,L09-3,2,0,0,0,703,703
3065001,3070000,0,L09-3,2,0,2,0,0,0
3070001,3075000,1,L09-3,2,0,0,0,462,462
3075001,3080000,2,L09-3,2,0,0,0,2473,2473
3130001,3135000,1,L09-3,2,0,0,0,875,875
3160001,3165000,0,L09-3,2,1,0,0,0,3093
3200001,3205000,1,L09-3,2,0,0,0,1098,1098
3235001,3240000,2,L09-3,2,0,0,0,2242,2242
3250001,3255000,1,L09-3,2,0,0,0,1154,1154
3255001,3260000,1,L09-3,2,0,0,0,416,416
3300001,3305000,2,L09-3,2,0,0,0,2199,2199
3305001,3310000,1,L09-3,2,0,0,0,796,796
3310001,3315000,1,L09-3,2,0,0,0,1673,1673
3315001,3320000,1,L09-3,2,0,1,1,219,219
3320001,3325000,1,L09-3,2,0,0,0,653,653
3330001,3335000,1,L09-3,2,0,0,0,202,202
3335001,3340000,2,L09-3,2,0,0,0,1404,1404
3340001,3345000,2,L09-3,2,0,0,0,1999,1999
3345001,3350000,2,L09-3,2,0,0,0,2600,2600
3400001,3405000,1,L09-3,2,0,0,0,376,376
3445001,3450000,2,L09-3,2,0,0,0,3726,3726
3450001,3455000,2,L09-3,2,0,0,0,455,455
3455001,3460000,3,L09-3,2,0,0,0,3334,3334
3460001,3465000,1,L09-3,2,0,0,0,1172,1172
3465001,3470000,4,L09-3,2,0,0,0,2798,2798
3475001,3480000,4,L09-3,2,0,0,0,2389,2389
3505001,3510000,2,L09-3,2,1,0,0,820,3914
3510001,3515000,1,L09-3,2,0,0,0,1067,1067
3525001,3530000,2,L09-3,2,0,0,0,1093,1093
3530001,3535000,2,L09-3,2,0,0,0,1541,1541
3535001,3540000,2,L09-3,2,0,0,0,1819,1819
3560001,3565000,3,L09-3,2,0,0,0,1346,1346
3565001,3570000,1,L09-3,2,0,0,0,682,682
3570001,3575000,7,L09-3,2,0,0,0,4442,4442
3575001,3580000,14,L09-3,2,0,0,0,4701,4701
3580001,3585000,8,L09-3,2,1,0,0,3678,4324
3585001,3590000,1,L09-3,2,1,0,0,136,3579
3590001,3595000,3,L09-3,2,0,0,0,2891,2891
3630001,3635000,1,L09-3,2,0,0,0,1004,1004
3640001,3645000,1,L09-3,2,0,0,0,73,73
3645001,3650000,1,L09-3,2,0,0,0,2062,2062
3690001,3695000,1,L09-3,2,0,0,0,1103,1103
3710001,3715000,1,L09-3,2,0,0,0,522,522
3715001,3720000,4,L09-3,2,0,0,0,3542,3542
3740001,3745000,0,L09-3,2,1,0,0,0,1432
3745001,3750000,0,L09-3,2,1,0,0,0,1662
3800001,3805000,2,L09-3,2,0,0,0,2453,2453
3805001,3810000,1,L09-3,2,0,0,0,527,527
3850001,3855000,1,L09-3,2,0,0,0,407,407
3855001,3860000,1,L09-3,2,0,0,0,612,612
3880001,3885000,4,L09-3,2,0,0,0,2311,2311
3885001,3890000,2,L09-3,2,0,0,0,1336,1336
3890001,3895000,2,L09-3,2,0,0,0,1355,1355
3895001,3900000,1,L09-3,2,0,0,0,1376,1376
3945001,3950000,1,L09-3,2,0,0,0,430,430
3950001,3955000,3,L09-3,2,0,0,0,3893,3893
3955001,3960000,4,L09-3,2,0,0,0,2738,2738
3980001,3985000,1,L09-3,2,0,0,0,1299,1299
3985001,3990000,2,L09-3,2,0,0,0,1900,1900
20001,25000,1,L09-4,1,0,0,0,75,75
40001,45000,1,L09-4,1,0,0,0,1259,1259
55001,60000,3,L09-4,1,0,0,0,228,228
60001,65000,2,L09-4,1,0,0,0,1667,1667
65001,70000,1,L09-4,1,0,0,0,11,11
105001,110000,1,L09-4,1,0,0,0,545,545
120001,125000,2,L09-4,1,0,0,0,3382,3382
150001,155000,0,L09-4,1,0,1,0,0,0
160001,165000,0,L09-4,1,0,1,0,0,0
195001,200000,2,L09-4,1,0,0,0,2110,2110
200001,205000,1,L09-4,1,0,0,0,1046,1046
235001,240000,1,L09-4,1,0,0,0,338,338
240001,245000,1,L09-4,1,0,0,0,519,519
245001,250000,5,L09-4,1,0,0,0,3089,3089
250001,255000,4,L09-4,1,0,0,0,1631,1631
255001,260000,3,L09-4,1,0,0,0,4603,4603
260001,265000,1,L09-4,1,0,0,0,3807,3807
325001,330000,2,L09-4,1,0,0,0,2600,2600
330001,335000,2,L09-4,1,0,0,0,1302,1302
335001,340000,1,L09-4,1,0,0,0,1415,1415
345001,350000,1,L09-4,1,0,0,0,536,536
390001,395000,0,L09-4,1,1,0,0,0,4089
445001,450000,2,L09-4,1,0,0,0,1062,1062
450001,455000,2,L09-4,1,0,0,0,1443,1443
465001,470000,3,L09-4,1,0,0,0,2210,2210
470001,475000,2,L09-4,1,0,0,0,816,816
500001,505000,1,L09-4,1,0,0,0,227,227
525001,530000,1,L09-4,1,0,0,0,530,530
555001,560000,1,L09-4,1,0,0,0,932,932
560001,565000,2,L09-4,1,0,0,0,2619,2619
565001,570000,2,L09-4,1,0,0,0,1486,1486
580001,585000,2,L09-4,1,0,0,0,1232,1232
585001,590000,1,L09-4,1,0,0,0,44,44
640001,645000,2,L09-4,1,0,0,0,3553,3553
645001,650000,4,L09-4,1,0,0,0,2468,2468
665001,670000,1,L09-4,1,0,0,0,185,185
670001,675000,2,L09-4,1,0,0,0,547,547
675001,680000,1,L09-4,1,0,0,0,2101,2101
710001,715000,4,L09-4,1,0,0,0,3963,3963
715001,720000,5,L09-4,1,0,0,0,4997,4997
720001,725000,4,L09-4,1,0,0,0,4031,4031
725001,730000,5,L09-4,1,0,0,0,4545,4545
730001,735000,2,L09-4,1,0,0,0,1593,1593
760001,765000,1,L09-4,1,0,0,0,661,661
765001,770000,0,L09-4,1,1,0,0,0,2486
770001,775000,0,L09-4,1,1,0,0,0,608
780001,785000,1,L09-4,1,0,0,0,479,479
790001,795000,2,L09-4,1,0,0,0,1624,1624
800001,805000,1,L09-4,1,0,0,0,825,825
805001,810000,4,L09-4,1,0,0,0,3095,3095
810001,815000,5,L09-4,1,0,0,0,4645,4645
815001,820000,5,L09-4,1,0,0,0,4250,4250
820001,825000,3,L09-4,1,0,0,0,4370,4370
825001,830000,3,L09-4,1,0,0,0,2236,2236
830001,835000,2,L09-4,1,0,0,0,1571,1571
835001,840000,1,L09-4,1,0,0,0,954,954
930001,935000,1,L09-4,1,0,0,0,287,287
935001,940000,1,L09-4,1,0,0,0,687,687
960001,965000,1,L09-4,1,0,0,0,1303,1303
965001,970000,3,L09-4,1,0,0,0,2010,2010
970001,975000,5,L09-4,1,0,0,0,3111,3111
975001,980000,2,L09-4,1,0,0,0,2124,2124
1010001,1015000,1,L09-4,1,0,0,0,113,113
1025001,1030000,1,L09-4,1,0,0,0,1862,1862
1030001,1035000,3,L09-4,1,0,0,0,1612,1612
1035001,1040000,1,L09-4,1,0,0,0,61,61
1080001,1085000,2,L09-4,1,1,0,0,2107,2337
1085001,1090000,1,L09-4,1,1,0,0,866,3729
1095001,1100000,1,L09-4,1,0,0,0,76,76
1170001,1175000,3,L09-4,1,0,0,0,3188,3188
1175001,1180000,4,L09-4,1,0,0,0,4660,4660
1190001,1195000,1,L09-4,1,0,0,0,1538,1538
1200001,1205000,1,L09-4,1,0,0,0,84,84
1205001,1210000,1,L09-4,1,0,0,0,201,201
1210001,1215000,2,L09-4,1,0,0,0,1822,1822
1215001,1220000,1,L09-4,1,0,0,0,172,172
1280001,1285000,0,L09-4,1,1,0,0,0,2262
1285001,1290000,0,L09-4,1,1,0,0,0,830
1420001,1425000,1,L09-4,1,0,0,0,218,218
1430001,1435000,1,L09-4,1,0,0,0,3456,3456
1435001,1440000,3,L09-4,1,0,0,0,2439,2439
1460001,1465000,2,L09-4,1,0,0,0,1732,1732
1465001,1470000,3,L09-4,1,0,0,0,3418,3418
1470001,1475000,3,L09-4,1,0,0,0,2354,2354
1475001,1480000,1,L09-4,1,0,0,0,4105,4105
1485001,1490000,1,L09-4,1,0,0,0,1400,1400
1510001,1515000,1,L09-4,1,0,0,0,518,518
1525001,1530000,1,L09-4,1,0,0,0,65,65
1530001,1535000,1,L09-4,1,0,0,0,22,22
1605001,1610000,2,L09-4,1,0,0,0,3411,3411
1610001,1615000,2,L09-4,1,0,0,0,1629,1629
1615001,1620000,3,L09-4,1,0,0,0,1899,1899
1620001,1625000,2,L09-4,1,0,0,0,1642,1642
1640001,1645000,3,L09-4,1,0,0,0,2635,2635
1645001,1650000,1,L09-4,1,0,0,0,502,502
1655001,1660000,1,L09-4,1,0,0,0,396,396
1660001,1665000,1,L09-4,1,0,0,0,710,710
1695001,1700000,0,L09-4,1,1,0,0,0,2335
1700001,1705000,1,L09-4,1,1,0,0,584,2339
1705001,1710000,4,L09-4,1,0,0,0,3620,3620
1710001,1715000,4,L09-4,1,0,0,0,2826,2826
1770001,1775000,1,L09-4,1,0,0,0,66,66
1775001,1780000,1,L09-4,1,0,0,0,2530,2530
1780001,1785000,1,L09-4,1,0,0,0,590,590
1790001,1795000,1,L09-4,1,0,0,0,788,788
2035001,2040000,1,L09-4,1,0,0,0,1274,1274
2060001,2065000,1,L09-4,1,0,0,0,641,641
2115001,2120000,2,L09-4,1,0,0,0,3222,3222
2120001,2125000,4,L09-4,1,0,0,0,2974,2974
2140001,2145000,1,L09-4,1,0,0,0,827,827
2180001,2185000,1,L09-4,1,0,0,0,995,995
2210001,2215000,1,L09-4,1,0,0,0,695,695
2255001,2260000,0,L09-4,1,1,1,0,0,3725
2260001,2265000,0,L09-4,1,1,0,0,0,365
2270001,2275000,1,L09-4,1,0,0,0,1772,1772
2280001,2285000,1,L09-4,1,0,0,0,1543,1543
2285001,2290000,1,L09-4,1,0,0,0,190,190
2295001,2300000,3,L09-4,1,0,0,0,707,707
2320001,2325000,0,L09-4,1,1,0,0,0,3094
2410001,2415000,1,L09-4,1,0,0,0,212,212
2415001,2420000,1,L09-4,1,0,0,0,1821,1821
2460001,2465000,1,L09-4,1,0,0,0,668,668
2500001,2505000,1,L09-4,1,0,0,0,141,141
2505001,2510000,1,L09-4,1,0,0,0,1619,1619
2550001,2555000,1,L09-4,1,0,0,0,1624,1624
2555001,2560000,1,L09-4,1,0,0,0,1003,1003
2560001,2565000,2,L09-4,1,0,0,0,3318,3318
2565001,2570000,1,L09-4,1,0,0,0,97,97
2645001,2650000,2,L09-4,1,0,0,0,1677,1677
2650001,2655000,1,L09-4,1,0,0,0,505,505
2655001,2660000,1,L09-4,1,0,0,0,1220,1220
2715001,2720000,1,L09-4,1,0,0,0,1415,1415
2725001,2730000,2,L09-4,1,0,0,0,3000,3000
2780001,2785000,1,L09-4,1,0,0,0,1126,1126
2790001,2795000,1,L09-4,1,0,0,0,878,878
2805001,2810000,1,L09-4,1,0,0,0,101,101
2810001,2815000,1,L09-4,1,0,0,0,645,645
2825001,2830000,1,L09-4,1,0,0,0,1472,1472
2830001,2835000,2,L09-4,1,0,0,0,2392,2392
2855001,2860000,1,L09-4,1,0,0,0,803,803
2890001,2895000,2,L09-4,1,0,0,0,1078,1078
2895001,2900000,2,L09-4,1,0,0,0,1181,1181
2910001,2915000,1,L09-4,1,0,0,0,455,455
2915001,2920000,1,L09-4,1,0,0,0,900,900
2925001,2930000,1,L09-4,1,0,0,0,737,737
2935001,2940000,4,L09-4,1,0,0,0,2722,2722
2940001,2945000,2,L09-4,1,0,0,0,1471,1471
2975001,2980000,3,L09-4,1,0,0,0,2906,2906
3025001,3030000,3,L09-4,1,0,0,0,1499,1499
3060001,3065000,2,L09-4,1,0,0,0,2556,2556
3065001,3070000,1,L09-4,1,0,0,0,379,379
3120001,3125000,1,L09-4,1,0,0,0,875,875
3145001,3150000,0,L09-4,1,1,0,0,0,1368
3150001,3155000,0,L09-4,1,1,0,0,0,1725
3185001,3190000,1,L09-4,1,0,0,0,765,765
3190001,3195000,1,L09-4,1,0,0,0,333,333
3220001,3225000,1,L09-4,1,0,0,0,788,788
3225001,3230000,2,L09-4,1,0,0,0,1454,1454
3240001,3245000,1,L09-4,1,0,0,0,1154,1154
3245001,3250000,1,L09-4,1,0,0,0,416,416
3290001,3295000,2,L09-4,1,0,0,0,2995,2995
3300001,3305000,1,L09-4,1,0,0,0,1892,1892
3310001,3315000,1,L09-4,1,0,0,0,653,653
3320001,3325000,2,L09-4,1,0,0,0,1304,1304
3325001,3330000,1,L09-4,1,0,0,0,302,302
3330001,3335000,3,L09-4,1,0,0,0,3998,3998
3335001,3340000,1,L09-4,1,0,0,0,600,600
3390001,3395000,1,L09-4,1,0,0,0,374,374
3430001,3435000,1,L09-4,1,0,0,0,954,954
3435001,3440000,2,L09-4,1,0,0,0,3205,3205
3440001,3445000,2,L09-4,1,0,0,0,1423,1423
3445001,3450000,1,L09-4,1,0,0,0,1934,1934
3450001,3455000,4,L09-4,1,0,0,0,2326,2326
3455001,3460000,2,L09-4,1,0,0,0,1644,1644
3460001,3465000,4,L09-4,1,0,0,0,2018,2018
3465001,3470000,1,L09-4,1,0,0,0,371,371
3490001,3495000,2,L09-4,1,1,0,0,820,1399
3495001,3500000,0,L09-4,1,1,0,0,0,2514
3500001,3505000,1,L09-4,1,0,0,0,1067,1067
3515001,3520000,3,L09-4,1,0,0,0,2634,2634
3520001,3525000,2,L09-4,1,0,0,0,1235,1235
3525001,3530000,1,L09-4,1,0,0,0,584,584
3545001,3550000,1,L09-4,1,0,0,0,571,571
3550001,3555000,2,L09-4,1,0,0,0,1456,1456
3555001,3560000,3,L09-4,1,0,0,0,1992,1992
3560001,3565000,11,L09-4,1,0,0,0,4579,4579
3565001,3570000,13,L09-4,1,0,0,0,4713,4713
3570001,3575000,4,L09-4,1,1,0,0,1538,4393
3575001,3580000,1,L09-4,1,1,0,0,2114,3349
3580001,3585000,3,L09-4,1,0,0,0,913,913
3615001,3620000,1,L09-4,1,0,0,0,883,883
3620001,3625000,1,L09-4,1,0,0,0,121,121
3630001,3635000,1,L09-4,1,0,0,0,2048,2048
3635001,3640000,1,L09-4,1,0,0,0,87,87
3680001,3685000,1,L09-4,1,0,0,0,1103,1103
3700001,3705000,3,L09-4,1,0,0,0,2251,2251
3705001,3710000,2,L09-4,1,0,0,0,1815,1815
3730001,3735000,0,L09-4,1,1,0,0,0,3092
3790001,3795000,2,L09-4,1,0,0,0,2980,2980
3840001,3845000,1,L09-4,1,0,0,0,1019,1019
3850001,3855000,0,L09-4,1,0,2,0,0,0
3865001,3870000,2,L09-4,1,0,0,0,1476,1476
3870001,3875000,4,L09-4,1,0,0,0,2171,2171
3880001,3885000,2,L09-4,1,0,0,0,2731,2731
3935001,3940000,1,L09-4,1,0,0,0,2407,2407
3940001,3945000,6,L09-4,1,0,0,0,3045,3045
3945001,3950000,1,L09-4,1,0,0,0,1610,1610
3970001,3975000,2,L09-4,1,0,0,0,3113,3113
3975001,3980000,1,L09-4,1,0,0,0,86,86
20001,25000,1,L09-4,2,0,0,0,75,75
40001,45000,1,L09-4,2,0,0,0,1259,1259
55001,60000,3,L09-4,2,0,0,0,228,228
60001,65000,2,L09-4,2,0,0,0,1662,1662
65001,70000,1,L09-4,2,0,0,0,16,16
105001,110000,1,L09-4,2,0,0,0,545,545
120001,125000,2,L09-4,2,0,0,0,3382,3382
150001,155000,0,L09-4,2,1,0,0,0,2204
155001,160000,0,L09-4,2,1,0,0,0,1885
190001,195000,2,L09-4,2,0,0,0,1488,1488
195001,200000,1,L09-4,2,0,0,0,1669,1669
235001,240000,1,L09-4,2,0,0,0,857,857
240001,245000,3,L09-4,2,0,0,0,2940,2940
245001,250000,5,L09-4,2,0,0,0,1223,1223
250001,255000,3,L09-4,2,0,0,0,4613,4613
255001,260000,2,L09-4,2,0,0,0,4354,4354
320001,325000,2,L09-4,2,0,0,0,1973,1973
325001,330000,2,L09-4,2,0,0,0,1931,1931
330001,335000,1,L09-4,2,0,0,0,829,829
335001,340000,1,L09-4,2,0,0,0,586,586
340001,345000,1,L09-4,2,0,0,0,536,536
385001,390000,0,L09-4,2,1,0,0,0,3761
390001,395000,0,L09-4,2,1,0,0,0,327
440001,445000,2,L09-4,2,0,0,0,429,429
445001,450000,2,L09-4,2,0,0,0,1972,1972
450001,455000,1,L09-4,2,0,0,0,104,104
460001,465000,2,L09-4,2,0,0,0,1673,1673
465001,470000,3,L09-4,2,0,0,0,1353,1353
495001,500000,1,L09-4,2,0,0,0,227,227
520001,525000,1,L09-4,2,0,0,0,530,530
550001,555000,1,L09-4,2,0,0,0,297,297
555001,560000,2,L09-4,2,0,0,0,2619,2619
560001,565000,2,L09-4,2,0,0,0,2121,2121
575001,580000,1,L09-4,2,0,0,0,600,600
580001,585000,2,L09-4,2,0,0,0,676,676
635001,640000,2,L09-4,2,0,0,0,2916,2916
640001,645000,4,L09-4,2,0,0,0,3106,3106
665001,670000,1,L09-4,2,0,0,0,479,479
670001,675000,1,L09-4,2,0,0,0,2354,2354
705001,710000,3,L09-4,2,0,0,0,3322,3322
710001,715000,5,L09-4,2,0,0,0,4997,4997
715001,720000,5,L09-4,2,0,0,0,4031,4031
720001,725000,5,L09-4,2,0,0,0,4546,4546
725001,730000,2,L09-4,2,0,0,0,2233,2233
755001,760000,1,L09-4,2,0,0,0,662,662
760001,765000,0,L09-4,2,1,0,0,0,1847
765001,770000,0,L09-4,2,1,0,0,0,1246
775001,780000,1,L09-4,2,0,0,0,479,479
785001,790000,2,L09-4,2,0,0,0,1624,1624
795001,800000,1,L09-4,2,0,0,0,824,824
800001,805000,4,L09-4,2,0,0,0,2701,2701
805001,810000,6,L09-4,2,0,0,0,4405,4405
810001,815000,4,L09-4,2,0,0,0,4254,4254
815001,820000,4,L09-4,2,0,0,0,4366,4366
820001,825000,2,L09-4,2,0,0,0,2381,2381
825001,830000,2,L09-4,2,0,0,0,1427,1427
830001,835000,1,L09-4,2,0,0,0,1589,1589
930001,935000,1,L09-4,2,0,0,0,974,974
955001,960000,1,L09-4,2,0,0,0,659,659
960001,965000,2,L09-4,2,0,0,0,2159,2159
965001,970000,5,L09-4,2,0,0,0,2969,2969
970001,975000,2,L09-4,2,0,0,0,2761,2761
1005001,1010000,1,L09-4,2,0,0,0,113,113
1020001,1025000,1,L09-4,2,0,0,0,1220,1220
1025001,1030000,3,L09-4,2,0,0,0,1611,1611
1030001,1035000,1,L09-4,2,0,0,0,706,706
1075001,1080000,2,L09-4,2,0,0,0,1709,1709
1080001,1085000,2,L09-4,2,1,0,0,1038,4131
1085001,1090000,1,L09-4,2,0,0,0,226,226
1090001,1095000,1,L09-4,2,0,0,0,76,76
1165001,1170000,2,L09-4,2,0,0,0,3013,3013
1170001,1175000,4,L09-4,2,0,0,0,4509,4509
1175001,1180000,1,L09-4,2,0,0,0,326,326
1185001,1190000,1,L09-4,2,0,0,0,1301,1301
1190001,1195000,1,L09-4,2,0,0,0,237,237
1195001,1200000,1,L09-4,2,0,0,0,84,84
1205001,1210000,1,L09-4,2,0,0,0,1664,1664
1210001,1215000,1,L09-4,2,0,0,0,530,530
1275001,1280000,0,L09-4,2,1,0,0,0,1610
1280001,1285000,0,L09-4,2,1,0,0,0,1482
1420001,1425000,1,L09-4,2,0,0,0,218,218
1425001,1430000,1,L09-4,2,0,0,0,2807,2807
1430001,1435000,3,L09-4,2,0,0,0,3088,3088
1455001,1460000,1,L09-4,2,0,0,0,1673,1673
1460001,1465000,3,L09-4,2,0,0,0,2909,2909
1465001,1470000,3,L09-4,2,0,0,0,2272,2272
1470001,1475000,2,L09-4,2,0,0,0,4755,4755
1480001,1485000,1,L09-4,2,0,0,0,1400,1400
1505001,1510000,1,L09-4,2,0,0,0,80,80
1510001,1515000,1,L09-4,2,0,0,0,438,438
1525001,1530000,1,L09-4,2,0,0,0,87,87
1600001,1605000,2,L09-4,2,0,0,0,2753,2753
1605001,1610000,2,L09-4,2,0,0,0,2287,2287
1610001,1615000,3,L09-4,2,0,0,0,1899,1899
1615001,1620000,2,L09-4,2,0,0,0,1642,1642
1635001,1640000,3,L09-4,2,0,0,0,1972,1972
1640001,1645000,1,L09-4,2,0,0,0,1166,1166
1655001,1660000,1,L09-4,2,0,0,0,1106,1106
1690001,1695000,0,L09-4,2,1,0,0,0,1674
1695001,1700000,1,L09-4,2,1,0,0,584,3000
1700001,1705000,4,L09-4,2,0,0,0,2958,2958
1705001,1710000,4,L09-4,2,0,0,0,3488,3488
1770001,1775000,1,L09-4,2,0,0,0,2597,2597
1775001,1780000,1,L09-4,2,0,0,0,590,590
1785001,1790000,1,L09-4,2,0,0,0,197,197
1790001,1795000,1,L09-4,2,0,0,0,591,591
2030001,2035000,1,L09-4,2,0,0,0,1275,1275
2055001,2060000,1,L09-4,2,0,0,0,507,507
2060001,2065000,1,L09-4,2,0,0,0,134,134
2065001,2070000,0,L09-4,2,0,1,1,0,0
2110001,2115000,2,L09-4,2,0,0,0,2542,2542
2115001,2120000,4,L09-4,2,0,0,0,3654,3654
2135001,2140000,1,L09-4,2,0,0,0,660,660
2140001,2145000,1,L09-4,2,0,0,0,167,167
2175001,2180000,1,L09-4,2,0,0,0,349,349
2180001,2185000,1,L09-4,2,0,0,0,646,646
2205001,2210000,1,L09-4,2,0,0,0,695,695
2250001,2255000,0,L09-4,2,1,0,0,0,3330
2255001,2260000,0,L09-4,2,1,0,0,0,760
2265001,2270000,1,L09-4,2,0,0,0,1772,1772
2275001,2280000,1,L09-4,2,0,0,0,1140,1140
2280001,2285000,1,L09-4,2,0,0,0,593,593
2290001,2295000,3,L09-4,2,0,0,0,707,707
2315001,2320000,0,L09-4,2,1,0,0,0,3092
2410001,2415000,1,L09-4,2,0,0,0,2033,2033
2455001,2460000,1,L09-4,2,0,0,0,668,668
2500001,2505000,1,L09-4,2,0,0,0,1760,1760
2545001,2550000,1,L09-4,2,0,0,0,1214,1214
2550001,2555000,1,L09-4,2,0,0,0,1413,1413
2555001,2560000,2,L09-4,2,0,0,0,2908,2908
2560001,2565000,1,L09-4,2,0,0,0,507,507
2640001,2645000,2,L09-4,2,0,0,0,1268,1268
2645001,2650000,1,L09-4,2,0,0,0,914,914
2650001,2655000,1,L09-4,2,0,0,0,1220,1220
2710001,2715000,1,L09-4,2,0,0,0,1415,1415
2720001,2725000,2,L09-4,2,0,0,0,2733,2733
2725001,2730000,1,L09-4,2,0,0,0,268,268
2775001,2780000,1,L09-4,2,0,0,0,1127,1127
2785001,2790000,1,L09-4,2,0,0,0,878,878
2805001,2810000,1,L09-4,2,0,0,0,746,746
2820001,2825000,1,L09-4,2,0,0,0,1472,1472
2825001,2830000,2,L09-4,2,0,0,0,2392,2392
2850001,2855000,1,L09-4,2,0,0,0,803,803
2885001,2890000,2,L09-4,2,0,0,0,665,665
2890001,2895000,2,L09-4,2,0,0,0,1594,1594
2905001,2910000,1,L09-4,2,0,0,0,39,39
2910001,2915000,1,L09-4,2,0,0,0,1316,1316
2920001,2925000,1,L09-4,2,0,0,0,737,737
2930001,2935000,4,L09-4,2,0,0,0,2695,2695
2935001,2940000,3,L09-4,2,0,0,0,1498,1498
2970001,2975000,3,L09-4,2,0,0,0,2907,2907
3020001,3025000,3,L09-4,2,0,0,0,1500,1500
3055001,3060000,2,L09-4,2,0,0,0,2139,2139
3060001,3065000,1,L09-4,2,0,0,0,796,796
3115001,3120000,1,L09-4,2,0,0,0,875,875
3140001,3145000,0,L09-4,2,1,0,0,0,949
3145001,3150000,0,L09-4,2,1,0,0,0,2145
3180001,3185000,1,L09-4,2,0,0,0,337,337
3185001,3190000,1,L09-4,2,0,0,0,761,761
3215001,3220000,1,L09-4,2,0,0,0,356,356
3220001,3225000,2,L09-4,2,0,0,0,1886,1886
3235001,3240000,1,L09-4,2,0,0,0,1154,1154
3240001,3245000,1,L09-4,2,0,0,0,416,416
3285001,3290000,2,L09-4,2,0,0,0,2995,2995
3295001,3300000,1,L09-4,2,0,0,0,1892,1892
3305001,3310000,1,L09-4,2,0,0,0,653,653
3315001,3320000,1,L09-4,2,0,0,0,1238,1238
3320001,3325000,1,L09-4,2,0,0,0,368,368
3325001,3330000,3,L09-4,2,0,0,0,3555,3555
3330001,3335000,1,L09-4,2,0,0,0,1044,1044
3385001,3390000,1,L09-4,2,0,0,0,375,375
3425001,3430000,1,L09-4,2,0,0,0,513,513
3430001,3435000,2,L09-4,2,0,0,0,3645,3645
3435001,3440000,2,L09-4,2,0,0,0,1211,1211
3440001,3445000,2,L09-4,2,0,0,0,2146,2146
3445001,3450000,4,L09-4,2,0,0,0,1889,1889
3450001,3455000,2,L09-4,2,0,0,0,2081,2081
3455001,3460000,3,L09-4,2,0,0,0,1585,1585
3460001,3465000,2,L09-4,2,0,0,0,804,804
3485001,3490000,2,L09-4,2,1,0,0,820,957
3490001,3495000,0,L09-4,2,1,0,0,0,2956
3495001,3500000,1,L09-4,2,0,0,0,1067,1067
3510001,3515000,3,L09-4,2,0,0,0,2634,2634
3515001,3520000,2,L09-4,2,0,0,0,797,797
3520001,3525000,1,L09-4,2,0,0,0,1022,1022
3540001,3545000,1,L09-4,2,0,0,0,402,402
3545001,3550000,3,L09-4,2,0,0,0,1625,1625
3550001,3555000,3,L09-4,2,0,0,0,1565,1565
3555001,3560000,10,L09-4,2,0,0,0,4599,4599
3560001,3565000,12,L09-4,2,0,0,0,4696,4696
3565001,3570000,5,L09-4,2,1,0,0,1961,4376
3570001,3575000,1,L09-4,2,1,0,0,1675,3350
3575001,3580000,3,L09-4,2,0,0,0,1352,1352
3610001,3615000,1,L09-4,2,0,0,0,441,441
3615001,3620000,1,L09-4,2,0,0,0,563,563
3625001,3630000,1,L09-4,2,0,0,0,1606,1606
3630001,3635000,1,L09-4,2,0,0,0,529,529
3675001,3680000,1,L09-4,2,0,0,0,1102,1102
3695001,3700000,2,L09-4,2,0,0,0,1815,1815
3700001,3705000,3,L09-4,2,0,0,0,2250,2250
3725001,3730000,0,L09-4,2,1,0,0,0,2967
3730001,3735000,0,L09-4,2,1,0,0,0,127
3785001,3790000,2,L09-4,2,0,0,0,2980,2980
3835001,3840000,1,L09-4,2,0,0,0,1019,1019
3845001,3850000,0,L09-4,2,1,0,0,0,1246
3850001,3855000,0,L09-4,2,1,0,0,0,2841
3865001,3870000,2,L09-4,2,0,0,0,1755,1755
3870001,3875000,3,L09-4,2,0,0,0,1891,1891
3880001,3885000,2,L09-4,2,0,0,0,2731,2731
3935001,3940000,1,L09-4,2,0,0,0,2414,2414
3940001,3945000,5,L09-4,2,0,0,0,3591,3591
3945001,3950000,1,L09-4,2,0,0,0,1057,1057
3970001,3975000,2,L09-4,2,0,0,0,3199,3199
20001,25000,1,L10-1,1,0,0,0,75,75
40001,45000,1,L10-1,1,0,0,0,1259,1259
55001,60000,3,L10-1,1,0,0,0,228,228
60001,65000,2,L10-1,1,0,0,0,1662,1662
65001,70000,1,L10-1,1,0,0,0,16,16
105001,110000,1,L10-1,1,0,0,0,545,545
120001,125000,1,L10-1,1,1,0,0,685,3778
125001,130000,2,L10-1,1,0,0,0,2698,2698
195001,200000,1,L10-1,1,0,0,0,280,280
200001,205000,2,L10-1,1,0,0,0,2877,2877
240001,245000,1,L10-1,1,0,0,0,857,857
245001,250000,1,L10-1,1,0,0,0,607,607
250001,255000,6,L10-1,1,0,0,0,2789,2789
255001,260000,5,L10-1,1,0,0,0,2903,2903
260001,265000,2,L10-1,1,0,0,0,4923,4923
265001,270000,1,L10-1,1,0,0,0,1910,1910
330001,335000,3,L10-1,1,0,0,0,3852,3852
335001,340000,1,L10-1,1,0,0,0,51,51
340001,345000,1,L10-1,1,0,0,0,1415,1415
350001,355000,1,L10-1,1,0,0,0,536,536
445001,450000,2,L10-1,1,0,0,0,1939,1939
450001,455000,1,L10-1,1,0,0,0,566,566
465001,470000,3,L10-1,1,0,0,0,2565,2565
470001,475000,1,L10-1,1,0,0,0,461,461
500001,505000,1,L10-1,1,0,0,0,227,227
525001,530000,1,L10-1,1,0,0,0,530,530
555001,560000,1,L10-1,1,0,0,0,1815,1815
560001,565000,3,L10-1,1,0,0,0,2619,2619
565001,570000,1,L10-1,1,0,0,0,603,603
580001,585000,2,L10-1,1,0,0,0,1276,1276
640001,645000,3,L10-1,1,0,0,0,4251,4251
645001,650000,2,L10-1,1,0,0,0,1771,1771
665001,670000,1,L10-1,1,0,0,0,479,479
670001,675000,1,L10-1,1,0,0,0,1137,1137
675001,680000,1,L10-1,1,0,0,0,1217,1217
710001,715000,4,L10-1,1,0,0,0,4850,4850
715001,720000,6,L10-1,1,0,0,0,4943,4943
720001,725000,4,L10-1,1,0,0,0,4024,4024
725001,730000,4,L10-1,1,0,0,0,4606,4606
730001,735000,2,L10-1,1,0,0,0,706,706
760001,765000,1,L10-1,1,0,0,0,662,662
775001,780000,1,L10-1,1,0,0,0,479,479
785001,790000,2,L10-1,1,0,0,0,1487,1487
790001,795000,1,L10-1,1,0,0,0,137,137
795001,800000,1,L10-1,1,0,0,0,824,824
800001,805000,3,L10-1,1,0,0,0,2370,2370
805001,810000,6,L10-1,1,0,0,0,4368,4368
810001,815000,3,L10-1,1,0,0,0,4359,4359
815001,820000,5,L10-1,1,0,0,0,4261,4261
820001,825000,2,L10-1,1,0,0,0,2750,2750
825001,830000,1,L10-1,1,0,0,0,1298,1298
830001,835000,1,L10-1,1,0,0,0,1718,1718
850001,855000,0,L10-1,1,0,2,0,0,0
930001,935000,1,L10-1,1,0,0,0,974,974
955001,960000,1,L10-1,1,0,0,0,295,295
960001,965000,2,L10-1,1,0,0,0,2523,2523
965001,970000,4,L10-1,1,0,0,0,2969,2969
970001,975000,2,L10-1,1,0,0,0,2761,2761
1005001,1010000,1,L10-1,1,0,0,0,113,113
1020001,1025000,1,L10-1,1,0,0,0,855,855
1025001,1030000,2,L10-1,1,0,0,0,1719,1719
1030001,1035000,1,L10-1,1,0,0,0,962,962
1075001,1080000,2,L10-1,1,0,0,0,1348,1348
1080001,1085000,2,L10-1,1,0,0,0,1625,1625
1085001,1090000,1,L10-1,1,0,0,0,76,76
1160001,1165000,2,L10-1,1,0,0,0,1978,1978
1165001,1170000,5,L10-1,1,0,0,0,3286,3286
1170001,1175000,2,L10-1,1,0,0,0,2584,2584
1185001,1190000,1,L10-1,1,0,0,0,1538,1538
1190001,1195000,1,L10-1,1,0,0,0,84,84
1200001,1205000,1,L10-1,1,0,0,0,1664,1664
1205001,1210000,1,L10-1,1,0,0,0,530,530
1275001,1280000,0,L10-1,1,1,0,0,0,3093
1415001,1420000,1,L10-1,1,0,0,0,218,218
1420001,1425000,1,L10-1,1,0,0,0,535,535
1425001,1430000,2,L10-1,1,0,0,0,4068,4068
1430001,1435000,1,L10-1,1,0,0,0,1292,1292
1450001,1455000,1,L10-1,1,0,0,0,1673,1673
1455001,1460000,2,L10-1,1,0,0,0,2138,2138
1460001,1465000,2,L10-1,1,0,0,0,1339,1339
1465001,1470000,3,L10-1,1,0,0,0,4432,4432
1470001,1475000,1,L10-1,1,0,0,0,2027,2027
1475001,1480000,1,L10-1,1,0,0,0,1174,1174
1480001,1485000,1,L10-1,1,0,0,0,226,226
1505001,1510000,1,L10-1,1,0,0,0,518,518
1520001,1525000,1,L10-1,1,0,0,0,87,87
1595001,1600000,1,L10-1,1,0,0,0,700,700
1600001,1605000,3,L10-1,1,0,0,0,4340,4340
1605001,1610000,1,L10-1,1,0,0,0,403,403
1610001,1615000,4,L10-1,1,0,0,0,1503,1503
1615001,1620000,2,L10-1,1,0,0,0,1635,1635
1635001,1640000,3,L10-1,1,0,0,0,3138,3138
1650001,1655000,1,L10-1,1,0,0,0,1105,1105
1690001,1695000,2,L10-1,1,0,0,0,736,736
1695001,1700000,6,L10-1,1,0,0,0,4593,4593
1700001,1705000,3,L10-1,1,0,0,0,1701,1701
1760001,1765000,1,L10-1,1,0,0,0,1231,1231
1765001,1770000,1,L10-1,1,0,0,0,1366,1366
1770001,1775000,1,L10-1,1,0,0,0,590,590
1780001,1785000,1,L10-1,1,0,0,0,788,788
1915001,1920000,0,L10-1,1,1,0,0,0,2750
1920001,1925000,0,L10-1,1,1,0,0,0,344
2020001,2025000,0,L10-1,1,1,0,0,0,1524
2025001,2030000,1,L10-1,1,1,0,0,346,1915
2030001,2035000,1,L10-1,1,0,0,0,928,928
2055001,2060000,1,L10-1,1,0,0,0,641,641
2085001,2090000,0,L10-1,1,1,0,0,0,2971
2090001,2095000,0,L10-1,1,1,0,0,0,122
2110001,2115000,2,L10-1,1,0,0,0,3123,3123
2115001,2120000,4,L10-1,1,0,0,0,3071,3071
2135001,2140000,1,L10-1,1,0,0,0,827,827
2175001,2180000,1,L10-1,1,0,0,0,930,930
2180001,2185000,1,L10-1,1,0,0,0,65,65
2205001,2210000,1,L10-1,1,0,0,0,695,695
2260001,2265000,1,L10-1,1,0,0,0,1397,1397
2265001,2270000,1,L10-1,1,0,0,0,375,375
2270001,2275000,1,L10-1,1,0,0,0,88,88
2275001,2280000,1,L10-1,1,0,0,0,1645,1645
2285001,2290000,2,L10-1,1,0,0,0,86,86
2290001,2295000,3,L10-1,1,0,0,0,621,621
2400001,2405000,1,L10-1,1,0,0,0,1861,1861
2405001,2410000,1,L10-1,1,0,0,0,172,172
2450001,2455000,1,L10-1,1,0,0,0,668,668
2485001,2490000,0,L10-1,1,0,1,1,0,0
2490001,2495000,1,L10-1,1,0,0,0,1760,1760
2525001,2530000,0,L10-1,1,1,0,0,0,3092
2540001,2545000,1,L10-1,1,0,0,0,56,56
2545001,2550000,1,L10-1,1,0,0,0,2571,2571
2550001,2555000,1,L10-1,1,0,0,0,1983,1983
2555001,2560000,2,L10-1,1,0,0,0,1432,1432
2635001,2640000,1,L10-1,1,0,0,0,177,177
2640001,2645000,2,L10-1,1,0,0,0,2005,2005
2645001,2650000,1,L10-1,1,0,0,0,1220,1220
2705001,2710000,1,L10-1,1,0,0,0,553,553
2710001,2715000,1,L10-1,1,0,0,0,862,862
2715001,2720000,1,L10-1,1,0,0,0,1649,1649
2720001,2725000,2,L10-1,1,0,0,0,1353,1353
2760001,2765000,0,L10-1,1,1,0,0,0,631
2765001,2770000,0,L10-1,1,1,0,0,0,2464
2775001,2780000,1,L10-1,1,0,0,0,1127,1127
2785001,2790000,1,L10-1,1,0,0,0,878,878
2800001,2805000,1,L10-1,1,0,0,0,427,427
2805001,2810000,1,L10-1,1,0,0,0,319,319
2820001,2825000,1,L10-1,1,0,0,0,1472,1472
2825001,2830000,2,L10-1,1,0,0,0,2392,2392
2845001,2850000,1,L10-1,1,0,0,0,68,68
2850001,2855000,1,L10-1,1,0,0,0,735,735
2885001,2890000,2,L10-1,1,0,0,0,1285,1285
2890001,2895000,1,L10-1,1,0,0,0,974,974
2905001,2910000,1,L10-1,1,0,0,0,785,785
2910001,2915000,1,L10-1,1,0,0,0,570,570
2920001,2925000,1,L10-1,1,0,0,0,737,737
2930001,2935000,4,L10-1,1,0,0,0,2723,2723
2935001,2940000,2,L10-1,1,0,0,0,1471,1471
2965001,2970000,1,L10-1,1,0,0,0,54,54
2970001,2975000,3,L10-1,1,0,0,0,2852,2852
3020001,3025000,3,L10-1,1,0,0,0,1500,1500
3055001,3060000,2,L10-1,1,0,0,0,2888,2888
3060001,3065000,1,L10-1,1,0,0,0,47,47
3115001,3120000,1,L10-1,1,0,0,0,875,875
3180001,3185000,1,L10-1,1,0,0,0,1098,1098
3215001,3220000,2,L10-1,1,0,0,0,2242,2242
3230001,3235000,1,L10-1,1,0,0,0,1154,1154
3235001,3240000,1,L10-1,1,0,0,0,416,416
3280001,3285000,2,L10-1,1,0,0,0,1954,1954
3285001,3290000,1,L10-1,1,0,0,0,1040,1040
3290001,3295000,1,L10-1,1,0,0,0,1430,1430
3295001,3300000,1,L10-1,1,0,0,0,462,462
3300001,3305000,1,L10-1,1,0,0,0,653,653
3315001,3320000,2,L10-1,1,0,0,0,1606,1606
3320001,3325000,2,L10-1,1,0,0,0,1764,1764
3325001,3330000,2,L10-1,1,0,0,0,2834,2834
3380001,3385000,1,L10-1,1,0,0,0,375,375
3425001,3430000,2,L10-1,1,0,0,0,3503,3503
3430001,3435000,1,L10-1,1,0,0,0,656,656
3435001,3440000,3,L10-1,1,0,0,0,3293,3293
3440001,3445000,2,L10-1,1,0,0,0,1236,1236
3445001,3450000,4,L10-1,1,0,0,0,2798,2798
3455001,3460000,4,L10-1,1,0,0,0,2389,2389
3485001,3490000,3,L10-1,1,0,0,0,979,979
3490001,3495000,1,L10-1,1,0,0,0,908,908
3505001,3510000,3,L10-1,1,0,0,0,2634,2634
3510001,3515000,2,L10-1,1,0,0,0,1817,1817
3535001,3540000,1,L10-1,1,0,0,0,571,571
3540001,3545000,2,L10-1,1,0,0,0,1455,1455
3545001,3550000,5,L10-1,1,0,0,0,2633,2633
3550001,3555000,10,L10-1,1,0,0,0,4602,4602
3555001,3560000,13,L10-1,1,0,0,0,4717,4717
3560001,3565000,3,L10-1,1,0,0,0,2763,2763
3565001,3570000,3,L10-1,1,0,0,0,1134,1134
3575001,3580000,0,L10-1,1,1,0,0,0,851
3580001,3585000,0,L10-1,1,1,0,0,0,2243
3605001,3610000,1,L10-1,1,0,0,0,1004,1004
3620001,3625000,1,L10-1,1,0,0,0,2135,2135
3665001,3670000,1,L10-1,1,0,0,0,1103,1103
3690001,3695000,4,L10-1,1,0,0,0,3925,3925
3695001,3700000,1,L10-1,1,0,0,0,140,140
3715001,3720000,0,L10-1,1,1,0,0,0,4221
3720001,3725000,0,L10-1,1,1,0,0,0,1974
3780001,3785000,1,L10-1,1,0,0,0,769,769
3785001,3790000,2,L10-1,1,0,0,0,2211,2211
3835001,3840000,1,L10-1,1,0,0,0,1019,1019
3860001,3865000,2,L10-1,1,0,0,0,1755,1755
3865001,3870000,3,L10-1,1,0,0,0,1892,1892
3870001,3875000,1,L10-1,1,0,0,0,9,9
3875001,3880000,2,L10-1,1,0,0,0,2722,2722
3890001,3895000,0,L10-1,1,0,1,1,0,0
3930001,3935000,2,L10-1,1,0,0,0,2631,2631
3935001,3940000,5,L10-1,1,0,0,0,4147,4147
3940001,3945000,1,L10-1,1,0,0,0,284,284
3955001,3960000,0,L10-1,1,1,0,0,0,3092
3965001,3970000,1,L10-1,1,0,0,0,1501,1501
3970001,3975000,2,L10-1,1,0,0,0,1698,1698
20001,25000,1,L10-1,2,0,0,0,75,75
40001,45000,1,L10-1,2,0,0,0,1259,1259
55001,60000,3,L10-1,2,0,0,0,228,228
60001,65000,2,L10-1,2,0,0,0,1658,1658
65001,70000,1,L10-1,2,0,0,0,20,20
105001,110000,1,L10-1,2,0,0,0,545,545
120001,125000,1,L10-1,2,1,0,0,679,3772
125001,130000,2,L10-1,2,0,0,0,2703,2703
195001,200000,1,L10-1,2,0,0,0,267,267
200001,205000,2,L10-1,2,0,0,0,2890,2890
240001,245000,1,L10-1,2,0,0,0,857,857
245001,250000,1,L10-1,2,0,0,0,590,590
250001,255000,6,L10-1,2,0,0,0,2788,2788
255001,260000,5,L10-1,2,0,0,0,2903,2903
260001,265000,2,L10-1,2,0,0,0,4923,4923
265001,270000,1,L10-1,2,0,0,0,1926,1926
330001,335000,3,L10-1,2,0,0,0,3828,3828
335001,340000,1,L10-1,2,0,0,0,75,75
340001,345000,1,L10-1,2,0,0,0,1415,1415
350001,355000,1,L10-1,2,0,0,0,536,536
445001,450000,2,L10-1,2,0,0,0,1939,1939
450001,455000,1,L10-1,2,0,0,0,566,566
465001,470000,3,L10-1,2,0,0,0,2565,2565
470001,475000,1,L10-1,2,0,0,0,461,461
500001,505000,1,L10-1,2,0,0,0,227,227
525001,530000,1,L10-1,2,0,0,0,530,530
555001,560000,1,L10-1,2,0,0,0,1784,1784
560001,565000,3,L10-1,2,0,0,0,2619,2619
565001,570000,1,L10-1,2,0,0,0,634,634
580001,585000,2,L10-1,2,0,0,0,1276,1276
640001,645000,3,L10-1,2,0,0,0,4251,4251
645001,650000,2,L10-1,2,0,0,0,1771,1771
665001,670000,1,L10-1,2,0,0,0,479,479
670001,675000,1,L10-1,2,0,0,0,1100,1100
675001,680000,1,L10-1,2,0,0,0,1254,1254
710001,715000,4,L10-1,2,0,0,0,4808,4808
715001,720000,6,L10-1,2,0,0,0,4943,4943
720001,725000,4,L10-1,2,0,0,0,4024,4024
725001,730000,4,L10-1,2,0,0,0,4606,4606
730001,735000,2,L10-1,2,0,0,0,748,748
760001,765000,1,L10-1,2,0,0,0,662,662
775001,780000,1,L10-1,2,0,0,0,479,479
785001,790000,2,L10-1,2,0,0,0,1440,1440
790001,795000,1,L10-1,2,0,0,0,184,184
795001,800000,1,L10-1,2,0,0,0,824,824
800001,805000,3,L10-1,2,0,0,0,2370,2370
805001,810000,6,L10-1,2,0,0,0,4321,4321
810001,815000,3,L10-1,2,0,0,0,4359,4359
815001,820000,5,L10-1,2,0,0,0,4261,4261
820001,825000,2,L10-1,2,0,0,0,2796,2796
825001,830000,1,L10-1,2,0,0,0,1298,1298
830001,835000,1,L10-1,2,0,0,0,1718,1718
850001,855000,0,L10-1,2,1,0,0,0,3094
930001,935000,1,L10-1,2,0,0,0,974,974
960001,965000,2,L10-1,2,0,0,0,2818,2818
965001,970000,4,L10-1,2,0,0,0,2969,2969
970001,975000,2,L10-1,2,0,0,0,2761,2761
1005001,1010000,1,L10-1,2,0,0,0,113,113
1025001,1030000,1,L10-1,2,0,0,0,1930,1930
1030001,1035000,2,L10-1,2,0,0,0,1606,1606
1075001,1080000,1,L10-1,2,0,0,0,722,722
1080001,1085000,2,L10-1,2,0,0,0,2251,2251
1090001,1095000,1,L10-1,2,0,0,0,76,76
1130001,1135000,0,L10-1,2,0,1,0,0,0
1135001,1140000,0,L10-1,2,0,1,0,0,0
1160001,1165000,1,L10-1,2,0,0,0,897,897
1165001,1170000,4,L10-1,2,0,0,0,3281,3281
1170001,1175000,3,L10-1,2,0,0,0,3670,3670
1185001,1190000,1,L10-1,2,0,0,0,1538,1538
1190001,1195000,1,L10-1,2,0,0,0,84,84
1200001,1205000,1,L10-1,2,0,0,0,1191,1191
1205001,1210000,2,L10-1,2,0,0,0,1003,1003
1275001,1280000,0,L10-1,2,1,0,0,0,3094
1280001,1285000,0,L10-1,2,0,1,0,0,0
1300001,1305000,0,L10-1,2,0,1,1,0,0
1415001,1420000,1,L10-1,2,0,0,0,218,218
1425001,1430000,2,L10-1,2,0,0,0,4272,4272
1430001,1435000,2,L10-1,2,0,0,0,1623,1623
1450001,1455000,1,L10-1,2,0,0,0,657,657
1455001,1460000,2,L10-1,2,0,0,0,2047,2047
1460001,1465000,3,L10-1,2,0,0,0,2446,2446
1465001,1470000,3,L10-1,2,0,0,0,3325,3325
1470001,1475000,1,L10-1,2,0,0,0,3134,3134
1475001,1480000,1,L10-1,2,0,0,0,67,67
1480001,1485000,1,L10-1,2,0,0,0,1333,1333
1505001,1510000,1,L10-1,2,0,0,0,518,518
1520001,1525000,1,L10-1,2,0,0,0,87,87
1600001,1605000,2,L10-1,2,0,0,0,4371,4371
1605001,1610000,2,L10-1,2,0,0,0,669,669
1610001,1615000,3,L10-1,2,0,0,0,1899,1899
1615001,1620000,2,L10-1,2,0,0,0,1642,1642
1635001,1640000,3,L10-1,2,0,0,0,3137,3137
1650001,1655000,1,L10-1,2,0,0,0,1106,1106
1690001,1695000,1,L10-1,2,0,0,0,584,584
1695001,1700000,4,L10-1,2,0,0,0,3670,3670
1700001,1705000,4,L10-1,2,0,0,0,2776,2776
1735001,1740000,0,L10-1,2,0,1,1,0,0
1760001,1765000,1,L10-1,2,0,0,0,113,113
1765001,1770000,1,L10-1,2,0,0,0,2484,2484
1770001,1775000,1,L10-1,2,0,0,0,590,590
1780001,1785000,1,L10-1,2,0,0,0,788,788
1915001,1920000,0,L10-1,2,1,0,0,0,1613
1920001,1925000,0,L10-1,2,1,0,0,0,1481
2020001,2025000,0,L10-1,2,1,0,0,0,382
2025001,2030000,0,L10-1,2,1,0,0,0,2711
2030001,2035000,1,L10-1,2,0,0,0,1274,1274
2055001,2060000,1,L10-1,2,0,0,0,641,641
2085001,2090000,0,L10-1,2,1,0,0,0,1828
2090001,2095000,0,L10-1,2,1,0,0,0,1266
2110001,2115000,1,L10-1,2,0,0,0,1991,1991
2115001,2120000,5,L10-1,2,0,0,0,4183,4183
2120001,2125000,1,L10-1,2,0,0,0,22,22
2135001,2140000,1,L10-1,2,0,0,0,90,90
2140001,2145000,1,L10-1,2,0,0,0,737,737
2180001,2185000,1,L10-1,2,0,0,0,995,995
2205001,2210000,1,L10-1,2,0,0,0,695,695
2260001,2265000,1,L10-1,2,0,0,0,237,237
2265001,2270000,1,L10-1,2,0,0,0,1535,1535
2275001,2280000,1,L10-1,2,0,0,0,1733,1733
2290001,2295000,3,L10-1,2,0,0,0,707,707
2400001,2405000,1,L10-1,2,0,0,0,691,691
2405001,2410000,1,L10-1,2,0,0,0,1342,1342
2450001,2455000,1,L10-1,2,0,0,0,668,668
2490001,2495000,0,L10-1,2,1,0,0,0,3093
2495001,2500000,1,L10-1,2,0,0,0,1760,1760
2525001,2530000,0,L10-1,2,1,0,0,0,252
2530001,2535000,0,L10-1,2,1,1,0,0,2841
2545001,2550000,1,L10-1,2,0,0,0,776,776
2550001,2555000,1,L10-1,2,0,0,0,1851,1851
2555001,2560000,2,L10-1,2,0,0,0,2470,2470
2560001,2565000,1,L10-1,2,0,0,0,945,945
2640001,2645000,1,L10-1,2,0,0,0,898,898
2645001,2650000,2,L10-1,2,0,0,0,1284,1284
2650001,2655000,1,L10-1,2,0,0,0,1220,1220
2710001,2715000,1,L10-1,2,0,0,0,1272,1272
2715001,2720000,1,L10-1,2,0,0,0,143,143
2720001,2725000,2,L10-1,2,0,0,0,2297,2297
2725001,2730000,1,L10-1,2,0,0,0,703,703
2745001,2750000,0,L10-1,2,0,1,0,0,0
2765001,2770000,0,L10-1,2,1,0,0,0,1351
2770001,2775000,0,L10-1,2,1,0,0,0,1741
2780001,2785000,1,L10-1,2,0,0,0,1127,1127
2785001,2790000,1,L10-1,2,0,0,0,339,339
2790001,2795000,1,L10-1,2,0,0,0,539,539
2805001,2810000,1,L10-1,2,0,0,0,746,746
2825001,2830000,1,L10-1,2,0,0,0,1472,1472
2830001,2835000,2,L10-1,2,0,0,0,2392,2392
2850001,2855000,1,L10-1,2,0,0,0,782,782
2855001,2860000,1,L10-1,2,0,0,0,21,21
2890001,2895000,2,L10-1,2,0,0,0,1285,1285
2895001,2900000,1,L10-1,2,0,0,0,974,974
2910001,2915000,1,L10-1,2,0,0,0,1355,1355
2925001,2930000,1,L10-1,2,0,0,0,737,737
2930001,2935000,1,L10-1,2,0,0,0,44,44
2935001,2940000,4,L10-1,2,0,0,0,2679,2679
2940001,2945000,2,L10-1,2,0,0,0,1471,1471
2970001,2975000,2,L10-1,2,0,0,0,277,277
2975001,2980000,1,L10-1,2,0,0,0,2629,2629
3025001,3030000,3,L10-1,2,0,0,0,1500,1500
3060001,3065000,2,L10-1,2,0,0,0,2935,2935
3115001,3120000,1,L10-1,2,0,0,0,167,167
3120001,3125000,1,L10-1,2,0,0,0,708,708
3185001,3190000,1,L10-1,2,0,0,0,1098,1098
3220001,3225000,2,L10-1,2,0,0,0,2242,2242
3235001,3240000,1,L10-1,2,0,0,0,1154,1154
3240001,3245000,1,L10-1,2,0,0,0,416,416
3285001,3290000,2,L10-1,2,0,0,0,2642,2642
3290001,3295000,1,L10-1,2,0,0,0,353,353
3295001,3300000,1,L10-1,2,0,0,0,1892,1892
3305001,3310000,1,L10-1,2,0,0,0,653,653
3315001,3320000,1,L10-1,2,0,0,0,645,645
3320001,3325000,2,L10-1,2,0,0,0,961,961
3325001,3330000,2,L10-1,2,0,0,0,2442,2442
3330001,3335000,2,L10-1,2,0,0,0,2157,2157
3385001,3390000,1,L10-1,2,0,0,0,375,375
3430001,3435000,2,L10-1,2,0,0,0,4159,4159
3435001,3440000,2,L10-1,2,0,0,0,86,86
3440001,3445000,2,L10-1,2,0,0,0,3271,3271
3445001,3450000,1,L10-1,2,0,0,0,1172,1172
3450001,3455000,4,L10-1,2,0,0,0,2798,2798
3455001,3460000,1,L10-1,2,0,0,0,269,269
3460001,3465000,4,L10-1,2,0,0,0,2120,2120
3485001,3490000,1,L10-1,2,0,0,0,210,210
3490001,3495000,3,L10-1,2,0,0,0,1436,1436
3495001,3500000,1,L10-1,2,0,0,0,241,241
3510001,3515000,3,L10-1,2,0,0,0,2634,2634
3515001,3520000,2,L10-1,2,0,0,0,1819,1819
3540001,3545000,1,L10-1,2,0,0,0,571,571
3545001,3550000,2,L10-1,2,0,0,0,1456,1456
3550001,3555000,6,L10-1,2,0,0,0,2999,2999
3555001,3560000,11,L10-1,2,0,0,0,4871,4871
3560001,3565000,12,L10-1,2,0,0,0,4710,4710
3565001,3570000,3,L10-1,2,0,0,0,2768,2768
3570001,3575000,2,L10-1,2,0,0,0,501,501
3580001,3585000,0,L10-1,2,1,0,0,0,1508
3585001,3590000,0,L10-1,2,1,0,0,0,1585
3610001,3615000,1,L10-1,2,0,0,0,1004,1004
3625001,3630000,1,L10-1,2,0,0,0,2135,2135
3670001,3675000,1,L10-1,2,0,0,0,1103,1103
3695001,3700000,4,L10-1,2,0,0,0,4065,4065
3720001,3725000,0,L10-1,2,1,0,0,0,4882
3725001,3730000,0,L10-1,2,1,0,0,0,3723
3790001,3795000,2,L10-1,2,0,0,0,2980,2980
3840001,3845000,1,L10-1,2,0,0,0,1019,1019
3865001,3870000,1,L10-1,2,0,0,0,1063,1063
3870001,3875000,5,L10-1,2,0,0,0,2584,2584
3880001,3885000,2,L10-1,2,0,0,0,2731,2731
3895001,3900000,0,L10-1,2,1,0,0,0,2145
3900001,3905000,0,L10-1,2,1,0,0,0,949
3925001,3930000,0,L10-1,2,0,1,1,0,0
3940001,3945000,2,L10-1,2,0,0,0,2777,2777
3945001,3950000,5,L10-1,2,0,0,0,4147,4147
3950001,3955000,1,L10-1,2,0,1,0,138,138
20001,25000,1,L10-2,1,0,0,0,75,75
40001,45000,1,L10-2,1,0,0,0,1259,1259
55001,60000,3,L10-2,1,0,0,0,228,228
60001,65000,2,L10-2,1,0,0,0,1662,1662
65001,70000,1,L10-2,1,0,0,0,16,16
105001,110000,1,L10-2,1,0,0,0,545,545
120001,125000,1,L10-2,1,1,0,0,685,3778
125001,130000,2,L10-2,1,0,1,1,2698,2698
135001,140000,0,L10-2,1,0,2,1,0,0
175001,180000,0,L10-2,1,0,1,1,0,0
195001,200000,1,L10-2,1,0,0,0,280,280
200001,205000,2,L10-2,1,0,0,0,2877,2877
210001,215000,0,L10-2,1,0,1,1,0,0
240001,245000,1,L10-2,1,0,0,0,857,857
245001,250000,1,L10-2,1,0,0,0,607,607
250001,255000,6,L10-2,1,0,0,0,2789,2789
255001,260000,5,L10-2,1,0,0,0,2903,2903
260001,265000,2,L10-2,1,0,0,0,4923,4923
265001,270000,1,L10-2,1,0,0,0,1910,1910
330001,335000,3,L10-2,1,0,0,0,3852,3852
335001,340000,1,L10-2,1,0,0,0,51,51
340001,345000,1,L10-2,1,0,0,0,1415,1415
350001,355000,1,L10-2,1,0,0,0,536,536
445001,450000,2,L10-2,1,0,0,0,1939,1939
450001,455000,1,L10-2,1,0,0,0,566,566
465001,470000,3,L10-2,1,0,0,0,2565,2565
470001,475000,1,L10-2,1,0,0,0,461,461
500001,505000,1,L10-2,1,0,0,0,227,227
525001,530000,1,L10-2,1,0,0,0,530,530
555001,560000,1,L10-2,1,0,0,0,1815,1815
560001,565000,3,L10-2,1,0,0,0,2619,2619
565001,570000,1,L10-2,1,0,0,0,603,603
580001,585000,2,L10-2,1,0,0,0,1276,1276
640001,645000,3,L10-2,1,0,0,0,4251,4251
645001,650000,2,L10-2,1,0,0,0,1771,1771
660001,665000,0,L10-2,1,0,1,1,0,0
665001,670000,1,L10-2,1,0,0,0,479,479
670001,675000,1,L10-2,1,0,0,0,1137,1137
675001,680000,1,L10-2,1,0,0,0,1217,1217
710001,715000,4,L10-2,1,0,0,0,4850,4850
715001,720000,6,L10-2,1,0,0,0,4943,4943
720001,725000,4,L10-2,1,0,0,0,4024,4024
725001,730000,4,L10-2,1,0,0,0,4606,4606
730001,735000,2,L10-2,1,0,0,0,706,706
760001,765000,1,L10-2,1,0,0,0,662,662
775001,780000,1,L10-2,1,0,0,0,479,479
785001,790000,2,L10-2,1,0,0,0,1487,1487
790001,795000,1,L10-2,1,0,0,0,137,137
795001,800000,1,L10-2,1,0,0,0,824,824
800001,805000,3,L10-2,1,0,0,0,2370,2370
805001,810000,6,L10-2,1,0,0,0,4368,4368
810001,815000,3,L10-2,1,0,0,0,4359,4359
815001,820000,5,L10-2,1,0,0,0,4261,4261
820001,825000,2,L10-2,1,0,0,0,2750,2750
825001,830000,1,L10-2,1,0,0,0,1298,1298
830001,835000,1,L10-2,1,0,0,0,1718,1718
930001,935000,1,L10-2,1,0,0,0,974,974
955001,960000,1,L10-2,1,0,0,0,295,295
960001,965000,2,L10-2,1,0,0,0,2523,2523
965001,970000,4,L10-2,1,0,0,0,2969,2969
970001,975000,2,L10-2,1,0,0,0,2761,2761
1005001,1010000,1,L10-2,1,0,0,0,113,113
1020001,1025000,1,L10-2,1,0,0,0,855,855
1025001,1030000,2,L10-2,1,0,0,0,1719,1719
1030001,1035000,1,L10-2,1,0,0,0,962,962
1075001,1080000,2,L10-2,1,0,0,0,1348,1348
1080001,1085000,2,L10-2,1,0,0,0,1625,1625
1085001,1090000,1,L10-2,1,0,0,0,76,76
1160001,1165000,2,L10-2,1,0,0,0,1978,1978
1165001,1170000,5,L10-2,1,0,0,0,3286,3286
1170001,1175000,2,L10-2,1,0,0,0,2584,2584
1185001,1190000,1,L10-2,1,0,0,0,1538,1538
1190001,1195000,1,L10-2,1,0,0,0,84,84
1200001,1205000,1,L10-2,1,0,0,0,1664,1664
1205001,1210000,1,L10-2,1,0,0,0,530,530
1275001,1280000,0,L10-2,1,1,0,0,0,3093
1295001,1300000,0,L10-2,1,0,1,1,0,0
1415001,1420000,1,L10-2,1,0,0,0,218,218
1420001,1425000,1,L10-2,1,0,0,0,535,535
1425001,1430000,2,L10-2,1,0,0,0,4068,4068
1430001,1435000,1,L10-2,1,0,0,0,1292,1292
1450001,1455000,1,L10-2,1,0,0,0,1673,1673
1455001,1460000,2,L10-2,1,0,0,0,2138,2138
1460001,1465000,2,L10-2,1,0,0,0,1339,1339
1465001,1470000,3,L10-2,1,0,0,0,4432,4432
1470001,1475000,1,L10-2,1,0,0,0,2027,2027
1475001,1480000,1,L10-2,1,0,0,0,1174,1174
1480001,1485000,1,L10-2,1,0,0,0,226,226
1505001,1510000,1,L10-2,1,0,0,0,518,518
1520001,1525000,1,L10-2,1,0,0,0,87,87
1595001,1600000,1,L10-2,1,0,0,0,700,700
1600001,1605000,3,L10-2,1,0,0,0,4340,4340
1605001,1610000,1,L10-2,1,0,0,0,403,403
1610001,1615000,4,L10-2,1,0,0,0,1503,1503
1615001,1620000,2,L10-2,1,0,0,0,1635,1635
1635001,1640000,3,L10-2,1,0,0,0,3138,3138
1650001,1655000,1,L10-2,1,0,0,0,1105,1105
1690001,1695000,2,L10-2,1,0,0,0,736,736
1695001,1700000,6,L10-2,1,0,0,0,4593,4593
1700001,1705000,3,L10-2,1,0,0,0,1701,1701
1760001,1765000,1,L10-2,1,0,0,0,1231,1231
1765001,1770000,1,L10-2,1,0,0,0,1366,1366
1770001,1775000,1,L10-2,1,0,0,0,590,590
1780001,1785000,1,L10-2,1,0,0,0,788,788
1905001,1910000,0,L10-2,1,0,1,0,0,0
1915001,1920000,0,L10-2,1,1,0,0,0,2750
1920001,1925000,0,L10-2,1,1,1,0,0,344
2020001,2025000,0,L10-2,1,1,0,0,0,1524
2025001,2030000,1,L10-2,1,1,0,0,346,1915
2030001,2035000,1,L10-2,1,0,0,0,928,928
2055001,2060000,1,L10-2,1,0,0,0,641,641
2085001,2090000,0,L10-2,1,1,0,0,0,2971
2090001,2095000,0,L10-2,1,1,0,0,0,122
2110001,2115000,2,L10-2,1,0,0,0,3123,3123
2115001,2120000,4,L10-2,1,0,0,0,3071,3071
2135001,2140000,1,L10-2,1,0,0,0,827,827
2175001,2180000,1,L10-2,1,0,0,0,930,930
2180001,2185000,1,L10-2,1,0,0,0,65,65
2205001,2210000,1,L10-2,1,0,0,0,695,695
2260001,2265000,1,L10-2,1,0,0,0,1397,1397
2265001,2270000,1,L10-2,1,0,0,0,375,375
2270001,2275000,1,L10-2,1,0,0,0,88,88
2275001,2280000,1,L10-2,1,0,0,0,1645,1645
2285001,2290000,2,L10-2,1,0,0,0,86,86
2290001,2295000,3,L10-2,1,0,0,0,621,621
2400001,2405000,1,L10-2,1,0,0,0,1861,1861
2405001,2410000,1,L10-2,1,0,0,0,172,172
2450001,2455000,1,L10-2,1,0,0,0,668,668
2490001,2495000,1,L10-2,1,0,0,0,1760,1760
2515001,2520000,0,L10-2,1,0,1,1,0,0
2525001,2530000,0,L10-2,1,1,0,0,0,3092
2540001,2545000,1,L10-2,1,0,0,0,56,56
2545001,2550000,1,L10-2,1,0,0,0,2571,2571
2550001,2555000,1,L10-2,1,0,0,0,1983,1983
2555001,2560000,2,L10-2,1,0,0,0,1432,1432
2570001,2575000,0,L10-2,1,0,1,1,0,0
2635001,2640000,1,L10-2,1,0,0,0,177,177
2640001,2645000,2,L10-2,1,0,0,0,2005,2005
2645001,2650000,1,L10-2,1,0,0,0,1220,1220
2705001,2710000,1,L10-2,1,0,0,0,553,553
2710001,2715000,1,L10-2,1,0,0,0,862,862
2715001,2720000,1,L10-2,1,0,0,0,1649,1649
2720001,2725000,2,L10-2,1,0,0,0,1353,1353
2760001,2765000,0,L10-2,1,1,0,0,0,631
2765001,2770000,0,L10-2,1,1,0,0,0,2464
2775001,2780000,1,L10-2,1,0,0,0,1127,1127
2785001,2790000,1,L10-2,1,0,0,0,878,878
2800001,2805000,1,L10-2,1,0,0,0,427,427
2805001,2810000,1,L10-2,1,0,0,0,319,319
2820001,2825000,1,L10-2,1,0,0,0,1472,1472
2825001,2830000,2,L10-2,1,0,0,0,2392,2392
2845001,2850000,1,L10-2,1,0,0,0,68,68
2850001,2855000,1,L10-2,1,0,0,0,735,735
2885001,2890000,2,L10-2,1,0,0,0,1285,1285
2890001,2895000,1,L10-2,1,0,0,0,974,974
2905001,2910000,1,L10-2,1,0,0,0,785,785
2910001,2915000,1,L10-2,1,0,0,0,570,570
2920001,2925000,1,L10-2,1,0,0,0,737,737
2930001,2935000,4,L10-2,1,0,0,0,2723,2723
2935001,2940000,2,L10-2,1,0,0,0,1471,1471
2965001,2970000,1,L10-2,1,0,0,0,54,54
2970001,2975000,3,L10-2,1,0,0,0,2852,2852
3020001,3025000,3,L10-2,1,0,0,0,1500,1500
3055001,3060000,2,L10-2,1,0,0,0,2888,2888
3060001,3065000,1,L10-2,1,0,0,0,47,47
3065001,3070000,0,L10-2,1,0,2,0,0,0
3115001,3120000,1,L10-2,1,0,0,0,875,875
3180001,3185000,1,L10-2,1,0,0,0,1098,1098
3215001,3220000,2,L10-2,1,0,0,0,2242,2242
3230001,3235000,1,L10-2,1,0,0,0,1154,1154
3235001,3240000,1,L10-2,1,0,0,0,416,416
3280001,3285000,2,L10-2,1,0,0,0,1954,1954
3285001,3290000,1,L10-2,1,0,0,0,1040,1040
3290001,3295000,1,L10-2,1,0,0,0,1430,1430
3295001,3300000,1,L10-2,1,0,0,0,462,462
3300001,3305000,1,L10-2,1,0,0,0,653,653
3315001,3320000,2,L10-2,1,0,0,0,1606,1606
3320001,3325000,2,L10-2,1,0,0,0,1764,1764
3325001,3330000,2,L10-2,1,0,0,0,2834,2834
3380001,3385000,1,L10-2,1,0,0,0,375,375
3425001,3430000,2,L10-2,1,0,0,0,3503,3503
3430001,3435000,1,L10-2,1,0,0,0,656,656
3435001,3440000,3,L10-2,1,0,0,0,3293,3293
3440001,3445000,2,L10-2,1,0,0,0,1236,1236
3445001,3450000,4,L10-2,1,0,0,0,2798,2798
3455001,3460000,4,L10-2,1,0,0,0,2389,2389
3480001,3485000,0,L10-2,1,0,1,1,0,0
3485001,3490000,3,L10-2,1,0,0,0,979,979
3490001,3495000,1,L10-2,1,0,0,0,908,908
3505001,3510000,3,L10-2,1,0,0,0,2634,2634
3510001,3515000,2,L10-2,1,0,0,0,1817,1817
3535001,3540000,1,L10-2,1,0,0,0,571,571
3540001,3545000,2,L10-2,1,0,0,0,1455,1455
3545001,3550000,5,L10-2,1,0,0,0,2633,2633
3550001,3555000,10,L10-2,1,0,0,0,4602,4602
3555001,3560000,13,L10-2,1,0,0,0,4717,4717
3560001,3565000,3,L10-2,1,0,0,0,2763,2763
3565001,3570000,3,L10-2,1,0,0,0,1134,1134
3575001,3580000,0,L10-2,1,1,0,0,0,851
3580001,3585000,0,L10-2,1,1,0,0,0,2243
3605001,3610000,1,L10-2,1,0,0,0,1004,1004
3620001,3625000,1,L10-2,1,0,0,0,2135,2135
3665001,3670000,1,L10-2,1,0,0,0,1103,1103
3690001,3695000,4,L10-2,1,0,0,0,3925,3925
3695001,3700000,1,L10-2,1,0,0,0,140,140
3715001,3720000,0,L10-2,1,1,0,0,0,4221
3720001,3725000,0,L10-2,1,1,0,0,0,1974
3780001,3785000,1,L10-2,1,0,0,0,769,769
3785001,3790000,2,L10-2,1,0,0,0,2211,2211
3835001,3840000,1,L10-2,1,0,0,0,1019,1019
3860001,3865000,2,L10-2,1,0,0,0,1755,1755
3865001,3870000,3,L10-2,1,0,0,0,1892,1892
3870001,3875000,1,L10-2,1,0,0,0,9,9
3875001,3880000,2,L10-2,1,0,0,0,2722,2722
3930001,3935000,2,L10-2,1,0,0,0,2631,2631
3935001,3940000,5,L10-2,1,0,0,0,4147,4147
3940001,3945000,1,L10-2,1,0,1,0,284,284
3955001,3960000,0,L10-2,1,1,0,0,0,3092
3965001,3970000,1,L10-2,1,0,0,0,1501,1501
3970001,3975000,2,L10-2,1,0,0,0,1698,1698
20001,25000,1,L10-2,2,0,0,0,75,75
40001,45000,1,L10-2,2,0,0,0,1259,1259
55001,60000,3,L10-2,2,0,0,0,228,228
60001,65000,2,L10-2,2,0,0,0,1653,1653
65001,70000,1,L10-2,2,0,0,0,25,25
105001,110000,1,L10-2,2,0,0,0,545,545
115001,120000,0,L10-2,2,0,1,0,0,0
120001,125000,0,L10-2,2,1,0,0,0,3094
135001,140000,0,L10-2,2,1,0,0,0,702
140001,145000,0,L10-2,2,1,0,0,0,2390
145001,150000,0,L10-2,2,1,0,0,0,2782
150001,155000,0,L10-2,2,1,0,0,0,3417
160001,165000,0,L10-2,2,1,0,0,0,1427
165001,170000,0,L10-2,2,1,0,0,0,1666
205001,210000,0,L10-2,2,1,0,0,0,3094
230001,235000,2,L10-2,2,0,0,0,2833,2833
235001,240000,1,L10-2,2,0,0,0,324,324
240001,245000,0,L10-2,2,1,0,0,0,2876
245001,250000,0,L10-2,2,1,0,0,0,911
275001,280000,1,L10-2,2,0,0,0,857,857
280001,285000,1,L10-2,2,0,0,0,634,634
285001,290000,6,L10-2,2,0,0,0,2788,2788
290001,295000,5,L10-2,2,0,0,0,2903,2903
295001,300000,2,L10-2,2,0,0,0,4923,4923
300001,305000,1,L10-2,2,0,0,0,1882,1882
365001,370000,3,L10-2,2,0,0,0,3873,3873
370001,375000,1,L10-2,2,0,0,0,30,30
375001,380000,1,L10-2,2,0,0,0,1415,1415
385001,390000,1,L10-2,2,0,0,0,536,536
480001,485000,2,L10-2,2,0,0,0,1939,1939
485001,490000,1,L10-2,2,0,0,0,566,566
500001,505000,3,L10-2,2,0,0,0,2565,2565
505001,510000,1,L10-2,2,0,0,0,461,461
535001,540000,1,L10-2,2,0,0,0,227,227
560001,565000,1,L10-2,2,0,0,0,530,530
590001,595000,1,L10-2,2,0,0,0,1826,1826
595001,600000,3,L10-2,2,0,0,0,2619,2619
600001,605000,1,L10-2,2,0,0,0,592,592
615001,620000,2,L10-2,2,0,0,0,1276,1276
675001,680000,3,L10-2,2,0,0,0,4251,4251
680001,685000,2,L10-2,2,0,0,0,1770,1770
695001,700000,0,L10-2,2,1,0,0,0,372
700001,705000,0,L10-2,2,1,0,0,0,2722
705001,710000,1,L10-2,2,0,0,0,479,479
710001,715000,1,L10-2,2,0,0,0,2354,2354
745001,750000,2,L10-2,2,0,0,0,1744,1744
750001,755000,5,L10-2,2,0,0,0,4997,4997
755001,760000,4,L10-2,2,0,0,0,4395,4395
760001,765000,5,L10-2,2,0,0,0,4243,4243
765001,770000,3,L10-2,2,0,0,0,3323,3323
770001,775000,1,L10-2,2,0,0,0,428,428
795001,800000,1,L10-2,2,0,0,0,662,662
810001,815000,1,L10-2,2,0,0,0,479,479
820001,825000,1,L10-2,2,0,0,0,98,98
825001,830000,2,L10-2,2,0,0,0,1526,1526
835001,840000,2,L10-2,2,0,0,0,824,824
840001,845000,6,L10-2,2,0,0,0,3834,3834
845001,850000,5,L10-2,2,0,0,0,4759,4759
850001,855000,5,L10-2,2,0,0,0,4280,4280
855001,860000,3,L10-2,2,0,0,0,4357,4357
860001,865000,2,L10-2,2,0,0,0,2174,2174
865001,870000,1,L10-2,2,0,0,0,1647,1647
870001,875000,1,L10-2,2,0,0,0,71,71
965001,970000,1,L10-2,2,0,0,0,974,974
995001,1000000,2,L10-2,2,0,0,0,2157,2157
1000001,1005000,3,L10-2,2,0,0,0,1933,1933
1005001,1010000,4,L10-2,2,0,0,0,3198,3198
1010001,1015000,2,L10-2,2,0,0,0,1260,1260
1045001,1050000,1,L10-2,2,0,0,0,113,113
1060001,1065000,1,L10-2,2,0,0,0,1931,1931
1065001,1070000,2,L10-2,2,0,0,0,1606,1606
1115001,1120000,3,L10-2,2,0,0,0,2338,2338
1120001,1125000,1,L10-2,2,0,0,0,634,634
1125001,1130000,1,L10-2,2,0,0,0,76,76
1200001,1205000,2,L10-2,2,0,0,0,3013,3013
1205001,1210000,4,L10-2,2,0,0,0,4101,4101
1210001,1215000,1,L10-2,2,0,0,0,735,735
1220001,1225000,1,L10-2,2,0,0,0,890,890
1225001,1230000,1,L10-2,2,0,0,0,648,648
1230001,1235000,1,L10-2,2,0,0,0,84,84
1240001,1245000,1,L10-2,2,0,0,0,1664,1664
1245001,1250000,1,L10-2,2,0,0,0,530,530
1310001,1315000,0,L10-2,2,1,0,0,0,1199
1315001,1320000,0,L10-2,2,1,0,0,0,1895
1330001,1335000,0,L10-2,2,1,0,0,0,1024
1335001,1340000,0,L10-2,2,1,0,0,0,2070
1455001,1460000,1,L10-2,2,0,0,0,218,218
1465001,1470000,2,L10-2,2,0,0,0,4121,4121
1470001,1475000,2,L10-2,2,0,0,0,1774,1774
1490001,1495000,1,L10-2,2,0,0,0,505,505
1495001,1500000,2,L10-2,2,0,0,0,2047,2047
1500001,1505000,3,L10-2,2,0,0,0,2598,2598
1505001,1510000,3,L10-2,2,0,0,0,3173,3173
1510001,1515000,1,L10-2,2,0,0,0,3286,3286
1520001,1525000,1,L10-2,2,0,0,0,1400,1400
1545001,1550000,1,L10-2,2,0,0,0,518,518
1560001,1565000,1,L10-2,2,0,0,0,87,87
1640001,1645000,2,L10-2,2,0,0,0,4224,4224
1645001,1650000,2,L10-2,2,0,0,0,816,816
1650001,1655000,3,L10-2,2,0,0,0,1899,1899
1655001,1660000,2,L10-2,2,0,0,0,1642,1642
1675001,1680000,3,L10-2,2,0,0,0,3137,3137
1690001,1695000,1,L10-2,2,0,0,0,1106,1106
1730001,1735000,1,L10-2,2,0,0,0,584,584
1735001,1740000,4,L10-2,2,0,0,0,3523,3523
1740001,1745000,4,L10-2,2,0,0,0,2923,2923
1805001,1810000,1,L10-2,2,0,0,0,2597,2597
1810001,1815000,1,L10-2,2,0,0,0,590,590
1820001,1825000,1,L10-2,2,0,0,0,764,764
1825001,1830000,1,L10-2,2,0,0,0,24,24
1945001,1950000,0,L10-2,2,1,0,0,0,878
1950001,1955000,0,L10-2,2,1,0,0,0,2215
2050001,2055000,0,L10-2,2,1,0,0,0,2531
2055001,2060000,1,L10-2,2,1,0,0,1274,1836
2085001,2090000,1,L10-2,2,0,0,0,641,641
2115001,2120000,0,L10-2,2,1,0,0,0,3093
2140001,2145000,3,L10-2,2,0,0,0,3677,3677
2145001,2150000,3,L10-2,2,0,0,0,2519,2519
2165001,2170000,1,L10-2,2,0,0,0,827,827
2205001,2210000,1,L10-2,2,0,0,0,995,995
2230001,2235000,1,L10-2,2,0,0,0,571,571
2235001,2240000,1,L10-2,2,0,0,0,124,124
2290001,2295000,1,L10-2,2,0,0,0,1772,1772
2300001,2305000,1,L10-2,2,0,0,0,1082,1082
2305001,2310000,1,L10-2,2,0,0,0,651,651
2315001,2320000,3,L10-2,2,0,0,0,707,707
2430001,2435000,1,L10-2,2,0,0,0,2033,2033
2480001,2485000,1,L10-2,2,0,0,0,668,668
2520001,2525000,1,L10-2,2,0,0,0,1760,1760
2545001,2550000,0,L10-2,2,1,0,0,0,2557
2550001,2555000,0,L10-2,2,1,0,0,0,1229
2555001,2560000,0,L10-2,2,1,0,0,0,1714
2560001,2565000,0,L10-2,2,1,0,0,0,1380
2575001,2580000,1,L10-2,2,0,0,0,2236,2236
2580001,2585000,1,L10-2,2,0,0,0,390,390
2585001,2590000,2,L10-2,2,0,0,0,3415,3415
2605001,2610000,0,L10-2,2,1,0,0,0,3093
2675001,2680000,2,L10-2,2,0,0,0,2182,2182
2680001,2685000,1,L10-2,2,0,0,0,542,542
2685001,2690000,1,L10-2,2,0,0,0,678,678
2745001,2750000,1,L10-2,2,0,0,0,1415,1415
2750001,2755000,1,L10-2,2,0,1,0,723,723
2755001,2760000,2,L10-2,2,0,0,0,2278,2278
2800001,2805000,0,L10-2,2,1,0,0,0,3093
2810001,2815000,1,L10-2,2,0,0,0,968,968
2815001,2820000,1,L10-2,2,0,0,0,159,159
2820001,2825000,1,L10-2,2,0,0,0,878,878
2840001,2845000,1,L10-2,2,0,0,0,746,746
2855001,2860000,1,L10-2,2,0,0,0,1472,1472
2860001,2865000,2,L10-2,2,0,0,0,2392,2392
2885001,2890000,1,L10-2,2,0,0,0,803,803
2920001,2925000,2,L10-2,2,0,0,0,477,477
2925001,2930000,2,L10-2,2,0,0,0,1782,1782
2945001,2950000,1,L10-2,2,0,0,0,1355,1355
2955001,2960000,1,L10-2,2,0,0,0,737,737
2965001,2970000,4,L10-2,2,0,0,0,2507,2507
2970001,2975000,3,L10-2,2,0,0,0,1687,1687
3005001,3010000,3,L10-2,2,0,0,0,2907,2907
3055001,3060000,3,L10-2,2,0,0,0,1499,1499
3090001,3095000,2,L10-2,2,0,0,0,1951,1951
3095001,3100000,1,L10-2,2,0,0,0,984,984
3100001,3105000,0,L10-2,2,1,0,0,0,3462
3105001,3110000,0,L10-2,2,1,0,0,0,325
3110001,3115000,0,L10-2,2,1,0,0,0,3094
3160001,3165000,1,L10-2,2,0,0,0,875,875
3225001,3230000,1,L10-2,2,0,0,0,1059,1059
3230001,3235000,1,L10-2,2,0,0,0,39,39
3260001,3265000,1,L10-2,2,0,0,0,1078,1078
3265001,3270000,2,L10-2,2,0,0,0,1164,1164
3280001,3285000,1,L10-2,2,0,0,0,1154,1154
3285001,3290000,1,L10-2,2,0,0,0,416,416
3330001,3335000,2,L10-2,2,0,0,0,2995,2995
3340001,3345000,1,L10-2,2,0,0,0,1892,1892
3350001,3355000,1,L10-2,2,0,0,0,653,653
3360001,3365000,2,L10-2,2,0,0,0,1591,1591
3365001,3370000,2,L10-2,2,0,0,0,59,59
3370001,3375000,3,L10-2,2,0,0,0,4241,4241
3375001,3380000,1,L10-2,2,0,0,0,314,314
3430001,3435000,1,L10-2,2,0,0,0,376,376
3470001,3475000,1,L10-2,2,0,0,0,1235,1235
3475001,3480000,2,L10-2,2,0,0,0,2924,2924
3480001,3485000,2,L10-2,2,0,0,0,1423,1423
3485001,3490000,1,L10-2,2,0,0,0,1934,1934
3490001,3495000,4,L10-2,2,0,0,0,2609,2609
3495001,3500000,2,L10-2,2,0,0,0,1361,1361
3500001,3505000,4,L10-2,2,0,0,0,2300,2300
3505001,3510000,1,L10-2,2,0,0,0,89,89
3525001,3530000,0,L10-2,2,1,0,0,0,357
3530001,3535000,0,L10-2,2,1,0,0,0,3430
3535001,3540000,2,L10-2,2,0,0,0,820,820
3540001,3545000,1,L10-2,2,0,0,0,1067,1067
3555001,3560000,3,L10-2,2,0,0,0,2634,2634
3560001,3565000,2,L10-2,2,0,0,0,820,820
3565001,3570000,1,L10-2,2,0,0,0,999,999
3585001,3590000,1,L10-2,2,0,0,0,422,422
3590001,3595000,3,L10-2,2,0,0,0,1606,1606
3595001,3600000,3,L10-2,2,0,0,0,1582,1582
3600001,3605000,10,L10-2,2,0,0,0,4600,4600
3605001,3610000,12,L10-2,2,0,0,0,4697,4697
3610001,3615000,6,L10-2,2,0,0,0,2733,2733
3615001,3620000,3,L10-2,2,0,0,0,2237,2237
3630001,3635000,0,L10-2,2,1,0,0,0,3094
3655001,3660000,1,L10-2,2,0,0,0,1004,1004
3670001,3675000,1,L10-2,2,0,0,0,2135,2135
3715001,3720000,1,L10-2,2,0,0,0,315,315
3720001,3725000,1,L10-2,2,0,0,0,789,789
3740001,3745000,4,L10-2,2,0,0,0,2823,2823
3745001,3750000,1,L10-2,2,0,0,0,1243,1243
3765001,3770000,0,L10-2,2,1,0,0,0,3120
3770001,3775000,0,L10-2,2,1,0,0,0,5000
3775001,3780000,0,L10-2,2,1,0,0,0,5000
3780001,3785000,0,L10-2,2,1,0,0,0,299
3840001,3845000,2,L10-2,2,0,0,0,2432,2432
3845001,3850000,1,L10-2,2,0,0,0,549,549
3890001,3895000,1,L10-2,2,0,0,0,379,379
3895001,3900000,1,L10-2,2,0,0,0,640,640
3920001,3925000,4,L10-2,2,0,0,0,2288,2288
3925001,3930000,2,L10-2,2,0,0,0,1359,1359
3930001,3935000,2,L10-2,2,0,0,0,1334,1334
3935001,3940000,1,L10-2,2,0,0,0,1397,1397
3985001,3990000,1,L10-2,2,0,0,0,408,408
3990001,3995000,3,L10-2,2,0,0,0,3893,3893
20001,25000,1,L10-3,1,0,0,0,75,75
40001,45000,1,L10-3,1,0,0,0,1259,1259
55001,60000,3,L10-3,1,0,0,0,228,228
60001,65000,2,L10-3,1,0,0,0,1662,1662
65001,70000,1,L10-3,1,0,0,0,16,16
105001,110000,1,L10-3,1,0,0,0,545,545
115001,120000,0,L10-3,1,0,1,0,0,0
120001,125000,1,L10-3,1,1,1,0,685,3778
125001,130000,2,L10-3,1,0,0,0,2698,2698
195001,200000,1,L10-3,1,0,0,0,280,280
200001,205000,2,L10-3,1,0,0,0,2877,2877
240001,245000,1,L10-3,1,0,0,0,857,857
245001,250000,1,L10-3,1,0,0,0,607,607
250001,255000,6,L10-3,1,0,0,0,2789,2789
255001,260000,5,L10-3,1,0,0,0,2903,2903
260001,265000,2,L10-3,1,0,0,0,4923,4923
265001,270000,1,L10-3,1,0,0,0,1910,1910
330001,335000,3,L10-3,1,0,0,0,3852,3852
335001,340000,1,L10-3,1,0,0,0,51,51
340001,345000,1,L10-3,1,0,0,0,1415,1415
350001,355000,1,L10-3,1,0,0,0,536,536
375001,380000,0,L10-3,1,0,1,1,0,0
445001,450000,2,L10-3,1,0,0,0,1939,1939
450001,455000,1,L10-3,1,0,0,0,566,566
465001,470000,3,L10-3,1,0,0,0,2565,2565
470001,475000,1,L10-3,1,0,0,0,461,461
500001,505000,1,L10-3,1,0,0,0,227,227
525001,530000,1,L10-3,1,0,0,0,530,530
555001,560000,1,L10-3,1,0,0,0,1815,1815
560001,565000,3,L10-3,1,0,0,0,2619,2619
565001,570000,1,L10-3,1,0,0,0,603,603
580001,585000,2,L10-3,1,0,0,0,1276,1276
640001,645000,3,L10-3,1,0,0,0,4251,4251
645001,650000,2,L10-3,1,0,0,0,1771,1771
665001,670000,1,L10-3,1,0,0,0,479,479
670001,675000,1,L10-3,1,0,0,0,1137,1137
675001,680000,1,L10-3,1,0,0,0,1217,1217
710001,715000,4,L10-3,1,0,0,0,4850,4850
715001,720000,6,L10-3,1,0,0,0,4943,4943
720001,725000,4,L10-3,1,0,0,0,4024,4024
725001,730000,4,L10-3,1,0,0,0,4606,4606
730001,735000,2,L10-3,1,0,0,0,706,706
760001,765000,1,L10-3,1,0,0,0,662,662
775001,780000,1,L10-3,1,0,0,0,479,479
785001,790000,2,L10-3,1,0,0,0,1487,1487
790001,795000,1,L10-3,1,0,0,0,137,137
795001,800000,1,L10-3,1,0,0,0,824,824
800001,805000,3,L10-3,1,0,0,0,2370,2370
805001,810000,6,L10-3,1,0,0,0,4368,4368
810001,815000,3,L10-3,1,0,0,0,4359,4359
815001,820000,5,L10-3,1,0,0,0,4261,4261
820001,825000,2,L10-3,1,0,0,0,2750,2750
825001,830000,1,L10-3,1,0,0,0,1298,1298
830001,835000,1,L10-3,1,0,0,0,1718,1718
930001,935000,1,L10-3,1,0,0,0,974,974
955001,960000,1,L10-3,1,0,0,0,295,295
960001,965000,2,L10-3,1,0,0,0,2523,2523
965001,970000,4,L10-3,1,0,0,0,2969,2969
970001,975000,2,L10-3,1,0,0,0,2761,2761
1005001,1010000,1,L10-3,1,0,0,0,113,113
1020001,1025000,1,L10-3,1,0,0,0,855,855
1025001,1030000,2,L10-3,1,0,0,0,1719,1719
1030001,1035000,1,L10-3,1,0,0,0,962,962
1075001,1080000,2,L10-3,1,0,0,0,1348,1348
1080001,1085000,2,L10-3,1,0,0,0,1625,1625
1085001,1090000,1,L10-3,1,0,0,0,76,76
1160001,1165000,2,L10-3,1,0,0,0,1978,1978
1165001,1170000,5,L10-3,1,0,0,0,3286,3286
1170001,1175000,2,L10-3,1,0,0,0,2584,2584
1185001,1190000,1,L10-3,1,0,0,0,1538,1538
1190001,1195000,1,L10-3,1,0,0,0,84,84
1200001,1205000,1,L10-3,1,0,0,0,1664,1664
1205001,1210000,1,L10-3,1,0,0,0,530,530
1275001,1280000,0,L10-3,1,1,0,0,0,3093
1385001,1390000,0,L10-3,1,0,1,0,0,0
1405001,1410000,0,L10-3,1,0,1,0,0,0
1415001,1420000,1,L10-3,1,0,0,0,218,218
1420001,1425000,1,L10-3,1,0,0,0,535,535
1425001,1430000,2,L10-3,1,0,0,0,4068,4068
1430001,1435000,1,L10-3,1,0,0,0,1292,1292
1450001,1455000,1,L10-3,1,0,0,0,1673,1673
1455001,1460000,2,L10-3,1,0,0,0,2138,2138
1460001,1465000,2,L10-3,1,0,0,0,1339,1339
1465001,1470000,3,L10-3,1,0,0,0,4432,4432
1470001,1475000,1,L10-3,1,0,0,0,2027,2027
1475001,1480000,1,L10-3,1,0,0,0,1174,1174
1480001,1485000,1,L10-3,1,0,0,0,226,226
1505001,1510000,1,L10-3,1,0,0,0,518,518
1520001,1525000,1,L10-3,1,0,0,0,87,87
1595001,1600000,1,L10-3,1,0,0,0,700,700
1600001,1605000,3,L10-3,1,0,0,0,4340,4340
1605001,1610000,1,L10-3,1,0,0,0,403,403
1610001,1615000,4,L10-3,1,0,0,0,1503,1503
1615001,1620000,2,L10-3,1,0,0,0,1635,1635
1635001,1640000,3,L10-3,1,0,0,0,3138,3138
1650001,1655000,1,L10-3,1,0,0,0,1105,1105
1690001,1695000,2,L10-3,1,0,0,0,736,736
1695001,1700000,6,L10-3,1,0,0,0,4593,4593
1700001,1705000,3,L10-3,1,0,0,0,1701,1701
1760001,1765000,1,L10-3,1,0,0,0,1231,1231
1765001,1770000,1,L10-3,1,0,0,0,1366,1366
1770001,1775000,1,L10-3,1,0,0,0,590,590
1780001,1785000,1,L10-3,1,0,0,0,788,788
1915001,1920000,0,L10-3,1,1,0,0,0,2750
1920001,1925000,0,L10-3,1,1,0,0,0,344
2020001,2025000,0,L10-3,1,1,0,0,0,1524
2025001,2030000,1,L10-3,1,1,0,0,346,1915
2030001,2035000,1,L10-3,1,0,0,0,928,928
2055001,2060000,1,L10-3,1,0,0,0,641,641
2085001,2090000,0,L10-3,1,1,1,0,0,2971
2090001,2095000,0,L10-3,1,1,0,0,0,122
2110001,2115000,2,L10-3,1,0,0,0,3123,3123
2115001,2120000,4,L10-3,1,0,0,0,3071,3071
2135001,2140000,1,L10-3,1,0,0,0,827,827
2175001,2180000,1,L10-3,1,0,0,0,930,930
2180001,2185000,1,L10-3,1,0,0,0,65,65
2205001,2210000,1,L10-3,1,0,0,0,695,695
2260001,2265000,1,L10-3,1,0,0,0,1397,1397
2265001,2270000,1,L10-3,1,0,0,0,375,375
2270001,2275000,1,L10-3,1,0,0,0,88,88
2275001,2280000,1,L10-3,1,0,0,0,1645,1645
2285001,2290000,2,L10-3,1,0,0,0,86,86
2290001,2295000,3,L10-3,1,0,0,0,621,621
2310001,2315000,0,L10-3,1,0,1,1,0,0
2400001,2405000,1,L10-3,1,0,0,0,1861,1861
2405001,2410000,1,L10-3,1,0,0,0,172,172
2450001,2455000,1,L10-3,1,0,0,0,668,668
2490001,2495000,1,L10-3,1,0,0,0,1760,1760
2525001,2530000,0,L10-3,1,1,0,0,0,3092
2540001,2545000,1,L10-3,1,0,0,0,56,56
2545001,2550000,1,L10-3,1,0,0,0,2571,2571
2550001,2555000,1,L10-3,1,0,0,0,1983,1983
2555001,2560000,2,L10-3,1,0,0,0,1432,1432
2635001,2640000,1,L10-3,1,0,0,0,177,177
2640001,2645000,2,L10-3,1,0,0,0,2005,2005
2645001,2650000,1,L10-3,1,0,0,0,1220,1220
2705001,2710000,1,L10-3,1,0,0,0,553,553
2710001,2715000,1,L10-3,1,0,0,0,862,862
2715001,2720000,1,L10-3,1,0,0,0,1649,1649
2720001,2725000,2,L10-3,1,0,0,0,1353,1353
2760001,2765000,0,L10-3,1,1,0,0,0,631
2765001,2770000,0,L10-3,1,1,0,0,0,2464
2775001,2780000,1,L10-3,1,0,0,0,1127,1127
2785001,2790000,1,L10-3,1,0,0,0,878,878
2800001,2805000,1,L10-3,1,0,0,0,427,427
2805001,2810000,1,L10-3,1,0,0,0,319,319
2820001,2825000,1,L10-3,1,0,0,0,1472,1472
2825001,2830000,2,L10-3,1,0,0,0,2392,2392
2845001,2850000,1,L10-3,1,0,0,0,68,68
2850001,2855000,1,L10-3,1,0,0,0,735,735
2885001,2890000,2,L10-3,1,0,0,0,1285,1285
2890001,2895000,1,L10-3,1,0,0,0,974,974
2905001,2910000,1,L10-3,1,0,0,0,785,785
2910001,2915000,1,L10-3,1,0,0,0,570,570
2920001,2925000,1,L10-3,1,0,0,0,737,737
2930001,2935000,4,L10-3,1,0,0,0,2723,2723
2935001,2940000,2,L10-3,1,0,0,0,1471,1471
2965001,2970000,1,L10-3,1,0,0,0,54,54
2970001,2975000,3,L10-3,1,0,0,0,2852,2852
3020001,3025000,3,L10-3,1,0,0,0,1500,1500
3055001,3060000,2,L10-3,1,0,0,0,2888,2888
3060001,3065000,1,L10-3,1,0,0,0,47,47
3115001,3120000,1,L10-3,1,0,0,0,875,875
3180001,3185000,1,L10-3,1,0,0,0,1098,1098
3215001,3220000,2,L10-3,1,0,0,0,2242,2242
3230001,3235000,1,L10-3,1,0,0,0,1154,1154
3235001,3240000,1,L10-3,1,0,0,0,416,416
3280001,3285000,2,L10-3,1,0,0,0,1954,1954
3285001,3290000,1,L10-3,1,0,0,0,1040,1040
3290001,3295000,1,L10-3,1,0,0,0,1430,1430
3295001,3300000,1,L10-3,1,0,0,0,462,462
3300001,3305000,1,L10-3,1,0,0,0,653,653
3315001,3320000,2,L10-3,1,0,0,0,1606,1606
3320001,3325000,2,L10-3,1,0,0,0,1764,1764
3325001,3330000,2,L10-3,1,0,0,0,2834,2834
3380001,3385000,1,L10-3,1,0,0,0,375,375
3425001,3430000,2,L10-3,1,0,0,0,3503,3503
3430001,3435000,1,L10-3,1,0,0,0,656,656
3435001,3440000,3,L10-3,1,0,0,0,3293,3293
3440001,3445000,2,L10-3,1,0,0,0,1236,1236
3445001,3450000,4,L10-3,1,0,0,0,2798,2798
3455001,3460000,4,L10-3,1,0,0,0,2389,2389
3485001,3490000,3,L10-3,1,0,0,0,979,979
3490001,3495000,1,L10-3,1,0,0,0,908,908
3505001,3510000,3,L10-3,1,0,0,0,2634,2634
3510001,3515000,2,L10-3,1,0,0,0,1817,1817
3535001,3540000,1,L10-3,1,0,0,0,571,571
3540001,3545000,2,L10-3,1,0,0,0,1455,1455
3545001,3550000,5,L10-3,1,0,0,0,2633,2633
3550001,3555000,10,L10-3,1,0,0,0,4602,4602
3555001,3560000,13,L10-3,1,0,0,0,4717,4717
3560001,3565000,3,L10-3,1,0,0,0,2763,2763
3565001,3570000,3,L10-3,1,0,0,0,1134,1134
3575001,3580000,0,L10-3,1,1,0,0,0,851
3580001,3585000,0,L10-3,1,1,0,0,0,2243
3605001,3610000,1,L10-3,1,0,0,0,1004,1004
3620001,3625000,1,L10-3,1,0,0,0,2135,2135
3665001,3670000,1,L10-3,1,0,0,0,1103,1103
3690001,3695000,4,L10-3,1,0,0,0,3925,3925
3695001,3700000,1,L10-3,1,0,0,0,140,140
3715001,3720000,0,L10-3,1,1,0,0,0,4221
3720001,3725000,0,L10-3,1,1,0,0,0,1974
3780001,3785000,1,L10-3,1,0,0,0,769,769
3785001,3790000,2,L10-3,1,0,0,0,2211,2211
3835001,3840000,1,L10-3,1,0,0,0,1019,1019
3860001,3865000,2,L10-3,1,0,0,0,1755,1755
3865001,3870000,3,L10-3,1,0,0,0,1892,1892
3870001,3875000,1,L10-3,1,0,0,0,9,9
3875001,3880000,2,L10-3,1,0,0,0,2722,2722
3930001,3935000,2,L10-3,1,0,0,0,2631,2631
3935001,3940000,5,L10-3,1,0,0,0,4147,4147
3940001,3945000,1,L10-3,1,0,0,0,284,284
3950001,3955000,0,L10-3,1,0,1,0,0,0
3955001,3960000,0,L10-3,1,1,0,0,0,3092
3965001,3970000,1,L10-3,1,0,0,0,1501,1501
3970001,3975000,2,L10-3,1,0,0,0,1698,1698
20001,25000,1,L10-3,2,0,0,0,75,75
40001,45000,1,L10-3,2,0,0,0,1259,1259
55001,60000,3,L10-3,2,0,0,0,228,228
60001,65000,2,L10-3,2,0,0,0,1657,1657
65001,70000,1,L10-3,2,0,0,0,21,21
105001,110000,1,L10-3,2,0,0,0,545,545
115001,120000,0,L10-3,2,1,0,0,0,2024
120001,125000,0,L10-3,2,2,0,0,0,2814
125001,130000,1,L10-3,2,1,0,0,2786,4134
130001,135000,1,L10-3,2,0,0,0,596,596
200001,205000,2,L10-3,2,0,0,0,1284,1284
205001,210000,1,L10-3,2,0,0,0,1873,1873
245001,250000,1,L10-3,2,0,0,0,857,857
250001,255000,3,L10-3,2,0,0,0,2851,2851
255001,260000,5,L10-3,2,0,0,0,1166,1166
260001,265000,3,L10-3,2,0,0,0,4554,4554
265001,270000,2,L10-3,2,0,0,0,4559,4559
330001,335000,2,L10-3,2,0,0,0,1764,1764
335001,340000,2,L10-3,2,0,0,0,2139,2139
340001,345000,1,L10-3,2,0,0,0,621,621
345001,350000,1,L10-3,2,0,0,0,794,794
350001,355000,1,L10-3,2,0,0,0,536,536
380001,385000,0,L10-3,2,1,0,0,0,2675
385001,390000,0,L10-3,2,1,0,0,0,2736
450001,455000,0,L10-3,2,0,1,1,0,0
455001,460000,2,L10-3,2,0,0,0,1939,1939
460001,465000,1,L10-3,2,0,0,0,566,566
470001,475000,1,L10-3,2,0,0,0,234,234
475001,480000,3,L10-3,2,0,0,0,2331,2331
480001,485000,1,L10-3,2,0,0,0,461,461
510001,515000,1,L10-3,2,0,0,0,227,227
530001,535000,1,L10-3,2,0,0,0,507,507
535001,540000,1,L10-3,2,0,0,0,23,23
565001,570000,1,L10-3,2,0,0,0,2855,2855
570001,575000,2,L10-3,2,0,0,0,2182,2182
590001,595000,2,L10-3,2,0,0,0,1276,1276
645001,650000,2,L10-3,2,0,0,0,1266,1266
650001,655000,3,L10-3,2,0,0,0,3935,3935
655001,660000,1,L10-3,2,0,0,0,821,821
675001,680000,1,L10-3,2,0,0,0,479,479
680001,685000,1,L10-3,2,0,0,0,2354,2354
715001,720000,2,L10-3,2,0,0,0,1670,1670
720001,725000,5,L10-3,2,0,0,0,4997,4997
725001,730000,4,L10-3,2,0,0,0,4468,4468
730001,735000,5,L10-3,2,0,0,0,4170,4170
735001,740000,3,L10-3,2,0,0,0,3323,3323
740001,745000,1,L10-3,2,0,0,0,501,501
765001,770000,1,L10-3,2,0,0,0,662,662
780001,785000,1,L10-3,2,0,0,0,465,465
785001,790000,1,L10-3,2,0,0,0,14,14
790001,795000,1,L10-3,2,0,0,0,29,29
795001,800000,2,L10-3,2,0,0,0,1595,1595
805001,810000,1,L10-3,2,0,0,0,824,824
810001,815000,6,L10-3,2,0,0,0,3762,3762
815001,820000,5,L10-3,2,0,0,0,4759,4759
820001,825000,5,L10-3,2,0,0,0,4280,4280
825001,830000,3,L10-3,2,0,0,0,4357,4357
830001,835000,2,L10-3,2,0,0,0,2247,2247
835001,840000,2,L10-3,2,0,0,0,1575,1575
840001,845000,1,L10-3,2,0,0,0,143,143
935001,940000,1,L10-3,2,0,0,0,974,974
965001,970000,2,L10-3,2,0,0,0,2090,2090
970001,975000,3,L10-3,2,0,0,0,1932,1932
975001,980000,4,L10-3,2,0,0,0,3199,3199
980001,985000,2,L10-3,2,0,0,0,1327,1327
1015001,1020000,1,L10-3,2,0,0,0,113,113
1020001,1025000,0,L10-3,2,0,2,0,0,0
1030001,1035000,1,L10-3,2,0,0,0,1931,1931
1035001,1040000,2,L10-3,2,0,0,0,1606,1606
1085001,1090000,3,L10-3,2,0,0,0,2270,2270
1090001,1095000,1,L10-3,2,0,0,0,703,703
1095001,1100000,1,L10-3,2,0,0,0,76,76
1170001,1175000,2,L10-3,2,0,0,0,3013,3013
1175001,1180000,4,L10-3,2,0,0,0,4032,4032
1180001,1185000,1,L10-3,2,0,0,0,803,803
1190001,1195000,1,L10-3,2,0,0,0,822,822
1195001,1200000,1,L10-3,2,0,0,0,716,716
1200001,1205000,1,L10-3,2,0,0,0,84,84
1210001,1215000,1,L10-3,2,0,0,0,1664,1664
1215001,1220000,1,L10-3,2,0,0,0,530,530
1280001,1285000,0,L10-3,2,1,0,0,0,1129
1285001,1290000,0,L10-3,2,1,0,0,0,1964
1390001,1395000,0,L10-3,2,0,1,0,0,0
1395001,1400000,0,L10-3,2,1,0,0,0,3144
1400001,1405000,0,L10-3,2,1,1,0,0,3050
1410001,1415000,1,L10-3,2,0,0,0,218,218
1420001,1425000,1,L10-3,2,0,0,0,3469,3469
1425001,1430000,3,L10-3,2,0,0,0,2426,2426
1450001,1455000,2,L10-3,2,0,0,0,1746,1746
1455001,1460000,3,L10-3,2,0,0,0,3404,3404
1460001,1465000,3,L10-3,2,0,0,0,2367,2367
1465001,1470000,1,L10-3,2,0,0,0,4092,4092
1475001,1480000,1,L10-3,2,0,0,0,1400,1400
1500001,1505000,1,L10-3,2,0,0,0,518,518
1515001,1520000,1,L10-3,2,0,0,0,72,72
1520001,1525000,1,L10-3,2,0,0,0,15,15
1595001,1600000,2,L10-3,2,0,0,0,3415,3415
1600001,1605000,2,L10-3,2,0,0,0,1625,1625
1605001,1610000,3,L10-3,2,0,0,0,1899,1899
1610001,1615000,2,L10-3,2,0,0,0,1642,1642
1630001,1635000,3,L10-3,2,0,0,0,2635,2635
1635001,1640000,1,L10-3,2,0,0,0,502,502
1645001,1650000,1,L10-3,2,0,0,0,395,395
1650001,1655000,1,L10-3,2,0,0,0,711,711
1685001,1690000,1,L10-3,2,0,0,0,584,584
1690001,1695000,4,L10-3,2,0,0,0,2713,2713
1695001,1700000,4,L10-3,2,0,0,0,3721,3721
1700001,1705000,1,L10-3,2,0,0,0,12,12
1760001,1765000,1,L10-3,2,0,0,0,2597,2597
1765001,1770000,1,L10-3,2,0,0,0,590,590
1780001,1785000,1,L10-3,2,0,0,0,788,788
1910001,1915000,0,L10-3,2,1,0,0,0,656
1915001,1920000,0,L10-3,2,1,0,0,0,2437
1955001,1960000,0,L10-3,2,0,1,0,0,0
1980001,1985000,0,L10-3,2,0,1,0,0,0
2020001,2025000,0,L10-3,2,1,0,0,0,3094
2025001,2030000,1,L10-3,2,0,0,0,1274,1274
2050001,2055000,1,L10-3,2,0,0,0,641,641
2080001,2085000,0,L10-3,2,1,0,0,0,2141
2085001,2090000,0,L10-3,2,1,0,0,0,952
2105001,2110000,1,L10-3,2,0,0,0,2307,2307
2110001,2115000,5,L10-3,2,0,0,0,3889,3889
2130001,2135000,1,L10-3,2,0,0,0,408,408
2135001,2140000,1,L10-3,2,0,0,0,419,419
2170001,2175000,1,L10-3,2,0,0,0,96,96
2175001,2180000,1,L10-3,2,0,0,0,899,899
2200001,2205000,1,L10-3,2,0,0,0,695,695
2210001,2215000,0,L10-3,2,0,1,1,0,0
2255001,2260000,1,L10-3,2,0,0,0,557,557
2260001,2265000,1,L10-3,2,0,0,0,1215,1215
2270001,2275000,1,L10-3,2,0,0,0,1733,1733
2285001,2290000,3,L10-3,2,0,0,0,707,707
2305001,2310000,0,L10-3,2,1,0,0,0,421
2310001,2315000,0,L10-3,2,1,0,0,0,5000
2315001,2320000,0,L10-3,2,1,0,0,0,1557
2405001,2410000,1,L10-3,2,0,0,0,2033,2033
2450001,2455000,1,L10-3,2,0,0,0,341,341
2455001,2460000,1,L10-3,2,0,0,0,327,327
2495001,2500000,1,L10-3,2,0,0,0,1760,1760
2525001,2530000,0,L10-3,2,1,0,0,0,1686
2530001,2535000,0,L10-3,2,1,0,0,0,1408
2545001,2550000,1,L10-3,2,0,0,0,2209,2209
2550001,2555000,1,L10-3,2,0,0,0,418,418
2555001,2560000,2,L10-3,2,0,0,0,3415,3415
2640001,2645000,2,L10-3,2,0,0,0,2182,2182
2650001,2655000,1,L10-3,2,0,0,0,1220,1220
2710001,2715000,1,L10-3,2,0,0,0,1415,1415
2720001,2725000,2,L10-3,2,0,0,0,3000,3000
2765001,2770000,0,L10-3,2,1,0,0,0,2781
2770001,2775000,0,L10-3,2,1,0,0,0,312
2780001,2785000,1,L10-3,2,0,0,0,1127,1127
2785001,2790000,1,L10-3,2,0,0,0,878,878
2805001,2810000,1,L10-3,2,0,0,0,746,746
2825001,2830000,2,L10-3,2,0,0,0,2746,2746
2830001,2835000,1,L10-3,2,0,0,0,1118,1118
2850001,2855000,1,L10-3,2,0,0,0,803,803
2885001,2890000,1,L10-3,2,0,0,0,38,38
2890001,2895000,3,L10-3,2,0,0,0,2221,2221
2910001,2915000,1,L10-3,2,0,0,0,1355,1355
2925001,2930000,1,L10-3,2,0,0,0,737,737
2930001,2935000,2,L10-3,2,0,0,0,1114,1114
2935001,2940000,3,L10-3,2,0,0,0,2151,2151
2940001,2945000,2,L10-3,2,0,0,0,929,929
2970001,2975000,3,L10-3,2,0,0,0,1644,1644
2975001,2980000,1,L10-3,2,0,0,0,1263,1263
3020001,3025000,1,L10-3,2,0,0,0,451,451
3025001,3030000,3,L10-3,2,0,0,0,1049,1049
3055001,3060000,1,L10-3,2,0,0,0,113,113
3060001,3065000,2,L10-3,2,0,0,0,2822,2822
3115001,3120000,1,L10-3,2,0,0,0,875,875
3180001,3185000,1,L10-3,2,0,0,0,451,451
3185001,3190000,1,L10-3,2,0,0,0,647,647
3215001,3220000,1,L10-3,2,0,0,0,470,470
3220001,3225000,2,L10-3,2,0,0,0,1772,1772
3235001,3240000,1,L10-3,2,0,0,0,1154,1154
3240001,3245000,1,L10-3,2,0,0,0,416,416
3285001,3290000,2,L10-3,2,0,0,0,2995,2995
3295001,3300000,1,L10-3,2,0,0,0,1892,1892
3305001,3310000,1,L10-3,2,0,0,0,653,653
3315001,3320000,1,L10-3,2,0,0,0,1238,1238
3320001,3325000,1,L10-3,2,0,0,0,368,368
3325001,3330000,3,L10-3,2,0,0,0,3675,3675
3330001,3335000,1,L10-3,2,0,0,0,924,924
3385001,3390000,1,L10-3,2,0,0,0,376,376
3425001,3430000,1,L10-3,2,0,0,0,627,627
3430001,3435000,2,L10-3,2,0,0,0,3532,3532
3435001,3440000,2,L10-3,2,0,0,0,1322,1322
3440001,3445000,2,L10-3,2,0,0,0,2035,2035
3445001,3450000,4,L10-3,2,0,0,0,2000,2000
3450001,3455000,2,L10-3,2,0,0,0,1970,1970
3455001,3460000,4,L10-3,2,0,0,0,1690,1690
3460001,3465000,1,L10-3,2,0,0,0,699,699
3475001,3480000,0,L10-3,2,0,1,0,0,0
3485001,3490000,2,L10-3,2,0,0,0,820,820
3490001,3495000,1,L10-3,2,0,0,0,1067,1067
3505001,3510000,2,L10-3,2,0,0,0,1065,1065
3510001,3515000,2,L10-3,2,0,0,0,1569,1569
3515001,3520000,2,L10-3,2,0,1,1,1819,1819
3540001,3545000,3,L10-3,2,0,0,0,1318,1318
3545001,3550000,1,L10-3,2,0,0,0,710,710
3550001,3555000,7,L10-3,2,0,0,0,4414,4414
3555001,3560000,14,L10-3,2,0,0,0,4701,4701
3560001,3565000,8,L10-3,2,0,0,0,3707,3707
3565001,3570000,3,L10-3,2,0,0,0,3027,3027
3580001,3585000,0,L10-3,2,1,0,0,0,2932
3585001,3590000,0,L10-3,2,1,0,0,0,161
3610001,3615000,1,L10-3,2,0,0,0,1004,1004
3620001,3625000,1,L10-3,2,0,0,0,807,807
3625001,3630000,1,L10-3,2,0,1,1,1328,1328
3670001,3675000,1,L10-3,2,0,0,0,1103,1103
3690001,3695000,2,L10-3,2,0,0,0,1011,1011
3695001,3700000,3,L10-3,2,0,0,0,3055,3055
3715001,3720000,0,L10-3,2,1,0,0,0,1304
3720001,3725000,0,L10-3,2,1,0,0,0,5000
3725001,3730000,0,L10-3,2,1,0,0,0,2991
3740001,3745000,0,L10-3,2,0,1,1,0,0
3790001,3795000,2,L10-3,2,0,0,0,2980,2980
3840001,3845000,1,L10-3,2,0,0,0,1019,1019
3865001,3870000,2,L10-3,2,0,0,0,1756,1756
3870001,3875000,3,L10-3,2,0,0,0,1891,1891
3880001,3885000,2,L10-3,2,0,0,0,2731,2731
3935001,3940000,1,L10-3,2,0,0,0,2414,2414
3940001,3945000,5,L10-3,2,0,0,0,3348,3348
3945001,3950000,1,L10-3,2,0,1,0,1300,1300
3960001,3965000,0,L10-3,2,1,0,0,0,3094
3970001,3975000,1,L10-3,2,0,0,0,1738,1738
3975001,3980000,2,L10-3,2,0,0,0,1461,1461
20001,25000,1,L10-4,1,0,0,0,75,75
40001,45000,1,L10-4,1,0,0,0,1259,1259
55001,60000,3,L10-4,1,0,0,0,228,228
60001,65000,2,L10-4,1,0,0,0,1662,1662
65001,70000,1,L10-4,1,0,0,0,16,16
105001,110000,1,L10-4,1,0,0,0,545,545
115001,120000,0,L10-4,1,0,1,0,0,0
120001,125000,1,L10-4,1,1,1,0,685,3778
125001,130000,2,L10-4,1,0,0,0,2698,2698
195001,200000,1,L10-4,1,0,0,0,280,280
200001,205000,2,L10-4,1,0,0,0,2877,2877
240001,245000,1,L10-4,1,0,0,0,857,857
245001,250000,1,L10-4,1,0,0,0,607,607
250001,255000,6,L10-4,1,0,0,0,2789,2789
255001,260000,5,L10-4,1,0,0,0,2903,2903
260001,265000,2,L10-4,1,0,0,0,4923,4923
265001,270000,1,L10-4,1,0,0,0,1910,1910
330001,335000,3,L10-4,1,0,0,0,3852,3852
335001,340000,1,L10-4,1,0,0,0,51,51
340001,345000,1,L10-4,1,0,0,0,1415,1415
350001,355000,1,L10-4,1,0,0,0,536,536
445001,450000,2,L10-4,1,0,0,0,1939,1939
450001,455000,1,L10-4,1,0,0,0,566,566
465001,470000,3,L10-4,1,0,0,0,2565,2565
470001,475000,1,L10-4,1,0,0,0,461,461
500001,505000,1,L10-4,1,0,0,0,227,227
525001,530000,1,L10-4,1,0,0,0,530,530
555001,560000,1,L10-4,1,0,0,0,1815,1815
560001,565000,3,L10-4,1,0,0,0,2619,2619
565001,570000,1,L10-4,1,0,0,0,603,603
580001,585000,2,L10-4,1,0,0,0,1276,1276
640001,645000,3,L10-4,1,0,0,0,4251,4251
645001,650000,2,L10-4,1,0,0,0,1771,1771
665001,670000,1,L10-4,1,0,0,0,479,479
670001,675000,1,L10-4,1,0,0,0,1137,1137
675001,680000,1,L10-4,1,0,0,0,1217,1217
710001,715000,4,L10-4,1,0,0,0,4850,4850
715001,720000,6,L10-4,1,0,0,0,4943,4943
720001,725000,4,L10-4,1,0,0,0,4024,4024
725001,730000,4,L10-4,1,0,0,0,4606,4606
730001,735000,2,L10-4,1,0,0,0,706,706
760001,765000,1,L10-4,1,0,0,0,662,662
775001,780000,1,L10-4,1,0,0,0,479,479
785001,790000,2,L10-4,1,0,0,0,1487,1487
790001,795000,1,L10-4,1,0,0,0,137,137
795001,800000,1,L10-4,1,0,0,0,824,824
800001,805000,3,L10-4,1,0,0,0,2370,2370
805001,810000,6,L10-4,1,0,0,0,4368,4368
810001,815000,3,L10-4,1,0,0,0,4359,4359
815001,820000,5,L10-4,1,0,0,0,4261,4261
820001,825000,2,L10-4,1,0,0,0,2750,2750
825001,830000,1,L10-4,1,0,0,0,1298,1298
830001,835000,1,L10-4,1,0,0,0,1718,1718
930001,935000,1,L10-4,1,0,0,0,974,974
955001,960000,1,L10-4,1,0,0,0,295,295
960001,965000,2,L10-4,1,0,0,0,2523,2523
965001,970000,4,L10-4,1,0,0,0,2969,2969
970001,975000,2,L10-4,1,0,0,0,2761,2761
1005001,1010000,1,L10-4,1,0,0,0,113,113
1020001,1025000,1,L10-4,1,0,0,0,855,855
1025001,1030000,2,L10-4,1,0,0,0,1719,1719
1030001,1035000,1,L10-4,1,0,0,0,962,962
1075001,1080000,2,L10-4,1,0,0,0,1348,1348
1080001,1085000,2,L10-4,1,0,0,0,1625,1625
1085001,1090000,1,L10-4,1,0,0,0,76,76
1160001,1165000,2,L10-4,1,0,0,0,1978,1978
1165001,1170000,5,L10-4,1,0,0,0,3286,3286
1170001,1175000,2,L10-4,1,0,0,0,2584,2584
1185001,1190000,1,L10-4,1,0,0,0,1538,1538
1190001,1195000,1,L10-4,1,0,0,0,84,84
1200001,1205000,1,L10-4,1,0,0,0,1664,1664
1205001,1210000,1,L10-4,1,0,0,0,530,530
1275001,1280000,0,L10-4,1,1,0,0,0,3093
1415001,1420000,1,L10-4,1,0,0,0,218,218
1420001,1425000,1,L10-4,1,0,0,0,535,535
1425001,1430000,2,L10-4,1,0,0,0,4068,4068
1430001,1435000,1,L10-4,1,0,0,0,1292,1292
1440001,1445000,0,L10-4,1,0,1,1,0,0
1450001,1455000,1,L10-4,1,0,0,0,1673,1673
1455001,1460000,2,L10-4,1,0,0,0,2138,2138
1460001,1465000,2,L10-4,1,0,0,0,1339,1339
1465001,1470000,3,L10-4,1,0,0,0,4432,4432
1470001,1475000,1,L10-4,1,0,0,0,2027,2027
1475001,1480000,1,L10-4,1,0,0,0,1174,1174
1480001,1485000,1,L10-4,1,0,0,0,226,226
1505001,1510000,1,L10-4,1,0,0,0,518,518
1520001,1525000,1,L10-4,1,0,0,0,87,87
1595001,1600000,1,L10-4,1,0,0,0,700,700
1600001,1605000,3,L10-4,1,0,0,0,4340,4340
1605001,1610000,1,L10-4,1,0,0,0,403,403
1610001,1615000,4,L10-4,1,0,0,0,1503,1503
1615001,1620000,2,L10-4,1,0,0,0,1635,1635
1635001,1640000,3,L10-4,1,0,0,0,3138,3138
1650001,1655000,1,L10-4,1,0,0,0,1105,1105
1690001,1695000,2,L10-4,1,0,0,0,736,736
1695001,1700000,6,L10-4,1,0,0,0,4593,4593
1700001,1705000,3,L10-4,1,0,0,0,1701,1701
1725001,1730000,0,L10-4,1,0,1,1,0,0
1760001,1765000,1,L10-4,1,0,0,0,1231,1231
1765001,1770000,1,L10-4,1,0,0,0,1366,1366
1770001,1775000,1,L10-4,1,0,0,0,590,590
1780001,1785000,1,L10-4,1,0,0,0,788,788
1915001,1920000,0,L10-4,1,1,0,0,0,2750
1920001,1925000,0,L10-4,1,1,0,0,0,344
2020001,2025000,0,L10-4,1,1,0,0,0,1524
2025001,2030000,1,L10-4,1,1,0,0,346,1915
2030001,2035000,1,L10-4,1,0,0,0,928,928
2055001,2060000,1,L10-4,1,0,0,0,641,641
2085001,2090000,0,L10-4,1,1,0,0,0,2971
2090001,2095000,0,L10-4,1,1,0,0,0,122
2110001,2115000,2,L10-4,1,0,0,0,3123,3123
2115001,2120000,4,L10-4,1,0,0,0,3071,3071
2135001,2140000,1,L10-4,1,0,0,0,827,827
2175001,2180000,1,L10-4,1,0,0,0,930,930
2180001,2185000,1,L10-4,1,0,0,0,65,65
2205001,2210000,1,L10-4,1,0,0,0,695,695
2260001,2265000,1,L10-4,1,0,0,0,1397,1397
2265001,2270000,1,L10-4,1,0,0,0,375,375
2270001,2275000,1,L10-4,1,0,0,0,88,88
2275001,2280000,1,L10-4,1,0,0,0,1645,1645
2285001,2290000,2,L10-4,1,0,0,0,86,86
2290001,2295000,3,L10-4,1,0,0,0,621,621
2325001,2330000,0,L10-4,1,0,1,0,0,0
2400001,2405000,1,L10-4,1,0,0,0,1861,1861
2405001,2410000,1,L10-4,1,0,0,0,172,172
2430001,2435000,0,L10-4,1,0,1,0,0,0
2450001,2455000,1,L10-4,1,0,0,0,668,668
2490001,2495000,1,L10-4,1,0,0,0,1760,1760
2525001,2530000,0,L10-4,1,1,0,0,0,3092
2540001,2545000,1,L10-4,1,0,0,0,56,56
2545001,2550000,1,L10-4,1,0,0,0,2571,2571
2550001,2555000,1,L10-4,1,0,0,0,1983,1983
2555001,2560000,2,L10-4,1,0,0,0,1432,1432
2635001,2640000,1,L10-4,1,0,0,0,177,177
2640001,2645000,2,L10-4,1,0,0,0,2005,2005
2645001,2650000,1,L10-4,1,0,0,0,1220,1220
2705001,2710000,1,L10-4,1,0,0,0,553,553
2710001,2715000,1,L10-4,1,0,0,0,862,862
2715001,2720000,1,L10-4,1,0,0,0,1649,1649
2720001,2725000,2,L10-4,1,0,0,0,1353,1353
2760001,2765000,0,L10-4,1,1,0,0,0,631
2765001,2770000,0,L10-4,1,1,0,0,0,2464
2775001,2780000,1,L10-4,1,0,0,0,1127,1127
2785001,2790000,1,L10-4,1,0,0,0,878,878
2800001,2805000,1,L10-4,1,0,0,0,427,427
2805001,2810000,1,L10-4,1,0,0,0,319,319
2820001,2825000,1,L10-4,1,0,0,0,1472,1472
2825001,2830000,2,L10-4,1,0,0,0,2392,2392
2845001,2850000,1,L10-4,1,0,0,0,68,68
2850001,2855000,1,L10-4,1,0,0,0,735,735
2885001,2890000,2,L10-4,1,0,0,0,1285,1285
2890001,2895000,1,L10-4,1,0,0,0,974,974
2905001,2910000,1,L10-4,1,0,0,0,785,785
2910001,2915000,1,L10-4,1,0,0,0,570,570
2920001,2925000,1,L10-4,1,0,0,0,737,737
2930001,2935000,4,L10-4,1,0,0,0,2723,2723
2935001,2940000,2,L10-4,1,0,0,0,1471,1471
2965001,2970000,1,L10-4,1,0,0,0,54,54
2970001,2975000,3,L10-4,1,0,0,0,2852,2852
3020001,3025000,3,L10-4,1,0,0,0,1500,1500
3055001,3060000,2,L10-4,1,0,0,0,2888,2888
3060001,3065000,1,L10-4,1,0,0,0,47,47
3115001,3120000,1,L10-4,1,0,0,0,875,875
3180001,3185000,1,L10-4,1,0,0,0,1098,1098
3215001,3220000,2,L10-4,1,0,0,0,2242,2242
3230001,3235000,1,L10-4,1,0,0,0,1154,1154
3235001,3240000,1,L10-4,1,0,0,0,416,416
3280001,3285000,2,L10-4,1,0,0,0,1954,1954
3285001,3290000,1,L10-4,1,0,0,0,1040,1040
3290001,3295000,1,L10-4,1,0,0,0,1430,1430
3295001,3300000,1,L10-4,1,0,0,0,462,462
3300001,3305000,1,L10-4,1,0,0,0,653,653
3315001,3320000,2,L10-4,1,0,0,0,1606,1606
3320001,3325000,2,L10-4,1,0,0,0,1764,1764
3325001,3330000,2,L10-4,1,0,0,0,2834,2834
3380001,3385000,1,L10-4,1,0,0,0,375,375
3425001,3430000,2,L10-4,1,0,0,0,3503,3503
3430001,3435000,1,L10-4,1,0,0,0,656,656
3435001,3440000,3,L10-4,1,0,0,0,3293,3293
3440001,3445000,2,L10-4,1,0,0,0,1236,1236
3445001,3450000,4,L10-4,1,0,0,0,2798,2798
3455001,3460000,4,L10-4,1,0,0,0,2389,2389
3485001,3490000,3,L10-4,1,0,0,0,979,979
3490001,3495000,1,L10-4,1,0,0,0,908,908
3505001,3510000,3,L10-4,1,0,0,0,2634,2634
3510001,3515000,2,L10-4,1,0,0,0,1817,1817
3535001,3540000,1,L10-4,1,0,0,0,571,571
3540001,3545000,2,L10-4,1,0,0,0,1455,1455
3545001,3550000,5,L10-4,1,0,0,0,2633,2633
3550001,3555000,10,L10-4,1,0,0,0,4602,4602
3555001,3560000,13,L10-4,1,0,0,0,4717,4717
3560001,3565000,3,L10-4,1,0,0,0,2763,2763
3565001,3570000,3,L10-4,1,0,0,0,1134,1134
3575001,3580000,0,L10-4,1,1,0,0,0,851
3580001,3585000,0,L10-4,1,1,0,0,0,2243
3605001,3610000,1,L10-4,1,0,0,0,1004,1004
3620001,3625000,1,L10-4,1,0,0,0,2135,2135
3665001,3670000,1,L10-4,1,0,0,0,1103,1103
3690001,3695000,4,L10-4,1,0,0,0,3925,3925
3695001,3700000,1,L10-4,1,0,0,0,140,140
3715001,3720000,0,L10-4,1,1,0,0,0,4221
3720001,3725000,0,L10-4,1,1,0,0,0,1974
3780001,3785000,1,L10-4,1,0,0,0,769,769
3785001,3790000,2,L10-4,1,0,0,0,2211,2211
3835001,3840000,1,L10-4,1,0,0,0,1019,1019
3860001,3865000,2,L10-4,1,0,0,0,1755,1755
3865001,3870000,3,L10-4,1,0,0,0,1892,1892
3870001,3875000,1,L10-4,1,0,0,0,9,9
3875001,3880000,2,L10-4,1,0,0,0,2722,2722
3930001,3935000,2,L10-4,1,0,0,0,2631,2631
3935001,3940000,5,L10-4,1,0,0,0,4147,4147
3940001,3945000,1,L10-4,1,0,0,0,284,284
3955001,3960000,0,L10-4,1,1,1,0,0,3092
3965001,3970000,1,L10-4,1,0,0,0,1501,1501
3970001,3975000,2,L10-4,1,0,0,0,1698,1698
20001,25000,1,L10-4,2,0,0,0,75,75
40001,45000,1,L10-4,2,0,1,1,1258,1258
55001,60000,3,L10-4,2,0,0,0,228,228
60001,65000,2,L10-4,2,0,0,0,1662,1662
65001,70000,1,L10-4,2,0,0,0,16,16
105001,110000,1,L10-4,2,0,0,0,545,545
115001,120000,0,L10-4,2,1,0,0,0,1684
120001,125000,2,L10-4,2,1,0,0,2884,4293
125001,130000,1,L10-4,2,0,0,0,498,498
195001,200000,2,L10-4,2,0,0,0,1584,1584
200001,205000,1,L10-4,2,0,0,0,1573,1573
240001,245000,1,L10-4,2,0,0,0,857,857
245001,250000,3,L10-4,2,0,0,0,2940,2940
250001,255000,5,L10-4,2,0,0,0,1319,1319
255001,260000,3,L10-4,2,0,0,0,4613,4613
260001,265000,2,L10-4,2,0,0,0,4257,4257
325001,330000,2,L10-4,2,0,0,0,2075,2075
330001,335000,2,L10-4,2,0,0,0,1828,1828
335001,340000,1,L10-4,2,0,0,0,933,933
340001,345000,1,L10-4,2,0,0,0,482,482
345001,350000,1,L10-4,2,0,0,0,536,536
445001,450000,2,L10-4,2,0,0,0,1938,1938
450001,455000,1,L10-4,2,0,0,0,566,566
460001,465000,1,L10-4,2,0,0,0,968,968
465001,470000,3,L10-4,2,0,0,0,1597,1597
470001,475000,1,L10-4,2,0,0,0,461,461
500001,505000,1,L10-4,2,0,0,0,227,227
520001,525000,1,L10-4,2,0,0,0,530,530
555001,560000,1,L10-4,2,0,0,0,2855,2855
560001,565000,2,L10-4,2,0,0,0,2182,2182
580001,585000,2,L10-4,2,0,0,0,1276,1276
635001,640000,2,L10-4,2,0,0,0,2004,2004
640001,645000,4,L10-4,2,0,0,0,3277,3277
645001,650000,1,L10-4,2,0,0,0,741,741
665001,670000,1,L10-4,2,0,0,0,479,479
670001,675000,1,L10-4,2,0,0,0,2354,2354
705001,710000,3,L10-4,2,0,0,0,2405,2405
710001,715000,5,L10-4,2,0,0,0,4997,4997
715001,720000,4,L10-4,2,0,0,0,4031,4031
720001,725000,6,L10-4,2,0,0,0,4546,4546
725001,730000,2,L10-4,2,0,0,0,3150,3150
755001,760000,1,L10-4,2,0,0,0,662,662
770001,775000,1,L10-4,2,0,0,0,479,479
780001,785000,1,L10-4,2,0,0,0,768,768
785001,790000,2,L10-4,2,0,0,0,856,856
790001,795000,0,L10-4,2,0,1,1,0,0
795001,800000,2,L10-4,2,0,0,0,1485,1485
800001,805000,6,L10-4,2,0,0,0,3843,3843
805001,810000,5,L10-4,2,0,0,0,4759,4759
810001,815000,5,L10-4,2,0,0,0,4280,4280
815001,820000,3,L10-4,2,0,0,0,4357,4357
820001,825000,2,L10-4,2,0,0,0,1504,1504
825001,830000,1,L10-4,2,0,0,0,1718,1718
925001,930000,1,L10-4,2,0,0,0,974,974
955001,960000,2,L10-4,2,0,0,0,2818,2818
960001,965000,4,L10-4,2,0,0,0,1931,1931
965001,970000,4,L10-4,2,0,0,0,3193,3193
970001,975000,1,L10-4,2,0,0,0,606,606
1005001,1010000,1,L10-4,2,0,0,0,113,113
1020001,1025000,1,L10-4,2,0,0,0,1931,1931
1025001,1030000,2,L10-4,2,0,0,0,1606,1606
1075001,1080000,3,L10-4,2,0,0,0,2973,2973
1085001,1090000,1,L10-4,2,0,0,0,76,76
1160001,1165000,2,L10-4,2,0,0,0,3013,3013
1165001,1170000,4,L10-4,2,0,0,0,4775,4775
1170001,1175000,1,L10-4,2,0,0,0,60,60
1180001,1185000,1,L10-4,2,0,0,0,1538,1538
1190001,1195000,1,L10-4,2,0,0,0,84,84
1200001,1205000,1,L10-4,2,0,0,0,1664,1664
1205001,1210000,1,L10-4,2,0,0,0,530,530
1270001,1275000,0,L10-4,2,1,0,0,0,1870
1275001,1280000,0,L10-4,2,1,1,0,0,1223
1410001,1415000,1,L10-4,2,0,0,0,54,54
1415001,1420000,1,L10-4,2,0,0,0,164,164
1420001,1425000,1,L10-4,2,0,0,0,3055,3055
1425001,1430000,3,L10-4,2,0,0,0,2840,2840
1435001,1440000,0,L10-4,2,1,0,0,0,1041
1440001,1445000,0,L10-4,2,1,0,0,0,2052
1450001,1455000,1,L10-4,2,0,0,0,1182,1182
1455001,1460000,2,L10-4,2,0,0,0,2047,2047
1460001,1465000,3,L10-4,2,0,0,0,1921,1921
1465001,1470000,3,L10-4,2,0,0,0,3851,3851
1470001,1475000,1,L10-4,2,0,0,0,2608,2608
1475001,1480000,1,L10-4,2,0,0,0,593,593
1480001,1485000,1,L10-4,2,0,0,0,807,807
1505001,1510000,1,L10-4,2,0,0,0,518,518
1520001,1525000,1,L10-4,2,0,0,0,87,87
1595001,1600000,1,L10-4,2,0,0,0,116,116
1600001,1605000,3,L10-4,2,0,0,0,4648,4648
1605001,1610000,1,L10-4,2,0,0,0,276,276
1610001,1615000,3,L10-4,2,0,0,0,1899,1899
1615001,1620000,2,L10-4,2,0,0,0,1642,1642
1635001,1640000,3,L10-4,2,0,0,0,3137,3137
1650001,1655000,1,L10-4,2,0,0,0,1105,1105
1690001,1695000,1,L10-4,2,0,0,0,584,584
1695001,1700000,5,L10-4,2,0,0,0,4160,4160
1700001,1705000,3,L10-4,2,0,0,0,2286,2286
1725001,1730000,0,L10-4,2,1,0,0,0,3040
1730001,1735000,0,L10-4,2,1,0,0,0,52
1765001,1770000,1,L10-4,2,0,0,0,2545,2545
1770001,1775000,2,L10-4,2,0,1,1,75,75
1775001,1780000,1,L10-4,2,0,0,0,567,567
1785001,1790000,1,L10-4,2,0,0,0,788,788
1895001,1900000,0,L10-4,2,0,1,1,0,0
1920001,1925000,0,L10-4,2,1,1,0,0,3093
2025001,2030000,0,L10-4,2,1,0,0,0,2817
2030001,2035000,1,L10-4,2,1,0,0,1274,1550
2055001,2060000,1,L10-4,2,0,0,0,0,0
2060001,2065000,1,L10-4,2,0,0,0,641,641
2090001,2095000,0,L10-4,2,1,0,0,0,3093
2115001,2120000,3,L10-4,2,0,0,0,3726,3726
2120001,2125000,2,L10-4,2,0,0,0,2469,2469
2140001,2145000,1,L10-4,2,0,1,1,827,827
2180001,2185000,1,L10-4,2,0,0,0,995,995
2205001,2210000,1,L10-4,2,0,0,0,695,695
2265001,2270000,1,L10-4,2,0,0,0,1772,1772
2275001,2280000,1,L10-4,2,0,1,1,1361,1361
2280001,2285000,1,L10-4,2,0,0,0,372,372
2290001,2295000,3,L10-4,2,0,0,0,707,707
2300001,2305000,0,L10-4,2,0,1,1,0,0
2330001,2335000,0,L10-4,2,1,0,0,0,1480
2335001,2340000,0,L10-4,2,1,0,0,0,1614
2365001,2370000,1,L10-4,2,0,0,0,2033,2033
2440001,2445000,0,L10-4,2,1,0,0,0,3093
2460001,2465000,1,L10-4,2,0,0,0,668,668
2500001,2505000,1,L10-4,2,0,0,0,1760,1760
2535001,2540000,0,L10-4,2,1,0,0,0,3094
2550001,2555000,1,L10-4,2,0,0,0,103,103
2555001,2560000,1,L10-4,2,0,0,0,2524,2524
2560001,2565000,1,L10-4,2,0,0,0,2031,2031
2565001,2570000,2,L10-4,2,0,0,0,1384,1384
2645001,2650000,1,L10-4,2,0,0,0,230,230
2650001,2655000,2,L10-4,2,0,0,0,1952,1952
2655001,2660000,1,L10-4,2,0,0,0,1220,1220
2715001,2720000,1,L10-4,2,0,0,0,612,612
2720001,2725000,1,L10-4,2,0,0,0,803,803
2725001,2730000,1,L10-4,2,0,0,0,1708,1708
2730001,2735000,2,L10-4,2,0,0,0,1292,1292
2770001,2775000,0,L10-4,2,1,0,0,0,689
2775001,2780000,0,L10-4,2,1,0,0,0,2405
2785001,2790000,1,L10-4,2,0,0,0,1127,1127
2795001,2800000,1,L10-4,2,0,0,0,878,878
2810001,2815000,1,L10-4,2,0,0,0,487,487
2815001,2820000,1,L10-4,2,0,0,0,259,259
2830001,2835000,1,L10-4,2,0,0,0,1472,1472
2835001,2840000,2,L10-4,2,0,0,0,2392,2392
2855001,2860000,1,L10-4,2,0,0,0,122,122
2860001,2865000,1,L10-4,2,0,0,0,681,681
2895001,2900000,2,L10-4,2,0,0,0,1285,1285
2900001,2905000,1,L10-4,2,0,0,0,974,974
2915001,2920000,1,L10-4,2,0,0,0,839,839
2920001,2925000,1,L10-4,2,0,0,0,516,516
2930001,2935000,1,L10-4,2,0,0,0,737,737
2940001,2945000,4,L10-4,2,0,0,0,2723,2723
2945001,2950000,2,L10-4,2,0,0,0,1471,1471
2975001,2980000,1,L10-4,2,0,0,0,92,92
2980001,2985000,3,L10-4,2,0,0,0,2814,2814
3030001,3035000,3,L10-4,2,0,0,0,1500,1500
3065001,3070000,2,L10-4,2,0,0,0,2935,2935
3070001,3075000,1,L10-4,2,0,0,0,0,0
3125001,3130000,1,L10-4,2,0,0,0,875,875
3190001,3195000,1,L10-4,2,0,0,0,1098,1098
3225001,3230000,2,L10-4,2,0,0,0,2242,2242
3240001,3245000,1,L10-4,2,0,0,0,1154,1154
3245001,3250000,1,L10-4,2,0,0,0,416,416
3290001,3295000,2,L10-4,2,0,0,0,1991,1991
3295001,3300000,1,L10-4,2,0,0,0,1004,1004
3300001,3305000,1,L10-4,2,0,0,0,1463,1463
3305001,3310000,1,L10-4,2,0,0,0,429,429
3310001,3315000,1,L10-4,2,0,1,1,653,653
3320001,3325000,1,L10-4,2,0,0,0,0,0
3325001,3330000,2,L10-4,2,0,0,0,1606,1606
3330001,3335000,2,L10-4,2,0,0,0,1790,1790
3335001,3340000,2,L10-4,2,0,0,0,2809,2809
3355001,3360000,0,L10-4,2,0,1,1,0,0
3390001,3395000,1,L10-4,2,0,0,0,376,376
3435001,3440000,2,L10-4,2,0,0,0,3522,3522
3440001,3445000,1,L10-4,2,0,0,0,637,637
3445001,3450000,3,L10-4,2,0,0,0,3311,3311
3450001,3455000,2,L10-4,2,0,0,0,1218,1218
3455001,3460000,4,L10-4,2,0,0,0,2798,2798
3465001,3470000,4,L10-4,2,0,0,0,2389,2389
3495001,3500000,3,L10-4,2,0,0,0,994,994
3500001,3505000,1,L10-4,2,0,0,0,893,893
3515001,3520000,3,L10-4,2,0,0,0,2634,2634
3520001,3525000,2,L10-4,2,0,0,0,1819,1819
3545001,3550000,1,L10-4,2,0,0,0,572,572
3550001,3555000,2,L10-4,2,0,0,0,1455,1455
3555001,3560000,5,L10-4,2,0,0,0,2649,2649
3560001,3565000,10,L10-4,2,0,0,0,4602,4602
3565001,3570000,13,L10-4,2,0,0,0,4717,4717
3570001,3575000,3,L10-4,2,0,0,0,2758,2758
3575001,3580000,3,L10-4,2,0,0,0,1121,1121
3585001,3590000,0,L10-4,2,1,0,0,0,860
3590001,3595000,0,L10-4,2,1,0,0,0,2233
3600001,3605000,0,L10-4,2,0,1,1,0,0
3615001,3620000,1,L10-4,2,0,0,0,1004,1004
3630001,3635000,1,L10-4,2,0,0,0,2134,2134
3675001,3680000,1,L10-4,2,0,0,0,1103,1103
3700001,3705000,4,L10-4,2,0,0,0,3942,3942
3705001,3710000,1,L10-4,2,0,0,0,123,123
3725001,3730000,0,L10-4,2,1,1,0,0,4241
3730001,3735000,0,L10-4,2,1,0,0,0,1953
3790001,3795000,1,L10-4,2,0,0,0,794,794
3795001,3800000,2,L10-4,2,0,0,0,2186,2186
3845001,3850000,1,L10-4,2,0,0,0,1019,1019
3870001,3875000,2,L10-4,2,0,0,0,1756,1756
3875001,3880000,3,L10-4,2,0,0,0,1891,1891
3880001,3885000,1,L10-4,2,0,0,0,33,33
3885001,3890000,2,L10-4,2,0,0,0,2698,2698
3940001,3945000,2,L10-4,2,0,0,0,2657,2657
3945001,3950000,5,L10-4,2,0,0,0,4148,4148
3950001,3955000,1,L10-4,2,0,0,0,257,257
3965001,3970000,0,L10-4,2,1,0,0,0,3092
3975001,3980000,1,L10-4,2,0,0,0,1698,1698
3980001,3985000,2,L10-4,2,0,0,0,1501,1501
20001,25000,1,L11-1,1,0,0,0,75,75
40001,45000,1,L11-1,1,0,0,0,1259,1259
55001,60000,3,L11-1,1,0,0,0,228,228
60001,65000,2,L11-1,1,0,0,0,1645,1645
65001,70000,1,L11-1,1,0,0,0,34,34
75001,80000,0,L11-1,1,1,0,0,0,3093
110001,115000,1,L11-1,1,0,0,0,545,545
120001,125000,1,L11-1,1,0,0,0,665,665
125001,130000,2,L11-1,1,0,0,0,2717,2717
160001,165000,0,L11-1,1,1,0,0,0,791
165001,170000,0,L11-1,1,1,0,0,0,2302
190001,195000,0,L11-1,1,0,1,1,0,0
200001,205000,2,L11-1,1,0,0,0,1977,1977
205001,210000,1,L11-1,1,0,0,0,1182,1182
240001,245000,1,L11-1,1,0,0,0,192,192
245001,250000,1,L11-1,1,0,0,0,665,665
250001,255000,4,L11-1,1,0,0,0,3019,3019
255001,260000,5,L11-1,1,0,0,0,1555,1555
260001,265000,3,L11-1,1,0,0,0,4602,4602
265001,270000,1,L11-1,1,0,0,0,3957,3957
330001,335000,2,L11-1,1,0,0,0,2447,2447
335001,340000,2,L11-1,1,0,0,0,1455,1455
340001,345000,1,L11-1,1,0,0,0,1305,1305
345001,350000,1,L11-1,1,0,0,0,110,110
350001,355000,1,L11-1,1,0,0,0,536,536
385001,390000,0,L11-1,1,1,0,0,0,2744
390001,395000,0,L11-1,1,1,0,0,0,348
450001,455000,2,L11-1,1,0,0,0,1895,1895
455001,460000,2,L11-1,1,0,0,0,610,610
470001,475000,3,L11-1,1,0,0,0,2565,2565
475001,480000,1,L11-1,1,0,0,0,461,461
505001,510000,1,L11-1,1,0,0,0,227,227
530001,535000,1,L11-1,1,0,0,0,530,530
560001,565000,1,L11-1,1,0,0,0,1630,1630
565001,570000,3,L11-1,1,0,0,0,2619,2619
570001,575000,1,L11-1,1,0,0,0,787,787
585001,590000,2,L11-1,1,0,0,0,1276,1276
645001,650000,3,L11-1,1,0,0,0,4247,4247
650001,655000,3,L11-1,1,0,0,0,1773,1773
670001,675000,1,L11-1,1,0,0,0,479,479
675001,680000,1,L11-1,1,0,0,0,927,927
680001,685000,1,L11-1,1,0,0,0,1427,1427
715001,720000,4,L11-1,1,0,0,0,4599,4599
720001,725000,5,L11-1,1,0,0,0,4997,4997
725001,730000,5,L11-1,1,0,0,0,3967,3967
730001,735000,4,L11-1,1,0,0,0,4607,4607
735001,740000,2,L11-1,1,0,0,0,1084,1084
765001,770000,1,L11-1,1,0,0,0,662,662
780001,785000,1,L11-1,1,0,0,0,479,479
790001,795000,1,L11-1,1,0,0,0,1280,1280
795001,800000,1,L11-1,1,0,0,0,344,344
800001,805000,1,L11-1,1,0,0,0,824,824
805001,810000,3,L11-1,1,0,0,0,2091,2091
810001,815000,6,L11-1,1,0,0,0,4272,4272
815001,820000,4,L11-1,1,0,0,0,4346,4346
820001,825000,5,L11-1,1,0,0,0,4261,4261
825001,830000,2,L11-1,1,0,0,0,3136,3136
830001,835000,1,L11-1,1,0,0,0,1298,1298
835001,840000,1,L11-1,1,0,0,0,1718,1718
935001,940000,1,L11-1,1,0,0,0,974,974
965001,970000,2,L11-1,1,0,0,0,2818,2818
970001,975000,4,L11-1,1,0,0,0,2970,2970
975001,980000,2,L11-1,1,0,0,0,2760,2760
995001,1000000,0,L11-1,1,0,1,1,0,0
1010001,1015000,1,L11-1,1,0,0,0,113,113
1025001,1030000,1,L11-1,1,0,0,0,462,462
1030001,1035000,2,L11-1,1,0,0,0,1847,1847
1035001,1040000,2,L11-1,1,0,0,0,1229,1229
1080001,1085000,2,L11-1,1,0,0,0,952,952
1085001,1090000,2,L11-1,1,0,0,0,2023,2023
1090001,1095000,1,L11-1,1,0,0,0,76,76
1165001,1170000,2,L11-1,1,0,0,0,1565,1565
1170001,1175000,4,L11-1,1,0,0,0,3285,3285
1175001,1180000,2,L11-1,1,0,0,0,2998,2998
1190001,1195000,1,L11-1,1,0,0,0,1537,1537
1195001,1200000,1,L11-1,1,0,0,0,84,84
1205001,1210000,1,L11-1,1,0,0,0,1664,1664
1210001,1215000,1,L11-1,1,0,0,0,530,530
1280001,1285000,0,L11-1,1,1,0,0,0,3094
1420001,1425000,1,L11-1,1,0,0,0,218,218
1425001,1430000,0,L11-1,1,1,0,0,0,2269
1430001,1435000,1,L11-1,1,1,0,0,1998,2823
1435001,1440000,3,L11-1,1,0,0,0,3399,3399
1440001,1445000,1,L11-1,1,0,0,0,500,500
1460001,1465000,1,L11-1,1,0,0,0,1672,1672
1465001,1470000,2,L11-1,1,0,0,0,2731,2731
1470001,1475000,2,L11-1,1,0,0,0,1647,1647
1475001,1480000,3,L11-1,1,0,0,0,4992,4992
1480001,1485000,1,L11-1,1,0,0,0,566,566
1485001,1490000,1,L11-1,1,0,0,0,1401,1401
1515001,1520000,1,L11-1,1,0,0,0,518,518
1530001,1535000,1,L11-1,1,0,0,0,87,87
1605001,1610000,2,L11-1,1,0,0,0,1916,1916
1610001,1615000,2,L11-1,1,0,1,1,3125,3125
1615001,1620000,2,L11-1,1,0,0,0,1663,1663
1620001,1625000,3,L11-1,1,0,0,0,1675,1675
1625001,1630000,1,L11-1,1,0,0,0,205,205
1640001,1645000,1,L11-1,1,0,0,0,1132,1132
1645001,1650000,3,L11-1,1,0,0,0,2005,2005
1660001,1665000,1,L11-1,1,0,0,0,1105,1105
1700001,1705000,3,L11-1,1,0,0,0,1995,1995
1705001,1710000,5,L11-1,1,0,0,0,4179,4179
1710001,1715000,1,L11-1,1,0,0,0,854,854
1770001,1775000,1,L11-1,1,0,0,0,2597,2597
1775001,1780000,1,L11-1,1,0,0,0,107,107
1780001,1785000,1,L11-1,1,0,0,0,484,484
1790001,1795000,1,L11-1,1,0,0,0,792,792
1860001,1865000,0,L11-1,1,1,0,0,0,3092
2035001,2040000,1,L11-1,1,0,0,0,1276,1276
2060001,2065000,1,L11-1,1,0,0,0,430,430
2065001,2070000,1,L11-1,1,0,0,0,212,212
2115001,2120000,2,L11-1,1,0,0,0,2449,2449
2120001,2125000,4,L11-1,1,0,0,0,3750,3750
2130001,2135000,0,L11-1,1,1,0,0,0,3096
2145001,2150000,1,L11-1,1,0,0,0,828,828
2180001,2185000,0,L11-1,1,1,0,0,0,3091
2190001,2195000,1,L11-1,1,0,0,0,995,995
2215001,2220000,1,L11-1,1,0,0,0,695,695
2275001,2280000,1,L11-1,1,0,0,0,1772,1772
2285001,2290000,1,L11-1,1,0,0,0,1734,1734
2300001,2305000,3,L11-1,1,0,0,0,707,707
2415001,2420000,1,L11-1,1,0,0,0,2033,2033
2450001,2455000,0,L11-1,1,1,0,0,0,613
2455001,2460000,0,L11-1,1,1,0,0,0,2483
2465001,2470000,1,L11-1,1,0,0,0,669,669
2505001,2510000,1,L11-1,1,0,0,0,1760,1760
2510001,2515000,1,L11-1,1,0,0,0,0,0
2555001,2560000,1,L11-1,1,0,0,0,2627,2627
2560001,2565000,1,L11-1,1,0,0,0,53,53
2565001,2570000,2,L11-1,1,0,0,0,3361,3361
2650001,2655000,2,L11-1,1,0,0,0,2182,2182
2660001,2665000,1,L11-1,1,0,0,0,1220,1220
2720001,2725000,1,L11-1,1,0,0,0,1415,1415
2730001,2735000,2,L11-1,1,0,0,0,3000,3000
2785001,2790000,1,L11-1,1,0,0,0,1128,1128
2790001,2795000,1,L11-1,1,0,0,0,762,762
2795001,2800000,1,L11-1,1,0,0,0,116,116
2810001,2815000,1,L11-1,1,0,0,0,746,746
2830001,2835000,2,L11-1,1,0,0,0,1824,1824
2835001,2840000,2,L11-1,1,0,0,0,2041,2041
2855001,2860000,1,L11-1,1,0,0,0,804,804
2895001,2900000,1,L11-1,1,1,0,0,380,3474
2900001,2905000,2,L11-1,1,0,0,0,1880,1880
2920001,2925000,1,L11-1,1,0,0,0,1354,1354
2930001,2935000,1,L11-1,1,0,0,0,738,738
2940001,2945000,4,L11-1,1,0,0,0,2107,2107
2945001,2950000,3,L11-1,1,0,0,0,2085,2085
2980001,2985000,3,L11-1,1,0,0,0,2912,2912
3030001,3035000,3,L11-1,1,0,0,0,1499,1499
3065001,3070000,2,L11-1,1,0,0,0,1521,1521
3070001,3075000,1,L11-1,1,0,0,0,1415,1415
3125001,3130000,1,L11-1,1,0,0,0,876,876
3190001,3195000,1,L11-1,1,0,0,0,1098,1098
3225001,3230000,2,L11-1,1,0,0,0,1732,1732
3230001,3235000,1,L11-1,1,0,0,0,511,511
3240001,3245000,1,L11-1,1,0,0,0,403,403
3245001,3250000,1,L11-1,1,0,0,0,751,751
3250001,3255000,1,L11-1,1,0,0,0,416,416
3290001,3295000,1,L11-1,1,0,0,0,737,737
3295001,3300000,1,L11-1,1,0,0,0,2258,2258
3300001,3305000,1,L11-1,1,0,0,0,10,10
3305001,3310000,1,L11-1,1,0,0,0,1882,1882
3315001,3320000,1,L11-1,1,0,0,0,653,653
3325001,3330000,2,L11-1,1,0,0,0,1606,1606
3330001,3335000,1,L11-1,1,0,0,0,902,902
3335001,3340000,3,L11-1,1,0,0,0,3697,3697
3390001,3395000,1,L11-1,1,0,0,0,208,208
3395001,3400000,1,L11-1,1,0,0,0,167,167
3435001,3440000,1,L11-1,1,0,0,0,2086,2086
3440001,3445000,2,L11-1,1,0,0,0,2075,2075
3445001,3450000,3,L11-1,1,0,0,0,1846,1846
3450001,3455000,1,L11-1,1,0,0,0,1511,1511
3455001,3460000,5,L11-1,1,0,0,0,2901,2901
3460001,3465000,1,L11-1,1,0,0,0,1070,1070
3465001,3470000,4,L11-1,1,0,0,0,2388,2388
3495001,3500000,2,L11-1,1,0,0,0,820,820
3500001,3505000,1,L11-1,1,0,0,0,1067,1067
3515001,3520000,3,L11-1,1,0,0,0,2453,2453
3520001,3525000,3,L11-1,1,0,0,0,651,651
3525001,3530000,2,L11-1,1,0,0,0,1350,1350
3545001,3550000,1,L11-1,1,0,0,0,59,59
3550001,3555000,3,L11-1,1,0,1,1,1969,1969
3555001,3560000,2,L11-1,1,0,0,0,1245,1245
3560001,3565000,10,L11-1,1,0,0,0,4587,4587
3565001,3570000,13,L11-1,1,0,0,0,4683,4683
3570001,3575000,6,L11-1,1,0,0,0,2734,2734
3575001,3580000,3,L11-1,1,0,0,0,2601,2601
3615001,3620000,1,L11-1,1,0,0,0,1004,1004
3625001,3630000,1,L11-1,1,0,0,0,355,355
3630001,3635000,1,L11-1,1,0,0,0,1779,1779
3660001,3665000,0,L11-1,1,1,0,0,0,3095
3680001,3685000,1,L11-1,1,0,0,0,1102,1102
3700001,3705000,3,L11-1,1,0,0,0,2461,2461
3705001,3710000,2,L11-1,1,0,0,0,1603,1603
3745001,3750000,0,L11-1,1,0,1,1,0,0
3810001,3815000,1,L11-1,1,0,0,0,866,866
3815001,3820000,2,L11-1,1,0,0,0,2113,2113
3865001,3870000,1,L11-1,1,0,0,0,1020,1020
3890001,3895000,2,L11-1,1,0,0,0,1758,1758
3895001,3900000,3,L11-1,1,0,0,0,1890,1890
3900001,3905000,1,L11-1,1,0,0,0,66,66
3905001,3910000,2,L11-1,1,0,0,0,2665,2665
3915001,3920000,0,L11-1,1,1,0,0,0,502
3920001,3925000,0,L11-1,1,1,0,0,0,2592
3955001,3960000,2,L11-1,1,0,0,0,2676,2676
3960001,3965000,5,L11-1,1,0,0,0,4147,4147
3965001,3970000,1,L11-1,1,0,0,0,240,240
3990001,3995000,2,L11-1,1,0,0,0,3198,3198
20001,25000,1,L11-1,2,0,0,0,75,75
40001,45000,1,L11-1,2,0,0,0,1259,1259
55001,60000,3,L11-1,2,0,0,0,228,228
60001,65000,2,L11-1,2,0,0,0,1658,1658
65001,70000,1,L11-1,2,0,0,0,20,20
75001,80000,0,L11-1,2,1,0,0,0,3094
110001,115000,1,L11-1,2,0,0,0,545,545
120001,125000,1,L11-1,2,0,0,0,677,677
125001,130000,2,L11-1,2,0,0,0,2705,2705
160001,165000,0,L11-1,2,1,0,0,0,806
165001,170000,0,L11-1,2,1,1,0,0,2288
190001,195000,0,L11-1,2,1,0,0,0,2142
195001,200000,0,L11-1,2,1,0,0,0,951
200001,205000,1,L11-1,2,0,0,0,158,158
205001,210000,2,L11-1,2,0,0,0,2999,2999
245001,250000,1,L11-1,2,0,0,0,857,857
250001,255000,1,L11-1,2,0,0,0,481,481
255001,260000,6,L11-1,2,0,0,0,2788,2788
260001,265000,5,L11-1,2,0,0,0,2903,2903
265001,270000,2,L11-1,2,0,0,0,4923,4923
270001,275000,1,L11-1,2,0,0,0,2035,2035
335001,340000,3,L11-1,2,0,0,0,3718,3718
340001,345000,1,L11-1,2,0,0,0,185,185
345001,350000,1,L11-1,2,0,0,0,1415,1415
355001,360000,1,L11-1,2,0,0,0,536,536
390001,395000,0,L11-1,2,1,0,0,0,3094
455001,460000,2,L11-1,2,0,0,0,1939,1939
460001,465000,1,L11-1,2,0,0,0,566,566
470001,475000,1,L11-1,2,0,0,0,155,155
475001,480000,3,L11-1,2,0,0,0,2410,2410
480001,485000,1,L11-1,2,0,0,0,461,461
510001,515000,1,L11-1,2,0,0,0,227,227
530001,535000,1,L11-1,2,0,0,0,426,426
535001,540000,1,L11-1,2,0,0,0,104,104
565001,570000,1,L11-1,2,0,0,0,2855,2855
570001,575000,2,L11-1,2,0,0,0,2182,2182
590001,595000,2,L11-1,2,0,0,0,1276,1276
645001,650000,2,L11-1,2,0,0,0,1190,1190
650001,655000,3,L11-1,2,0,0,0,4011,4011
655001,660000,1,L11-1,2,0,0,0,820,820
675001,680000,1,L11-1,2,0,0,0,479,479
680001,685000,1,L11-1,2,0,0,0,2354,2354
715001,720000,2,L11-1,2,0,0,0,1594,1594
720001,725000,5,L11-1,2,0,0,0,4997,4997
725001,730000,4,L11-1,2,0,0,0,4544,4544
730001,735000,4,L11-1,2,0,0,0,4157,4157
735001,740000,3,L11-1,2,0,0,0,3260,3260
740001,745000,1,L11-1,2,0,0,0,577,577
765001,770000,1,L11-1,2,0,0,0,634,634
770001,775000,1,L11-1,2,0,0,0,28,28
780001,785000,1,L11-1,2,0,0,0,389,389
785001,790000,1,L11-1,2,0,0,0,90,90
795001,800000,2,L11-1,2,0,0,0,1624,1624
805001,810000,1,L11-1,2,0,0,0,824,824
810001,815000,6,L11-1,2,0,0,0,3688,3688
815001,820000,5,L11-1,2,0,0,0,4759,4759
820001,825000,5,L11-1,2,0,0,0,4280,4280
825001,830000,2,L11-1,2,0,0,0,4370,4370
830001,835000,3,L11-1,2,0,0,0,2236,2236
835001,840000,2,L11-1,2,0,0,0,1573,1573
840001,845000,1,L11-1,2,0,0,0,216,216
935001,940000,1,L11-1,2,0,0,0,974,974
965001,970000,2,L11-1,2,0,0,0,2022,2022
970001,975000,3,L11-1,2,0,0,0,1932,1932
975001,980000,4,L11-1,2,0,0,0,3199,3199
980001,985000,2,L11-1,2,0,0,0,1395,1395
1000001,1005000,0,L11-1,2,1,0,0,0,3085
1015001,1020000,1,L11-1,2,0,0,0,113,113
1035001,1040000,1,L11-1,2,0,0,0,1931,1931
1040001,1045000,2,L11-1,2,0,0,0,1606,1606
1085001,1090000,1,L11-1,2,0,0,0,660,660
1090001,1095000,3,L11-1,2,0,0,0,2313,2313
1100001,1105000,1,L11-1,2,0,0,0,76,76
1170001,1175000,1,L11-1,2,0,0,0,618,618
1175001,1180000,4,L11-1,2,0,0,0,3281,3281
1180001,1185000,3,L11-1,2,0,0,0,3949,3949
1195001,1200000,1,L11-1,2,0,0,0,1538,1538
1200001,1205000,1,L11-1,2,0,0,0,41,41
1205001,1210000,1,L11-1,2,0,0,0,43,43
1210001,1215000,1,L11-1,2,0,0,0,912,912
1215001,1220000,2,L11-1,2,0,0,0,1282,1282
1225001,1230000,0,L11-1,2,0,1,0,0,0
1245001,1250000,0,L11-1,2,0,1,0,0,0
1285001,1290000,0,L11-1,2,1,0,0,0,2968
1290001,1295000,0,L11-1,2,1,0,0,0,125
1425001,1430000,1,L11-1,2,0,0,0,218,218
1430001,1435000,0,L11-1,2,1,0,0,0,1323
1435001,1440000,1,L11-1,2,1,0,0,1051,2822
1440001,1445000,2,L11-1,2,0,0,0,3552,3552
1445001,1450000,1,L11-1,2,0,0,0,1292,1292
1465001,1470000,1,L11-1,2,0,0,0,1673,1673
1470001,1475000,2,L11-1,2,0,0,0,2654,2654
1475001,1480000,2,L11-1,2,0,0,0,823,823
1480001,1485000,3,L11-1,2,0,0,0,4948,4948
1485001,1490000,1,L11-1,2,0,0,0,1511,1511
1490001,1495000,1,L11-1,2,0,0,0,1400,1400
1520001,1525000,1,L11-1,2,0,0,0,518,518
1535001,1540000,1,L11-1,2,0,0,0,87,87
1610001,1615000,1,L11-1,2,0,0,0,1213,1213
1615001,1620000,3,L11-1,2,0,0,0,3827,3827
1620001,1625000,0,L11-1,2,1,0,0,0,3092
1625001,1630000,3,L11-1,2,0,0,0,1899,1899
1630001,1635000,2,L11-1,2,0,0,0,1642,1642
1650001,1655000,3,L11-1,2,0,0,0,2117,2117
1655001,1660000,1,L11-1,2,0,0,0,1020,1020
1670001,1675000,1,L11-1,2,0,0,0,1106,1106
1705001,1710000,1,L11-1,2,0,0,0,561,561
1710001,1715000,4,L11-1,2,0,0,0,2434,2434
1715001,1720000,5,L11-1,2,0,0,0,3506,3506
1720001,1725000,1,L11-1,2,0,0,0,529,529
1780001,1785000,1,L11-1,2,0,0,0,2597,2597
1785001,1790000,1,L11-1,2,0,0,0,590,590
1800001,1805000,1,L11-1,2,0,0,0,788,788
1870001,1875000,0,L11-1,2,1,0,0,0,3093
2045001,2050000,1,L11-1,2,0,0,0,1274,1274
2070001,2075000,1,L11-1,2,0,0,0,641,641
2125001,2130000,2,L11-1,2,0,0,0,3370,3370
2130001,2135000,3,L11-1,2,0,0,0,2826,2826
2135001,2140000,0,L11-1,2,1,0,0,0,1091
2140001,2145000,0,L11-1,2,1,0,0,0,2002
2155001,2160000,1,L11-1,2,0,0,0,827,827
2190001,2195000,0,L11-1,2,1,0,0,0,3094
2195001,2200000,1,L11-1,2,0,0,0,267,267
2200001,2205000,1,L11-1,2,0,0,0,728,728
2225001,2230000,1,L11-1,2,0,0,0,695,695
2280001,2285000,1,L11-1,2,0,0,0,728,728
2285001,2290000,1,L11-1,2,0,0,0,1044,1044
2295001,2300000,1,L11-1,2,0,0,0,1733,1733
2310001,2315000,3,L11-1,2,0,0,0,707,707
2420001,2425000,1,L11-1,2,0,0,0,1183,1183
2425001,2430000,1,L11-1,2,0,0,0,850,850
2460001,2465000,0,L11-1,2,1,0,0,0,1868
2465001,2470000,0,L11-1,2,1,0,0,0,1225
2475001,2480000,1,L11-1,2,0,0,0,668,668
2515001,2520000,1,L11-1,2,0,0,0,1760,1760
2565001,2570000,1,L11-1,2,0,0,0,2627,2627
2570001,2575000,1,L11-1,2,0,0,0,1316,1316
2575001,2580000,2,L11-1,2,0,0,0,2099,2099
2660001,2665000,2,L11-1,2,0,0,0,2182,2182
2665001,2670000,1,L11-1,2,0,0,0,798,798
2670001,2675000,1,L11-1,2,0,0,0,422,422
2730001,2735000,1,L11-1,2,0,0,0,1415,1415
2735001,2740000,1,L11-1,2,0,0,0,981,981
2740001,2745000,2,L11-1,2,0,0,0,2020,2020
2795001,2800000,1,L11-1,2,0,0,0,1127,1127
2800001,2805000,1,L11-1,2,0,0,0,878,878
2820001,2825000,1,L11-1,2,0,0,0,746,746
2835001,2840000,1,L11-1,2,0,0,0,53,53
2840001,2845000,3,L11-1,2,0,0,0,2944,2944
2845001,2850000,1,L11-1,2,0,0,0,867,867
2865001,2870000,1,L11-1,2,0,0,0,803,803
2900001,2905000,0,L11-1,2,1,0,0,0,1047
2905001,2910000,2,L11-1,2,1,0,0,1285,3332
2910001,2915000,1,L11-1,2,0,0,0,974,974
2925001,2930000,1,L11-1,2,0,0,0,800,800
2930001,2935000,1,L11-1,2,0,0,0,555,555
2940001,2945000,1,L11-1,2,0,0,0,737,737
2950001,2955000,4,L11-1,2,0,0,0,2723,2723
2955001,2960000,2,L11-1,2,0,0,0,1471,1471
2960001,2965000,0,L11-1,2,0,1,1,0,0
2985001,2990000,1,L11-1,2,0,0,0,67,67
2990001,2995000,3,L11-1,2,0,0,0,2840,2840
3040001,3045000,3,L11-1,2,0,0,0,1500,1500
3075001,3080000,2,L11-1,2,0,0,0,2897,2897
3080001,3085000,1,L11-1,2,0,0,0,38,38
3135001,3140000,1,L11-1,2,0,0,0,875,875
3200001,3205000,1,L11-1,2,0,0,0,1098,1098
3235001,3240000,2,L11-1,2,0,0,0,2242,2242
3250001,3255000,1,L11-1,2,0,0,0,1154,1154
3255001,3260000,1,L11-1,2,0,0,0,416,416
3300001,3305000,2,L11-1,2,0,0,0,1947,1947
3305001,3310000,1,L11-1,2,0,0,0,1048,1048
3310001,3315000,1,L11-1,2,0,0,0,1421,1421
3315001,3320000,1,L11-1,2,0,0,0,471,471
3320001,3325000,1,L11-1,2,0,0,0,653,653
3335001,3340000,2,L11-1,2,0,0,0,1606,1606
3340001,3345000,2,L11-1,2,0,0,0,1748,1748
3345001,3350000,2,L11-1,2,0,0,0,2851,2851
3400001,3405000,1,L11-1,2,0,0,0,375,375
3415001,3420000,0,L11-1,2,0,1,1,0,0
3445001,3450000,2,L11-1,2,0,0,0,3476,3476
3450001,3455000,1,L11-1,2,0,0,0,683,683
3455001,3460000,3,L11-1,2,0,0,0,3265,3265
3460001,3465000,2,L11-1,2,0,0,0,1264,1264
3465001,3470000,4,L11-1,2,0,0,0,2798,2798
3475001,3480000,4,L11-1,2,0,0,0,2389,2389
3505001,3510000,3,L11-1,2,0,0,0,946,946
3510001,3515000,1,L11-1,2,0,0,0,941,941
3525001,3530000,3,L11-1,2,0,0,0,2634,2634
3530001,3535000,2,L11-1,2,0,0,0,1819,1819
3555001,3560000,1,L11-1,2,1,0,0,572,881
3560001,3565000,2,L11-1,2,1,0,0,522,3306
3565001,3570000,1,L11-1,2,0,0,0,934,934
3570001,3575000,7,L11-1,2,0,0,0,4190,4190
3575001,3580000,14,L11-1,2,0,0,0,4701,4701
3580001,3585000,8,L11-1,2,0,0,0,3931,3931
3585001,3590000,3,L11-1,2,0,0,0,3027,3027
3625001,3630000,1,L11-1,2,0,0,0,1004,1004
3640001,3645000,1,L11-1,2,0,0,0,2135,2135
3670001,3675000,0,L11-1,2,1,0,0,0,1542
3675001,3680000,0,L11-1,2,1,0,0,0,1552
3680001,3685000,0,L11-1,2,0,1,0,0,0
3690001,3695000,1,L11-1,2,0,0,0,1103,1103
3710001,3715000,1,L11-1,2,0,0,0,854,854
3715001,3720000,3,L11-1,2,0,0,0,3211,3211
3760001,3765000,0,L11-1,2,1,1,0,0,3093
3825001,3830000,1,L11-1,2,0,0,0,1085,1085
3830001,3835000,2,L11-1,2,0,0,0,1895,1895
3880001,3885000,1,L11-1,2,0,0,0,1019,1019
3905001,3910000,3,L11-1,2,0,0,0,1985,1985
3910001,3915000,3,L11-1,2,0,0,0,1662,1662
3915001,3920000,1,L11-1,2,0,0,0,323,323
3920001,3925000,2,L11-1,2,0,0,0,2408,2408
3930001,3935000,0,L11-1,2,1,0,0,0,760
3935001,3940000,0,L11-1,2,1,0,0,0,2334
3970001,3975000,2,L11-1,2,0,0,0,2929,2929
3975001,3980000,5,L11-1,2,0,0,0,4133,4133
3980001,3985000,1,L11-1,2,0,0,0,0,0
20001,25000,1,L11-2,1,0,0,0,75,75
40001,45000,1,L11-2,1,0,1,1,1259,1259
55001,60000,3,L11-2,1,0,0,0,228,228
60001,65000,2,L11-2,1,0,0,0,1645,1645
65001,70000,1,L11-2,1,0,0,0,34,34
75001,80000,0,L11-2,1,1,0,0,0,3093
110001,115000,1,L11-2,1,0,0,0,545,545
120001,125000,1,L11-2,1,0,0,0,665,665
125001,130000,2,L11-2,1,0,0,0,2717,2717
160001,165000,0,L11-2,1,1,0,0,0,791
165001,170000,0,L11-2,1,1,0,0,0,2302
200001,205000,2,L11-2,1,0,0,0,1977,1977
205001,210000,1,L11-2,1,0,0,0,1182,1182
240001,245000,1,L11-2,1,0,0,0,192,192
245001,250000,1,L11-2,1,0,0,0,665,665
250001,255000,4,L11-2,1,0,0,0,3019,3019
255001,260000,5,L11-2,1,0,0,0,1555,1555
260001,265000,3,L11-2,1,0,0,0,4602,4602
265001,270000,1,L11-2,1,0,0,0,3957,3957
330001,335000,2,L11-2,1,0,0,0,2447,2447
335001,340000,2,L11-2,1,0,0,0,1455,1455
340001,345000,1,L11-2,1,0,0,0,1305,1305
345001,350000,1,L11-2,1,0,0,0,110,110
350001,355000,1,L11-2,1,0,0,0,536,536
385001,390000,0,L11-2,1,1,0,0,0,2744
390001,395000,0,L11-2,1,1,0,0,0,348
450001,455000,2,L11-2,1,0,0,0,1895,1895
455001,460000,2,L11-2,1,0,0,0,610,610
470001,475000,3,L11-2,1,0,0,0,2565,2565
475001,480000,1,L11-2,1,0,0,0,461,461
505001,510000,1,L11-2,1,0,0,0,227,227
530001,535000,1,L11-2,1,0,0,0,530,530
560001,565000,1,L11-2,1,0,0,0,1630,1630
565001,570000,3,L11-2,1,0,0,0,2619,2619
570001,575000,1,L11-2,1,0,0,0,787,787
585001,590000,2,L11-2,1,0,0,0,1276,1276
645001,650000,3,L11-2,1,0,0,0,4247,4247
650001,655000,3,L11-2,1,0,0,0,1773,1773
670001,675000,1,L11-2,1,0,0,0,479,479
675001,680000,1,L11-2,1,0,0,0,927,927
680001,685000,1,L11-2,1,0,0,0,1427,1427
715001,720000,4,L11-2,1,0,0,0,4599,4599
720001,725000,5,L11-2,1,0,0,0,4997,4997
725001,730000,5,L11-2,1,0,0,0,3967,3967
730001,735000,4,L11-2,1,0,0,0,4607,4607
735001,740000,2,L11-2,1,0,0,0,1084,1084
765001,770000,1,L11-2,1,0,0,0,662,662
780001,785000,1,L11-2,1,0,0,0,479,479
790001,795000,1,L11-2,1,0,0,0,1280,1280
795001,800000,1,L11-2,1,0,0,0,344,344
800001,805000,1,L11-2,1,0,0,0,824,824
805001,810000,3,L11-2,1,0,0,0,2091,2091
810001,815000,6,L11-2,1,0,0,0,4272,4272
815001,820000,4,L11-2,1,0,0,0,4346,4346
820001,825000,5,L11-2,1,0,0,0,4261,4261
825001,830000,2,L11-2,1,0,0,0,3136,3136
830001,835000,1,L11-2,1,0,0,0,1298,1298
835001,840000,1,L11-2,1,0,0,0,1718,1718
935001,940000,1,L11-2,1,0,0,0,974,974
965001,970000,2,L11-2,1,0,0,0,2818,2818
970001,975000,4,L11-2,1,0,0,0,2970,2970
975001,980000,2,L11-2,1,0,0,0,2760,2760
1010001,1015000,1,L11-2,1,0,0,0,113,113
1025001,1030000,1,L11-2,1,0,0,0,462,462
1030001,1035000,2,L11-2,1,0,0,0,1847,1847
1035001,1040000,2,L11-2,1,0,0,0,1229,1229
1080001,1085000,2,L11-2,1,0,0,0,952,952
1085001,1090000,2,L11-2,1,0,0,0,2023,2023
1090001,1095000,1,L11-2,1,0,0,0,76,76
1165001,1170000,2,L11-2,1,0,0,0,1565,1565
1170001,1175000,4,L11-2,1,0,0,0,3285,3285
1175001,1180000,2,L11-2,1,0,0,0,2998,2998
1190001,1195000,1,L11-2,1,0,0,0,1537,1537
1195001,1200000,1,L11-2,1,0,0,0,84,84
1205001,1210000,1,L11-2,1,0,0,0,1664,1664
1210001,1215000,1,L11-2,1,0,0,0,530,530
1280001,1285000,0,L11-2,1,1,0,0,0,3094
1295001,1300000,0,L11-2,1,0,1,1,0,0
1420001,1425000,1,L11-2,1,0,0,0,218,218
1425001,1430000,0,L11-2,1,1,0,0,0,2269
1430001,1435000,1,L11-2,1,1,0,0,1998,2823
1435001,1440000,3,L11-2,1,0,0,0,3399,3399
1440001,1445000,1,L11-2,1,0,0,0,500,500
1460001,1465000,1,L11-2,1,0,0,0,1672,1672
1465001,1470000,2,L11-2,1,0,0,0,2731,2731
1470001,1475000,2,L11-2,1,0,0,0,1647,1647
1475001,1480000,3,L11-2,1,0,0,0,4992,4992
1480001,1485000,1,L11-2,1,0,0,0,566,566
1485001,1490000,1,L11-2,1,0,0,0,1401,1401
1515001,1520000,1,L11-2,1,0,0,0,518,518
1530001,1535000,1,L11-2,1,0,0,0,87,87
1605001,1610000,2,L11-2,1,0,0,0,1916,1916
1610001,1615000,2,L11-2,1,0,0,0,3125,3125
1615001,1620000,2,L11-2,1,0,0,0,1663,1663
1620001,1625000,3,L11-2,1,0,0,0,1675,1675
1625001,1630000,1,L11-2,1,0,0,0,205,205
1640001,1645000,1,L11-2,1,0,0,0,1132,1132
1645001,1650000,3,L11-2,1,0,0,0,2005,2005
1660001,1665000,1,L11-2,1,0,0,0,1105,1105
1695001,1700000,0,L11-2,1,0,1,0,0,0
1700001,1705000,3,L11-2,1,0,0,0,1995,1995
1705001,1710000,5,L11-2,1,0,0,0,4179,4179
1710001,1715000,1,L11-2,1,0,0,0,854,854
1715001,1720000,0,L11-2,1,0,1,1,0,0
1770001,1775000,1,L11-2,1,0,0,0,2597,2597
1775001,1780000,1,L11-2,1,0,0,0,107,107
1780001,1785000,1,L11-2,1,0,0,0,484,484
1790001,1795000,1,L11-2,1,0,0,0,792,792
1860001,1865000,0,L11-2,1,1,0,0,0,3092
2035001,2040000,1,L11-2,1,0,0,0,1276,1276
2060001,2065000,1,L11-2,1,0,0,0,430,430
2065001,2070000,1,L11-2,1,0,0,0,212,212
2090001,2095000,0,L11-2,1,0,1,1,0,0
2095001,2100000,0,L11-2,1,0,1,0,0,0
2115001,2120000,2,L11-2,1,0,0,0,2449,2449
2120001,2125000,4,L11-2,1,0,0,0,3750,3750
2130001,2135000,0,L11-2,1,1,0,0,0,3096
2145001,2150000,1,L11-2,1,0,0,0,828,828
2180001,2185000,0,L11-2,1,1,0,0,0,3091
2190001,2195000,1,L11-2,1,0,0,0,995,995
2215001,2220000,1,L11-2,1,0,0,0,695,695
2255001,2260000,0,L11-2,1,0,1,1,0,0
2275001,2280000,1,L11-2,1,0,0,0,1772,1772
2285001,2290000,1,L11-2,1,0,0,0,1734,1734
2300001,2305000,3,L11-2,1,0,0,0,707,707
2415001,2420000,1,L11-2,1,0,0,0,2033,2033
2450001,2455000,0,L11-2,1,1,0,0,0,613
2455001,2460000,0,L11-2,1,1,0,0,0,2483
2465001,2470000,1,L11-2,1,0,0,0,669,669
2505001,2510000,1,L11-2,1,0,0,0,1760,1760
2510001,2515000,1,L11-2,1,0,0,0,0,0
2555001,2560000,1,L11-2,1,0,0,0,2627,2627
2560001,2565000,1,L11-2,1,0,0,0,53,53
2565001,2570000,2,L11-2,1,0,0,0,3361,3361
2650001,2655000,2,L11-2,1,0,0,0,2182,2182
2660001,2665000,1,L11-2,1,0,0,0,1220,1220
2720001,2725000,1,L11-2,1,0,0,0,1415,1415
2730001,2735000,2,L11-2,1,0,0,0,3000,3000
2785001,2790000,1,L11-2,1,0,0,0,1128,1128
2790001,2795000,1,L11-2,1,0,0,0,762,762
2795001,2800000,1,L11-2,1,0,0,0,116,116
2810001,2815000,1,L11-2,1,0,0,0,746,746
2830001,2835000,2,L11-2,1,0,0,0,1824,1824
2835001,2840000,2,L11-2,1,0,0,0,2041,2041
2855001,2860000,1,L11-2,1,0,0,0,804,804
2895001,2900000,1,L11-2,1,1,0,0,380,3474
2900001,2905000,2,L11-2,1,0,0,0,1880,1880
2920001,2925000,1,L11-2,1,0,0,0,1354,1354
2930001,2935000,1,L11-2,1,0,0,0,738,738
2940001,2945000,4,L11-2,1,0,0,0,2107,2107
2945001,2950000,3,L11-2,1,0,0,0,2085,2085
2980001,2985000,3,L11-2,1,0,0,0,2912,2912
3030001,3035000,3,L11-2,1,0,0,0,1499,1499
3065001,3070000,2,L11-2,1,0,0,0,1521,1521
3070001,3075000,1,L11-2,1,0,0,0,1415,1415
3125001,3130000,1,L11-2,1,0,0,0,876,876
3190001,3195000,1,L11-2,1,0,0,0,1098,1098
3225001,3230000,2,L11-2,1,0,0,0,1732,1732
3230001,3235000,1,L11-2,1,0,0,0,511,511
3235001,3240000,0,L11-2,1,0,1,1,0,0
3240001,3245000,1,L11-2,1,0,0,0,403,403
3245001,3250000,1,L11-2,1,0,0,0,751,751
3250001,3255000,1,L11-2,1,0,0,0,416,416
3290001,3295000,1,L11-2,1,0,0,0,737,737
3295001,3300000,1,L11-2,1,0,0,0,2258,2258
3300001,3305000,1,L11-2,1,0,0,0,10,10
3305001,3310000,1,L11-2,1,0,0,0,1882,1882
3315001,3320000,1,L11-2,1,0,0,0,653,653
3325001,3330000,2,L11-2,1,0,0,0,1606,1606
3330001,3335000,1,L11-2,1,0,0,0,902,902
3335001,3340000,3,L11-2,1,0,0,0,3697,3697
3390001,3395000,1,L11-2,1,0,0,0,208,208
3395001,3400000,1,L11-2,1,0,0,0,167,167
3435001,3440000,1,L11-2,1,0,0,0,2086,2086
3440001,3445000,2,L11-2,1,0,0,0,2075,2075
3445001,3450000,3,L11-2,1,0,0,0,1846,1846
3450001,3455000,1,L11-2,1,0,0,0,1511,1511
3455001,3460000,5,L11-2,1,0,0,0,2901,2901
3460001,3465000,1,L11-2,1,0,0,0,1070,1070
3465001,3470000,4,L11-2,1,0,0,0,2388,2388
3495001,3500000,2,L11-2,1,0,0,0,820,820
3500001,3505000,1,L11-2,1,0,0,0,1067,1067
3515001,3520000,3,L11-2,1,0,0,0,2453,2453
3520001,3525000,3,L11-2,1,0,0,0,651,651
3525001,3530000,2,L11-2,1,0,0,0,1350,1350
3545001,3550000,1,L11-2,1,0,0,0,59,59
3550001,3555000,3,L11-2,1,0,0,0,1969,1969
3555001,3560000,2,L11-2,1,0,0,0,1245,1245
3560001,3565000,10,L11-2,1,0,0,0,4587,4587
3565001,3570000,13,L11-2,1,0,0,0,4683,4683
3570001,3575000,6,L11-2,1,0,0,0,2734,2734
3575001,3580000,3,L11-2,1,0,0,0,2601,2601
3615001,3620000,1,L11-2,1,0,0,0,1004,1004
3625001,3630000,1,L11-2,1,0,0,0,355,355
3630001,3635000,1,L11-2,1,0,0,0,1779,1779
3660001,3665000,0,L11-2,1,1,0,0,0,3095
3680001,3685000,1,L11-2,1,0,0,0,1102,1102
3700001,3705000,3,L11-2,1,0,0,0,2461,2461
3705001,3710000,2,L11-2,1,0,0,0,1603,1603
3810001,3815000,1,L11-2,1,0,0,0,866,866
3815001,3820000,2,L11-2,1,0,0,0,2113,2113
3865001,3870000,1,L11-2,1,0,0,0,1020,1020
3890001,3895000,2,L11-2,1,0,0,0,1758,1758
3895001,3900000,3,L11-2,1,0,0,0,1890,1890
3900001,3905000,1,L11-2,1,0,0,0,66,66
3905001,3910000,2,L11-2,1,0,0,0,2665,2665
3915001,3920000,0,L11-2,1,1,0,0,0,502
3920001,3925000,0,L11-2,1,1,0,0,0,2592
3955001,3960000,2,L11-2,1,0,0,0,2676,2676
3960001,3965000,5,L11-2,1,0,0,0,4147,4147
3965001,3970000,1,L11-2,1,0,0,0,240,240
3990001,3995000,2,L11-2,1,0,0,0,3198,3198
20001,25000,1,L11-2,2,0,0,0,75,75
40001,45000,1,L11-2,2,1,0,0,1259,3284
45001,50000,0,L11-2,2,1,0,0,0,1069
55001,60000,2,L11-2,2,0,0,0,152,152
60001,65000,1,L11-2,2,0,0,0,76,76
65001,70000,2,L11-2,2,0,0,0,1678,1678
75001,80000,0,L11-2,2,1,0,0,0,105
80001,85000,0,L11-2,2,1,0,0,0,2988
115001,120000,1,L11-2,2,0,0,0,545,545
125001,130000,1,L11-2,2,0,0,0,2578,2578
130001,135000,2,L11-2,2,0,0,0,804,804
165001,170000,0,L11-2,2,1,0,0,0,2711
170001,175000,0,L11-2,2,1,0,0,0,382
200001,205000,1,L11-2,2,0,0,0,166,166
205001,210000,2,L11-2,2,0,0,0,2991,2991
245001,250000,1,L11-2,2,0,0,0,857,857
250001,255000,1,L11-2,2,0,0,0,491,491
255001,260000,6,L11-2,2,0,0,0,2788,2788
260001,265000,5,L11-2,2,0,0,0,2903,2903
265001,270000,2,L11-2,2,0,0,0,4923,4923
270001,275000,1,L11-2,2,0,0,0,2025,2025
335001,340000,3,L11-2,2,0,0,0,3734,3734
340001,345000,1,L11-2,2,0,0,0,169,169
345001,350000,1,L11-2,2,0,0,0,1415,1415
355001,360000,1,L11-2,2,0,0,0,536,536
390001,395000,0,L11-2,2,1,0,0,0,3093
445001,450000,0,L11-2,2,0,1,1,0,0
455001,460000,2,L11-2,2,0,0,0,1939,1939
460001,465000,1,L11-2,2,0,0,0,566,566
470001,475000,1,L11-2,2,0,0,0,176,176
475001,480000,3,L11-2,2,0,0,0,2388,2388
480001,485000,1,L11-2,2,0,0,0,461,461
510001,515000,1,L11-2,2,0,0,0,227,227
530001,535000,1,L11-2,2,0,0,0,451,451
535001,540000,1,L11-2,2,0,0,0,79,79
565001,570000,1,L11-2,2,0,0,0,2855,2855
570001,575000,2,L11-2,2,0,0,0,2182,2182
590001,595000,2,L11-2,2,0,0,0,1276,1276
645001,650000,2,L11-2,2,0,0,0,1213,1213
650001,655000,3,L11-2,2,0,0,0,3988,3988
655001,660000,1,L11-2,2,0,0,0,821,821
675001,680000,1,L11-2,2,0,0,0,479,479
680001,685000,1,L11-2,2,0,0,0,2354,2354
715001,720000,2,L11-2,2,0,0,0,1623,1623
720001,725000,5,L11-2,2,0,0,0,4997,4997
725001,730000,4,L11-2,2,0,0,0,4515,4515
730001,735000,4,L11-2,2,0,0,0,4157,4157
735001,740000,3,L11-2,2,0,0,0,3289,3289
740001,745000,1,L11-2,2,0,0,0,548,548
765001,770000,1,L11-2,2,0,0,0,662,662
770001,775000,1,L11-2,2,0,0,0,0,0
780001,785000,1,L11-2,2,0,0,0,418,418
785001,790000,1,L11-2,2,0,0,0,61,61
790001,795000,1,L11-2,2,0,0,0,0,0
795001,800000,2,L11-2,2,0,0,0,1623,1623
805001,810000,1,L11-2,2,0,0,0,824,824
810001,815000,6,L11-2,2,0,0,0,3720,3720
815001,820000,5,L11-2,2,0,0,0,4759,4759
820001,825000,5,L11-2,2,0,0,0,4280,4280
825001,830000,2,L11-2,2,0,0,0,4370,4370
830001,835000,3,L11-2,2,0,0,0,2236,2236
835001,840000,2,L11-2,2,0,0,0,1573,1573
840001,845000,1,L11-2,2,0,0,0,184,184
935001,940000,1,L11-2,2,0,0,0,974,974
965001,970000,2,L11-2,2,0,0,0,2059,2059
970001,975000,3,L11-2,2,0,0,0,1934,1934
975001,980000,4,L11-2,2,0,0,0,3198,3198
980001,985000,2,L11-2,2,0,0,0,1357,1357
1015001,1020000,1,L11-2,2,0,0,0,113,113
1030001,1035000,1,L11-2,2,0,0,0,1929,1929
1035001,1040000,2,L11-2,2,0,0,0,1606,1606
1085001,1090000,3,L11-2,2,0,0,0,2242,2242
1090001,1095000,1,L11-2,2,0,0,0,729,729
1095001,1100000,1,L11-2,2,0,0,0,76,76
1170001,1175000,2,L11-2,2,0,0,0,3013,3013
1175001,1180000,4,L11-2,2,0,0,0,4005,4005
1180001,1185000,1,L11-2,2,0,0,0,830,830
1190001,1195000,1,L11-2,2,0,0,0,795,795
1195001,1200000,1,L11-2,2,0,0,0,743,743
1200001,1205000,1,L11-2,2,0,0,0,84,84
1210001,1215000,1,L11-2,2,0,0,0,1664,1664
1215001,1220000,1,L11-2,2,0,1,0,530,530
1280001,1285000,0,L11-2,2,1,0,0,0,1102
1285001,1290000,0,L11-2,2,1,0,0,0,1991
1300001,1305000,0,L11-2,2,1,1,0,0,3095
1425001,1430000,1,L11-2,2,0,0,0,218,218
1430001,1435000,0,L11-2,2,1,0,0,0,1358
1435001,1440000,1,L11-2,2,1,0,0,1089,2823
1440001,1445000,2,L11-2,2,0,0,0,3514,3514
1445001,1450000,1,L11-2,2,0,0,0,1293,1293
1465001,1470000,1,L11-2,2,0,0,0,1673,1673
1470001,1475000,2,L11-2,2,0,0,0,2691,2691
1475001,1480000,3,L11-2,2,0,0,0,786,786
1480001,1485000,3,L11-2,2,0,0,0,4985,4985
1485001,1490000,1,L11-2,2,0,0,0,1474,1474
1490001,1495000,1,L11-2,2,0,0,0,1400,1400
1520001,1525000,1,L11-2,2,0,0,0,518,518
1535001,1540000,1,L11-2,2,0,0,0,87,87
1610001,1615000,1,L11-2,2,0,0,0,1247,1247
1615001,1620000,3,L11-2,2,0,0,0,3793,3793
1620001,1625000,2,L11-2,2,0,0,0,935,935
1625001,1630000,3,L11-2,2,0,0,0,1518,1518
1630001,1635000,2,L11-2,2,0,0,0,1088,1088
1645001,1650000,1,L11-2,2,0,0,0,251,251
1650001,1655000,3,L11-2,2,0,0,0,2886,2886
1665001,1670000,1,L11-2,2,0,0,0,1106,1106
1700001,1705000,0,L11-2,2,1,0,0,0,614
1705001,1710000,0,L11-2,2,1,0,0,0,2479
1720001,1725000,0,L11-2,2,1,0,0,0,2907
1725001,1730000,1,L11-2,2,1,0,0,584,771
1730001,1735000,5,L11-2,2,0,0,0,4479,4479
1735001,1740000,3,L11-2,2,0,0,0,1967,1967
1740001,1745000,0,L11-2,2,1,0,0,0,863
1745001,1750000,0,L11-2,2,1,0,0,0,2231
1800001,1805000,1,L11-2,2,0,0,0,2597,2597
1805001,1810000,1,L11-2,2,0,0,0,338,338
1810001,1815000,1,L11-2,2,0,0,0,252,252
1820001,1825000,1,L11-2,2,0,0,0,788,788
1890001,1895000,0,L11-2,2,1,1,0,0,3093
2065001,2070000,1,L11-2,2,0,0,0,1275,1275
2090001,2095000,1,L11-2,2,0,0,0,641,641
2120001,2125000,0,L11-2,2,1,0,0,0,1523
2125001,2130000,0,L11-2,2,1,0,0,0,1570
2130001,2135000,0,L11-2,2,1,0,0,0,54
2135001,2140000,0,L11-2,2,1,0,0,0,3039
2155001,2160000,2,L11-2,2,0,0,0,3370,3370
2160001,2165000,4,L11-2,2,0,1,0,2826,2826
2165001,2170000,0,L11-2,2,1,0,0,0,800
2170001,2175000,0,L11-2,2,1,0,0,0,2293
2185001,2190000,1,L11-2,2,0,0,0,827,827
2225001,2230000,1,L11-2,2,0,0,0,995,995
2250001,2255000,1,L11-2,2,0,0,0,695,695
2290001,2295000,0,L11-2,2,1,0,0,0,3093
2310001,2315000,1,L11-2,2,0,0,0,434,434
2315001,2320000,1,L11-2,2,0,0,0,1338,1338
2325001,2330000,1,L11-2,2,0,0,0,1733,1733
2340001,2345000,3,L11-2,2,0,0,0,707,707
2450001,2455000,1,L11-2,2,0,0,0,891,891
2455001,2460000,1,L11-2,2,0,0,0,1142,1142
2490001,2495000,0,L11-2,2,1,0,0,0,1576
2495001,2500000,0,L11-2,2,1,0,0,0,1517
2505001,2510000,1,L11-2,2,0,0,0,668,668
2545001,2550000,1,L11-2,2,0,0,0,1760,1760
2595001,2600000,1,L11-2,2,0,0,0,2627,2627
2600001,2605000,1,L11-2,2,0,0,0,1031,1031
2605001,2610000,2,L11-2,2,0,0,0,2384,2384
2690001,2695000,2,L11-2,2,0,0,0,2182,2182
2695001,2700000,1,L11-2,2,0,0,0,515,515
2700001,2705000,1,L11-2,2,0,0,0,705,705
2760001,2765000,1,L11-2,2,0,0,0,1415,1415
2765001,2770000,1,L11-2,2,0,0,0,696,696
2770001,2775000,2,L11-2,2,0,0,0,2305,2305
2825001,2830000,1,L11-2,2,0,0,0,1127,1127
2830001,2835000,1,L11-2,2,0,0,0,878,878
2850001,2855000,1,L11-2,2,0,0,0,746,746
2870001,2875000,2,L11-2,2,0,0,0,2746,2746
2875001,2880000,1,L11-2,2,0,0,0,1118,1118
2885001,2890000,0,L11-2,2,0,1,1,0,0
2895001,2900000,1,L11-2,2,0,0,0,803,803
2930001,2935000,0,L11-2,2,1,0,0,0,758
2935001,2940000,2,L11-2,2,1,0,0,1138,3473
2940001,2945000,2,L11-2,2,0,0,0,1121,1121
2955001,2960000,1,L11-2,2,0,0,0,512,512
2960001,2965000,1,L11-2,2,0,0,0,843,843
2970001,2975000,1,L11-2,2,0,0,0,737,737
2980001,2985000,4,L11-2,2,0,0,0,2723,2723
2985001,2990000,2,L11-2,2,0,0,0,1471,1471
3020001,3025000,3,L11-2,2,0,0,0,2906,2906
3070001,3075000,3,L11-2,2,0,0,0,1501,1501
3105001,3110000,2,L11-2,2,0,0,0,2613,2613
3110001,3115000,1,L11-2,2,0,0,0,322,322
3165001,3170000,1,L11-2,2,0,0,0,875,875
3230001,3235000,1,L11-2,2,0,0,0,1098,1098
3265001,3270000,2,L11-2,2,0,0,0,2242,2242
3270001,3275000,0,L11-2,2,1,0,0,0,682
3275001,3280000,0,L11-2,2,1,0,0,0,2410
3285001,3290000,1,L11-2,2,0,0,0,1154,1154
3290001,3295000,1,L11-2,2,0,0,0,416,416
3335001,3340000,2,L11-2,2,0,0,0,2995,2995
3345001,3350000,1,L11-2,2,0,0,0,1892,1892
3355001,3360000,1,L11-2,2,0,0,0,653,653
3365001,3370000,1,L11-2,2,0,0,0,1238,1238
3370001,3375000,1,L11-2,2,0,0,0,368,368
3375001,3380000,3,L11-2,2,0,0,0,3166,3166
3380001,3385000,1,L11-2,2,0,0,0,1434,1434
3435001,3440000,1,L11-2,2,0,0,0,374,374
3475001,3480000,1,L11-2,2,0,0,0,118,118
3480001,3485000,2,L11-2,2,0,0,0,4041,4041
3485001,3490000,2,L11-2,2,0,0,0,812,812
3490001,3495000,2,L11-2,2,0,0,0,2545,2545
3495001,3500000,3,L11-2,2,0,0,0,1740,1740
3500001,3505000,3,L11-2,2,0,0,0,2230,2230
3505001,3510000,3,L11-2,2,0,0,0,1186,1186
3510001,3515000,2,L11-2,2,0,0,0,1203,1203
3535001,3540000,2,L11-2,2,0,0,0,820,820
3540001,3545000,1,L11-2,2,0,0,0,1067,1067
3555001,3560000,2,L11-2,2,0,0,0,554,554
3560001,3565000,2,L11-2,2,0,0,0,2080,2080
3565001,3570000,2,L11-2,2,0,0,0,1819,1819
3590001,3595000,2,L11-2,2,0,0,0,827,827
3595001,3600000,2,L11-2,2,0,0,0,1201,1201
3600001,3605000,6,L11-2,2,0,0,0,3916,3916
3605001,3610000,14,L11-2,2,0,0,0,4706,4706
3610001,3615000,9,L11-2,2,0,0,0,4200,4200
3615001,3620000,3,L11-2,2,0,0,0,3027,3027
3655001,3660000,1,L11-2,2,0,0,0,1004,1004
3670001,3675000,1,L11-2,2,0,0,0,2135,2135
3700001,3705000,0,L11-2,2,1,0,0,0,1265
3705001,3710000,0,L11-2,2,1,0,0,0,1827
3715001,3720000,0,L11-2,2,0,1,1,0,0
3720001,3725000,1,L11-2,2,0,0,0,1103,1103
3740001,3745000,1,L11-2,2,0,0,0,756,756
3745001,3750000,4,L11-2,2,0,0,0,3310,3310
3855001,3860000,2,L11-2,2,0,0,0,2980,2980
3905001,3910000,1,L11-2,2,0,0,0,1019,1019
3930001,3935000,1,L11-2,2,0,0,0,948,948
3935001,3940000,5,L11-2,2,0,0,0,2699,2699
3945001,3950000,2,L11-2,2,0,0,0,2731,2731
3960001,3965000,0,L11-2,2,1,0,0,0,3094
3995001,4000000,1,L11-2,2,0,0,0,1855,1855
4000001,4005000,5,L11-2,2,0,0,0,3270,3270
4005001,4010000,2,L11-2,2,0,0,0,1937,1937
4030001,4035000,2,L11-2,2,0,0,0,2561,2561
4035001,4040000,1,L11-2,2,0,0,0,638,638
20001,25000,1,L11-3,1,0,0,0,75,75
40001,45000,1,L11-3,1,0,0,0,1259,1259
55001,60000,3,L11-3,1,0,0,0,228,228
60001,65000,2,L11-3,1,0,0,0,1645,1645
65001,70000,1,L11-3,1,0,0,0,34,34
75001,80000,0,L11-3,1,1,0,0,0,3093
110001,115000,1,L11-3,1,0,0,0,545,545
120001,125000,1,L11-3,1,0,0,0,665,665
125001,130000,2,L11-3,1,0,0,0,2717,2717
160001,165000,0,L11-3,1,1,0,0,0,791
165001,170000,0,L11-3,1,1,0,0,0,2302
200001,205000,2,L11-3,1,0,0,0,1977,1977
205001,210000,1,L11-3,1,0,0,0,1182,1182
240001,245000,1,L11-3,1,0,0,0,192,192
245001,250000,1,L11-3,1,0,0,0,665,665
250001,255000,4,L11-3,1,0,0,0,3019,3019
255001,260000,5,L11-3,1,0,0,0,1555,1555
260001,265000,3,L11-3,1,0,0,0,4602,4602
265001,270000,1,L11-3,1,0,0,0,3957,3957
330001,335000,2,L11-3,1,0,0,0,2447,2447
335001,340000,2,L11-3,1,0,0,0,1455,1455
340001,345000,1,L11-3,1,0,0,0,1305,1305
345001,350000,1,L11-3,1,0,0,0,110,110
350001,355000,1,L11-3,1,0,0,0,536,536
385001,390000,0,L11-3,1,1,0,0,0,2744
390001,395000,0,L11-3,1,1,0,0,0,348
450001,455000,2,L11-3,1,0,0,0,1895,1895
455001,460000,2,L11-3,1,0,0,0,610,610
470001,475000,3,L11-3,1,0,0,0,2565,2565
475001,480000,1,L11-3,1,0,0,0,461,461
505001,510000,1,L11-3,1,0,0,0,227,227
530001,535000,1,L11-3,1,0,0,0,530,530
560001,565000,1,L11-3,1,0,0,0,1630,1630
565001,570000,3,L11-3,1,0,0,0,2619,2619
570001,575000,1,L11-3,1,0,0,0,787,787
585001,590000,2,L11-3,1,0,0,0,1276,1276
645001,650000,3,L11-3,1,0,0,0,4247,4247
650001,655000,3,L11-3,1,0,0,0,1773,1773
670001,675000,1,L11-3,1,0,0,0,479,479
675001,680000,1,L11-3,1,0,0,0,927,927
680001,685000,1,L11-3,1,0,0,0,1427,1427
715001,720000,4,L11-3,1,0,0,0,4599,4599
720001,725000,5,L11-3,1,0,0,0,4997,4997
725001,730000,5,L11-3,1,0,0,0,3967,3967
730001,735000,4,L11-3,1,0,0,0,4607,4607
735001,740000,2,L11-3,1,0,0,0,1084,1084
765001,770000,1,L11-3,1,0,0,0,662,662
780001,785000,1,L11-3,1,0,0,0,479,479
790001,795000,1,L11-3,1,0,0,0,1280,1280
795001,800000,1,L11-3,1,0,0,0,344,344
800001,805000,1,L11-3,1,0,0,0,824,824
805001,810000,3,L11-3,1,0,0,0,2091,2091
810001,815000,6,L11-3,1,0,0,0,4272,4272
815001,820000,4,L11-3,1,0,0,0,4346,4346
820001,825000,5,L11-3,1,0,0,0,4261,4261
825001,830000,2,L11-3,1,0,0,0,3136,3136
830001,835000,1,L11-3,1,0,0,0,1298,1298
835001,840000,1,L11-3,1,0,0,0,1718,1718
935001,940000,1,L11-3,1,0,0,0,974,974
965001,970000,2,L11-3,1,0,0,0,2818,2818
970001,975000,4,L11-3,1,0,0,0,2970,2970
975001,980000,2,L11-3,1,0,0,0,2760,2760
1010001,1015000,1,L11-3,1,0,0,0,113,113
1025001,1030000,1,L11-3,1,0,0,0,462,462
1030001,1035000,2,L11-3,1,0,0,0,1847,1847
1035001,1040000,2,L11-3,1,0,0,0,1229,1229
1080001,1085000,2,L11-3,1,0,0,0,952,952
1085001,1090000,2,L11-3,1,0,0,0,2023,2023
1090001,1095000,1,L11-3,1,0,0,0,76,76
1165001,1170000,2,L11-3,1,0,0,0,1565,1565
1170001,1175000,4,L11-3,1,0,0,0,3285,3285
1175001,1180000,2,L11-3,1,0,0,0,2998,2998
1190001,1195000,1,L11-3,1,0,0,0,1537,1537
1195001,1200000,1,L11-3,1,0,0,0,84,84
1205001,1210000,1,L11-3,1,0,0,0,1664,1664
1210001,1215000,1,L11-3,1,0,0,0,530,530
1280001,1285000,0,L11-3,1,1,0,0,0,3094
1420001,1425000,1,L11-3,1,0,0,0,218,218
1425001,1430000,0,L11-3,1,1,0,0,0,2269
1430001,1435000,1,L11-3,1,1,0,0,1998,2823
1435001,1440000,3,L11-3,1,0,0,0,3399,3399
1440001,1445000,1,L11-3,1,0,0,0,500,500
1460001,1465000,1,L11-3,1,0,0,0,1672,1672
1465001,1470000,2,L11-3,1,0,0,0,2731,2731
1470001,1475000,2,L11-3,1,0,0,0,1647,1647
1475001,1480000,3,L11-3,1,0,0,0,4992,4992
1480001,1485000,1,L11-3,1,0,0,0,566,566
1485001,1490000,1,L11-3,1,0,0,0,1401,1401
1515001,1520000,1,L11-3,1,0,0,0,518,518
1530001,1535000,1,L11-3,1,0,0,0,87,87
1605001,1610000,2,L11-3,1,0,0,0,1916,1916
1610001,1615000,2,L11-3,1,0,0,0,3125,3125
1615001,1620000,2,L11-3,1,0,0,0,1663,1663
1620001,1625000,3,L11-3,1,0,0,0,1675,1675
1625001,1630000,1,L11-3,1,0,0,0,205,205
1640001,1645000,1,L11-3,1,0,0,0,1132,1132
1645001,1650000,3,L11-3,1,0,0,0,2005,2005
1660001,1665000,1,L11-3,1,0,0,0,1105,1105
1700001,1705000,3,L11-3,1,0,0,0,1995,1995
1705001,1710000,5,L11-3,1,0,0,0,4179,4179
1710001,1715000,1,L11-3,1,0,0,0,854,854
1770001,1775000,1,L11-3,1,0,0,0,2597,2597
1775001,1780000,1,L11-3,1,0,0,0,107,107
1780001,1785000,1,L11-3,1,0,0,0,484,484
1790001,1795000,1,L11-3,1,0,0,0,792,792
1860001,1865000,0,L11-3,1,1,0,0,0,3092
2035001,2040000,1,L11-3,1,0,0,0,1276,1276
2060001,2065000,1,L11-3,1,0,0,0,430,430
2065001,2070000,1,L11-3,1,0,0,0,212,212
2115001,2120000,2,L11-3,1,0,0,0,2449,2449
2120001,2125000,4,L11-3,1,0,0,0,3750,3750
2130001,2135000,0,L11-3,1,1,0,0,0,3096
2145001,2150000,1,L11-3,1,0,0,0,828,828
2180001,2185000,0,L11-3,1,1,0,0,0,3091
2190001,2195000,1,L11-3,1,0,0,0,995,995
2215001,2220000,1,L11-3,1,0,0,0,695,695
2275001,2280000,1,L11-3,1,0,0,0,1772,1772
2285001,2290000,1,L11-3,1,0,0,0,1734,1734
2300001,2305000,3,L11-3,1,0,0,0,707,707
2415001,2420000,1,L11-3,1,0,0,0,2033,2033
2450001,2455000,0,L11-3,1,1,0,0,0,613
2455001,2460000,0,L11-3,1,1,1,0,0,2483
2465001,2470000,1,L11-3,1,0,0,0,669,669
2505001,2510000,1,L11-3,1,0,0,0,1760,1760
2510001,2515000,1,L11-3,1,0,0,0,0,0
2555001,2560000,1,L11-3,1,0,0,0,2627,2627
2560001,2565000,1,L11-3,1,0,0,0,53,53
2565001,2570000,2,L11-3,1,0,0,0,3361,3361
2650001,2655000,2,L11-3,1,0,0,0,2182,2182
2660001,2665000,1,L11-3,1,0,0,0,1220,1220
2720001,2725000,1,L11-3,1,0,0,0,1415,1415
2730001,2735000,2,L11-3,1,0,0,0,3000,3000
2785001,2790000,1,L11-3,1,0,0,0,1128,1128
2790001,2795000,1,L11-3,1,0,0,0,762,762
2795001,2800000,1,L11-3,1,0,0,0,116,116
2810001,2815000,1,L11-3,1,0,0,0,746,746
2830001,2835000,2,L11-3,1,0,0,0,1824,1824
2835001,2840000,2,L11-3,1,0,0,0,2041,2041
2855001,2860000,1,L11-3,1,0,0,0,804,804
2895001,2900000,1,L11-3,1,1,0,0,380,3474
2900001,2905000,2,L11-3,1,0,0,0,1880,1880
2920001,2925000,1,L11-3,1,0,0,0,1354,1354
2930001,2935000,1,L11-3,1,0,0,0,738,738
2940001,2945000,4,L11-3,1,0,0,0,2107,2107
2945001,2950000,3,L11-3,1,0,0,0,2085,2085
2980001,2985000,3,L11-3,1,0,0,0,2912,2912
3030001,3035000,3,L11-3,1,0,0,0,1499,1499
3065001,3070000,2,L11-3,1,0,0,0,1521,1521
3070001,3075000,1,L11-3,1,0,0,0,1415,1415
3125001,3130000,1,L11-3,1,0,0,0,876,876
3190001,3195000,1,L11-3,1,0,0,0,1098,1098
3225001,3230000,2,L11-3,1,0,0,0,1732,1732
3230001,3235000,1,L11-3,1,0,0,0,511,511
3240001,3245000,1,L11-3,1,0,0,0,403,403
3245001,3250000,1,L11-3,1,0,0,0,751,751
3250001,3255000,1,L11-3,1,0,0,0,416,416
3290001,3295000,1,L11-3,1,0,0,0,737,737
3295001,3300000,1,L11-3,1,0,0,0,2258,2258
3300001,3305000,1,L11-3,1,0,0,0,10,10
3305001,3310000,1,L11-3,1,0,0,0,1882,1882
3315001,3320000,1,L11-3,1,0,0,0,653,653
3325001,3330000,2,L11-3,1,0,0,0,1606,1606
3330001,3335000,1,L11-3,1,0,0,0,902,902
3335001,3340000,3,L11-3,1,0,0,0,3697,3697
3390001,3395000,1,L11-3,1,0,0,0,208,208
3395001,3400000,1,L11-3,1,0,0,0,167,167
3435001,3440000,1,L11-3,1,0,0,0,2086,2086
3440001,3445000,2,L11-3,1,0,0,0,2075,2075
3445001,3450000,3,L11-3,1,0,0,0,1846,1846
3450001,3455000,1,L11-3,1,0,0,0,1511,1511
3455001,3460000,5,L11-3,1,0,0,0,2901,2901
3460001,3465000,1,L11-3,1,0,0,0,1070,1070
3465001,3470000,4,L11-3,1,0,0,0,2388,2388
3495001,3500000,2,L11-3,1,0,0,0,820,820
3500001,3505000,1,L11-3,1,0,0,0,1067,1067
3515001,3520000,3,L11-3,1,0,0,0,2453,2453
3520001,3525000,3,L11-3,1,0,0,0,651,651
3525001,3530000,2,L11-3,1,0,0,0,1350,1350
3545001,3550000,1,L11-3,1,0,0,0,59,59
3550001,3555000,3,L11-3,1,0,0,0,1969,1969
3555001,3560000,2,L11-3,1,0,0,0,1245,1245
3560001,3565000,10,L11-3,1,0,0,0,4587,4587
3565001,3570000,13,L11-3,1,0,0,0,4683,4683
3570001,3575000,6,L11-3,1,0,0,0,2734,2734
3575001,3580000,3,L11-3,1,0,0,0,2601,2601
3615001,3620000,1,L11-3,1,0,0,0,1004,1004
3625001,3630000,1,L11-3,1,0,0,0,355,355
3630001,3635000,1,L11-3,1,0,0,0,1779,1779
3635001,3640000,0,L11-3,1,0,1,0,0,0
3660001,3665000,0,L11-3,1,1,0,0,0,3095
3665001,3670000,0,L11-3,1,0,1,0,0,0
3680001,3685000,1,L11-3,1,0,0,0,1102,1102
3700001,3705000,3,L11-3,1,0,0,0,2461,2461
3705001,3710000,2,L11-3,1,0,0,0,1603,1603
3810001,3815000,1,L11-3,1,0,0,0,866,866
3815001,3820000,2,L11-3,1,0,0,0,2113,2113
3865001,3870000,1,L11-3,1,0,0,0,1020,1020
3890001,3895000,2,L11-3,1,0,0,0,1758,1758
3895001,3900000,3,L11-3,1,0,0,0,1890,1890
3900001,3905000,1,L11-3,1,0,0,0,66,66
3905001,3910000,2,L11-3,1,0,0,0,2665,2665
3915001,3920000,0,L11-3,1,1,0,0,0,502
3920001,3925000,0,L11-3,1,1,0,0,0,2592
3955001,3960000,2,L11-3,1,0,0,0,2676,2676
3960001,3965000,5,L11-3,1,0,0,0,4147,4147
3965001,3970000,1,L11-3,1,0,0,0,240,240
20001,25000,1,L11-3,2,0,0,0,75,75
40001,45000,1,L11-3,2,0,0,0,1259,1259
55001,60000,3,L11-3,2,0,0,0,228,228
60001,65000,2,L11-3,2,0,0,0,1659,1659
65001,70000,1,L11-3,2,0,0,0,19,19
75001,80000,0,L11-3,2,1,0,0,0,3094
110001,115000,1,L11-3,2,0,0,0,545,545
120001,125000,1,L11-3,2,0,0,0,678,678
125001,130000,2,L11-3,2,0,0,0,2704,2704
160001,165000,0,L11-3,2,1,0,0,0,807
165001,170000,0,L11-3,2,1,0,0,0,2287
200001,205000,2,L11-3,2,0,0,0,1990,1990
205001,210000,1,L11-3,2,0,0,0,1167,1167
240001,245000,1,L11-3,2,0,0,0,215,215
245001,250000,1,L11-3,2,0,0,0,642,642
250001,255000,4,L11-3,2,0,0,0,3015,3015
255001,260000,5,L11-3,2,0,0,0,1582,1582
260001,265000,3,L11-3,2,0,0,0,4603,4603
265001,270000,1,L11-3,2,0,0,0,3930,3930
330001,335000,2,L11-3,2,0,0,0,2473,2473
335001,340000,2,L11-3,2,0,0,0,1430,1430
340001,345000,1,L11-3,2,0,0,0,1330,1330
345001,350000,1,L11-3,2,0,0,0,85,85
350001,355000,1,L11-3,2,0,0,0,536,536
385001,390000,0,L11-3,2,1,0,0,0,2775
390001,395000,0,L11-3,2,1,0,0,0,319
450001,455000,2,L11-3,2,0,0,0,1924,1924
455001,460000,2,L11-3,2,0,0,0,581,581
470001,475000,3,L11-3,2,0,0,0,2565,2565
475001,480000,1,L11-3,2,0,0,0,461,461
505001,510000,1,L11-3,2,0,0,0,227,227
530001,535000,1,L11-3,2,0,0,0,530,530
560001,565000,1,L11-3,2,0,0,0,1679,1679
565001,570000,3,L11-3,2,0,0,0,2619,2619
570001,575000,1,L11-3,2,0,0,0,739,739
585001,590000,2,L11-3,2,0,0,0,1276,1276
645001,650000,3,L11-3,2,0,0,0,4251,4251
650001,655000,2,L11-3,2,0,0,0,1771,1771
670001,675000,1,L11-3,2,0,0,0,479,479
675001,680000,1,L11-3,2,0,0,0,993,993
680001,685000,1,L11-3,2,0,0,0,1361,1361
715001,720000,4,L11-3,2,0,0,0,4702,4702
720001,725000,6,L11-3,2,0,0,0,4958,4958
725001,730000,4,L11-3,2,0,0,0,4009,4009
730001,735000,4,L11-3,2,0,0,0,4606,4606
735001,740000,2,L11-3,2,0,0,0,854,854
765001,770000,1,L11-3,2,0,0,0,662,662
780001,785000,1,L11-3,2,0,0,0,479,479
790001,795000,2,L11-3,2,0,0,0,1333,1333
795001,800000,1,L11-3,2,0,1,1,291,291
800001,805000,1,L11-3,2,0,0,0,824,824
805001,810000,3,L11-3,2,0,0,0,2327,2327
810001,815000,7,L11-3,2,0,0,0,4258,4258
815001,820000,3,L11-3,2,0,0,0,4359,4359
820001,825000,5,L11-3,2,0,0,0,4261,4261
825001,830000,2,L11-3,2,0,0,0,2901,2901
830001,835000,1,L11-3,2,0,0,0,1298,1298
835001,840000,1,L11-3,2,0,0,0,1718,1718
935001,940000,1,L11-3,2,0,0,0,974,974
960001,965000,1,L11-3,2,0,0,0,138,138
965001,970000,2,L11-3,2,0,0,0,2680,2680
970001,975000,4,L11-3,2,0,0,0,2969,2969
975001,980000,2,L11-3,2,0,0,0,2761,2761
1010001,1015000,1,L11-3,2,0,0,0,113,113
1025001,1030000,1,L11-3,2,0,0,0,694,694
1030001,1035000,2,L11-3,2,0,0,0,1848,1848
1035001,1040000,2,L11-3,2,0,0,0,995,995
1080001,1085000,2,L11-3,2,0,0,0,1186,1186
1085001,1090000,2,L11-3,2,0,0,0,1787,1787
1090001,1095000,1,L11-3,2,0,0,0,76,76
1165001,1170000,2,L11-3,2,0,0,0,1812,1812
1170001,1175000,4,L11-3,2,0,0,0,3284,3284
1175001,1180000,2,L11-3,2,0,0,0,2752,2752
1190001,1195000,1,L11-3,2,0,0,0,1538,1538
1195001,1200000,1,L11-3,2,0,0,0,84,84
1205001,1210000,1,L11-3,2,0,0,0,1664,1664
1210001,1215000,1,L11-3,2,0,0,0,530,530
1280001,1285000,0,L11-3,2,1,0,0,0,3093
1375001,1380000,0,L11-3,2,0,1,1,0,0
1420001,1425000,1,L11-3,2,0,0,0,218,218
1425001,1430000,0,L11-3,2,1,0,0,0,2517
1430001,1435000,1,L11-3,2,1,0,0,2246,2823
1435001,1440000,3,L11-3,2,0,0,0,3398,3398
1440001,1445000,1,L11-3,2,0,0,0,251,251
1460001,1465000,1,L11-3,2,0,0,0,1673,1673
1465001,1470000,2,L11-3,2,0,0,0,2731,2731
1470001,1475000,2,L11-3,2,0,0,0,1896,1896
1475001,1480000,3,L11-3,2,0,0,0,4992,4992
1480001,1485000,1,L11-3,2,0,0,0,317,317
1485001,1490000,1,L11-3,2,0,0,0,1400,1400
1515001,1520000,1,L11-3,2,0,0,0,518,518
1530001,1535000,1,L11-3,2,0,0,0,87,87
1605001,1610000,2,L11-3,2,0,0,0,2189,2189
1610001,1615000,2,L11-3,2,0,0,0,2851,2851
1615001,1620000,3,L11-3,2,0,0,0,1884,1884
1620001,1625000,3,L11-3,2,0,0,0,1657,1657
1640001,1645000,2,L11-3,2,0,0,0,1409,1409
1645001,1650000,2,L11-3,2,0,0,0,1728,1728
1660001,1665000,1,L11-3,2,0,0,0,1106,1106
1700001,1705000,3,L11-3,2,0,0,0,2286,2286
1705001,1710000,5,L11-3,2,0,0,0,3890,3890
1710001,1715000,1,L11-3,2,0,0,0,854,854
1770001,1775000,1,L11-3,2,0,0,0,2597,2597
1775001,1780000,1,L11-3,2,0,0,0,411,411
1780001,1785000,1,L11-3,2,0,0,0,179,179
1790001,1795000,1,L11-3,2,0,0,0,788,788
1860001,1865000,0,L11-3,2,1,0,0,0,3093
1885001,1890000,0,L11-3,2,0,1,0,0,0
2035001,2040000,1,L11-3,2,0,0,0,1275,1275
2060001,2065000,1,L11-3,2,0,0,0,641,641
2115001,2120000,2,L11-3,2,0,0,0,2959,2959
2120001,2125000,4,L11-3,2,0,0,0,3237,3237
2125001,2130000,0,L11-3,2,1,0,0,0,381
2130001,2135000,0,L11-3,2,1,0,0,0,2712
2145001,2150000,1,L11-3,2,0,0,0,827,827
2180001,2185000,0,L11-3,2,1,0,0,0,3093
2190001,2195000,1,L11-3,2,0,0,0,995,995
2215001,2220000,1,L11-3,2,0,0,0,695,695
2270001,2275000,1,L11-3,2,0,0,0,18,18
2275001,2280000,1,L11-3,2,0,0,0,1754,1754
2285001,2290000,1,L11-3,2,0,0,0,1733,1733
2300001,2305000,3,L11-3,2,0,0,0,707,707
2410001,2415000,1,L11-3,2,0,0,0,476,476
2415001,2420000,1,L11-3,2,0,0,0,1557,1557
2450001,2455000,0,L11-3,2,1,0,0,0,1161
2455001,2460000,0,L11-3,2,1,0,0,0,1932
2465001,2470000,1,L11-3,2,0,0,0,668,668
2505001,2510000,1,L11-3,2,0,0,0,1760,1760
2555001,2560000,1,L11-3,2,0,0,0,2627,2627
2560001,2565000,1,L11-3,2,0,0,0,776,776
2565001,2570000,2,L11-3,2,0,0,0,2639,2639
2650001,2655000,2,L11-3,2,0,0,0,2182,2182
2655001,2660000,1,L11-3,2,0,0,0,259,259
2660001,2665000,1,L11-3,2,0,0,0,961,961
2720001,2725000,1,L11-3,2,0,0,0,1415,1415
2725001,2730000,1,L11-3,2,0,0,0,440,440
2730001,2735000,2,L11-3,2,0,0,0,2561,2561
2785001,2790000,1,L11-3,2,0,0,0,1127,1127
2790001,2795000,1,L11-3,2,0,0,0,878,878
2810001,2815000,1,L11-3,2,0,0,0,746,746
2830001,2835000,2,L11-3,2,0,0,0,2566,2566
2835001,2840000,2,L11-3,2,0,0,0,1298,1298
2855001,2860000,1,L11-3,2,0,0,0,803,803
2890001,2895000,0,L11-3,2,1,0,0,0,504
2895001,2900000,2,L11-3,2,1,0,0,883,3473
2900001,2905000,2,L11-3,2,0,0,0,1376,1376
2915001,2920000,1,L11-3,2,0,0,0,257,257
2920001,2925000,1,L11-3,2,0,0,0,1098,1098
2930001,2935000,1,L11-3,2,0,0,0,737,737
2940001,2945000,4,L11-3,2,0,0,0,2723,2723
2945001,2950000,2,L11-3,2,0,0,0,1471,1471
2980001,2985000,3,L11-3,2,0,0,0,2907,2907
3030001,3035000,3,L11-3,2,0,0,0,1500,1500
3065001,3070000,2,L11-3,2,0,0,0,2354,2354
3070001,3075000,1,L11-3,2,0,0,0,581,581
3125001,3130000,1,L11-3,2,0,0,0,875,875
3190001,3195000,1,L11-3,2,0,0,0,1098,1098
3225001,3230000,2,L11-3,2,0,0,0,2242,2242
3240001,3245000,1,L11-3,2,0,0,0,1154,1154
3245001,3250000,1,L11-3,2,0,0,0,175,175
3250001,3255000,1,L11-3,2,0,0,0,241,241
3290001,3295000,2,L11-3,2,0,0,0,1398,1398
3295001,3300000,1,L11-3,2,0,0,0,1597,1597
3300001,3305000,1,L11-3,2,0,0,0,872,872
3305001,3310000,1,L11-3,2,0,0,0,1020,1020
3310001,3315000,1,L11-3,2,0,0,0,563,563
3315001,3320000,1,L11-3,2,0,0,0,90,90
3325001,3330000,2,L11-3,2,0,0,0,1606,1606
3330001,3335000,2,L11-3,2,0,0,0,1198,1198
3335001,3340000,2,L11-3,2,0,0,0,3401,3401
3390001,3395000,1,L11-3,2,0,0,0,375,375
3435001,3440000,2,L11-3,2,0,0,0,2929,2929
3440001,3445000,1,L11-3,2,0,0,0,1230,1230
3445001,3450000,3,L11-3,2,0,0,0,2718,2718
3450001,3455000,2,L11-3,2,0,0,0,1353,1353
3455001,3460000,5,L11-3,2,0,0,0,3058,3058
3460001,3465000,1,L11-3,2,0,0,0,198,198
3465001,3470000,4,L11-3,2,0,0,0,2389,2389
3495001,3500000,2,L11-3,2,0,0,0,820,820
3500001,3505000,1,L11-3,2,0,0,0,1067,1067
3515001,3520000,3,L11-3,2,0,0,0,2634,2634
3520001,3525000,2,L11-3,2,0,0,0,1332,1332
3525001,3530000,1,L11-3,2,0,0,0,487,487
3545001,3550000,1,L11-3,2,0,0,0,572,572
3550001,3555000,2,L11-3,2,0,0,0,1456,1456
3555001,3560000,4,L11-3,2,0,0,0,2064,2064
3560001,3565000,10,L11-3,2,0,0,0,4600,4600
3565001,3570000,13,L11-3,2,0,0,0,4713,4713
3570001,3575000,4,L11-3,2,0,0,0,2752,2752
3575001,3580000,3,L11-3,2,0,0,0,1720,1720
3610001,3615000,1,L11-3,2,0,0,0,73,73
3615001,3620000,1,L11-3,2,0,0,0,931,931
3625001,3630000,1,L11-3,2,0,0,0,1238,1238
3630001,3635000,1,L11-3,2,1,0,0,897,1021
3635001,3640000,0,L11-3,2,1,0,0,0,2969
3650001,3655000,1,L11-3,2,0,0,0,1103,1103
3670001,3675000,2,L11-3,2,0,0,0,1409,1409
3675001,3680000,3,L11-3,2,0,0,0,2655,2655
3785001,3790000,2,L11-3,2,0,0,0,2980,2980
3835001,3840000,1,L11-3,2,0,0,0,1019,1019
3860001,3865000,2,L11-3,2,0,0,0,1756,1756
3865001,3870000,3,L11-3,2,0,0,0,1892,1892
3875001,3880000,2,L11-3,2,0,0,0,2731,2731
3890001,3895000,0,L11-3,2,1,0,0,0,3093
3925001,3930000,1,L11-3,2,0,0,0,2414,2414
3930001,3935000,5,L11-3,2,0,0,0,3396,3396
3935001,3940000,1,L11-3,2,0,0,0,1252,1252
20001,25000,1,L11-4,1,0,0,0,75,75
40001,45000,1,L11-4,1,0,0,0,1259,1259
55001,60000,3,L11-4,1,0,0,0,228,228
60001,65000,2,L11-4,1,0,0,0,1645,1645
65001,70000,1,L11-4,1,0,0,0,34,34
75001,80000,0,L11-4,1,1,0,0,0,3093
110001,115000,1,L11-4,1,0,0,0,545,545
120001,125000,1,L11-4,1,0,0,0,665,665
125001,130000,2,L11-4,1,0,0,0,2717,2717
160001,165000,0,L11-4,1,1,0,0,0,791
165001,170000,0,L11-4,1,1,0,0,0,2302
200001,205000,2,L11-4,1,0,0,0,1977,1977
205001,210000,1,L11-4,1,0,0,0,1182,1182
240001,245000,1,L11-4,1,0,0,0,192,192
245001,250000,1,L11-4,1,0,0,0,665,665
250001,255000,4,L11-4,1,0,0,0,3019,3019
255001,260000,5,L11-4,1,0,0,0,1555,1555
260001,265000,3,L11-4,1,0,0,0,4602,4602
265001,270000,1,L11-4,1,0,0,0,3957,3957
305001,310000,0,L11-4,1,0,1,1,0,0
330001,335000,2,L11-4,1,0,0,0,2447,2447
335001,340000,2,L11-4,1,0,0,0,1455,1455
340001,345000,1,L11-4,1,0,0,0,1305,1305
345001,350000,1,L11-4,1,0,0,0,110,110
350001,355000,1,L11-4,1,0,0,0,536,536
385001,390000,0,L11-4,1,1,0,0,0,2744
390001,395000,0,L11-4,1,1,0,0,0,348
450001,455000,2,L11-4,1,0,0,0,1895,1895
455001,460000,2,L11-4,1,0,0,0,610,610
470001,475000,3,L11-4,1,0,0,0,2565,2565
475001,480000,1,L11-4,1,0,0,0,461,461
490001,495000,0,L11-4,1,0,1,1,0,0
505001,510000,1,L11-4,1,0,0,0,227,227
530001,535000,1,L11-4,1,0,0,0,530,530
560001,565000,1,L11-4,1,0,0,0,1630,1630
565001,570000,3,L11-4,1,0,0,0,2619,2619
570001,575000,1,L11-4,1,0,0,0,787,787
585001,590000,2,L11-4,1,0,0,0,1276,1276
645001,650000,3,L11-4,1,0,0,0,4247,4247
650001,655000,3,L11-4,1,0,0,0,1773,1773
670001,675000,1,L11-4,1,0,0,0,479,479
675001,680000,1,L11-4,1,0,0,0,927,927
680001,685000,1,L11-4,1,0,0,0,1427,1427
715001,720000,4,L11-4,1,0,0,0,4599,4599
720001,725000,5,L11-4,1,0,0,0,4997,4997
725001,730000,5,L11-4,1,0,0,0,3967,3967
730001,735000,4,L11-4,1,0,0,0,4607,4607
735001,740000,2,L11-4,1,0,0,0,1084,1084
765001,770000,1,L11-4,1,0,0,0,662,662
780001,785000,1,L11-4,1,0,0,0,479,479
790001,795000,1,L11-4,1,0,0,0,1280,1280
795001,800000,1,L11-4,1,0,0,0,344,344
800001,805000,1,L11-4,1,0,0,0,824,824
805001,810000,3,L11-4,1,0,0,0,2091,2091
810001,815000,6,L11-4,1,0,0,0,4272,4272
815001,820000,4,L11-4,1,0,0,0,4346,4346
820001,825000,5,L11-4,1,0,0,0,4261,4261
825001,830000,2,L11-4,1,0,0,0,3136,3136
830001,835000,1,L11-4,1,0,0,0,1298,1298
835001,840000,1,L11-4,1,0,0,0,1718,1718
935001,940000,1,L11-4,1,0,0,0,974,974
945001,950000,0,L11-4,1,0,1,1,0,0
965001,970000,2,L11-4,1,0,0,0,2818,2818
970001,975000,4,L11-4,1,0,0,0,2970,2970
975001,980000,2,L11-4,1,0,0,0,2760,2760
1010001,1015000,1,L11-4,1,0,0,0,113,113
1025001,1030000,1,L11-4,1,0,0,0,462,462
1030001,1035000,2,L11-4,1,0,0,0,1847,1847
1035001,1040000,2,L11-4,1,0,0,0,1229,1229
1080001,1085000,2,L11-4,1,0,0,0,952,952
1085001,1090000,2,L11-4,1,0,0,0,2023,2023
1090001,1095000,1,L11-4,1,0,0,0,76,76
1165001,1170000,2,L11-4,1,0,0,0,1565,1565
1170001,1175000,4,L11-4,1,0,0,0,3285,3285
1175001,1180000,2,L11-4,1,0,0,0,2998,2998
1190001,1195000,1,L11-4,1,0,0,0,1537,1537
1195001,1200000,1,L11-4,1,0,0,0,84,84
1205001,1210000,1,L11-4,1,0,0,0,1664,1664
1210001,1215000,1,L11-4,1,0,0,0,530,530
1280001,1285000,0,L11-4,1,1,0,0,0,3094
1420001,1425000,1,L11-4,1,0,0,0,218,218
1425001,1430000,0,L11-4,1,1,0,0,0,2269
1430001,1435000,1,L11-4,1,1,0,0,1998,2823
1435001,1440000,3,L11-4,1,0,0,0,3399,3399
1440001,1445000,1,L11-4,1,0,0,0,500,500
1460001,1465000,1,L11-4,1,0,0,0,1672,1672
1465001,1470000,2,L11-4,1,0,0,0,2731,2731
1470001,1475000,2,L11-4,1,0,0,0,1647,1647
1475001,1480000,3,L11-4,1,0,0,0,4992,4992
1480001,1485000,1,L11-4,1,0,0,0,566,566
1485001,1490000,1,L11-4,1,0,0,0,1401,1401
1515001,1520000,1,L11-4,1,0,0,0,518,518
1530001,1535000,1,L11-4,1,0,0,0,87,87
1605001,1610000,2,L11-4,1,0,0,0,1916,1916
1610001,1615000,2,L11-4,1,0,0,0,3125,3125
1615001,1620000,2,L11-4,1,0,0,0,1663,1663
1620001,1625000,3,L11-4,1,0,0,0,1675,1675
1625001,1630000,1,L11-4,1,0,0,0,205,205
1640001,1645000,1,L11-4,1,0,0,0,1132,1132
1645001,1650000,3,L11-4,1,0,0,0,2005,2005
1660001,1665000,1,L11-4,1,0,0,0,1105,1105
1700001,1705000,3,L11-4,1,0,0,0,1995,1995
1705001,1710000,5,L11-4,1,0,0,0,4179,4179
1710001,1715000,1,L11-4,1,0,0,0,854,854
1770001,1775000,1,L11-4,1,0,0,0,2597,2597
1775001,1780000,1,L11-4,1,0,0,0,107,107
1780001,1785000,1,L11-4,1,0,0,0,484,484
1790001,1795000,1,L11-4,1,0,0,0,792,792
1800001,1805000,0,L11-4,1,0,1,1,0,0
1860001,1865000,0,L11-4,1,1,0,0,0,3092
1995001,2000000,0,L11-4,1,0,1,0,0,0
2010001,2015000,0,L11-4,1,0,1,0,0,0
2035001,2040000,1,L11-4,1,0,0,0,1276,1276
2060001,2065000,1,L11-4,1,0,0,0,430,430
2065001,2070000,1,L11-4,1,0,0,0,212,212
2115001,2120000,2,L11-4,1,0,0,0,2449,2449
2120001,2125000,4,L11-4,1,0,0,0,3750,3750
2130001,2135000,0,L11-4,1,1,0,0,0,3096
2135001,2140000,0,L11-4,1,0,1,0,0,0
2145001,2150000,1,L11-4,1,0,0,0,828,828
2180001,2185000,0,L11-4,1,1,0,0,0,3091
2190001,2195000,1,L11-4,1,0,0,0,995,995
2215001,2220000,1,L11-4,1,0,0,0,695,695
2275001,2280000,1,L11-4,1,0,0,0,1772,1772
2285001,2290000,1,L11-4,1,0,0,0,1734,1734
2300001,2305000,3,L11-4,1,0,0,0,707,707
2415001,2420000,1,L11-4,1,0,0,0,2033,2033
2450001,2455000,0,L11-4,1,1,0,0,0,613
2455001,2460000,0,L11-4,1,1,0,0,0,2483
2460001,2465000,0,L11-4,1,0,1,0,0,0
2465001,2470000,1,L11-4,1,0,0,0,669,669
2505001,2510000,1,L11-4,1,0,0,0,1760,1760
2510001,2515000,1,L11-4,1,0,0,0,0,0
2555001,2560000,1,L11-4,1,0,0,0,2627,2627
2560001,2565000,1,L11-4,1,0,0,0,53,53
2565001,2570000,2,L11-4,1,0,0,0,3361,3361
2625001,2630000,0,L11-4,1,0,1,0,0,0
2650001,2655000,2,L11-4,1,0,0,0,2182,2182
2660001,2665000,1,L11-4,1,0,0,0,1220,1220
2720001,2725000,1,L11-4,1,0,0,0,1415,1415
2730001,2735000,2,L11-4,1,0,0,0,3000,3000
2785001,2790000,1,L11-4,1,0,0,0,1128,1128
2790001,2795000,1,L11-4,1,0,0,0,762,762
2795001,2800000,1,L11-4,1,0,0,0,116,116
2810001,2815000,1,L11-4,1,0,0,0,746,746
2820001,2825000,0,L11-4,1,0,1,1,0,0
2830001,2835000,2,L11-4,1,0,0,0,1824,1824
2835001,2840000,2,L11-4,1,0,0,0,2041,2041
2855001,2860000,1,L11-4,1,0,0,0,804,804
2895001,2900000,1,L11-4,1,1,0,0,380,3474
2900001,2905000,2,L11-4,1,0,0,0,1880,1880
2920001,2925000,1,L11-4,1,0,0,0,1354,1354
2930001,2935000,1,L11-4,1,0,0,0,738,738
2940001,2945000,4,L11-4,1,0,0,0,2107,2107
2945001,2950000,3,L11-4,1,0,0,0,2085,2085
2950001,2955000,0,L11-4,1,0,1,1,0,0
2980001,2985000,3,L11-4,1,0,0,0,2912,2912
3030001,3035000,3,L11-4,1,0,0,0,1499,1499
3065001,3070000,2,L11-4,1,0,0,0,1521,1521
3070001,3075000,1,L11-4,1,0,0,0,1415,1415
3125001,3130000,1,L11-4,1,0,0,0,876,876
3190001,3195000,1,L11-4,1,0,0,0,1098,1098
3225001,3230000,2,L11-4,1,0,0,0,1732,1732
3230001,3235000,1,L11-4,1,0,0,0,511,511
3240001,3245000,1,L11-4,1,0,0,0,403,403
3245001,3250000,1,L11-4,1,0,0,0,751,751
3250001,3255000,1,L11-4,1,0,0,0,416,416
3290001,3295000,1,L11-4,1,0,0,0,737,737
3295001,3300000,1,L11-4,1,0,0,0,2258,2258
3300001,3305000,1,L11-4,1,0,0,0,10,10
3305001,3310000,1,L11-4,1,0,0,0,1882,1882
3315001,3320000,1,L11-4,1,0,0,0,653,653
3325001,3330000,2,L11-4,1,0,0,0,1606,1606
3330001,3335000,1,L11-4,1,0,0,0,902,902
3335001,3340000,3,L11-4,1,0,0,0,3697,3697
3390001,3395000,1,L11-4,1,0,1,1,208,208
3395001,3400000,1,L11-4,1,0,0,0,167,167
3435001,3440000,1,L11-4,1,0,0,0,2086,2086
3440001,3445000,2,L11-4,1,0,0,0,2075,2075
3445001,3450000,3,L11-4,1,0,0,0,1846,1846
3450001,3455000,1,L11-4,1,0,0,0,1511,1511
3455001,3460000,5,L11-4,1,0,0,0,2901,2901
3460001,3465000,1,L11-4,1,0,0,0,1070,1070
3465001,3470000,4,L11-4,1,0,0,0,2388,2388
3495001,3500000,2,L11-4,1,0,0,0,820,820
3500001,3505000,1,L11-4,1,0,0,0,1067,1067
3515001,3520000,3,L11-4,1,0,0,0,2453,2453
3520001,3525000,3,L11-4,1,0,0,0,651,651
3525001,3530000,2,L11-4,1,0,0,0,1350,1350
3545001,3550000,1,L11-4,1,0,0,0,59,59
3550001,3555000,3,L11-4,1,0,0,0,1969,1969
3555001,3560000,2,L11-4,1,0,0,0,1245,1245
3560001,3565000,10,L11-4,1,0,0,0,4587,4587
3565001,3570000,13,L11-4,1,0,0,0,4683,4683
3570001,3575000,6,L11-4,1,0,0,0,2734,2734
3575001,3580000,3,L11-4,1,0,0,0,2601,2601
3615001,3620000,1,L11-4,1,0,0,0,1004,1004
3625001,3630000,1,L11-4,1,0,0,0,355,355
3630001,3635000,1,L11-4,1,0,0,0,1779,1779
3660001,3665000,0,L11-4,1,1,0,0,0,3095
3680001,3685000,1,L11-4,1,0,0,0,1102,1102
3700001,3705000,3,L11-4,1,0,0,0,2461,2461
3705001,3710000,2,L11-4,1,0,0,0,1603,1603
3810001,3815000,1,L11-4,1,0,0,0,866,866
3815001,3820000,2,L11-4,1,0,0,0,2113,2113
3865001,3870000,1,L11-4,1,0,0,0,1020,1020
3890001,3895000,2,L11-4,1,0,0,0,1758,1758
3895001,3900000,3,L11-4,1,0,0,0,1890,1890
3900001,3905000,1,L11-4,1,0,0,0,66,66
3905001,3910000,2,L11-4,1,0,0,0,2665,2665
3915001,3920000,0,L11-4,1,1,0,0,0,502
3920001,3925000,0,L11-4,1,1,0,0,0,2592
3955001,3960000,2,L11-4,1,0,0,0,2676,2676
3960001,3965000,5,L11-4,1,0,0,0,4147,4147
3965001,3970000,1,L11-4,1,0,0,0,240,240
3975001,3980000,0,L11-4,1,0,1,1,0,0
3990001,3995000,2,L11-4,1,0,0,0,3198,3198
20001,25000,1,L11-4,2,0,0,0,75,75
40001,45000,1,L11-4,2,0,0,0,1259,1259
55001,60000,3,L11-4,2,0,0,0,228,228
60001,65000,2,L11-4,2,0,0,0,1658,1658
65001,70000,1,L11-4,2,0,0,0,20,20
75001,80000,0,L11-4,2,1,0,0,0,3093
110001,115000,1,L11-4,2,0,0,0,545,545
120001,125000,1,L11-4,2,0,0,0,677,677
125001,130000,2,L11-4,2,0,0,0,2705,2705
160001,165000,0,L11-4,2,1,0,0,0,807
165001,170000,0,L11-4,2,1,0,0,0,2286
200001,205000,2,L11-4,2,0,0,0,1989,1989
205001,210000,1,L11-4,2,0,0,0,1168,1168
240001,245000,1,L11-4,2,0,0,0,214,214
245001,250000,1,L11-4,2,0,0,0,643,643
250001,255000,4,L11-4,2,0,0,0,3015,3015
255001,260000,5,L11-4,2,0,0,0,1581,1581
260001,265000,3,L11-4,2,0,0,0,4603,4603
265001,270000,1,L11-4,2,0,0,0,3931,3931
305001,310000,0,L11-4,2,1,0,0,0,3093
335001,340000,3,L11-4,2,0,0,0,3726,3726
340001,345000,1,L11-4,2,0,0,0,177,177
345001,350000,1,L11-4,2,0,0,0,1415,1415
355001,360000,1,L11-4,2,0,0,0,536,536
390001,395000,0,L11-4,2,1,0,0,0,3093
455001,460000,2,L11-4,2,0,0,0,1939,1939
460001,465000,1,L11-4,2,0,0,0,566,566
470001,475000,1,L11-4,2,0,0,0,171,171
475001,480000,3,L11-4,2,0,0,0,2394,2394
480001,485000,1,L11-4,2,0,0,0,461,461
495001,500000,0,L11-4,2,1,0,0,0,2980
500001,505000,0,L11-4,2,1,0,0,0,114
510001,515000,1,L11-4,2,0,0,0,227,227
535001,540000,1,L11-4,2,0,0,0,530,530
565001,570000,1,L11-4,2,0,0,0,482,482
570001,575000,2,L11-4,2,0,0,0,2619,2619
575001,580000,2,L11-4,2,0,0,0,1936,1936
590001,595000,2,L11-4,2,0,0,0,782,782
595001,600000,1,L11-4,2,0,0,0,494,494
650001,655000,2,L11-4,2,0,0,0,3101,3101
655001,660000,4,L11-4,2,0,0,0,2921,2921
680001,685000,1,L11-4,2,0,0,0,479,479
685001,690000,1,L11-4,2,0,0,0,2354,2354
720001,725000,3,L11-4,2,0,0,0,3505,3505
725001,730000,5,L11-4,2,0,0,0,4997,4997
730001,735000,5,L11-4,2,0,0,0,4031,4031
735001,740000,5,L11-4,2,0,0,0,4545,4545
740001,745000,2,L11-4,2,0,0,0,2050,2050
770001,775000,1,L11-4,2,0,0,0,662,662
785001,790000,1,L11-4,2,0,0,0,479,479
795001,800000,1,L11-4,2,0,0,0,1280,1280
800001,805000,1,L11-4,2,0,0,0,344,344
805001,810000,1,L11-4,2,0,0,0,344,344
810001,815000,3,L11-4,2,0,0,0,1867,1867
815001,820000,6,L11-4,2,0,0,0,4024,4024
820001,825000,4,L11-4,2,0,0,0,4839,4839
825001,830000,5,L11-4,2,0,0,0,3756,3756
830001,835000,2,L11-4,2,0,0,0,4101,4101
835001,840000,1,L11-4,2,0,0,0,1298,1298
840001,845000,1,L11-4,2,0,0,0,1718,1718
940001,945000,1,L11-4,2,0,0,0,974,974
950001,955000,0,L11-4,2,1,0,0,0,3090
955001,960000,0,L11-4,2,1,0,0,0,3
970001,975000,1,L11-4,2,0,0,0,837,837
975001,980000,3,L11-4,2,0,0,0,2010,2010
980001,985000,5,L11-4,2,0,0,0,3109,3109
985001,990000,2,L11-4,2,0,0,0,2592,2592
1020001,1025000,1,L11-4,2,0,0,0,113,113
1035001,1040000,1,L11-4,2,0,0,0,1393,1393
1040001,1045000,3,L11-4,2,0,0,0,1612,1612
1045001,1050000,1,L11-4,2,0,0,0,532,532
1090001,1095000,2,L11-4,2,0,0,0,1887,1887
1095001,1100000,2,L11-4,2,0,0,0,1085,1085
1100001,1105000,1,L11-4,2,0,0,0,76,76
1175001,1180000,2,L11-4,2,0,0,0,2511,2511
1180001,1185000,5,L11-4,2,0,0,0,3269,3269
1185001,1190000,1,L11-4,2,0,0,0,2068,2068
1200001,1205000,1,L11-4,2,0,0,0,1538,1538
1205001,1210000,1,L11-4,2,0,0,0,84,84
1215001,1220000,1,L11-4,2,0,0,0,1664,1664
1220001,1225000,1,L11-4,2,0,0,0,530,530
1240001,1245000,0,L11-4,2,0,1,1,0,0
1290001,1295000,0,L11-4,2,1,0,0,0,3094
1430001,1435000,1,L11-4,2,0,0,0,218,218
1435001,1440000,0,L11-4,2,1,0,0,0,3094
1440001,1445000,1,L11-4,2,0,0,0,2954,2954
1445001,1450000,3,L11-4,2,0,0,0,2941,2941
1470001,1475000,1,L11-4,2,0,0,0,1673,1673
1475001,1480000,3,L11-4,2,0,0,0,3057,3057
1480001,1485000,3,L11-4,2,0,0,0,2271,2271
1485001,1490000,2,L11-4,2,0,0,0,4608,4608
1495001,1500000,1,L11-4,2,0,0,0,1400,1400
1520001,1525000,1,L11-4,2,0,0,0,229,229
1525001,1530000,1,L11-4,2,0,0,0,289,289
1540001,1545000,1,L11-4,2,0,0,0,87,87
1575001,1580000,0,L11-4,2,0,1,1,0,0
1615001,1620000,2,L11-4,2,0,0,0,2903,2903
1620001,1625000,2,L11-4,2,0,0,0,2137,2137
1625001,1630000,3,L11-4,2,0,0,0,1899,1899
1630001,1635000,2,L11-4,2,0,0,0,1642,1642
1650001,1655000,3,L11-4,2,0,0,0,2125,2125
1655001,1660000,1,L11-4,2,0,0,0,1012,1012
1670001,1675000,1,L11-4,2,0,0,0,1106,1106
1705001,1710000,1,L11-4,2,0,0,0,569,569
1710001,1715000,4,L11-4,2,0,0,0,2434,2434
1715001,1720000,5,L11-4,2,0,0,0,3506,3506
1720001,1725000,1,L11-4,2,0,0,0,521,521
1780001,1785000,1,L11-4,2,0,0,0,2597,2597
1785001,1790000,1,L11-4,2,0,0,0,590,590
1800001,1805000,1,L11-4,2,0,0,0,788,788
1810001,1815000,0,L11-4,2,1,0,0,0,2361
1815001,1820000,0,L11-4,2,1,0,0,0,732
1870001,1875000,0,L11-4,2,1,1,0,0,1623
1875001,1880000,0,L11-4,2,1,0,0,0,1471
2005001,2010000,0,L11-4,2,1,0,0,0,847
2010001,2015000,0,L11-4,2,1,0,0,0,2247
2035001,2040000,1,L11-4,2,0,0,0,1274,1274
2060001,2065000,1,L11-4,2,0,0,0,641,641
2070001,2075000,0,L11-4,2,0,1,1,0,0
2110001,2115000,1,L11-4,2,0,0,0,65,65
2115001,2120000,4,L11-4,2,0,0,0,4187,4187
2120001,2125000,2,L11-4,2,0,0,0,1944,1944
2125001,2130000,0,L11-4,2,1,0,0,0,2472
2130001,2135000,0,L11-4,2,1,0,0,0,620
2135001,2140000,1,L11-4,2,0,0,0,596,596
2140001,2145000,1,L11-4,2,0,0,0,231,231
2170001,2175000,0,L11-4,2,1,0,0,0,1771
2175001,2180000,0,L11-4,2,1,0,0,0,1323
2180001,2185000,1,L11-4,2,0,0,0,995,995
2205001,2210000,1,L11-4,2,0,0,0,695,695
2265001,2270000,1,L11-4,2,0,0,0,1772,1772
2275001,2280000,1,L11-4,2,0,0,0,1337,1337
2280001,2285000,1,L11-4,2,0,0,0,396,396
2290001,2295000,3,L11-4,2,0,0,0,707,707
2365001,2370000,0,L11-4,2,0,1,1,0,0
2405001,2410000,1,L11-4,2,0,0,0,2033,2033
2445001,2450000,0,L11-4,2,1,0,0,0,3791
2450001,2455000,0,L11-4,2,1,0,0,0,818
2505001,2510000,1,L11-4,2,0,0,0,456,456
2510001,2515000,2,L11-4,2,0,0,0,2959,2959
2515001,2520000,1,L11-4,2,0,0,0,1362,1362
2520001,2525000,1,L11-4,2,0,0,0,1265,1265
2565001,2570000,1,L11-4,2,0,0,0,1760,1760
2610001,2615000,1,L11-4,2,0,0,0,668,668
2615001,2620000,0,L11-4,2,1,0,0,0,3093
2640001,2645000,2,L11-4,2,0,0,0,1790,1790
2645001,2650000,1,L11-4,2,0,0,0,392,392
2650001,2655000,1,L11-4,2,0,0,0,1220,1220
2710001,2715000,1,L11-4,2,0,0,0,1415,1415
2720001,2725000,2,L11-4,2,0,0,0,3000,3000
2775001,2780000,1,L11-4,2,0,0,0,1127,1127
2785001,2790000,1,L11-4,2,0,0,0,878,878
2800001,2805000,1,L11-4,2,0,0,0,208,208
2805001,2810000,1,L11-4,2,0,0,0,538,538
2815001,2820000,0,L11-4,2,1,0,0,0,3093
2825001,2830000,2,L11-4,2,0,0,0,2355,2355
2830001,2835000,2,L11-4,2,0,0,0,1509,1509
2850001,2855000,1,L11-4,2,0,0,0,803,803
2885001,2890000,0,L11-4,2,1,0,0,0,293
2890001,2895000,2,L11-4,2,1,0,0,672,3473
2895001,2900000,2,L11-4,2,0,0,0,1587,1587
2910001,2915000,1,L11-4,2,0,0,0,46,46
2915001,2920000,1,L11-4,2,0,0,0,1309,1309
2925001,2930000,1,L11-4,2,0,0,0,737,737
2935001,2940000,4,L11-4,2,0,0,0,2701,2701
2940001,2945000,3,L11-4,2,0,0,0,1493,1493
2945001,2950000,0,L11-4,2,1,0,0,0,2609
2950001,2955000,0,L11-4,2,1,0,0,0,484
2975001,2980000,3,L11-4,2,0,0,0,662,662
2980001,2985000,1,L11-4,2,0,0,0,2244,2244
3030001,3035000,3,L11-4,2,0,0,0,1500,1500
3065001,3070000,2,L11-4,2,0,0,0,2935,2935
3120001,3125000,1,L11-4,2,0,0,0,613,613
3125001,3130000,1,L11-4,2,0,0,0,262,262
3190001,3195000,1,L11-4,2,0,0,0,1098,1098
3225001,3230000,2,L11-4,2,0,0,0,2242,2242
3240001,3245000,1,L11-4,2,0,0,0,1154,1154
3245001,3250000,1,L11-4,2,0,0,0,416,416
3290001,3295000,2,L11-4,2,0,0,0,2995,2995
3300001,3305000,1,L11-4,2,0,0,0,1892,1892
3310001,3315000,1,L11-4,2,0,0,0,653,653
3320001,3325000,1,L11-4,2,0,0,0,1094,1094
3325001,3330000,2,L11-4,2,0,0,0,512,512
3330001,3335000,2,L11-4,2,0,0,0,2758,2758
3335001,3340000,1,L11-4,2,0,0,0,1841,1841
3385001,3390000,0,L11-4,2,1,0,0,0,2162
3390001,3395000,0,L11-4,2,1,0,0,0,932
3395001,3400000,1,L11-4,2,0,0,0,374,374
3435001,3440000,1,L11-4,2,0,0,0,1547,1547
3440001,3445000,2,L11-4,2,0,0,0,2612,2612
3445001,3450000,2,L11-4,2,0,0,0,1423,1423
3450001,3455000,1,L11-4,2,0,0,0,1934,1934
3455001,3460000,4,L11-4,2,0,0,0,2711,2711
3460001,3465000,1,L11-4,2,0,0,0,1259,1259
3465001,3470000,4,L11-4,2,0,0,0,2389,2389
3495001,3500000,2,L11-4,2,0,0,0,820,820
3500001,3505000,1,L11-4,2,0,0,0,1067,1067
3515001,3520000,3,L11-4,2,0,0,0,1917,1917
3520001,3525000,1,L11-4,2,0,0,0,717,717
3525001,3530000,2,L11-4,2,0,0,0,1819,1819
3550001,3555000,3,L11-4,2,0,0,0,2028,2028
3555001,3560000,2,L11-4,2,0,0,0,716,716
3560001,3565000,9,L11-4,2,0,0,0,4597,4597
3565001,3570000,13,L11-4,2,0,0,0,4691,4691
3570001,3575000,6,L11-4,2,0,0,0,2818,2818
3575001,3580000,3,L11-4,2,0,0,0,3027,3027
3615001,3620000,1,L11-4,2,0,0,0,1004,1004
3630001,3635000,1,L11-4,2,0,0,0,2135,2135
3660001,3665000,0,L11-4,2,1,0,0,0,2690
3665001,3670000,0,L11-4,2,1,0,0,0,403
3680001,3685000,1,L11-4,2,0,0,0,1103,1103
3700001,3705000,3,L11-4,2,0,0,0,1935,1935
3705001,3710000,2,L11-4,2,0,0,0,2130,2130
3755001,3760000,0,L11-4,2,0,1,0,0,0
3810001,3815000,1,L11-4,2,0,0,0,333,333
3815001,3820000,2,L11-4,2,0,0,0,2647,2647
3865001,3870000,1,L11-4,2,0,0,0,1019,1019
3890001,3895000,2,L11-4,2,0,0,0,1756,1756
3895001,3900000,3,L11-4,2,0,0,0,1891,1891
3905001,3910000,2,L11-4,2,0,0,0,2731,2731
3915001,3920000,0,L11-4,2,1,0,0,0,7
3920001,3925000,0,L11-4,2,1,0,0,0,3085
3955001,3960000,1,L11-4,2,0,0,0,2414,2414
3960001,3965000,5,L11-4,2,0,0,0,3910,3910
3965001,3970000,1,L11-4,2,0,0,0,738,738
3975001,3980000,0,L11-4,2,0,1,0,0,0
3980001,3985000,0,L11-4,2,1,0,0,0,3094
3990001,3995000,1,L11-4,2,0,0,0,1044,1044
3995001,4000000,2,L11-4,2,0,0,0,2155,2155
