first,last,ess_cnt,line,gen_id,is_cnt,ins_cnt,ins_cnt_simple,ess_bp,ess_IS_bp
20001,30000,1,L01-1,1,0,0,0,75,75
40001,50000,1,L01-1,1,0,0,0,1259,1259
50001,60000,3,L01-1,1,0,0,0,228,228
60001,70000,2,L01-1,1,0,0,0,1678,1678
100001,110000,1,L01-1,1,0,0,0,545,545
120001,130000,2,L01-1,1,0,0,0,3382,3382
190001,200000,2,L01-1,1,0,0,0,2094,2094
200001,210000,1,L01-1,1,0,0,0,1063,1063
230001,240000,1,L01-1,1,0,0,0,320,320
240001,250000,6,L01-1,1,0,0,0,3626,3626
250001,260000,7,L01-1,1,0,0,0,6217,6217
260001,270000,1,L01-1,1,0,0,0,3824,3824
320001,330000,2,L01-1,1,0,0,0,2574,2574
330001,340000,3,L01-1,1,0,0,0,2744,2744
340001,350000,2,L01-1,1,0,0,0,536,536
440001,450000,3,L01-1,1,0,0,0,2099,2099
450001,460000,1,L01-1,1,0,0,0,406,406
460001,470000,4,L01-1,1,0,0,0,2840,2840
470001,480000,1,L01-1,1,1,0,0,186,3259
480001,490000,0,L01-1,1,1,0,0,0,20
500001,510000,1,L01-1,1,0,0,0,227,227
520001,530000,1,L01-1,1,0,0,0,530,530
550001,560000,0,L01-1,1,1,1,0,0,2834
560001,570000,3,L01-1,1,1,1,0,5037,5296
580001,590000,2,L01-1,1,0,0,0,1276,1276
640001,650000,4,L01-1,1,0,0,0,5201,5201
650001,660000,1,L01-1,1,0,0,0,821,821
670001,680000,2,L01-1,1,0,0,0,2833,2833
710001,720000,6,L01-1,1,0,1,1,6700,6700
720001,730000,9,L01-1,1,0,0,0,8638,8638
730001,740000,3,L01-1,1,0,0,0,3791,3791
760001,770000,1,L01-1,1,0,0,0,662,662
770001,780000,1,L01-1,1,0,0,0,479,479
780001,790000,2,L01-1,1,0,0,0,60,60
790001,800000,2,L01-1,1,0,0,0,1564,1564
800001,810000,7,L01-1,1,0,0,0,4618,4618
810001,820000,9,L01-1,1,0,0,0,9039,9039
820001,830000,4,L01-1,1,0,0,0,6572,6572
830001,840000,1,L01-1,1,0,0,0,1718,1718
930001,940000,1,L01-1,1,0,0,0,974,974
960001,970000,4,L01-1,1,0,0,0,4057,4057
970001,980000,5,L01-1,1,0,0,0,4491,4491
1010001,1020000,1,L01-1,1,0,0,0,113,113
1020001,1030000,1,L01-1,1,0,0,0,1929,1929
1030001,1040000,2,L01-1,1,0,0,0,1606,1606
1080001,1090000,3,L01-1,1,0,0,0,2973,2973
1090001,1100000,1,L01-1,1,0,0,0,76,76
1160001,1170000,2,L01-1,1,0,0,0,3013,3013
1170001,1180000,4,L01-1,1,0,0,0,4835,4835
1180001,1190000,0,L01-1,1,1,0,0,0,2170
1190001,1200000,0,L01-1,1,1,0,0,0,2502
1200001,1210000,1,L01-1,1,0,1,0,1400,1400
1210001,1220000,3,L01-1,1,0,0,0,6459,6459
1220001,1230000,4,L01-1,1,0,0,0,4518,4518
1230001,1240000,1,L01-1,1,0,0,0,632,632
1250001,1260000,3,L01-1,1,0,0,0,5895,5895
1260001,1270000,1,L01-1,1,0,0,0,218,218
1400001,1410000,0,L01-1,1,1,0,0,0,3093
1470001,1480000,2,L01-1,1,0,0,0,1031,1031
1480001,1490000,1,L01-1,1,0,0,0,1163,1163
1490001,1500000,2,L01-1,1,1,0,0,1622,2393
1500001,1510000,0,L01-1,1,1,0,0,0,3892
1510001,1520000,1,L01-1,1,0,0,0,518,518
1530001,1540000,1,L01-1,1,0,0,0,87,87
1610001,1620000,3,L01-1,1,0,0,0,5040,5040
1620001,1630000,5,L01-1,1,0,0,0,3541,3541
1640001,1650000,3,L01-1,1,0,0,0,2840,2840
1650001,1660000,1,L01-1,1,0,0,0,297,297
1660001,1670000,1,L01-1,1,0,0,0,1106,1106
1670001,1680000,0,L01-1,1,0,1,1,0,0
1700001,1710000,5,L01-1,1,0,0,0,3504,3504
1710001,1720000,4,L01-1,1,0,0,0,3526,3526
1770001,1780000,1,L01-1,1,0,0,0,2597,2597
1780001,1790000,1,L01-1,1,0,0,0,590,590
1790001,1800000,1,L01-1,1,0,0,0,788,788
1950001,1960000,0,L01-1,1,0,1,1,0,0
1980001,1990000,0,L01-1,1,1,0,0,0,3553
1990001,2000000,0,L01-1,1,1,0,0,0,1110
2030001,2040000,1,L01-1,1,0,0,0,1274,1274
2050001,2060000,1,L01-1,1,0,0,0,32,32
2060001,2070000,1,L01-1,1,0,0,0,609,609
2110001,2120000,5,L01-1,1,0,0,0,6196,6196
2130001,2140000,1,L01-1,1,0,0,0,177,177
2140001,2150000,1,L01-1,1,0,0,0,650,650
2180001,2190000,1,L01-1,1,0,0,0,995,995
2200001,2210000,1,L01-1,1,0,0,0,695,695
2260001,2270000,1,L01-1,1,0,0,0,1772,1772
2270001,2280000,1,L01-1,1,0,0,0,1734,1734
2290001,2300000,3,L01-1,1,0,0,0,707,707
2300001,2310000,0,L01-1,1,1,0,0,0,3515
2310001,2320000,0,L01-1,1,1,0,0,0,1148
2400001,2410000,1,L01-1,1,0,0,0,1099,1099
2410001,2420000,1,L01-1,1,0,0,0,934,934
2450001,2460000,1,L01-1,1,0,0,0,668,668
2490001,2500000,1,L01-1,1,0,0,0,1023,1023
2500001,2510000,1,L01-1,1,0,0,0,738,738
2540001,2550000,1,L01-1,1,0,0,0,2386,2386
2550001,2560000,3,L01-1,1,0,0,0,3656,3656
2640001,2650000,2,L01-1,1,0,0,0,2182,2182
2650001,2660000,1,L01-1,1,0,0,0,1220,1220
2660001,2670000,0,L01-1,1,0,2,0,0,0
2710001,2720000,1,L01-1,1,0,0,0,1415,1415
2720001,2730000,2,L01-1,1,0,0,0,3001,3001
2770001,2780000,1,L01-1,1,0,0,0,1127,1127
2780001,2790000,1,L01-1,1,0,0,0,878,878
2800001,2810000,1,L01-1,1,0,0,0,746,746
2820001,2830000,3,L01-1,1,0,0,0,3864,3864
2840001,2850000,1,L01-1,1,0,0,0,491,491
2850001,2860000,1,L01-1,1,0,0,0,312,312
2880001,2890000,2,L01-1,1,0,0,0,1285,1285
2890001,2900000,1,L01-1,1,0,0,0,974,974
2900001,2910000,1,L01-1,1,0,0,0,1208,1208
2910001,2920000,1,L01-1,1,0,0,0,147,147
2920001,2930000,1,L01-1,1,0,0,0,737,737
2930001,2940000,6,L01-1,1,0,0,0,4194,4194
2960001,2970000,2,L01-1,1,0,0,0,159,159
2970001,2980000,2,L01-1,1,0,0,0,2748,2748
3020001,3030000,3,L01-1,1,0,0,0,1500,1500
3050001,3060000,2,L01-1,1,0,0,0,2304,2304
3060001,3070000,1,L01-1,1,0,0,0,631,631
3110001,3120000,1,L01-1,1,0,0,0,875,875
3180001,3190000,1,L01-1,1,0,0,0,1098,1098
3210001,3220000,2,L01-1,1,0,0,0,2242,2242
3230001,3240000,2,L01-1,1,0,0,0,1280,1280
3240001,3250000,1,L01-1,1,0,0,0,290,290
3280001,3290000,2,L01-1,1,0,0,0,2995,2995
3290001,3300000,1,L01-1,1,0,0,0,1892,1892
3300001,3310000,1,L01-1,1,0,0,0,653,653
3310001,3320000,2,L01-1,1,0,0,0,1606,1606
3320001,3330000,3,L01-1,1,0,0,0,4599,4599
3370001,3380000,0,L01-1,1,1,0,0,0,3093
3380001,3390000,1,L01-1,1,0,0,0,374,374
3430001,3440000,4,L01-1,1,0,0,0,4651,4651
3440001,3450000,5,L01-1,1,0,0,0,4294,4294
3450001,3460000,5,L01-1,1,0,0,0,3406,3406
3460001,3470000,3,L01-1,1,0,0,0,1524,1524
3480001,3490000,2,L01-1,1,0,0,0,789,789
3490001,3500000,2,L01-1,1,0,0,0,1098,1098
3500001,3510000,1,L01-1,1,0,0,0,234,234
3510001,3520000,5,L01-1,1,0,0,0,4219,4219
3540001,3550000,3,L01-1,1,0,0,0,2028,2028
3550001,3560000,18,L01-1,1,0,0,0,8299,8299
3560001,3570000,13,L01-1,1,0,0,0,7546,7546
3570001,3580000,1,L01-1,1,0,0,0,4,4
3600001,3610000,1,L01-1,1,0,0,0,1004,1004
3620001,3630000,1,L01-1,1,0,0,0,2135,2135
3660001,3670000,1,L01-1,1,0,0,0,771,771
3670001,3680000,1,L01-1,1,0,0,0,332,332
3690001,3700000,4,L01-1,1,0,0,0,4066,4066
3700001,3710000,0,L01-1,1,0,1,1,0,0
3800001,3810000,2,L01-1,1,0,0,0,2980,2980
3850001,3860000,1,L01-1,1,0,0,0,1019,1019
3860001,3870000,0,L01-1,1,1,0,0,0,3092
3880001,3890000,5,L01-1,1,0,0,0,3423,3423
3890001,3900000,3,L01-1,1,0,0,0,2692,2692
3900001,3910000,1,L01-1,1,0,0,0,263,263
3950001,3960000,3,L01-1,1,0,0,0,4917,4917
3960001,3970000,3,L01-1,1,1,0,0,2145,6806
3980001,3990000,1,L01-1,1,0,0,0,53,53
3990001,4000000,2,L01-1,1,0,0,0,3146,3146
20001,30000,1,L01-1,2,0,0,0,75,75
40001,50000,1,L01-1,2,0,0,0,1259,1259
50001,60000,3,L01-1,2,0,0,0,228,228
60001,70000,2,L01-1,2,0,0,0,1677,1677
100001,110000,1,L01-1,2,0,0,0,545,545
120001,130000,2,L01-1,2,0,0,0,3382,3382
190001,200000,2,L01-1,2,0,0,0,2103,2103
200001,210000,1,L01-1,2,0,0,0,1054,1054
230001,240000,1,L01-1,2,0,0,0,328,328
240001,250000,6,L01-1,2,0,0,0,3618,3618
250001,260000,7,L01-1,2,0,0,0,6224,6224
260001,270000,1,L01-1,2,0,0,0,3817,3817
320001,330000,2,L01-1,2,0,0,0,2587,2587
330001,340000,3,L01-1,2,0,0,0,2731,2731
340001,350000,1,L01-1,2,0,0,0,536,536
440001,450000,3,L01-1,2,0,0,0,2114,2114
450001,460000,1,L01-1,2,0,0,0,391,391
460001,470000,4,L01-1,2,0,0,0,2855,2855
470001,480000,1,L01-1,2,1,0,0,171,3259
480001,490000,0,L01-1,2,1,0,0,0,4
500001,510000,1,L01-1,2,0,0,0,227,227
520001,530000,1,L01-1,2,0,0,0,530,530
550001,560000,1,L01-1,2,1,1,0,2855,5948
560001,570000,2,L01-1,2,0,0,0,2182,2182
580001,590000,2,L01-1,2,0,0,0,1276,1276
630001,640000,2,L01-1,2,0,0,0,1258,1258
640001,650000,4,L01-1,2,0,0,0,4764,4764
660001,670000,1,L01-1,2,0,0,0,479,479
670001,680000,1,L01-1,2,0,0,0,2354,2354
700001,710000,0,L01-1,2,1,0,0,0,3092
710001,720000,7,L01-1,2,0,0,0,8561,8561
720001,730000,9,L01-1,2,0,0,0,8578,8578
730001,740000,2,L01-1,2,0,0,0,1990,1990
760001,770000,1,L01-1,2,0,0,0,662,662
770001,780000,1,L01-1,2,0,0,0,479,479
780001,790000,1,L01-1,2,0,0,0,1280,1280
790001,800000,2,L01-1,2,0,0,0,748,748
800001,810000,8,L01-1,2,0,0,0,5892,5892
810001,820000,9,L01-1,2,0,0,0,8595,8595
820001,830000,3,L01-1,2,0,0,0,5338,5338
830001,840000,1,L01-1,2,0,0,0,1718,1718
930001,940000,1,L01-1,2,0,0,0,974,974
960001,970000,6,L01-1,2,0,0,0,5787,5787
970001,980000,2,L01-1,2,0,0,0,2761,2761
1000001,1010000,1,L01-1,2,0,0,0,113,113
1020001,1030000,1,L01-1,2,0,0,0,1931,1931
1030001,1040000,2,L01-1,2,0,0,0,1606,1606
1060001,1070000,0,L01-1,2,0,1,1,0,0
1070001,1080000,1,L01-1,2,0,0,0,715,715
1080001,1090000,3,L01-1,2,0,0,0,2258,2258
1090001,1100000,1,L01-1,2,0,0,0,76,76
1160001,1170000,4,L01-1,2,0,0,0,3952,3952
1170001,1180000,3,L01-1,2,0,0,0,3896,3896
1180001,1190000,0,L01-1,2,1,0,0,0,4021
1190001,1200000,1,L01-1,2,1,0,0,1400,2042
1200001,1210000,0,L01-1,2,1,0,0,0,3093
1210001,1220000,3,L01-1,2,0,0,0,6459,6459
1220001,1230000,3,L01-1,2,0,0,0,3477,3477
1230001,1240000,1,L01-1,2,0,0,0,1673,1673
1250001,1260000,3,L01-1,2,0,0,0,5247,5247
1260001,1270000,2,L01-1,2,0,0,0,866,866
1390001,1400000,0,L01-1,2,0,1,0,0,0
1400001,1410000,0,L01-1,2,1,0,0,0,3092
1470001,1480000,1,L01-1,2,0,0,0,530,530
1480001,1490000,1,L01-1,2,0,0,0,1664,1664
1490001,1500000,2,L01-1,2,0,0,0,1622,1622
1500001,1510000,0,L01-1,2,1,0,0,0,4662
1520001,1530000,1,L01-1,2,0,0,0,518,518
1530001,1540000,1,L01-1,2,0,0,0,87,87
1610001,1620000,3,L01-1,2,0,0,0,5040,5040
1620001,1630000,5,L01-1,2,0,0,0,3541,3541
1640001,1650000,2,L01-1,2,0,0,0,1598,1598
1650001,1660000,2,L01-1,2,0,0,0,1539,1539
1660001,1670000,1,L01-1,2,0,0,0,1106,1106
1670001,1680000,0,L01-1,2,1,1,0,0,3093
1680001,1690000,0,L01-1,2,0,1,0,0,0
1700001,1710000,1,L01-1,2,0,0,0,584,584
1710001,1720000,7,L01-1,2,0,0,0,6446,6446
1740001,1750000,0,L01-1,2,0,1,1,0,0
1770001,1780000,1,L01-1,2,0,1,1,17,17
1780001,1790000,2,L01-1,2,0,0,0,3170,3170
1790001,1800000,1,L01-1,2,0,2,0,788,788
1830001,1840000,0,L01-1,2,0,1,0,0,0
1920001,1930000,0,L01-1,2,0,1,0,0,0
1950001,1960000,0,L01-1,2,1,0,0,0,2684
1960001,1970000,0,L01-1,2,1,0,0,0,409
1990001,2000000,0,L01-1,2,1,0,0,0,3094
2030001,2040000,0,L01-1,2,1,0,0,0,4663
2070001,2080000,1,L01-1,2,0,0,0,1275,1275
2100001,2110000,1,L01-1,2,0,0,0,641,641
2150001,2160000,2,L01-1,2,0,0,0,3030,3030
2160001,2170000,4,L01-1,2,0,0,0,3166,3166
2170001,2180000,0,L01-1,2,0,1,1,0,0
2180001,2190000,1,L01-1,2,0,0,0,827,827
2210001,2220000,0,L01-1,2,0,1,1,0,0
2220001,2230000,1,L01-1,2,0,0,0,995,995
2250001,2260000,1,L01-1,2,0,1,0,695,695
2260001,2270000,0,L01-1,2,0,1,0,0,0
2300001,2310000,1,L01-1,2,0,0,0,1293,1293
2310001,2320000,1,L01-1,2,0,0,0,479,479
2320001,2330000,1,L01-1,2,0,0,0,1733,1733
2330001,2340000,3,L01-1,2,0,0,0,707,707
2350001,2360000,0,L01-1,2,1,0,0,0,4663
2360001,2370000,0,L01-1,2,0,1,0,0,0
2440001,2450000,0,L01-1,2,0,1,0,0,0
2450001,2460000,1,L01-1,2,0,1,0,2033,2033
2500001,2510000,1,L01-1,2,0,0,0,668,668
2540001,2550000,1,L01-1,2,0,0,0,1760,1760
2590001,2600000,2,L01-1,2,0,0,0,2917,2917
2600001,2610000,2,L01-1,2,0,0,0,3125,3125
2680001,2690000,2,L01-1,2,0,0,0,2182,2182
2690001,2700000,1,L01-1,2,0,0,0,1220,1220
2700001,2710000,0,L01-1,2,1,0,0,0,3092
2710001,2720000,0,L01-1,2,0,1,0,0,0
2750001,2760000,1,L01-1,2,0,0,0,1415,1415
2760001,2770000,2,L01-1,2,0,0,0,3000,3000
2820001,2830000,2,L01-1,2,0,0,0,2005,2005
2840001,2850000,1,L01-1,2,0,0,0,746,746
2850001,2860000,0,L01-1,2,0,1,1,0,0
2860001,2870000,3,L01-1,2,0,0,0,3088,3088
2870001,2880000,1,L01-1,2,0,0,0,776,776
2890001,2900000,1,L01-1,2,0,0,0,803,803
2920001,2930000,1,L01-1,2,0,0,0,380,380
2930001,2940000,2,L01-1,2,0,0,0,1879,1879
2950001,2960000,1,L01-1,2,0,0,0,1355,1355
2960001,2970000,1,L01-1,2,0,0,0,737,737
2970001,2980000,6,L01-1,2,0,0,0,3518,3518
2980001,2990000,1,L01-1,2,0,0,0,676,676
3010001,3020000,3,L01-1,2,0,0,0,2906,2906
3060001,3070000,3,L01-1,2,0,0,0,1500,1500
3090001,3100000,0,L01-1,2,0,1,0,0,0
3100001,3110000,2,L01-1,2,0,0,0,2935,2935
3110001,3120000,0,L01-1,2,0,1,0,0,0
3120001,3130000,0,L01-1,2,0,1,0,0,0
3150001,3160000,1,L01-1,2,0,0,0,875,875
3220001,3230000,1,L01-1,2,0,0,0,1098,1098
3260001,3270000,2,L01-1,2,0,0,0,2242,2242
3270001,3280000,1,L01-1,2,0,0,0,1154,1154
3280001,3290000,1,L01-1,2,0,0,0,416,416
3320001,3330000,2,L01-1,2,0,0,0,2996,2996
3330001,3340000,1,L01-1,2,0,0,0,1892,1892
3340001,3350000,1,L01-1,2,0,0,0,653,653
3350001,3360000,1,L01-1,2,0,0,0,1238,1238
3360001,3370000,4,L01-1,2,0,0,0,3416,3416
3370001,3380000,1,L01-1,2,0,0,0,1551,1551
3410001,3420000,0,L01-1,2,1,0,0,0,3092
3420001,3430000,1,L01-1,2,0,0,0,24,24
3430001,3440000,1,L01-1,2,0,0,0,352,352
3470001,3480000,2,L01-1,2,0,0,0,4159,4159
3480001,3490000,3,L01-1,2,0,0,0,3357,3357
3490001,3500000,5,L01-1,2,0,0,0,3970,3970
3500001,3510000,4,L01-1,2,0,0,0,2389,2389
3530001,3540000,3,L01-1,2,0,0,0,1887,1887
3550001,3560000,4,L01-1,2,0,0,0,2919,2919
3560001,3570000,2,L01-1,2,0,0,0,1534,1534
3580001,3590000,3,L01-1,2,0,0,0,2028,2028
3590001,3600000,11,L01-1,2,0,0,0,5653,5653
3600001,3610000,18,L01-1,2,0,0,0,7418,7418
3610001,3620000,3,L01-1,2,0,0,0,2778,2778
3650001,3660000,1,L01-1,2,0,0,0,1004,1004
3660001,3670000,1,L01-1,2,0,0,0,2135,2135
3710001,3720000,1,L01-1,2,0,0,0,1103,1103
3730001,3740000,4,L01-1,2,0,0,0,4066,4066
3740001,3750000,0,L01-1,2,1,0,0,0,2496
3750001,3760000,0,L01-1,2,1,1,0,0,2167
3850001,3860000,2,L01-1,2,0,0,0,2980,2980
3880001,3890000,0,L01-1,2,0,1,1,0,0
3900001,3910000,1,L01-1,2,0,0,0,1019,1019
3910001,3920000,0,L01-1,2,1,0,0,0,3092
20001,30000,1,L01-2,1,0,0,0,75,75
40001,50000,1,L01-2,1,0,0,0,1259,1259
50001,60000,3,L01-2,1,0,0,0,228,228
60001,70000,2,L01-2,1,0,0,0,1678,1678
100001,110000,1,L01-2,1,0,0,0,545,545
120001,130000,2,L01-2,1,0,0,0,3382,3382
190001,200000,2,L01-2,1,0,0,0,2094,2094
200001,210000,1,L01-2,1,0,0,0,1063,1063
230001,240000,1,L01-2,1,0,0,0,320,320
240001,250000,6,L01-2,1,0,0,0,3626,3626
250001,260000,7,L01-2,1,0,0,0,6217,6217
260001,270000,1,L01-2,1,0,0,0,3824,3824
320001,330000,2,L01-2,1,0,0,0,2574,2574
330001,340000,3,L01-2,1,0,0,0,2744,2744
340001,350000,2,L01-2,1,0,0,0,536,536
440001,450000,3,L01-2,1,0,0,0,2099,2099
450001,460000,1,L01-2,1,0,0,0,406,406
460001,470000,4,L01-2,1,0,0,0,2840,2840
470001,480000,1,L01-2,1,1,0,0,186,3259
480001,490000,0,L01-2,1,1,0,0,0,20
500001,510000,1,L01-2,1,0,0,0,227,227
520001,530000,1,L01-2,1,0,0,0,530,530
530001,540000,0,L01-2,1,0,1,0,0,0
550001,560000,0,L01-2,1,1,0,0,0,2834
560001,570000,3,L01-2,1,1,0,0,5037,5296
570001,580000,0,L01-2,1,0,1,0,0,0
580001,590000,2,L01-2,1,0,1,0,1276,1276
640001,650000,4,L01-2,1,0,0,0,5201,5201
650001,660000,1,L01-2,1,0,0,0,821,821
670001,680000,2,L01-2,1,0,0,0,2833,2833
710001,720000,6,L01-2,1,0,0,0,6700,6700
720001,730000,9,L01-2,1,0,0,0,8638,8638
730001,740000,3,L01-2,1,0,0,0,3791,3791
760001,770000,1,L01-2,1,0,0,0,662,662
770001,780000,1,L01-2,1,0,0,0,479,479
780001,790000,2,L01-2,1,0,0,0,60,60
790001,800000,2,L01-2,1,0,0,0,1564,1564
800001,810000,7,L01-2,1,0,0,0,4618,4618
810001,820000,9,L01-2,1,0,0,0,9039,9039
820001,830000,4,L01-2,1,0,0,0,6572,6572
830001,840000,1,L01-2,1,0,0,0,1718,1718
930001,940000,1,L01-2,1,0,0,0,974,974
960001,970000,4,L01-2,1,0,0,0,4057,4057
970001,980000,5,L01-2,1,0,0,0,4491,4491
1010001,1020000,1,L01-2,1,0,0,0,113,113
1020001,1030000,1,L01-2,1,0,0,0,1929,1929
1030001,1040000,2,L01-2,1,0,0,0,1606,1606
1080001,1090000,3,L01-2,1,0,0,0,2973,2973
1090001,1100000,1,L01-2,1,0,0,0,76,76
1160001,1170000,2,L01-2,1,0,0,0,3013,3013
1170001,1180000,4,L01-2,1,0,0,0,4835,4835
1180001,1190000,0,L01-2,1,1,0,0,0,2170
1190001,1200000,0,L01-2,1,1,1,0,0,2502
1200001,1210000,1,L01-2,1,0,1,0,1400,1400
1210001,1220000,3,L01-2,1,0,0,0,6459,6459
1220001,1230000,4,L01-2,1,0,0,0,4518,4518
1230001,1240000,1,L01-2,1,0,0,0,632,632
1250001,1260000,3,L01-2,1,0,0,0,5895,5895
1260001,1270000,1,L01-2,1,0,0,0,218,218
1400001,1410000,0,L01-2,1,1,0,0,0,3093
1470001,1480000,2,L01-2,1,0,0,0,1031,1031
1480001,1490000,1,L01-2,1,0,0,0,1163,1163
1490001,1500000,2,L01-2,1,1,0,0,1622,2393
1500001,1510000,0,L01-2,1,1,0,0,0,3892
1510001,1520000,1,L01-2,1,0,0,0,518,518
1530001,1540000,1,L01-2,1,0,0,0,87,87
1610001,1620000,3,L01-2,1,0,0,0,5040,5040
1620001,1630000,5,L01-2,1,0,0,0,3541,3541
1640001,1650000,3,L01-2,1,0,0,0,2840,2840
1650001,1660000,1,L01-2,1,0,0,0,297,297
1660001,1670000,1,L01-2,1,0,0,0,1106,1106
1700001,1710000,5,L01-2,1,0,0,0,3504,3504
1710001,1720000,4,L01-2,1,0,0,0,3526,3526
1770001,1780000,1,L01-2,1,0,0,0,2597,2597
1780001,1790000,1,L01-2,1,0,0,0,590,590
1790001,1800000,1,L01-2,1,0,0,0,788,788
1980001,1990000,0,L01-2,1,1,0,0,0,3553
1990001,2000000,0,L01-2,1,1,0,0,0,1110
2030001,2040000,1,L01-2,1,0,0,0,1274,1274
2050001,2060000,1,L01-2,1,0,0,0,32,32
2060001,2070000,1,L01-2,1,0,0,0,609,609
2100001,2110000,0,L01-2,1,0,1,1,0,0
2110001,2120000,5,L01-2,1,0,0,0,6196,6196
2130001,2140000,1,L01-2,1,0,0,0,177,177
2140001,2150000,1,L01-2,1,0,0,0,650,650
2180001,2190000,1,L01-2,1,0,0,0,995,995
2200001,2210000,1,L01-2,1,0,0,0,695,695
2260001,2270000,1,L01-2,1,0,0,0,1772,1772
2270001,2280000,1,L01-2,1,0,0,0,1734,1734
2290001,2300000,3,L01-2,1,0,0,0,707,707
2300001,2310000,0,L01-2,1,1,1,0,0,3515
2310001,2320000,0,L01-2,1,1,0,0,0,1148
2400001,2410000,1,L01-2,1,0,0,0,1099,1099
2410001,2420000,1,L01-2,1,0,0,0,934,934
2450001,2460000,1,L01-2,1,0,0,0,668,668
2490001,2500000,1,L01-2,1,0,0,0,1023,1023
2500001,2510000,1,L01-2,1,0,0,0,738,738
2540001,2550000,1,L01-2,1,0,0,0,2386,2386
2550001,2560000,3,L01-2,1,0,0,0,3656,3656
2640001,2650000,2,L01-2,1,0,0,0,2182,2182
2650001,2660000,1,L01-2,1,0,0,0,1220,1220
2710001,2720000,1,L01-2,1,0,0,0,1415,1415
2720001,2730000,2,L01-2,1,0,0,0,3001,3001
2770001,2780000,1,L01-2,1,0,0,0,1127,1127
2780001,2790000,1,L01-2,1,0,0,0,878,878
2800001,2810000,1,L01-2,1,0,0,0,746,746
2820001,2830000,3,L01-2,1,0,0,0,3864,3864
2840001,2850000,1,L01-2,1,0,0,0,491,491
2850001,2860000,1,L01-2,1,0,0,0,312,312
2880001,2890000,2,L01-2,1,0,0,0,1285,1285
2890001,2900000,1,L01-2,1,0,0,0,974,974
2900001,2910000,1,L01-2,1,0,0,0,1208,1208
2910001,2920000,1,L01-2,1,0,0,0,147,147
2920001,2930000,1,L01-2,1,0,0,0,737,737
2930001,2940000,6,L01-2,1,0,0,0,4194,4194
2960001,2970000,2,L01-2,1,0,0,0,159,159
2970001,2980000,2,L01-2,1,0,0,0,2748,2748
3020001,3030000,3,L01-2,1,0,0,0,1500,1500
3050001,3060000,2,L01-2,1,0,0,0,2304,2304
3060001,3070000,1,L01-2,1,0,0,0,631,631
3110001,3120000,1,L01-2,1,0,0,0,875,875
3180001,3190000,1,L01-2,1,0,0,0,1098,1098
3210001,3220000,2,L01-2,1,0,0,0,2242,2242
3230001,3240000,2,L01-2,1,0,0,0,1280,1280
3240001,3250000,1,L01-2,1,0,0,0,290,290
3280001,3290000,2,L01-2,1,0,0,0,2995,2995
3290001,3300000,1,L01-2,1,0,0,0,1892,1892
3300001,3310000,1,L01-2,1,0,0,0,653,653
3310001,3320000,2,L01-2,1,0,0,0,1606,1606
3320001,3330000,3,L01-2,1,0,0,0,4599,4599
3370001,3380000,0,L01-2,1,1,0,0,0,3093
3380001,3390000,1,L01-2,1,0,0,0,374,374
3430001,3440000,4,L01-2,1,0,0,0,4651,4651
3440001,3450000,5,L01-2,1,0,0,0,4294,4294
3450001,3460000,5,L01-2,1,0,0,0,3406,3406
3460001,3470000,3,L01-2,1,0,0,0,1524,1524
3480001,3490000,2,L01-2,1,0,0,0,789,789
3490001,3500000,2,L01-2,1,0,0,0,1098,1098
3500001,3510000,1,L01-2,1,0,0,0,234,234
3510001,3520000,5,L01-2,1,0,0,0,4219,4219
3520001,3530000,0,L01-2,1,0,2,0,0,0
3540001,3550000,3,L01-2,1,0,0,0,2028,2028
3550001,3560000,18,L01-2,1,0,0,0,8299,8299
3560001,3570000,13,L01-2,1,0,0,0,7546,7546
3570001,3580000,1,L01-2,1,0,0,0,4,4
3600001,3610000,1,L01-2,1,0,0,0,1004,1004
3620001,3630000,1,L01-2,1,0,0,0,2135,2135
3660001,3670000,1,L01-2,1,0,0,0,771,771
3670001,3680000,1,L01-2,1,0,0,0,332,332
3690001,3700000,4,L01-2,1,0,0,0,4066,4066
3800001,3810000,2,L01-2,1,0,0,0,2980,2980
3850001,3860000,1,L01-2,1,0,0,0,1019,1019
3860001,3870000,0,L01-2,1,1,1,1,0,3092
3880001,3890000,5,L01-2,1,0,0,0,3423,3423
3890001,3900000,3,L01-2,1,0,0,0,2692,2692
3900001,3910000,1,L01-2,1,0,0,0,263,263
3950001,3960000,3,L01-2,1,0,0,0,4917,4917
3960001,3970000,3,L01-2,1,1,0,0,2145,6806
3980001,3990000,1,L01-2,1,0,0,0,53,53
3990001,4000000,2,L01-2,1,0,0,0,3146,3146
20001,30000,1,L01-2,2,0,0,0,75,75
40001,50000,1,L01-2,2,0,0,0,1259,1259
50001,60000,3,L01-2,2,0,0,0,228,228
60001,70000,2,L01-2,2,0,0,0,1678,1678
100001,110000,1,L01-2,2,0,0,0,545,545
120001,130000,2,L01-2,2,0,0,0,3382,3382
190001,200000,2,L01-2,2,0,0,0,2096,2096
200001,210000,1,L01-2,2,0,0,0,1061,1061
230001,240000,1,L01-2,2,0,0,0,321,321
240001,250000,6,L01-2,2,0,0,0,3625,3625
250001,260000,7,L01-2,2,0,0,0,6221,6221
260001,270000,1,L01-2,2,0,0,0,3820,3820
320001,330000,2,L01-2,2,0,0,0,2581,2581
330001,340000,3,L01-2,2,0,0,0,2737,2737
340001,350000,1,L01-2,2,0,0,0,536,536
440001,450000,3,L01-2,2,0,0,0,2106,2106
450001,460000,1,L01-2,2,0,0,0,399,399
460001,470000,4,L01-2,2,0,0,0,2846,2846
470001,480000,1,L01-2,2,1,0,0,180,3259
480001,490000,0,L01-2,2,1,0,0,0,13
500001,510000,1,L01-2,2,0,0,0,227,227
520001,530000,1,L01-2,2,0,0,0,530,530
530001,540000,0,L01-2,2,1,1,0,0,3093
550001,560000,0,L01-2,2,1,1,0,0,3093
610001,620000,5,L01-2,2,0,0,0,6022,6022
630001,640000,1,L01-2,2,0,0,0,479,479
640001,650000,1,L01-2,2,0,0,0,2354,2354
670001,680000,1,L01-2,2,0,0,0,205,205
680001,690000,9,L01-2,2,0,0,0,9927,9927
690001,700000,7,L01-2,2,0,0,0,8377,8377
700001,710000,1,L01-2,2,0,0,0,620,620
730001,740000,1,L01-2,2,0,0,0,662,662
740001,750000,1,L01-2,2,0,0,0,479,479
750001,760000,2,L01-2,2,0,0,0,1624,1624
760001,770000,1,L01-2,2,0,0,0,824,824
770001,780000,9,L01-2,2,0,0,0,7071,7071
780001,790000,7,L01-2,2,0,0,0,8620,8620
790001,800000,4,L01-2,2,0,0,0,3809,3809
800001,810000,1,L01-2,2,0,0,0,1623,1623
900001,910000,1,L01-2,2,0,0,0,974,974
920001,930000,1,L01-2,2,0,0,0,623,623
930001,940000,6,L01-2,2,0,0,0,5164,5164
940001,950000,2,L01-2,2,0,0,0,2761,2761
970001,980000,1,L01-2,2,0,0,0,113,113
990001,1000000,3,L01-2,2,0,0,0,2791,2791
1000001,1010000,1,L01-2,2,0,0,0,746,746
1040001,1050000,2,L01-2,2,0,0,0,1673,1673
1050001,1060000,3,L01-2,2,0,0,0,1375,1375
1130001,1140000,6,L01-2,2,0,0,0,5569,5569
1140001,1150000,1,L01-2,2,0,0,0,2279,2279
1150001,1160000,0,L01-2,2,1,0,0,0,4661
1160001,1170000,1,L01-2,2,0,0,0,1400,1400
1170001,1180000,1,L01-2,2,1,0,0,1016,4109
1180001,1190000,4,L01-2,2,0,0,0,6189,6189
1190001,1200000,3,L01-2,2,0,0,0,4404,4404
1210001,1220000,1,L01-2,2,0,0,0,949,949
1220001,1230000,3,L01-2,2,0,0,0,4946,4946
1230001,1240000,1,L01-2,2,0,0,0,218,218
1370001,1380000,0,L01-2,2,1,0,0,0,3092
1430001,1440000,0,L01-2,2,0,1,1,0,0
1440001,1450000,2,L01-2,2,0,0,0,2194,2194
1450001,1460000,1,L01-2,2,0,0,0,84,84
1460001,1470000,1,L01-2,2,1,0,0,1538,5167
1470001,1480000,0,L01-2,2,1,0,0,0,1033
1480001,1490000,1,L01-2,2,0,0,0,518,518
1500001,1510000,1,L01-2,2,0,0,0,87,87
1520001,1530000,0,L01-2,2,0,1,1,0,0
1570001,1580000,1,L01-2,2,0,0,0,1535,1535
1580001,1590000,4,L01-2,2,0,0,0,4894,4894
1590001,1600000,4,L01-2,2,0,0,0,2152,2152
1610001,1620000,3,L01-2,2,0,0,0,3137,3137
1630001,1640000,1,L01-2,2,0,0,0,1106,1106
1670001,1680000,7,L01-2,2,0,0,0,6176,6176
1680001,1690000,1,L01-2,2,0,0,0,854,854
1740001,1750000,1,L01-2,2,0,0,0,2597,2597
1750001,1760000,1,L01-2,2,0,0,0,590,590
1760001,1770000,1,L01-2,2,0,0,0,788,788
1950001,1960000,0,L01-2,2,1,0,0,0,3093
1990001,2000000,1,L01-2,2,0,0,0,1126,1126
2000001,2010000,1,L01-2,2,0,0,0,149,149
2020001,2030000,1,L01-2,2,0,0,0,641,641
2060001,2070000,0,L01-2,2,1,1,0,0,2327
2070001,2080000,0,L01-2,2,1,0,0,0,766
2080001,2090000,1,L01-2,2,0,0,0,514,514
2090001,2100000,3,L01-2,2,1,0,0,4523,6558
2100001,2110000,0,L01-2,2,1,0,0,0,1058
2110001,2120000,5,L01-2,2,0,0,0,6196,6196
2130001,2140000,1,L01-2,2,0,0,0,827,827
2170001,2180000,1,L01-2,2,0,0,0,919,919
2180001,2190000,1,L01-2,2,0,0,0,76,76
2200001,2210000,1,L01-2,2,0,0,0,695,695
2260001,2270000,1,L01-2,2,0,0,0,1772,1772
2270001,2280000,1,L01-2,2,0,0,0,1733,1733
2280001,2290000,2,L01-2,2,0,0,0,85,85
2290001,2300000,3,L01-2,2,0,0,0,622,622
2300001,2310000,0,L01-2,2,1,0,0,0,4660
2400001,2410000,1,L01-2,2,0,0,0,2033,2033
2450001,2460000,1,L01-2,2,0,0,0,668,668
2490001,2500000,1,L01-2,2,0,0,0,1761,1761
2540001,2550000,1,L01-2,2,0,0,0,2627,2627
2550001,2560000,2,L01-2,2,0,0,0,3415,3415
2640001,2650000,2,L01-2,2,0,0,0,2182,2182
2650001,2660000,1,L01-2,2,0,0,0,1220,1220
2660001,2670000,0,L01-2,2,0,2,0,0,0
2710001,2720000,2,L01-2,2,0,0,0,1569,1569
2720001,2730000,2,L01-2,2,0,0,0,2847,2847
2770001,2780000,1,L01-2,2,0,0,0,1127,1127
2780001,2790000,1,L01-2,2,0,0,0,878,878
2800001,2810000,1,L01-2,2,0,0,0,746,746
2820001,2830000,3,L01-2,2,0,0,0,3864,3864
2840001,2850000,1,L01-2,2,0,0,0,803,803
2880001,2890000,3,L01-2,2,0,0,0,2065,2065
2890001,2900000,1,L01-2,2,0,0,0,194,194
2900001,2910000,1,L01-2,2,0,0,0,1355,1355
2920001,2930000,3,L01-2,2,0,0,0,1628,1628
2930001,2940000,5,L01-2,2,0,0,0,3303,3303
2960001,2970000,3,L01-2,2,0,0,0,1106,1106
2970001,2980000,1,L01-2,2,0,0,0,1800,1800
3020001,3030000,3,L01-2,2,0,0,0,1500,1500
3050001,3060000,2,L01-2,2,0,0,0,2935,2935
3110001,3120000,1,L01-2,2,0,0,0,875,875
3180001,3190000,1,L01-2,2,0,0,0,1098,1098
3210001,3220000,2,L01-2,2,0,0,0,2242,2242
3220001,3230000,0,L01-2,2,0,1,1,0,0
3230001,3240000,2,L01-2,2,0,0,0,1570,1570
3280001,3290000,2,L01-2,2,0,0,0,2995,2995
3290001,3300000,1,L01-2,2,0,0,0,1892,1892
3300001,3310000,1,L01-2,2,0,0,0,652,652
3310001,3320000,2,L01-2,2,0,0,0,1606,1606
3320001,3330000,3,L01-2,2,0,0,0,4599,4599
3370001,3380000,0,L01-2,2,1,0,0,0,3093
3380001,3390000,1,L01-2,2,0,0,0,376,376
3420001,3430000,1,L01-2,2,0,0,0,992,992
3430001,3440000,4,L01-2,2,0,0,0,4590,4590
3440001,3450000,5,L01-2,2,0,0,0,4298,4298
3450001,3460000,6,L01-2,2,0,0,0,3660,3660
3460001,3470000,1,L01-2,2,0,0,0,335,335
3480001,3490000,2,L01-2,2,0,0,0,820,820
3490001,3500000,1,L01-2,2,0,0,0,1067,1067
3500001,3510000,2,L01-2,2,0,0,0,1430,1430
3510001,3520000,4,L01-2,2,0,0,0,3023,3023
3520001,3530000,0,L01-2,2,1,0,0,0,3091
3540001,3550000,3,L01-2,2,0,0,0,2028,2028
3550001,3560000,16,L01-2,2,0,0,0,7734,7734
3560001,3570000,14,L01-2,2,0,0,0,7478,7478
3570001,3580000,2,L01-2,2,0,0,0,637,637
3600001,3610000,1,L01-2,2,0,0,0,1004,1004
3620001,3630000,1,L01-2,2,0,0,0,2135,2135
3660001,3670000,1,L01-2,2,0,0,0,44,44
3670001,3680000,1,L01-2,2,0,0,0,1059,1059
3690001,3700000,4,L01-2,2,0,0,0,4066,4066
3720001,3730000,0,L01-2,2,0,1,0,0,0
3740001,3750000,0,L01-2,2,0,1,0,0,0
3790001,3800000,0,L01-2,2,0,1,1,0,0
3800001,3810000,2,L01-2,2,0,0,0,2980,2980
3850001,3860000,1,L01-2,2,0,0,0,1019,1019
3860001,3870000,0,L01-2,2,1,0,0,0,2895
3870001,3880000,0,L01-2,2,2,0,0,0,3289
3880001,3890000,2,L01-2,2,0,0,0,1756,1756
3890001,3900000,3,L01-2,2,0,0,0,1891,1891
3900001,3910000,2,L01-2,2,0,0,0,2731,2731
3950001,3960000,1,L01-2,2,0,0,0,2414,2414
3960001,3970000,5,L01-2,2,1,0,0,4648,6739
1,10000,0,L01-3,1,0,1,1,0,0
20001,30000,1,L01-3,1,0,0,0,75,75
40001,50000,1,L01-3,1,0,0,0,1259,1259
50001,60000,3,L01-3,1,0,0,0,228,228
60001,70000,2,L01-3,1,0,0,0,1678,1678
100001,110000,1,L01-3,1,0,0,0,545,545
120001,130000,2,L01-3,1,0,0,0,3382,3382
190001,200000,2,L01-3,1,0,0,0,2094,2094
200001,210000,1,L01-3,1,0,0,0,1063,1063
230001,240000,1,L01-3,1,0,0,0,320,320
240001,250000,6,L01-3,1,0,0,0,3626,3626
250001,260000,7,L01-3,1,0,0,0,6217,6217
260001,270000,1,L01-3,1,0,0,0,3824,3824
320001,330000,2,L01-3,1,0,0,0,2574,2574
330001,340000,3,L01-3,1,0,0,0,2744,2744
340001,350000,2,L01-3,1,0,0,0,536,536
440001,450000,3,L01-3,1,0,0,0,2099,2099
450001,460000,1,L01-3,1,0,0,0,406,406
460001,470000,4,L01-3,1,0,0,0,2840,2840
470001,480000,1,L01-3,1,1,0,0,186,3259
480001,490000,0,L01-3,1,1,0,0,0,20
500001,510000,1,L01-3,1,0,0,0,227,227
520001,530000,1,L01-3,1,0,0,0,530,530
540001,550000,0,L01-3,1,0,1,0,0,0
550001,560000,0,L01-3,1,1,0,0,0,2834
560001,570000,3,L01-3,1,1,1,0,5037,5296
580001,590000,2,L01-3,1,0,0,0,1276,1276
640001,650000,4,L01-3,1,0,0,0,5201,5201
650001,660000,1,L01-3,1,0,0,0,821,821
670001,680000,2,L01-3,1,0,0,0,2833,2833
710001,720000,6,L01-3,1,0,0,0,6700,6700
720001,730000,9,L01-3,1,0,0,0,8638,8638
730001,740000,3,L01-3,1,0,0,0,3791,3791
760001,770000,1,L01-3,1,0,0,0,662,662
770001,780000,1,L01-3,1,0,0,0,479,479
780001,790000,2,L01-3,1,0,0,0,60,60
790001,800000,2,L01-3,1,0,0,0,1564,1564
800001,810000,7,L01-3,1,0,0,0,4618,4618
810001,820000,9,L01-3,1,0,0,0,9039,9039
820001,830000,4,L01-3,1,0,0,0,6572,6572
830001,840000,1,L01-3,1,0,0,0,1718,1718
930001,940000,1,L01-3,1,0,0,0,974,974
960001,970000,4,L01-3,1,0,0,0,4057,4057
970001,980000,5,L01-3,1,0,0,0,4491,4491
1010001,1020000,1,L01-3,1,0,0,0,113,113
1020001,1030000,1,L01-3,1,0,0,0,1929,1929
1030001,1040000,2,L01-3,1,0,0,0,1606,1606
1080001,1090000,3,L01-3,1,0,0,0,2973,2973
1090001,1100000,1,L01-3,1,0,0,0,76,76
1160001,1170000,2,L01-3,1,0,0,0,3013,3013
1170001,1180000,4,L01-3,1,0,0,0,4835,4835
1180001,1190000,0,L01-3,1,1,1,0,0,2170
1190001,1200000,0,L01-3,1,1,1,0,0,2502
1200001,1210000,1,L01-3,1,0,0,0,1400,1400
1210001,1220000,3,L01-3,1,0,0,0,6459,6459
1220001,1230000,4,L01-3,1,0,0,0,4518,4518
1230001,1240000,1,L01-3,1,0,0,0,632,632
1250001,1260000,3,L01-3,1,0,0,0,5895,5895
1260001,1270000,1,L01-3,1,0,0,0,218,218
1400001,1410000,0,L01-3,1,1,0,0,0,3093
1470001,1480000,2,L01-3,1,0,0,0,1031,1031
1480001,1490000,1,L01-3,1,0,0,0,1163,1163
1490001,1500000,2,L01-3,1,1,0,0,1622,2393
1500001,1510000,0,L01-3,1,1,0,0,0,3892
1510001,1520000,1,L01-3,1,0,0,0,518,518
1530001,1540000,1,L01-3,1,0,0,0,87,87
1570001,1580000,0,L01-3,1,0,1,1,0,0
1610001,1620000,3,L01-3,1,0,0,0,5040,5040
1620001,1630000,5,L01-3,1,0,0,0,3541,3541
1640001,1650000,3,L01-3,1,0,0,0,2840,2840
1650001,1660000,1,L01-3,1,0,0,0,297,297
1660001,1670000,1,L01-3,1,0,0,0,1106,1106
1700001,1710000,5,L01-3,1,0,0,0,3504,3504
1710001,1720000,4,L01-3,1,0,0,0,3526,3526
1750001,1760000,0,L01-3,1,0,1,1,0,0
1770001,1780000,1,L01-3,1,0,0,0,2597,2597
1780001,1790000,1,L01-3,1,0,0,0,590,590
1790001,1800000,1,L01-3,1,0,0,0,788,788
1820001,1830000,0,L01-3,1,0,1,0,0,0
1830001,1840000,0,L01-3,1,0,1,0,0,0
1840001,1850000,0,L01-3,1,0,1,0,0,0
1930001,1940000,0,L01-3,1,0,1,1,0,0
1980001,1990000,0,L01-3,1,1,0,0,0,3553
1990001,2000000,0,L01-3,1,1,0,0,0,1110
2030001,2040000,1,L01-3,1,0,0,0,1274,1274
2050001,2060000,1,L01-3,1,0,0,0,32,32
2060001,2070000,1,L01-3,1,0,0,0,609,609
2110001,2120000,5,L01-3,1,0,0,0,6196,6196
2130001,2140000,1,L01-3,1,0,0,0,177,177
2140001,2150000,1,L01-3,1,0,0,0,650,650
2180001,2190000,1,L01-3,1,0,0,0,995,995
2200001,2210000,1,L01-3,1,0,0,0,695,695
2260001,2270000,1,L01-3,1,0,0,0,1772,1772
2270001,2280000,1,L01-3,1,0,0,0,1734,1734
2290001,2300000,3,L01-3,1,0,0,0,707,707
2300001,2310000,0,L01-3,1,1,0,0,0,3515
2310001,2320000,0,L01-3,1,1,0,0,0,1148
2400001,2410000,1,L01-3,1,0,0,0,1099,1099
2410001,2420000,1,L01-3,1,0,0,0,934,934
2450001,2460000,1,L01-3,1,0,0,0,668,668
2490001,2500000,1,L01-3,1,0,0,0,1023,1023
2500001,2510000,1,L01-3,1,0,0,0,738,738
2520001,2530000,0,L01-3,1,0,1,1,0,0
2540001,2550000,1,L01-3,1,0,0,0,2386,2386
2550001,2560000,3,L01-3,1,0,0,0,3656,3656
2640001,2650000,2,L01-3,1,0,0,0,2182,2182
2650001,2660000,1,L01-3,1,0,0,0,1220,1220
2710001,2720000,1,L01-3,1,0,0,0,1415,1415
2720001,2730000,2,L01-3,1,0,0,0,3001,3001
2770001,2780000,1,L01-3,1,0,0,0,1127,1127
2780001,2790000,1,L01-3,1,0,0,0,878,878
2800001,2810000,1,L01-3,1,0,0,0,746,746
2810001,2820000,0,L01-3,1,0,1,1,0,0
2820001,2830000,3,L01-3,1,0,0,0,3864,3864
2840001,2850000,1,L01-3,1,0,0,0,491,491
2850001,2860000,1,L01-3,1,0,0,0,312,312
2880001,2890000,2,L01-3,1,0,0,0,1285,1285
2890001,2900000,1,L01-3,1,0,0,0,974,974
2900001,2910000,1,L01-3,1,0,0,0,1208,1208
2910001,2920000,1,L01-3,1,0,0,0,147,147
2920001,2930000,1,L01-3,1,0,0,0,737,737
2930001,2940000,6,L01-3,1,0,0,0,4194,4194
2950001,2960000,0,L01-3,1,0,1,1,0,0
2960001,2970000,2,L01-3,1,0,0,0,159,159
2970001,2980000,2,L01-3,1,0,0,0,2748,2748
3020001,3030000,3,L01-3,1,0,0,0,1500,1500
3050001,3060000,2,L01-3,1,0,0,0,2304,2304
3060001,3070000,1,L01-3,1,0,0,0,631,631
3110001,3120000,1,L01-3,1,0,0,0,875,875
3180001,3190000,1,L01-3,1,0,0,0,1098,1098
3210001,3220000,2,L01-3,1,0,0,0,2242,2242
3230001,3240000,2,L01-3,1,0,0,0,1280,1280
3240001,3250000,1,L01-3,1,0,0,0,290,290
3280001,3290000,2,L01-3,1,0,0,0,2995,2995
3290001,3300000,1,L01-3,1,0,0,0,1892,1892
3300001,3310000,1,L01-3,1,0,0,0,653,653
3310001,3320000,2,L01-3,1,0,0,0,1606,1606
3320001,3330000,3,L01-3,1,0,0,0,4599,4599
3370001,3380000,0,L01-3,1,1,0,0,0,3093
3380001,3390000,1,L01-3,1,0,0,0,374,374
3430001,3440000,4,L01-3,1,0,0,0,4651,4651
3440001,3450000,5,L01-3,1,0,0,0,4294,4294
3450001,3460000,5,L01-3,1,0,0,0,3406,3406
3460001,3470000,3,L01-3,1,0,0,0,1524,1524
3470001,3480000,0,L01-3,1,0,2,0,0,0
3480001,3490000,2,L01-3,1,0,0,0,789,789
3490001,3500000,2,L01-3,1,0,0,0,1098,1098
3500001,3510000,1,L01-3,1,0,0,0,234,234
3510001,3520000,5,L01-3,1,0,0,0,4219,4219
3540001,3550000,3,L01-3,1,0,0,0,2028,2028
3550001,3560000,18,L01-3,1,0,0,0,8299,8299
3560001,3570000,13,L01-3,1,0,0,0,7546,7546
3570001,3580000,1,L01-3,1,0,0,0,4,4
3600001,3610000,1,L01-3,1,0,0,0,1004,1004
3620001,3630000,1,L01-3,1,0,0,0,2135,2135
3660001,3670000,1,L01-3,1,0,0,0,771,771
3670001,3680000,1,L01-3,1,0,0,0,332,332
3690001,3700000,4,L01-3,1,0,0,0,4066,4066
3800001,3810000,2,L01-3,1,0,0,0,2980,2980
3850001,3860000,1,L01-3,1,0,0,0,1019,1019
3860001,3870000,0,L01-3,1,1,0,0,0,3092
3880001,3890000,5,L01-3,1,0,0,0,3423,3423
3890001,3900000,3,L01-3,1,0,0,0,2692,2692
3900001,3910000,1,L01-3,1,0,0,0,263,263
3930001,3940000,0,L01-3,1,0,1,1,0,0
3950001,3960000,3,L01-3,1,0,0,0,4917,4917
3960001,3970000,3,L01-3,1,1,0,0,2145,6806
3980001,3990000,1,L01-3,1,0,0,0,53,53
3990001,4000000,2,L01-3,1,0,0,0,3146,3146
1,10000,0,L01-3,2,1,0,0,0,3091
20001,30000,1,L01-3,2,0,0,0,75,75
40001,50000,1,L01-3,2,0,0,0,1259,1259
50001,60000,2,L01-3,2,0,0,0,152,152
60001,70000,3,L01-3,2,0,0,0,1754,1754
110001,120000,1,L01-3,2,0,0,0,545,545
120001,130000,2,L01-3,2,0,0,0,3381,3381
190001,200000,1,L01-3,2,0,0,0,276,276
200001,210000,2,L01-3,2,0,0,0,2881,2881
240001,250000,2,L01-3,2,0,0,0,1458,1458
250001,260000,10,L01-3,2,0,0,0,5691,5691
260001,270000,2,L01-3,2,0,0,0,6838,6838
330001,340000,3,L01-3,2,0,0,0,3903,3903
340001,350000,1,L01-3,2,0,0,0,1415,1415
350001,360000,1,L01-3,2,0,0,0,536,536
440001,450000,2,L01-3,2,0,0,0,1939,1939
450001,460000,1,L01-3,2,0,0,0,566,566
460001,470000,3,L01-3,2,0,0,0,2565,2565
470001,480000,1,L01-3,2,1,0,0,461,461
480001,490000,0,L01-3,2,1,0,0,0,3093
500001,510000,1,L01-3,2,0,0,0,227,227
520001,530000,1,L01-3,2,0,0,0,530,530
550001,560000,1,L01-3,2,1,0,0,2855,5948
560001,570000,2,L01-3,2,0,0,0,2182,2182
580001,590000,2,L01-3,2,0,0,0,1276,1276
630001,640000,2,L01-3,2,0,0,0,1493,1493
640001,650000,4,L01-3,2,0,0,0,4528,4528
660001,670000,1,L01-3,2,0,0,0,479,479
670001,680000,1,L01-3,2,0,0,0,2354,2354
700001,710000,2,L01-3,2,0,0,0,1898,1898
710001,720000,8,L01-3,2,0,0,0,9236,9236
720001,730000,7,L01-3,2,0,0,0,7722,7722
730001,740000,1,L01-3,2,0,0,0,272,272
750001,760000,1,L01-3,2,0,0,0,662,662
770001,780000,1,L01-3,2,0,0,0,479,479
780001,790000,2,L01-3,2,0,0,0,1624,1624
790001,800000,2,L01-3,2,0,0,0,974,974
800001,810000,10,L01-3,2,0,0,0,8602,8602
810001,820000,7,L01-3,2,0,0,0,8637,8637
820001,830000,3,L01-3,2,0,0,0,3733,3733
920001,930000,1,L01-3,2,0,0,0,974,974
950001,960000,2,L01-3,2,0,0,0,2331,2331
960001,970000,6,L01-3,2,0,0,0,5131,5131
970001,980000,2,L01-3,2,0,0,0,1086,1086
1000001,1010000,1,L01-3,2,0,0,0,113,113
1020001,1030000,3,L01-3,2,0,0,0,3537,3537
1040001,1050000,0,L01-3,2,0,2,0,0,0
1070001,1080000,3,L01-3,2,0,0,0,2516,2516
1080001,1090000,2,L01-3,2,0,0,0,531,531
1160001,1170000,6,L01-3,2,0,0,0,7293,7293
1170001,1180000,1,L01-3,2,1,0,0,555,3648
1180001,1190000,1,L01-3,2,0,0,0,0,0
1190001,1200000,2,L01-3,2,0,0,0,3191,3191
1200001,1210000,5,L01-3,2,0,0,0,5771,5771
1210001,1220000,3,L01-3,2,0,0,0,4047,4047
1230001,1240000,1,L01-3,2,0,0,0,1292,1292
1240001,1250000,2,L01-3,2,0,0,0,4603,4603
1250001,1260000,1,L01-3,2,0,0,0,218,218
1390001,1400000,0,L01-3,2,1,0,0,0,3092
1460001,1470000,2,L01-3,2,0,0,0,2194,2194
1470001,1480000,1,L01-3,2,0,0,0,84,84
1480001,1490000,1,L01-3,2,1,0,0,1538,5947
1490001,1500000,0,L01-3,2,1,0,0,0,254
1500001,1510000,1,L01-3,2,0,0,0,518,518
1520001,1530000,1,L01-3,2,0,0,0,87,87
1560001,1570000,0,L01-3,2,1,1,0,0,3093
1600001,1610000,3,L01-3,2,0,0,0,5040,5040
1610001,1620000,5,L01-3,2,0,0,0,3541,3541
1630001,1640000,3,L01-3,2,0,0,0,3137,3137
1650001,1660000,1,L01-3,2,0,0,0,1106,1106
1690001,1700000,5,L01-3,2,0,0,0,4051,4051
1700001,1710000,4,L01-3,2,0,0,0,2979,2979
1740001,1750000,0,L01-3,2,1,0,0,0,2187
1750001,1760000,0,L01-3,2,1,0,0,0,906
1760001,1770000,1,L01-3,2,0,0,0,1810,1810
1770001,1780000,2,L01-3,2,0,0,0,1377,1377
1780001,1790000,1,L01-3,2,0,0,0,788,788
1810001,1820000,0,L01-3,2,1,0,0,0,754
1820001,1830000,0,L01-3,2,1,0,0,0,2339
1830001,1840000,0,L01-3,2,1,1,0,0,3092
1920001,1930000,0,L01-3,2,1,0,0,0,3096
1960001,1970000,0,L01-3,2,0,1,0,0,0
1970001,1980000,0,L01-3,2,1,0,0,0,1470
1980001,1990000,0,L01-3,2,1,0,0,0,1622
2020001,2030000,1,L01-3,2,0,0,0,1274,1274
2050001,2060000,1,L01-3,2,0,0,0,641,641
2100001,2110000,5,L01-3,2,0,0,0,5758,5758
2110001,2120000,1,L01-3,2,0,0,0,438,438
2130001,2140000,1,L01-3,2,0,0,0,827,827
2170001,2180000,1,L01-3,2,0,0,0,995,995
2190001,2200000,1,L01-3,2,0,0,0,695,695
2250001,2260000,1,L01-3,2,0,0,0,1772,1772
2260001,2270000,1,L01-3,2,0,0,0,1733,1733
2280001,2290000,3,L01-3,2,0,0,0,707,707
2290001,2300000,0,L01-3,2,1,0,0,0,3019
2300001,2310000,0,L01-3,2,1,0,0,0,1644
2310001,2320000,0,L01-3,2,0,1,0,0,0
2390001,2400000,1,L01-3,2,0,0,0,611,611
2400001,2410000,1,L01-3,2,0,1,0,1422,1422
2440001,2450000,1,L01-3,2,0,0,0,668,668
2480001,2490000,1,L01-3,2,0,0,0,535,535
2490001,2500000,1,L01-3,2,0,0,0,1225,1225
2510001,2520000,0,L01-3,2,1,0,0,0,3092
2540001,2550000,2,L01-3,2,0,0,0,3356,3356
2550001,2560000,2,L01-3,2,0,0,0,2686,2686
2630001,2640000,2,L01-3,2,0,0,0,2181,2181
2640001,2650000,1,L01-3,2,0,0,0,1220,1220
2700001,2710000,1,L01-3,2,0,0,0,1415,1415
2710001,2720000,2,L01-3,2,0,0,0,2999,2999
2770001,2780000,2,L01-3,2,0,0,0,2005,2005
2790001,2800000,1,L01-3,2,0,0,0,746,746
2810001,2820000,1,L01-3,2,1,0,0,1369,4461
2820001,2830000,3,L01-3,2,0,0,0,2495,2495
2840001,2850000,1,L01-3,2,0,0,0,803,803
2880001,2890000,3,L01-3,2,0,0,0,2259,2259
2900001,2910000,1,L01-3,2,0,0,0,1355,1355
2910001,2920000,1,L01-3,2,0,0,0,737,737
2920001,2930000,4,L01-3,2,0,0,0,2185,2185
2930001,2940000,3,L01-3,2,0,0,0,2009,2009
2950001,2960000,0,L01-3,2,1,0,0,0,4663
2970001,2980000,3,L01-3,2,0,0,0,2906,2906
3020001,3030000,3,L01-3,2,0,0,0,1500,1500
3050001,3060000,1,L01-3,2,0,0,0,1042,1042
3060001,3070000,2,L01-3,2,0,0,0,1893,1893
3110001,3120000,1,L01-3,2,0,0,0,875,875
3140001,3150000,0,L01-3,2,0,2,0,0,0
3180001,3190000,1,L01-3,2,0,0,0,1098,1098
3210001,3220000,2,L01-3,2,0,0,0,1197,1197
3220001,3230000,1,L01-3,2,0,0,0,1045,1045
3230001,3240000,1,L01-3,2,0,0,0,1154,1154
3240001,3250000,1,L01-3,2,0,0,0,416,416
3280001,3290000,2,L01-3,2,0,0,0,2995,2995
3290001,3300000,1,L01-3,2,0,0,0,1892,1892
3300001,3310000,1,L01-3,2,0,0,0,653,653
3310001,3320000,2,L01-3,2,0,0,0,1606,1606
3320001,3330000,3,L01-3,2,0,0,0,4599,4599
3350001,3360000,0,L01-3,2,0,1,0,0,0
3370001,3380000,0,L01-3,2,1,0,0,0,3093
3380001,3390000,1,L01-3,2,0,1,0,375,375
3430001,3440000,2,L01-3,2,0,0,0,4159,4159
3440001,3450000,4,L01-3,2,0,0,0,4529,4529
3450001,3460000,4,L01-3,2,0,0,0,2798,2798
3460001,3470000,4,L01-3,2,0,0,0,2387,2387
3470001,3480000,0,L01-3,2,1,0,0,0,931
3480001,3490000,0,L01-3,2,1,0,0,0,2161
3490001,3500000,3,L01-3,2,0,0,0,1887,1887
3510001,3520000,4,L01-3,2,0,0,0,2820,2820
3520001,3530000,2,L01-3,2,0,0,0,1633,1633
3540001,3550000,3,L01-3,2,0,0,0,2028,2028
3550001,3560000,11,L01-3,2,0,0,0,5552,5552
3560001,3570000,18,L01-3,2,0,0,0,7419,7419
3570001,3580000,3,L01-3,2,0,0,0,2877,2877
3610001,3620000,1,L01-3,2,0,0,0,1004,1004
3620001,3630000,1,L01-3,2,0,0,0,2135,2135
3670001,3680000,1,L01-3,2,0,0,0,1103,1103
3690001,3700000,4,L01-3,2,0,0,0,4065,4065
3800001,3810000,2,L01-3,2,0,0,0,2980,2980
3850001,3860000,1,L01-3,2,0,0,0,1019,1019
3860001,3870000,0,L01-3,2,1,1,0,0,479
3870001,3880000,0,L01-3,2,1,0,0,0,2613
3880001,3890000,2,L01-3,2,0,0,0,1756,1756
3890001,3900000,3,L01-3,2,0,0,0,1891,1891
3900001,3910000,2,L01-3,2,0,0,0,2731,2731
3930001,3940000,0,L01-3,2,1,0,0,0,3092
3940001,3950000,0,L01-3,2,0,1,0,0,0
20001,30000,1,L01-4,1,0,0,0,75,75
40001,50000,1,L01-4,1,0,0,0,1259,1259
50001,60000,3,L01-4,1,0,0,0,228,228
60001,70000,2,L01-4,1,0,0,0,1678,1678
100001,110000,1,L01-4,1,0,0,0,545,545
120001,130000,2,L01-4,1,0,0,0,3382,3382
190001,200000,2,L01-4,1,0,0,0,2094,2094
200001,210000,1,L01-4,1,0,0,0,1063,1063
230001,240000,1,L01-4,1,0,0,0,320,320
240001,250000,6,L01-4,1,0,0,0,3626,3626
250001,260000,7,L01-4,1,0,0,0,6217,6217
260001,270000,1,L01-4,1,0,0,0,3824,3824
320001,330000,2,L01-4,1,0,0,0,2574,2574
330001,340000,3,L01-4,1,0,0,0,2744,2744
340001,350000,2,L01-4,1,0,0,0,536,536
440001,450000,3,L01-4,1,0,0,0,2099,2099
450001,460000,1,L01-4,1,0,0,0,406,406
460001,470000,4,L01-4,1,0,0,0,2840,2840
470001,480000,1,L01-4,1,1,0,0,186,3259
480001,490000,0,L01-4,1,1,0,0,0,20
500001,510000,1,L01-4,1,0,0,0,227,227
520001,530000,1,L01-4,1,0,0,0,530,530
550001,560000,0,L01-4,1,1,0,0,0,2834
560001,570000,3,L01-4,1,1,0,0,5037,5296
580001,590000,2,L01-4,1,0,0,0,1276,1276
640001,650000,4,L01-4,1,0,0,0,5201,5201
650001,660000,1,L01-4,1,0,0,0,821,821
670001,680000,2,L01-4,1,0,0,0,2833,2833
710001,720000,6,L01-4,1,0,0,0,6700,6700
720001,730000,9,L01-4,1,0,0,0,8638,8638
730001,740000,3,L01-4,1,0,0,0,3791,3791
760001,770000,1,L01-4,1,0,0,0,662,662
770001,780000,1,L01-4,1,0,0,0,479,479
780001,790000,2,L01-4,1,0,0,0,60,60
790001,800000,2,L01-4,1,0,0,0,1564,1564
800001,810000,7,L01-4,1,0,0,0,4618,4618
810001,820000,9,L01-4,1,0,0,0,9039,9039
820001,830000,4,L01-4,1,0,0,0,6572,6572
830001,840000,1,L01-4,1,0,0,0,1718,1718
930001,940000,1,L01-4,1,0,0,0,974,974
960001,970000,4,L01-4,1,0,0,0,4057,4057
970001,980000,5,L01-4,1,0,0,0,4491,4491
1010001,1020000,1,L01-4,1,0,0,0,113,113
1020001,1030000,1,L01-4,1,0,0,0,1929,1929
1030001,1040000,2,L01-4,1,0,0,0,1606,1606
1080001,1090000,3,L01-4,1,0,0,0,2973,2973
1090001,1100000,1,L01-4,1,0,0,0,76,76
1160001,1170000,2,L01-4,1,0,0,0,3013,3013
1170001,1180000,4,L01-4,1,0,0,0,4835,4835
1180001,1190000,0,L01-4,1,1,0,0,0,2170
1190001,1200000,0,L01-4,1,1,0,0,0,2502
1200001,1210000,1,L01-4,1,0,1,0,1400,1400
1210001,1220000,3,L01-4,1,0,0,0,6459,6459
1220001,1230000,4,L01-4,1,0,0,0,4518,4518
1230001,1240000,1,L01-4,1,0,0,0,632,632
1250001,1260000,3,L01-4,1,0,0,0,5895,5895
1260001,1270000,1,L01-4,1,0,0,0,218,218
1400001,1410000,0,L01-4,1,1,0,0,0,3093
1470001,1480000,2,L01-4,1,0,0,0,1031,1031
1480001,1490000,1,L01-4,1,0,0,0,1163,1163
1490001,1500000,2,L01-4,1,1,0,0,1622,2393
1500001,1510000,0,L01-4,1,1,0,0,0,3892
1510001,1520000,1,L01-4,1,0,0,0,518,518
1530001,1540000,1,L01-4,1,0,0,0,87,87
1610001,1620000,3,L01-4,1,0,0,0,5040,5040
1620001,1630000,5,L01-4,1,0,0,0,3541,3541
1640001,1650000,3,L01-4,1,0,0,0,2840,2840
1650001,1660000,1,L01-4,1,0,0,0,297,297
1660001,1670000,1,L01-4,1,0,0,0,1106,1106
1700001,1710000,5,L01-4,1,0,0,0,3504,3504
1710001,1720000,4,L01-4,1,0,0,0,3526,3526
1770001,1780000,1,L01-4,1,0,0,0,2597,2597
1780001,1790000,1,L01-4,1,0,0,0,590,590
1790001,1800000,1,L01-4,1,0,0,0,788,788
1820001,1830000,0,L01-4,1,0,1,1,0,0
1980001,1990000,0,L01-4,1,1,0,0,0,3553
1990001,2000000,0,L01-4,1,1,0,0,0,1110
2030001,2040000,1,L01-4,1,0,1,1,1274,1274
2050001,2060000,1,L01-4,1,0,0,0,32,32
2060001,2070000,1,L01-4,1,0,0,0,609,609
2110001,2120000,5,L01-4,1,0,0,0,6196,6196
2120001,2130000,0,L01-4,1,0,1,1,0,0
2130001,2140000,1,L01-4,1,0,0,0,177,177
2140001,2150000,1,L01-4,1,0,0,0,650,650
2180001,2190000,1,L01-4,1,0,0,0,995,995
2200001,2210000,1,L01-4,1,0,0,0,695,695
2260001,2270000,1,L01-4,1,0,0,0,1772,1772
2270001,2280000,1,L01-4,1,0,0,0,1734,1734
2290001,2300000,3,L01-4,1,0,0,0,707,707
2300001,2310000,0,L01-4,1,1,0,0,0,3515
2310001,2320000,0,L01-4,1,1,0,0,0,1148
2330001,2340000,0,L01-4,1,0,1,0,0,0
2400001,2410000,1,L01-4,1,0,0,0,1099,1099
2410001,2420000,1,L01-4,1,0,0,0,934,934
2450001,2460000,1,L01-4,1,0,0,0,668,668
2460001,2470000,0,L01-4,1,0,1,1,0,0
2490001,2500000,1,L01-4,1,0,0,0,1023,1023
2500001,2510000,1,L01-4,1,0,0,0,738,738
2540001,2550000,1,L01-4,1,0,0,0,2386,2386
2550001,2560000,3,L01-4,1,0,0,0,3656,3656
2570001,2580000,0,L01-4,1,0,1,1,0,0
2640001,2650000,2,L01-4,1,0,0,0,2182,2182
2650001,2660000,1,L01-4,1,0,0,0,1220,1220
2710001,2720000,1,L01-4,1,0,0,0,1415,1415
2720001,2730000,2,L01-4,1,0,0,0,3001,3001
2760001,2770000,0,L01-4,1,0,1,1,0,0
2770001,2780000,1,L01-4,1,0,0,0,1127,1127
2780001,2790000,1,L01-4,1,0,0,0,878,878
2800001,2810000,1,L01-4,1,0,0,0,746,746
2820001,2830000,3,L01-4,1,0,0,0,3864,3864
2840001,2850000,1,L01-4,1,0,0,0,491,491
2850001,2860000,1,L01-4,1,0,0,0,312,312
2880001,2890000,2,L01-4,1,0,0,0,1285,1285
2890001,2900000,1,L01-4,1,0,0,0,974,974
2900001,2910000,1,L01-4,1,0,0,0,1208,1208
2910001,2920000,1,L01-4,1,0,0,0,147,147
2920001,2930000,1,L01-4,1,0,0,0,737,737
2930001,2940000,6,L01-4,1,0,0,0,4194,4194
2960001,2970000,2,L01-4,1,0,0,0,159,159
2970001,2980000,2,L01-4,1,0,0,0,2748,2748
3020001,3030000,3,L01-4,1,0,0,0,1500,1500
3050001,3060000,2,L01-4,1,0,0,0,2304,2304
3060001,3070000,1,L01-4,1,0,0,0,631,631
3110001,3120000,1,L01-4,1,0,0,0,875,875
3180001,3190000,1,L01-4,1,0,0,0,1098,1098
3210001,3220000,2,L01-4,1,0,0,0,2242,2242
3230001,3240000,2,L01-4,1,0,0,0,1280,1280
3240001,3250000,1,L01-4,1,0,0,0,290,290
3280001,3290000,2,L01-4,1,0,0,0,2995,2995
3290001,3300000,1,L01-4,1,0,0,0,1892,1892
3300001,3310000,1,L01-4,1,0,0,0,653,653
3310001,3320000,2,L01-4,1,0,0,0,1606,1606
3320001,3330000,3,L01-4,1,0,0,0,4599,4599
3370001,3380000,0,L01-4,1,1,0,0,0,3093
3380001,3390000,1,L01-4,1,0,0,0,374,374
3430001,3440000,4,L01-4,1,0,0,0,4651,4651
3440001,3450000,5,L01-4,1,0,0,0,4294,4294
3450001,3460000,5,L01-4,1,0,0,0,3406,3406
3460001,3470000,3,L01-4,1,0,0,0,1524,1524
3470001,3480000,0,L01-4,1,0,1,1,0,0
3480001,3490000,2,L01-4,1,0,0,0,789,789
3490001,3500000,2,L01-4,1,0,0,0,1098,1098
3500001,3510000,1,L01-4,1,0,0,0,234,234
3510001,3520000,5,L01-4,1,0,0,0,4219,4219
3540001,3550000,3,L01-4,1,0,0,0,2028,2028
3550001,3560000,18,L01-4,1,0,0,0,8299,8299
3560001,3570000,13,L01-4,1,0,0,0,7546,7546
3570001,3580000,1,L01-4,1,0,0,0,4,4
3600001,3610000,1,L01-4,1,0,0,0,1004,1004
3620001,3630000,1,L01-4,1,0,0,0,2135,2135
3660001,3670000,1,L01-4,1,0,0,0,771,771
3670001,3680000,1,L01-4,1,0,0,0,332,332
3690001,3700000,4,L01-4,1,0,0,0,4066,4066
3800001,3810000,2,L01-4,1,0,0,0,2980,2980
3850001,3860000,1,L01-4,1,0,0,0,1019,1019
3860001,3870000,0,L01-4,1,1,0,0,0,3092
3880001,3890000,5,L01-4,1,0,0,0,3423,3423
3890001,3900000,3,L01-4,1,0,0,0,2692,2692
3900001,3910000,1,L01-4,1,0,0,0,263,263
3950001,3960000,3,L01-4,1,0,0,0,4917,4917
3960001,3970000,3,L01-4,1,1,0,0,2145,6806
3980001,3990000,1,L01-4,1,0,0,0,53,53
20001,30000,1,L01-4,2,0,0,0,75,75
40001,50000,1,L01-4,2,0,0,0,1259,1259
50001,60000,3,L01-4,2,0,0,0,228,228
60001,70000,2,L01-4,2,0,0,0,1678,1678
70001,80000,0,L01-4,2,0,1,1,0,0
100001,110000,1,L01-4,2,0,0,0,545,545
120001,130000,2,L01-4,2,0,0,0,3382,3382
190001,200000,2,L01-4,2,0,0,0,2098,2098
200001,210000,1,L01-4,2,0,0,0,1059,1059
230001,240000,1,L01-4,2,0,0,0,323,323
240001,250000,6,L01-4,2,0,0,0,3623,3623
250001,260000,7,L01-4,2,0,0,0,6219,6219
260001,270000,1,L01-4,2,0,0,0,3822,3822
320001,330000,2,L01-4,2,0,0,0,2581,2581
330001,340000,3,L01-4,2,0,0,0,2737,2737
340001,350000,1,L01-4,2,0,1,1,536,536
430001,440000,0,L01-4,2,0,3,1,0,0
440001,450000,3,L01-4,2,0,0,0,2111,2111
450001,460000,1,L01-4,2,0,0,0,394,394
460001,470000,4,L01-4,2,0,0,0,2851,2851
470001,480000,1,L01-4,2,1,0,0,175,3259
480001,490000,0,L01-4,2,1,0,0,0,9
500001,510000,1,L01-4,2,0,0,0,227,227
520001,530000,1,L01-4,2,0,0,0,530,530
550001,560000,1,L01-4,2,0,0,0,1791,1791
560001,570000,3,L01-4,2,0,0,0,3246,3246
580001,590000,2,L01-4,2,0,0,0,1276,1276
640001,650000,5,L01-4,2,0,0,0,6022,6022
660001,670000,1,L01-4,2,0,0,0,479,479
670001,680000,1,L01-4,2,0,0,0,2354,2354
710001,720000,9,L01-4,2,0,0,0,9750,9750
720001,730000,7,L01-4,2,0,0,0,8630,8630
730001,740000,2,L01-4,2,0,0,0,749,749
760001,770000,1,L01-4,2,0,0,0,662,662
770001,780000,1,L01-4,2,0,0,0,479,479
780001,790000,2,L01-4,2,0,0,0,1438,1438
790001,800000,2,L01-4,2,0,0,0,1010,1010
800001,810000,9,L01-4,2,0,0,0,6689,6689
810001,820000,7,L01-4,2,0,0,0,8620,8620
820001,830000,3,L01-4,2,0,0,0,4096,4096
830001,840000,1,L01-4,2,0,0,0,1718,1718
930001,940000,1,L01-4,2,0,0,0,974,974
950001,960000,1,L01-4,2,0,0,0,244,244
960001,970000,6,L01-4,2,0,0,0,5543,5543
970001,980000,2,L01-4,2,0,0,0,2761,2761
1000001,1010000,1,L01-4,2,0,0,0,113,113
1010001,1020000,0,L01-4,2,0,1,1,0,0
1020001,1030000,2,L01-4,2,0,0,0,2574,2574
1030001,1040000,1,L01-4,2,0,0,0,962,962
1070001,1080000,2,L01-4,2,0,0,0,1292,1292
1080001,1090000,3,L01-4,2,0,0,0,1757,1757
1160001,1170000,5,L01-4,2,0,0,0,5202,5202
1170001,1180000,2,L01-4,2,0,0,0,2646,2646
1180001,1190000,1,L01-4,2,1,0,0,40,4702
1190001,1200000,1,L01-4,2,0,0,0,1360,1360
1200001,1210000,0,L01-4,2,1,0,0,0,3093
1210001,1220000,3,L01-4,2,0,0,0,6459,6459
1220001,1230000,4,L01-4,2,0,0,0,4527,4527
1230001,1240000,1,L01-4,2,0,0,0,623,623
1250001,1260000,3,L01-4,2,0,0,0,5895,5895
1260001,1270000,1,L01-4,2,0,0,0,218,218
1400001,1410000,0,L01-4,2,1,0,0,0,3093
1470001,1480000,2,L01-4,2,0,0,0,1041,1041
1480001,1490000,1,L01-4,2,0,0,0,1153,1153
1490001,1500000,2,L01-4,2,1,0,0,1622,2404
1500001,1510000,0,L01-4,2,1,0,0,0,2311
1510001,1520000,1,L01-4,2,0,0,0,518,518
1530001,1540000,1,L01-4,2,0,0,0,87,87
1600001,1610000,1,L01-4,2,0,0,0,419,419
1610001,1620000,4,L01-4,2,0,0,0,4742,4742
1620001,1630000,5,L01-4,2,0,0,0,3420,3420
1640001,1650000,3,L01-4,2,0,0,0,3137,3137
1660001,1670000,1,L01-4,2,0,0,0,1106,1106
1700001,1710000,6,L01-4,2,0,0,0,5045,5045
1710001,1720000,3,L01-4,2,0,0,0,1985,1985
1770001,1780000,1,L01-4,2,0,0,0,2597,2597
1780001,1790000,1,L01-4,2,0,0,0,590,590
1790001,1800000,1,L01-4,2,0,0,0,788,788
1820001,1830000,0,L01-4,2,1,0,0,0,3093
1930001,1940000,0,L01-4,2,0,1,0,0,0
1980001,1990000,0,L01-4,2,1,0,0,0,2038
1990001,2000000,0,L01-4,2,1,0,0,0,1055
2030001,2040000,1,L01-4,2,1,0,0,1274,4367
2060001,2070000,1,L01-4,2,0,0,0,641,641
2110001,2120000,3,L01-4,2,0,0,0,3563,3563
2120001,2130000,3,L01-4,2,1,0,0,2633,5725
2140001,2150000,1,L01-4,2,0,0,0,827,827
2180001,2190000,1,L01-4,2,0,0,0,995,995
2210001,2220000,1,L01-4,2,0,0,0,695,695
2270001,2280000,1,L01-4,2,0,0,0,1772,1772
2280001,2290000,1,L01-4,2,0,0,0,1733,1733
2290001,2300000,3,L01-4,2,0,0,0,707,707
2310001,2320000,0,L01-4,2,1,0,0,0,4663
2380001,2390000,1,L01-4,2,0,0,0,1409,1409
2390001,2400000,1,L01-4,2,0,0,0,624,624
2430001,2440000,1,L01-4,2,0,0,0,668,668
2440001,2450000,0,L01-4,2,1,0,0,0,2748
2450001,2460000,0,L01-4,2,1,0,0,0,345
2480001,2490000,1,L01-4,2,0,0,0,1760,1760
2530001,2540000,2,L01-4,2,0,0,0,4150,4150
2540001,2550000,2,L01-4,2,0,0,0,1892,1892
2550001,2560000,0,L01-4,2,1,1,0,0,461
2560001,2570000,0,L01-4,2,1,0,0,0,2632
2620001,2630000,2,L01-4,2,0,0,0,1546,1546
2630001,2640000,2,L01-4,2,0,0,0,1856,1856
2690001,2700000,1,L01-4,2,0,0,0,1415,1415
2700001,2710000,2,L01-4,2,0,0,0,3000,3000
2710001,2720000,1,L01-4,2,0,0,0,0,0
2750001,2760000,0,L01-4,2,1,0,0,0,3093
2760001,2770000,1,L01-4,2,0,0,0,1127,1127
2770001,2780000,1,L01-4,2,0,0,0,878,878
2790001,2800000,1,L01-4,2,0,0,0,746,746
2810001,2820000,3,L01-4,2,0,0,0,3864,3864
2830001,2840000,1,L01-4,2,0,0,0,803,803
2870001,2880000,3,L01-4,2,0,0,0,1896,1896
2880001,2890000,1,L01-4,2,0,0,0,363,363
2890001,2900000,1,L01-4,2,0,0,0,1355,1355
2910001,2920000,3,L01-4,2,0,0,0,1459,1459
2920001,2930000,5,L01-4,2,0,0,0,3472,3472
2950001,2960000,3,L01-4,2,0,0,0,936,936
2960001,2970000,1,L01-4,2,0,1,1,1970,1970
3010001,3020000,3,L01-4,2,0,0,0,1500,1500
3040001,3050000,2,L01-4,2,0,0,0,2935,2935
3100001,3110000,1,L01-4,2,0,0,0,875,875
3170001,3180000,1,L01-4,2,0,0,0,1098,1098
3200001,3210000,2,L01-4,2,0,0,0,2242,2242
3210001,3220000,0,L01-4,2,0,1,1,0,0
3220001,3230000,2,L01-4,2,0,0,0,1570,1570
3270001,3280000,2,L01-4,2,0,0,0,2995,2995
3280001,3290000,1,L01-4,2,0,0,0,1892,1892
3290001,3300000,1,L01-4,2,0,0,0,653,653
3300001,3310000,2,L01-4,2,0,0,0,1606,1606
3310001,3320000,3,L01-4,2,0,0,0,4599,4599
3350001,3360000,0,L01-4,2,0,1,0,0,0
3360001,3370000,0,L01-4,2,1,0,0,0,3093
3370001,3380000,1,L01-4,2,0,0,0,376,376
3410001,3420000,1,L01-4,2,0,0,0,819,819
3420001,3430000,4,L01-4,2,0,0,0,4763,4763
3430001,3440000,5,L01-4,2,0,0,0,4126,4126
3440001,3450000,6,L01-4,2,0,0,0,3660,3660
3450001,3460000,1,L01-4,2,0,0,0,507,507
3460001,3470000,0,L01-4,2,1,0,0,0,3401
3470001,3480000,0,L01-4,2,1,1,0,0,1261
3480001,3490000,3,L01-4,2,0,0,0,1887,1887
3500001,3510000,3,L01-4,2,0,0,0,2634,2634
3510001,3520000,2,L01-4,2,0,0,0,1819,1819
3530001,3540000,3,L01-4,2,0,0,0,1840,1840
3540001,3550000,10,L01-4,2,0,0,0,5116,5116
3550001,3560000,19,L01-4,2,0,0,0,7894,7894
3560001,3570000,3,L01-4,2,0,0,0,3027,3027
3600001,3610000,1,L01-4,2,0,0,0,1004,1004
3610001,3620000,1,L01-4,2,0,0,0,2135,2135
3660001,3670000,1,L01-4,2,0,0,0,1103,1103
3680001,3690000,4,L01-4,2,0,0,0,4065,4065
3790001,3800000,2,L01-4,2,0,0,0,2980,2980
3840001,3850000,1,L01-4,2,0,0,0,972,972
3850001,3860000,1,L01-4,2,0,1,0,47,47
3860001,3870000,0,L01-4,2,1,0,0,0,3093
3870001,3880000,2,L01-4,2,0,0,0,1756,1756
3880001,3890000,3,L01-4,2,0,0,0,1891,1891
3890001,3900000,2,L01-4,2,0,0,0,2731,2731
3940001,3950000,1,L01-4,2,0,0,0,2414,2414
3950001,3960000,5,L01-4,2,1,0,0,4648,6910
3960001,3970000,0,L01-4,2,1,0,0,0,2382
3980001,3990000,2,L01-4,2,0,0,0,3199,3199
20001,30000,1,L02-1,1,0,0,0,75,75
40001,50000,1,L02-1,1,0,0,0,1259,1259
50001,60000,3,L02-1,1,0,0,0,228,228
60001,70000,2,L02-1,1,0,0,0,1678,1678
100001,110000,1,L02-1,1,0,0,0,545,545
120001,130000,2,L02-1,1,0,0,0,3382,3382
190001,200000,2,L02-1,1,0,0,0,2093,2093
200001,210000,1,L02-1,1,0,0,0,1064,1064
230001,240000,1,L02-1,1,0,0,0,318,318
240001,250000,6,L02-1,1,0,0,0,3627,3627
250001,260000,7,L02-1,1,0,0,0,6215,6215
260001,270000,1,L02-1,1,0,0,0,3827,3827
320001,330000,2,L02-1,1,0,0,0,2575,2575
330001,340000,3,L02-1,1,0,0,0,2743,2743
340001,350000,2,L02-1,1,0,0,0,536,536
440001,450000,3,L02-1,1,0,0,0,2099,2099
450001,460000,1,L02-1,1,0,0,0,406,406
460001,470000,4,L02-1,1,0,0,0,2839,2839
470001,480000,1,L02-1,1,0,0,0,187,187
490001,500000,1,L02-1,1,0,0,0,23,23
500001,510000,1,L02-1,1,0,0,0,204,204
520001,530000,1,L02-1,1,0,0,0,530,530
550001,560000,1,L02-1,1,0,0,0,2855,2855
560001,570000,2,L02-1,1,0,0,0,2182,2182
570001,580000,1,L02-1,1,0,0,0,184,184
580001,590000,2,L02-1,1,0,1,1,1092,1092
630001,640000,2,L02-1,1,0,0,0,2500,2500
640001,650000,4,L02-1,1,0,0,0,3522,3522
660001,670000,1,L02-1,1,0,0,0,479,479
670001,680000,1,L02-1,1,0,0,0,2354,2354
700001,710000,3,L02-1,1,0,0,0,2902,2902
710001,720000,8,L02-1,1,0,0,0,9028,9028
720001,730000,7,L02-1,1,0,0,0,7198,7198
750001,760000,1,L02-1,1,0,0,0,662,662
770001,780000,1,L02-1,1,0,0,0,479,479
780001,790000,2,L02-1,1,0,0,0,1624,1624
790001,800000,3,L02-1,1,0,0,0,1618,1618
800001,810000,9,L02-1,1,0,0,0,8961,8961
810001,820000,7,L02-1,1,0,0,0,8352,8352
820001,830000,2,L02-1,1,0,0,0,3016,3016
920001,930000,1,L02-1,1,0,0,0,974,974
950001,960000,2,L02-1,1,0,0,0,2818,2818
960001,970000,6,L02-1,1,0,0,0,5612,5612
970001,980000,1,L02-1,1,0,0,0,118,118
1000001,1010000,1,L02-1,1,0,0,0,113,113
1020001,1030000,3,L02-1,1,0,0,0,3537,3537
1070001,1080000,3,L02-1,1,0,0,0,2973,2973
1080001,1090000,1,L02-1,1,0,0,0,76,76
1150001,1160000,1,L02-1,1,0,0,0,12,12
1160001,1170000,6,L02-1,1,0,0,0,7836,7836
1180001,1190000,1,L02-1,1,0,0,0,1538,1538
1190001,1200000,2,L02-1,1,0,0,0,390,390
1200001,1210000,2,L02-1,1,0,0,0,1888,1888
1230001,1240000,0,L02-1,1,0,2,0,0,0
1270001,1280000,0,L02-1,1,1,0,0,0,3093
1410001,1420000,1,L02-1,1,0,0,0,218,218
1420001,1430000,3,L02-1,1,0,0,0,5895,5895
1450001,1460000,4,L02-1,1,0,0,0,5150,5150
1460001,1470000,3,L02-1,1,0,0,0,6459,6459
1470001,1480000,1,L02-1,1,0,0,0,1400,1400
1500001,1510000,1,L02-1,1,0,0,0,518,518
1510001,1520000,0,L02-1,1,1,0,0,0,3092
1520001,1530000,1,L02-1,1,0,0,0,87,87
1590001,1600000,1,L02-1,1,0,0,0,603,603
1600001,1610000,4,L02-1,1,0,0,0,4742,4742
1610001,1620000,5,L02-1,1,0,0,0,3236,3236
1630001,1640000,3,L02-1,1,0,0,0,3137,3137
1650001,1660000,1,L02-1,1,0,0,0,1106,1106
1660001,1670000,0,L02-1,1,1,0,0,0,3093
1690001,1700000,4,L02-1,1,0,0,0,2380,2380
1700001,1710000,6,L02-1,1,0,0,0,4650,4650
1750001,1760000,0,L02-1,1,0,1,1,0,0
1760001,1770000,1,L02-1,1,0,0,0,2597,2597
1770001,1780000,1,L02-1,1,0,0,0,590,590
1780001,1790000,1,L02-1,1,0,0,0,788,788
1810001,1820000,0,L02-1,1,0,1,0,0,0
1850001,1860000,0,L02-1,1,0,1,0,0,0
2020001,2030000,1,L02-1,1,0,0,0,770,770
2030001,2040000,1,L02-1,1,0,0,0,504,504
2050001,2060000,1,L02-1,1,0,0,0,641,641
2100001,2110000,1,L02-1,1,0,0,0,1162,1162
2110001,2120000,5,L02-1,1,0,0,0,5034,5034
2130001,2140000,1,L02-1,1,0,1,1,827,827
2170001,2180000,1,L02-1,1,0,0,0,995,995
2200001,2210000,1,L02-1,1,0,0,0,695,695
2260001,2270000,1,L02-1,1,0,0,0,1772,1772
2270001,2280000,1,L02-1,1,0,0,0,1733,1733
2280001,2290000,3,L02-1,1,0,0,0,707,707
2300001,2310000,0,L02-1,1,1,0,0,0,3092
2390001,2400000,0,L02-1,1,1,0,0,0,268
2400001,2410000,1,L02-1,1,1,0,0,2033,4858
2450001,2460000,1,L02-1,1,0,0,0,668,668
2490001,2500000,1,L02-1,1,0,0,0,1760,1760
2540001,2550000,1,L02-1,1,0,0,0,2627,2627
2550001,2560000,2,L02-1,1,0,0,0,3415,3415
2630001,2640000,1,L02-1,1,0,0,0,74,74
2640001,2650000,3,L02-1,1,0,0,0,3328,3328
2670001,2680000,0,L02-1,1,1,0,0,0,602
2680001,2690000,0,L02-1,1,1,0,0,0,2491
2710001,2720000,1,L02-1,1,0,0,0,1415,1415
2720001,2730000,2,L02-1,1,0,0,0,3001,3001
2770001,2780000,1,L02-1,1,0,0,0,1127,1127
2780001,2790000,1,L02-1,1,0,0,0,878,878
2800001,2810000,1,L02-1,1,0,0,0,746,746
2820001,2830000,3,L02-1,1,0,0,0,3864,3864
2850001,2860000,1,L02-1,1,0,0,0,803,803
2880001,2890000,2,L02-1,1,0,0,0,1285,1285
2890001,2900000,2,L02-1,1,0,0,0,974,974
2900001,2910000,1,L02-1,1,0,0,0,665,665
2910001,2920000,1,L02-1,1,1,0,0,690,1323
2920001,2930000,1,L02-1,1,1,0,0,737,3197
2930001,2940000,5,L02-1,1,0,0,0,2898,2898
2940001,2950000,2,L02-1,1,0,0,0,1296,1296
2970001,2980000,3,L02-1,1,0,0,0,2906,2906
3020001,3030000,3,L02-1,1,0,0,0,1500,1500
3060001,3070000,2,L02-1,1,1,1,0,2935,6028
3120001,3130000,1,L02-1,1,0,0,0,875,875
3180001,3190000,1,L02-1,1,0,0,0,981,981
3190001,3200000,1,L02-1,1,0,0,0,117,117
3220001,3230000,2,L02-1,1,0,0,0,2242,2242
3240001,3250000,2,L02-1,1,0,0,0,1570,1570
3290001,3300000,2,L02-1,1,0,0,0,2995,2995
3300001,3310000,1,L02-1,1,0,0,0,1892,1892
3310001,3320000,1,L02-1,1,0,0,0,653,653
3320001,3330000,2,L02-1,1,0,0,0,1606,1606
3330001,3340000,3,L02-1,1,0,0,0,4599,4599
3370001,3380000,0,L02-1,1,1,0,0,0,3093
3380001,3390000,0,L02-1,1,0,1,0,0,0
3390001,3400000,1,L02-1,1,0,0,0,375,375
3430001,3440000,2,L02-1,1,0,0,0,3031,3031
3440001,3450000,4,L02-1,1,0,0,0,3948,3948
3450001,3460000,6,L02-1,1,0,0,0,4412,4412
3460001,3470000,5,L02-1,1,0,0,0,2484,2484
3490001,3500000,2,L02-1,1,1,0,0,820,3049
3500001,3510000,1,L02-1,1,1,0,0,1067,1930
3510001,3520000,1,L02-1,1,0,0,0,392,392
3520001,3530000,5,L02-1,1,0,0,0,4061,4061
3550001,3560000,3,L02-1,1,0,0,0,2028,2028
3560001,3570000,19,L02-1,1,0,0,0,8458,8458
3570001,3580000,12,L02-1,1,0,0,0,7391,7391
3590001,3600000,0,L02-1,1,0,1,1,0,0
3610001,3620000,1,L02-1,1,0,0,0,1004,1004
3630001,3640000,1,L02-1,1,0,0,0,2135,2135
3670001,3680000,1,L02-1,1,0,0,0,933,933
3680001,3690000,1,L02-1,1,0,0,0,170,170
3690001,3700000,0,L02-1,1,1,0,0,0,2071
3700001,3710000,4,L02-1,1,1,0,0,4065,5087
3810001,3820000,1,L02-1,1,1,0,0,642,3735
3820001,3830000,2,L02-1,1,1,0,0,2338,2412
3830001,3840000,0,L02-1,1,1,0,0,0,6121
3850001,3860000,0,L02-1,1,0,1,0,0,0
3870001,3880000,1,L02-1,1,0,0,0,1019,1019
3890001,3900000,0,L02-1,1,1,1,0,0,3064
3900001,3910000,3,L02-1,1,1,0,0,1992,2020
3910001,3920000,3,L02-1,1,0,0,0,2229,2229
3920001,3930000,2,L02-1,1,0,0,0,2158,2158
3970001,3980000,2,L02-1,1,0,0,0,3193,3193
3980001,3990000,5,L02-1,1,0,0,0,3869,3869
3990001,4000000,0,L02-1,1,1,1,0,0,1446
4000001,4010000,0,L02-1,1,1,0,0,0,1647
4010001,4020000,2,L02-1,1,0,0,0,3199,3199
20001,30000,1,L02-1,2,0,0,0,75,75
40001,50000,1,L02-1,2,0,0,0,1259,1259
50001,60000,3,L02-1,2,0,0,0,228,228
60001,70000,2,L02-1,2,0,0,0,1678,1678
80001,90000,0,L02-1,2,0,1,1,0,0
100001,110000,1,L02-1,2,0,0,0,545,545
120001,130000,2,L02-1,2,0,0,0,3382,3382
190001,200000,2,L02-1,2,0,0,0,2096,2096
200001,210000,1,L02-1,2,0,0,0,1061,1061
230001,240000,1,L02-1,2,0,0,0,321,321
240001,250000,6,L02-1,2,0,0,0,3625,3625
250001,260000,7,L02-1,2,0,0,0,6217,6217
260001,270000,1,L02-1,2,0,0,0,3824,3824
320001,330000,2,L02-1,2,0,0,0,2578,2578
330001,340000,3,L02-1,2,0,0,0,2740,2740
340001,350000,1,L02-1,2,0,0,0,536,536
440001,450000,3,L02-1,2,0,1,1,2103,2103
450001,460000,1,L02-1,2,0,0,0,402,402
460001,470000,4,L02-1,2,0,0,0,2843,2843
470001,480000,1,L02-1,2,0,0,0,183,183
490001,500000,1,L02-1,2,0,0,0,24,24
500001,510000,1,L02-1,2,0,0,0,203,203
520001,530000,1,L02-1,2,0,0,0,530,530
550001,560000,1,L02-1,2,0,0,0,2855,2855
560001,570000,2,L02-1,2,0,0,0,2182,2182
570001,580000,1,L02-1,2,0,0,0,184,184
580001,590000,2,L02-1,2,1,0,0,1092,4185
640001,650000,5,L02-1,2,0,0,0,6022,6022
660001,670000,1,L02-1,2,0,0,0,479,479
670001,680000,1,L02-1,2,0,0,0,2354,2354
710001,720000,9,L02-1,2,0,0,0,9744,9744
720001,730000,7,L02-1,2,0,0,0,8630,8630
730001,740000,2,L02-1,2,0,0,0,755,755
760001,770000,1,L02-1,2,0,0,0,662,662
770001,780000,1,L02-1,2,0,0,0,479,479
780001,790000,2,L02-1,2,0,0,0,1432,1432
790001,800000,2,L02-1,2,0,0,0,1016,1016
800001,810000,9,L02-1,2,0,0,0,6682,6682
810001,820000,7,L02-1,2,0,0,0,8620,8620
820001,830000,3,L02-1,2,0,0,0,4103,4103
830001,840000,1,L02-1,2,0,0,0,1718,1718
930001,940000,1,L02-1,2,0,1,1,974,974
950001,960000,1,L02-1,2,0,0,0,235,235
960001,970000,6,L02-1,2,0,0,0,5552,5552
970001,980000,2,L02-1,2,0,0,0,2761,2761
1000001,1010000,1,L02-1,2,0,0,0,113,113
1020001,1030000,2,L02-1,2,0,0,0,2575,2575
1030001,1040000,1,L02-1,2,0,0,0,962,962
1070001,1080000,2,L02-1,2,0,0,0,1281,1281
1080001,1090000,3,L02-1,2,0,0,0,1768,1768
1160001,1170000,5,L02-1,2,0,0,0,5191,5191
1170001,1180000,2,L02-1,2,0,0,0,2657,2657
1180001,1190000,1,L02-1,2,0,0,0,1538,1538
1190001,1200000,1,L02-1,2,0,0,0,84,84
1200001,1210000,2,L02-1,2,0,0,0,2194,2194
1220001,1230000,0,L02-1,2,0,1,1,0,0
1230001,1240000,0,L02-1,2,1,0,0,0,3741
1270001,1280000,0,L02-1,2,1,0,0,0,933
1280001,1290000,0,L02-1,2,1,0,0,0,2159
1420001,1430000,2,L02-1,2,0,0,0,2335,2335
1430001,1440000,3,L02-1,2,0,0,0,3778,3778
1450001,1460000,1,L02-1,2,0,0,0,1673,1673
1460001,1470000,4,L02-1,2,0,0,0,4499,4499
1470001,1480000,3,L02-1,2,0,0,0,5437,5437
1480001,1490000,1,L02-1,2,0,1,1,1400,1400
1510001,1520000,1,L02-1,2,0,0,0,518,518
1520001,1530000,1,L02-1,2,1,0,0,87,3180
1600001,1610000,2,L02-1,2,0,0,0,3960,3960
1610001,1620000,5,L02-1,2,0,0,0,2979,2979
1620001,1630000,2,L02-1,2,0,0,0,1642,1642
1640001,1650000,3,L02-1,2,0,0,0,3137,3137
1650001,1660000,1,L02-1,2,0,0,0,942,942
1660001,1670000,1,L02-1,2,0,1,0,164,164
1670001,1680000,0,L02-1,2,1,0,0,0,3093
1700001,1710000,7,L02-1,2,0,0,0,5701,5701
1710001,1720000,2,L02-1,2,0,0,0,1329,1329
1750001,1760000,0,L02-1,2,1,0,0,0,2427
1760001,1770000,0,L02-1,2,1,0,0,0,666
1770001,1780000,1,L02-1,2,0,0,0,2597,2597
1780001,1790000,1,L02-1,2,0,0,0,590,590
1790001,1800000,1,L02-1,2,0,0,0,788,788
1820001,1830000,0,L02-1,2,1,0,0,0,1025
1830001,1840000,0,L02-1,2,1,0,0,0,2068
1840001,1850000,0,L02-1,2,0,1,1,0,0
2000001,2010000,1,L02-1,2,0,0,0,1274,1274
2030001,2040000,1,L02-1,2,0,0,0,641,641
2080001,2090000,2,L02-1,2,0,0,0,3324,3324
2090001,2100000,4,L02-1,2,0,0,0,2872,2872
2110001,2120000,1,L02-1,2,1,0,0,827,3434
2120001,2130000,0,L02-1,2,1,0,0,0,486
2150001,2160000,1,L02-1,2,0,0,0,995,995
2180001,2190000,1,L02-1,2,0,0,0,695,695
2240001,2250000,1,L02-1,2,0,0,0,1772,1772
2250001,2260000,1,L02-1,2,0,0,0,1733,1733
2260001,2270000,3,L02-1,2,0,0,0,707,707
2270001,2280000,0,L02-1,2,0,1,0,0,0
2280001,2290000,0,L02-1,2,1,0,0,0,3092
2380001,2390000,1,L02-1,2,1,0,0,2033,5126
2430001,2440000,1,L02-1,2,0,0,0,668,668
2440001,2450000,0,L02-1,2,0,1,1,0,0
2470001,2480000,1,L02-1,2,0,0,0,1760,1760
2520001,2530000,1,L02-1,2,0,0,0,2627,2627
2530001,2540000,2,L02-1,2,0,0,0,3415,3415
2620001,2630000,3,L02-1,2,0,0,0,2610,2610
2630001,2640000,1,L02-1,2,0,0,0,792,792
2650001,2660000,0,L02-1,2,0,1,1,0,0
2660001,2670000,0,L02-1,2,1,0,0,0,3093
2690001,2700000,1,L02-1,2,0,0,0,1415,1415
2700001,2710000,2,L02-1,2,0,0,0,3001,3001
2750001,2760000,1,L02-1,2,0,0,0,851,851
2760001,2770000,2,L02-1,2,0,0,0,1154,1154
2780001,2790000,1,L02-1,2,0,0,0,746,746
2800001,2810000,3,L02-1,2,0,0,0,3864,3864
2830001,2840000,1,L02-1,2,0,0,0,803,803
2860001,2870000,2,L02-1,2,0,0,0,380,380
2870001,2880000,2,L02-1,2,0,0,0,1879,1879
2890001,2900000,1,L02-1,2,0,0,0,1355,1355
2900001,2910000,1,L02-1,2,1,0,0,737,3830
2910001,2920000,4,L02-1,2,0,0,0,2723,2723
2920001,2930000,2,L02-1,2,0,0,0,1471,1471
2950001,2960000,3,L02-1,2,0,0,0,2906,2906
3000001,3010000,3,L02-1,2,0,0,0,1500,1500
3040001,3050000,2,L02-1,2,1,0,0,2935,6028
3100001,3110000,1,L02-1,2,0,0,0,875,875
3160001,3170000,1,L02-1,2,0,0,0,993,993
3170001,3180000,1,L02-1,2,0,0,0,105,105
3200001,3210000,2,L02-1,2,0,0,0,2242,2242
3220001,3230000,2,L02-1,2,0,0,0,1570,1570
3270001,3280000,2,L02-1,2,0,1,1,2995,2995
3280001,3290000,1,L02-1,2,0,0,0,1892,1892
3290001,3300000,1,L02-1,2,0,0,0,653,653
3300001,3310000,2,L02-1,2,0,0,0,1606,1606
3310001,3320000,3,L02-1,2,0,0,0,4599,4599
3350001,3360000,0,L02-1,2,1,0,0,0,3093
3360001,3370000,1,L02-1,2,0,0,0,375,375
3400001,3410000,2,L02-1,2,0,0,0,3081,3081
3410001,3420000,4,L02-1,2,0,0,0,3948,3948
3420001,3430000,6,L02-1,2,0,0,0,4412,4412
3430001,3440000,5,L02-1,2,0,0,0,2434,2434
3460001,3470000,2,L02-1,2,1,0,0,820,3098
3470001,3480000,1,L02-1,2,1,0,0,1067,1882
3480001,3490000,1,L02-1,2,0,0,0,441,441
3490001,3500000,5,L02-1,2,0,0,0,4012,4012
3520001,3530000,3,L02-1,2,0,0,0,2028,2028
3530001,3540000,19,L02-1,2,0,0,0,8505,8505
3540001,3550000,12,L02-1,2,0,0,0,7344,7344
3560001,3570000,0,L02-1,2,1,0,0,0,3093
3590001,3600000,1,L02-1,2,0,0,0,1004,1004
3600001,3610000,1,L02-1,2,0,0,0,2135,2135
3650001,3660000,1,L02-1,2,0,0,0,1103,1103
3670001,3680000,3,L02-1,2,1,0,0,2287,5380
3680001,3690000,2,L02-1,2,0,0,0,1778,1778
3690001,3700000,0,L02-1,2,0,1,0,0,0
3780001,3790000,0,L02-1,2,1,0,0,0,3093
3790001,3800000,2,L02-1,2,0,0,0,2980,2980
3800001,3810000,0,L02-1,2,1,0,0,0,3742
3820001,3830000,0,L02-1,2,1,0,0,0,3743
3840001,3850000,0,L02-1,2,1,0,0,0,1224
3850001,3860000,0,L02-1,2,1,0,0,0,2518
3870001,3880000,0,L02-1,2,1,0,0,0,3742
3910001,3920000,1,L02-1,2,0,0,0,1019,1019
3930001,3940000,0,L02-1,2,1,0,0,0,3093
3940001,3950000,5,L02-1,2,0,0,0,3647,3647
3950001,3960000,2,L02-1,2,0,0,0,2731,2731
4010001,4020000,6,L02-1,2,0,0,0,5446,5446
4020001,4030000,1,L02-1,2,0,0,0,1616,1616
4030001,4040000,0,L02-1,2,1,1,0,0,3093
4040001,4050000,1,L02-1,2,0,0,0,1317,1317
4050001,4060000,2,L02-1,2,0,0,0,1882,1882
20001,30000,1,L02-2,1,0,0,0,75,75
40001,50000,1,L02-2,1,0,0,0,1259,1259
50001,60000,3,L02-2,1,0,0,0,228,228
60001,70000,2,L02-2,1,0,0,0,1678,1678
100001,110000,1,L02-2,1,0,0,0,545,545
120001,130000,2,L02-2,1,0,0,0,3382,3382
190001,200000,2,L02-2,1,0,0,0,2093,2093
200001,210000,1,L02-2,1,0,0,0,1064,1064
230001,240000,1,L02-2,1,0,0,0,318,318
240001,250000,6,L02-2,1,0,0,0,3627,3627
250001,260000,7,L02-2,1,0,0,0,6215,6215
260001,270000,1,L02-2,1,0,0,0,3827,3827
320001,330000,2,L02-2,1,0,0,0,2575,2575
330001,340000,3,L02-2,1,0,0,0,2743,2743
340001,350000,2,L02-2,1,0,0,0,536,536
440001,450000,3,L02-2,1,0,0,0,2099,2099
450001,460000,1,L02-2,1,0,0,0,406,406
460001,470000,4,L02-2,1,0,0,0,2839,2839
470001,480000,1,L02-2,1,0,0,0,187,187
490001,500000,1,L02-2,1,0,0,0,23,23
500001,510000,1,L02-2,1,0,0,0,204,204
520001,530000,1,L02-2,1,0,0,0,530,530
550001,560000,1,L02-2,1,0,2,0,2855,2855
560001,570000,2,L02-2,1,0,0,0,2182,2182
570001,580000,1,L02-2,1,0,0,0,184,184
580001,590000,2,L02-2,1,0,0,0,1092,1092
630001,640000,2,L02-2,1,0,0,0,2500,2500
640001,650000,4,L02-2,1,0,0,0,3522,3522
660001,670000,1,L02-2,1,0,0,0,479,479
670001,680000,1,L02-2,1,0,0,0,2354,2354
700001,710000,3,L02-2,1,0,0,0,2902,2902
710001,720000,8,L02-2,1,0,0,0,9028,9028
720001,730000,7,L02-2,1,0,0,0,7198,7198
750001,760000,1,L02-2,1,0,0,0,662,662
760001,770000,0,L02-2,1,0,1,1,0,0
770001,780000,1,L02-2,1,0,0,0,479,479
780001,790000,2,L02-2,1,0,0,0,1624,1624
790001,800000,3,L02-2,1,0,0,0,1618,1618
800001,810000,9,L02-2,1,0,0,0,8961,8961
810001,820000,7,L02-2,1,0,0,0,8352,8352
820001,830000,2,L02-2,1,0,0,0,3016,3016
920001,930000,1,L02-2,1,0,0,0,974,974
950001,960000,2,L02-2,1,0,0,0,2818,2818
960001,970000,6,L02-2,1,0,0,0,5612,5612
970001,980000,1,L02-2,1,0,0,0,118,118
1000001,1010000,1,L02-2,1,0,1,1,113,113
1020001,1030000,3,L02-2,1,0,0,0,3537,3537
1070001,1080000,3,L02-2,1,0,0,0,2973,2973
1080001,1090000,1,L02-2,1,0,0,0,76,76
1150001,1160000,1,L02-2,1,0,0,0,12,12
1160001,1170000,6,L02-2,1,0,0,0,7836,7836
1180001,1190000,1,L02-2,1,0,0,0,1538,1538
1190001,1200000,2,L02-2,1,0,0,0,390,390
1200001,1210000,2,L02-2,1,0,0,0,1888,1888
1270001,1280000,0,L02-2,1,1,0,0,0,3093
1330001,1340000,0,L02-2,1,0,1,1,0,0
1410001,1420000,1,L02-2,1,0,0,0,218,218
1420001,1430000,3,L02-2,1,0,0,0,5895,5895
1450001,1460000,4,L02-2,1,0,0,0,5150,5150
1460001,1470000,3,L02-2,1,0,0,0,6459,6459
1470001,1480000,1,L02-2,1,0,0,0,1400,1400
1500001,1510000,1,L02-2,1,0,0,0,518,518
1510001,1520000,0,L02-2,1,1,0,0,0,3092
1520001,1530000,1,L02-2,1,0,0,0,87,87
1590001,1600000,1,L02-2,1,0,0,0,603,603
1600001,1610000,4,L02-2,1,0,0,0,4742,4742
1610001,1620000,5,L02-2,1,0,0,0,3236,3236
1630001,1640000,3,L02-2,1,0,0,0,3137,3137
1650001,1660000,1,L02-2,1,0,0,0,1106,1106
1660001,1670000,0,L02-2,1,1,0,0,0,3093
1690001,1700000,4,L02-2,1,0,0,0,2380,2380
1700001,1710000,6,L02-2,1,0,0,0,4650,4650
1760001,1770000,1,L02-2,1,0,0,0,2597,2597
1770001,1780000,1,L02-2,1,0,0,0,590,590
1780001,1790000,1,L02-2,1,0,0,0,788,788
1810001,1820000,0,L02-2,1,0,1,1,0,0
2020001,2030000,1,L02-2,1,0,0,0,770,770
2030001,2040000,1,L02-2,1,0,0,0,504,504
2050001,2060000,1,L02-2,1,0,0,0,641,641
2100001,2110000,1,L02-2,1,0,0,0,1162,1162
2110001,2120000,5,L02-2,1,0,0,0,5034,5034
2130001,2140000,1,L02-2,1,0,0,0,827,827
2170001,2180000,1,L02-2,1,0,0,0,995,995
2200001,2210000,1,L02-2,1,0,0,0,695,695
2260001,2270000,1,L02-2,1,0,0,0,1772,1772
2270001,2280000,1,L02-2,1,0,0,0,1733,1733
2280001,2290000,3,L02-2,1,0,0,0,707,707
2300001,2310000,0,L02-2,1,1,0,0,0,3092
2390001,2400000,0,L02-2,1,1,1,0,0,268
2400001,2410000,1,L02-2,1,1,0,0,2033,4858
2450001,2460000,1,L02-2,1,0,0,0,668,668
2460001,2470000,0,L02-2,1,0,1,1,0,0
2490001,2500000,1,L02-2,1,0,0,0,1760,1760
2540001,2550000,1,L02-2,1,0,0,0,2627,2627
2550001,2560000,2,L02-2,1,0,0,0,3415,3415
2630001,2640000,1,L02-2,1,0,0,0,74,74
2640001,2650000,3,L02-2,1,0,0,0,3328,3328
2670001,2680000,0,L02-2,1,1,0,0,0,602
2680001,2690000,0,L02-2,1,1,0,0,0,2491
2710001,2720000,1,L02-2,1,0,0,0,1415,1415
2720001,2730000,2,L02-2,1,0,0,0,3001,3001
2770001,2780000,1,L02-2,1,0,0,0,1127,1127
2780001,2790000,1,L02-2,1,0,0,0,878,878
2800001,2810000,1,L02-2,1,0,0,0,746,746
2810001,2820000,0,L02-2,1,0,1,1,0,0
2820001,2830000,3,L02-2,1,0,0,0,3864,3864
2850001,2860000,1,L02-2,1,0,0,0,803,803
2880001,2890000,2,L02-2,1,0,0,0,1285,1285
2890001,2900000,2,L02-2,1,0,0,0,974,974
2900001,2910000,1,L02-2,1,0,0,0,665,665
2910001,2920000,1,L02-2,1,1,0,0,690,1323
2920001,2930000,1,L02-2,1,1,0,0,737,3197
2930001,2940000,5,L02-2,1,0,0,0,2898,2898
2940001,2950000,2,L02-2,1,0,0,0,1296,1296
2970001,2980000,3,L02-2,1,0,0,0,2906,2906
3020001,3030000,3,L02-2,1,0,0,0,1500,1500
3040001,3050000,0,L02-2,1,0,1,0,0,0
3060001,3070000,2,L02-2,1,1,0,0,2935,6028
3120001,3130000,1,L02-2,1,0,0,0,875,875
3180001,3190000,1,L02-2,1,0,0,0,981,981
3190001,3200000,1,L02-2,1,0,0,0,117,117
3220001,3230000,2,L02-2,1,0,0,0,2242,2242
3240001,3250000,2,L02-2,1,0,0,0,1570,1570
3290001,3300000,2,L02-2,1,0,0,0,2995,2995
3300001,3310000,1,L02-2,1,0,0,0,1892,1892
3310001,3320000,1,L02-2,1,0,0,0,653,653
3320001,3330000,2,L02-2,1,0,0,0,1606,1606
3330001,3340000,3,L02-2,1,0,0,0,4599,4599
3370001,3380000,0,L02-2,1,1,0,0,0,3093
3390001,3400000,1,L02-2,1,0,0,0,375,375
3430001,3440000,2,L02-2,1,0,0,0,3031,3031
3440001,3450000,4,L02-2,1,0,0,0,3948,3948
3450001,3460000,6,L02-2,1,0,0,0,4412,4412
3460001,3470000,5,L02-2,1,0,0,0,2484,2484
3490001,3500000,2,L02-2,1,1,0,0,820,3049
3500001,3510000,1,L02-2,1,1,0,0,1067,1930
3510001,3520000,1,L02-2,1,0,0,0,392,392
3520001,3530000,5,L02-2,1,0,0,0,4061,4061
3550001,3560000,3,L02-2,1,0,0,0,2028,2028
3560001,3570000,19,L02-2,1,0,0,0,8458,8458
3570001,3580000,12,L02-2,1,0,0,0,7391,7391
3610001,3620000,1,L02-2,1,0,0,0,1004,1004
3630001,3640000,1,L02-2,1,0,0,0,2135,2135
3670001,3680000,1,L02-2,1,0,0,0,933,933
3680001,3690000,1,L02-2,1,0,0,0,170,170
3690001,3700000,0,L02-2,1,1,0,0,0,2071
3700001,3710000,4,L02-2,1,1,0,0,4065,5087
3730001,3740000,0,L02-2,1,0,1,0,0,0
3740001,3750000,0,L02-2,1,0,1,0,0,0
3810001,3820000,1,L02-2,1,1,0,0,642,3735
3820001,3830000,2,L02-2,1,1,0,0,2338,2412
3830001,3840000,0,L02-2,1,1,0,0,0,6121
3870001,3880000,1,L02-2,1,0,0,0,1019,1019
3880001,3890000,0,L02-2,1,0,1,0,0,0
3890001,3900000,0,L02-2,1,1,0,0,0,3064
3900001,3910000,3,L02-2,1,1,1,0,1992,2020
3910001,3920000,3,L02-2,1,0,0,0,2229,2229
3920001,3930000,2,L02-2,1,0,0,0,2158,2158
3970001,3980000,2,L02-2,1,0,0,0,3193,3193
3980001,3990000,5,L02-2,1,0,0,0,3869,3869
3990001,4000000,0,L02-2,1,1,0,0,0,1446
4000001,4010000,0,L02-2,1,1,1,0,0,1647
4010001,4020000,2,L02-2,1,0,0,0,3199,3199
20001,30000,1,L02-2,2,0,0,0,75,75
40001,50000,1,L02-2,2,0,0,0,1259,1259
50001,60000,3,L02-2,2,0,0,0,228,228
60001,70000,2,L02-2,2,0,0,0,1678,1678
100001,110000,1,L02-2,2,0,0,0,545,545
120001,130000,2,L02-2,2,0,0,0,3382,3382
190001,200000,2,L02-2,2,0,0,0,2091,2091
200001,210000,1,L02-2,2,0,0,0,1066,1066
230001,240000,1,L02-2,2,0,0,0,316,316
240001,250000,6,L02-2,2,0,0,0,3627,3627
250001,260000,7,L02-2,2,0,0,0,6215,6215
260001,270000,1,L02-2,2,0,0,0,3829,3829
320001,330000,2,L02-2,2,0,0,0,2573,2573
330001,340000,3,L02-2,2,0,0,0,2745,2745
340001,350000,2,L02-2,2,0,0,0,536,536
440001,450000,3,L02-2,2,0,0,0,2095,2095
450001,460000,1,L02-2,2,0,0,0,410,410
460001,470000,4,L02-2,2,0,0,0,2835,2835
470001,480000,1,L02-2,2,0,0,0,191,191
490001,500000,1,L02-2,2,0,0,0,16,16
500001,510000,1,L02-2,2,0,0,0,211,211
520001,530000,1,L02-2,2,0,0,0,530,530
550001,560000,1,L02-2,2,1,0,0,1813,5555
560001,570000,3,L02-2,2,0,0,0,3224,3224
580001,590000,2,L02-2,2,0,0,0,1276,1276
640001,650000,5,L02-2,2,0,0,0,6022,6022
660001,670000,1,L02-2,2,0,0,0,479,479
670001,680000,1,L02-2,2,0,0,0,2354,2354
710001,720000,9,L02-2,2,0,0,0,9772,9772
720001,730000,7,L02-2,2,0,0,0,8630,8630
730001,740000,2,L02-2,2,0,0,0,727,727
760001,770000,1,L02-2,2,1,0,0,662,662
770001,780000,1,L02-2,2,1,0,0,479,3572
780001,790000,1,L02-2,2,0,0,0,86,86
790001,800000,2,L02-2,2,0,0,0,1538,1538
800001,810000,7,L02-2,2,0,0,0,4643,4643
810001,820000,9,L02-2,2,0,0,0,9039,9039
820001,830000,4,L02-2,2,0,0,0,6547,6547
830001,840000,1,L02-2,2,0,0,0,1718,1718
930001,940000,1,L02-2,2,0,0,0,974,974
960001,970000,4,L02-2,2,0,0,0,4080,4080
970001,980000,5,L02-2,2,0,0,0,4468,4468
1010001,1020000,1,L02-2,2,1,0,0,113,3206
1030001,1040000,3,L02-2,2,0,0,0,3537,3537
1080001,1090000,3,L02-2,2,0,0,0,2973,2973
1090001,1100000,1,L02-2,2,0,0,0,76,76
1160001,1170000,1,L02-2,2,0,0,0,730,730
1170001,1180000,6,L02-2,2,0,0,0,7118,7118
1190001,1200000,2,L02-2,2,0,0,0,1622,1622
1200001,1210000,1,L02-2,2,0,0,0,1023,1023
1210001,1220000,2,L02-2,2,0,0,0,1171,1171
1280001,1290000,0,L02-2,2,1,0,0,0,3093
1340001,1350000,0,L02-2,2,1,0,0,0,3093
1420001,1430000,1,L02-2,2,0,0,0,218,218
1430001,1440000,2,L02-2,2,0,0,0,4603,4603
1440001,1450000,1,L02-2,2,0,0,0,1292,1292
1460001,1470000,3,L02-2,2,0,0,0,4404,4404
1470001,1480000,4,L02-2,2,0,0,0,5800,5800
1480001,1490000,2,L02-2,2,0,0,0,2805,2805
1510001,1520000,1,L02-2,2,0,0,0,518,518
1520001,1530000,0,L02-2,2,1,0,0,0,1709
1530001,1540000,1,L02-2,2,1,0,0,87,1471
1610001,1620000,3,L02-2,2,0,0,0,5040,5040
1620001,1630000,5,L02-2,2,0,0,0,3541,3541
1640001,1650000,3,L02-2,2,0,0,0,2213,2213
1650001,1660000,1,L02-2,2,0,0,0,924,924
1660001,1670000,1,L02-2,2,0,0,0,1106,1106
1670001,1680000,0,L02-2,2,1,0,0,0,3093
1700001,1710000,1,L02-2,2,0,0,0,584,584
1710001,1720000,7,L02-2,2,0,0,0,6446,6446
1770001,1780000,1,L02-2,2,0,0,0,634,634
1780001,1790000,2,L02-2,2,0,0,0,2553,2553
1790001,1800000,1,L02-2,2,0,0,0,788,788
1820001,1830000,0,L02-2,2,1,0,0,0,3093
2040001,2050000,1,L02-2,2,0,0,0,1274,1274
2070001,2080000,1,L02-2,2,0,0,0,641,641
2120001,2130000,5,L02-2,2,0,0,0,4851,4851
2130001,2140000,1,L02-2,2,0,0,0,1345,1345
2150001,2160000,1,L02-2,2,0,0,0,827,827
2190001,2200000,1,L02-2,2,0,0,0,995,995
2200001,2210000,0,L02-2,2,0,1,1,0,0
2210001,2220000,1,L02-2,2,0,0,0,695,695
2270001,2280000,1,L02-2,2,0,0,0,1772,1772
2280001,2290000,1,L02-2,2,0,0,0,1733,1733
2300001,2310000,3,L02-2,2,0,0,0,707,707
2310001,2320000,0,L02-2,2,1,0,0,0,452
2320001,2330000,0,L02-2,2,1,1,0,0,2641
2410001,2420000,1,L02-2,2,1,0,0,2033,5126
2450001,2460000,0,L02-2,2,0,1,1,0,0
2460001,2470000,1,L02-2,2,0,0,0,668,668
2470001,2480000,0,L02-2,2,1,0,0,0,472
2480001,2490000,0,L02-2,2,1,0,0,0,2621
2510001,2520000,1,L02-2,2,0,0,0,1760,1760
2550001,2560000,1,L02-2,2,0,0,0,437,437
2560001,2570000,2,L02-2,2,0,0,0,4475,4475
2570001,2580000,1,L02-2,2,0,0,0,1130,1130
2650001,2660000,2,L02-2,2,0,0,0,2182,2182
2660001,2670000,1,L02-2,2,0,0,0,1220,1220
2690001,2700000,0,L02-2,2,1,0,0,0,3068
2720001,2730000,1,L02-2,2,0,0,0,1415,1415
2730001,2740000,2,L02-2,2,0,0,0,3001,3001
2790001,2800000,2,L02-2,2,0,0,0,1141,1141
2800001,2810000,1,L02-2,2,0,0,0,864,864
2810001,2820000,1,L02-2,2,0,0,0,746,746
2830001,2840000,0,L02-2,2,1,0,0,0,3093
2840001,2850000,3,L02-2,2,0,0,0,3864,3864
2860001,2870000,1,L02-2,2,0,0,0,803,803
2900001,2910000,3,L02-2,2,0,0,0,2259,2259
2920001,2930000,1,L02-2,2,0,0,0,1355,1355
2930001,2940000,0,L02-2,2,1,0,0,0,3035
2940001,2950000,1,L02-2,2,1,0,0,737,795
2950001,2960000,6,L02-2,2,0,0,0,4194,4194
2990001,3000000,3,L02-2,2,0,0,0,2907,2907
3040001,3050000,3,L02-2,2,0,0,0,1500,1500
3050001,3060000,0,L02-2,2,1,0,0,0,908
3060001,3070000,2,L02-2,2,1,0,0,2935,5120
3120001,3130000,1,L02-2,2,0,0,0,875,875
3180001,3190000,1,L02-2,2,0,0,0,1098,1098
3220001,3230000,2,L02-2,2,0,0,0,2242,2242
3230001,3240000,1,L02-2,2,0,0,0,1154,1154
3240001,3250000,1,L02-2,2,0,0,0,416,416
3280001,3290000,2,L02-2,2,0,0,0,1531,1531
3290001,3300000,2,L02-2,2,0,0,0,2469,2469
3300001,3310000,2,L02-2,2,0,0,0,1540,1540
3320001,3330000,4,L02-2,2,0,0,0,2937,2937
3330001,3340000,2,L02-2,2,0,0,0,3268,3268
3370001,3380000,0,L02-2,2,1,1,0,0,3093
3390001,3400000,1,L02-2,2,0,0,0,376,376
3430001,3440000,2,L02-2,2,0,0,0,4159,4159
3440001,3450000,3,L02-2,2,0,0,0,3357,3357
3450001,3460000,5,L02-2,2,0,0,0,3970,3970
3460001,3470000,4,L02-2,2,0,0,0,2389,2389
3490001,3500000,2,L02-2,2,1,0,0,820,3913
3500001,3510000,1,L02-2,2,0,0,0,1067,1067
3510001,3520000,3,L02-2,2,0,0,0,2249,2249
3520001,3530000,3,L02-2,2,0,0,0,2204,2204
3550001,3560000,5,L02-2,2,0,0,0,3073,3073
3560001,3570000,22,L02-2,2,0,0,0,9271,9271
3570001,3580000,8,L02-2,2,0,0,0,5533,5533
3610001,3620000,1,L02-2,2,0,0,0,1004,1004
3620001,3630000,1,L02-2,2,0,0,0,159,159
3630001,3640000,1,L02-2,2,0,0,0,1976,1976
3670001,3680000,1,L02-2,2,0,0,0,1103,1103
3690001,3700000,0,L02-2,2,1,0,0,0,3093
3720001,3730000,4,L02-2,2,0,0,0,4066,4066
3730001,3740000,0,L02-2,2,1,1,0,0,3093
3790001,3800000,0,L02-2,2,1,0,0,0,3093
3810001,3820000,0,L02-2,2,1,0,0,0,3093
3830001,3840000,0,L02-2,2,1,0,0,0,3742
3840001,3850000,1,L02-2,2,0,0,0,1019,1019
3880001,3890000,0,L02-2,2,1,0,0,0,498
3890001,3900000,0,L02-2,2,1,0,0,0,9446
3910001,3920000,1,L02-2,2,1,0,0,534,3627
3920001,3930000,5,L02-2,2,0,0,0,3114,3114
3930001,3940000,2,L02-2,2,0,0,0,2731,2731
3980001,3990000,1,L02-2,2,0,0,0,1451,1451
3990001,4000000,6,L02-2,2,0,0,0,5611,5611
4010001,4020000,0,L02-2,2,1,0,0,0,3093
4020001,4030000,2,L02-2,2,0,0,0,3199,3199
20001,30000,1,L02-3,1,0,0,0,75,75
40001,50000,1,L02-3,1,0,0,0,1259,1259
50001,60000,3,L02-3,1,0,0,0,228,228
60001,70000,2,L02-3,1,0,0,0,1678,1678
100001,110000,1,L02-3,1,0,0,0,545,545
120001,130000,2,L02-3,1,0,0,0,3382,3382
190001,200000,2,L02-3,1,0,0,0,2093,2093
200001,210000,1,L02-3,1,0,0,0,1064,1064
230001,240000,1,L02-3,1,0,0,0,318,318
240001,250000,6,L02-3,1,0,0,0,3627,3627
250001,260000,7,L02-3,1,0,0,0,6215,6215
260001,270000,1,L02-3,1,0,0,0,3827,3827
320001,330000,2,L02-3,1,0,0,0,2575,2575
330001,340000,3,L02-3,1,0,0,0,2743,2743
340001,350000,2,L02-3,1,0,0,0,536,536
440001,450000,3,L02-3,1,0,0,0,2099,2099
450001,460000,1,L02-3,1,0,0,0,406,406
460001,470000,4,L02-3,1,0,0,0,2839,2839
470001,480000,1,L02-3,1,0,0,0,187,187
490001,500000,1,L02-3,1,0,0,0,23,23
500001,510000,1,L02-3,1,0,0,0,204,204
520001,530000,1,L02-3,1,0,0,0,530,530
550001,560000,1,L02-3,1,0,0,0,2855,2855
560001,570000,2,L02-3,1,0,0,0,2182,2182
570001,580000,1,L02-3,1,0,0,0,184,184
580001,590000,2,L02-3,1,0,0,0,1092,1092
630001,640000,2,L02-3,1,0,0,0,2500,2500
640001,650000,4,L02-3,1,0,0,0,3522,3522
660001,670000,1,L02-3,1,0,0,0,479,479
670001,680000,1,L02-3,1,0,0,0,2354,2354
700001,710000,3,L02-3,1,0,0,0,2902,2902
710001,720000,8,L02-3,1,0,0,0,9028,9028
720001,730000,7,L02-3,1,0,0,0,7198,7198
750001,760000,1,L02-3,1,0,0,0,662,662
770001,780000,1,L02-3,1,0,0,0,479,479
780001,790000,2,L02-3,1,0,0,0,1624,1624
790001,800000,3,L02-3,1,0,0,0,1618,1618
800001,810000,9,L02-3,1,0,0,0,8961,8961
810001,820000,7,L02-3,1,0,0,0,8352,8352
820001,830000,2,L02-3,1,0,0,0,3016,3016
920001,930000,1,L02-3,1,0,0,0,974,974
950001,960000,2,L02-3,1,0,0,0,2818,2818
960001,970000,6,L02-3,1,0,0,0,5612,5612
970001,980000,1,L02-3,1,0,0,0,118,118
1000001,1010000,1,L02-3,1,0,0,0,113,113
1020001,1030000,3,L02-3,1,0,0,0,3537,3537
1040001,1050000,0,L02-3,1,0,1,1,0,0
1070001,1080000,3,L02-3,1,0,0,0,2973,2973
1080001,1090000,1,L02-3,1,0,0,0,76,76
1110001,1120000,0,L02-3,1,0,1,1,0,0
1150001,1160000,1,L02-3,1,0,0,0,12,12
1160001,1170000,6,L02-3,1,0,0,0,7836,7836
1180001,1190000,1,L02-3,1,0,0,0,1538,1538
1190001,1200000,2,L02-3,1,0,0,0,390,390
1200001,1210000,2,L02-3,1,0,0,0,1888,1888
1210001,1220000,0,L02-3,1,0,1,0,0,0
1230001,1240000,0,L02-3,1,0,1,0,0,0
1270001,1280000,0,L02-3,1,1,0,0,0,3093
1320001,1330000,0,L02-3,1,0,1,1,0,0
1410001,1420000,1,L02-3,1,0,0,0,218,218
1420001,1430000,3,L02-3,1,0,0,0,5895,5895
1450001,1460000,4,L02-3,1,0,0,0,5150,5150
1460001,1470000,3,L02-3,1,0,0,0,6459,6459
1470001,1480000,1,L02-3,1,0,0,0,1400,1400
1500001,1510000,1,L02-3,1,0,0,0,518,518
1510001,1520000,0,L02-3,1,1,0,0,0,3092
1520001,1530000,1,L02-3,1,0,0,0,87,87
1590001,1600000,1,L02-3,1,0,0,0,603,603
1600001,1610000,4,L02-3,1,0,0,0,4742,4742
1610001,1620000,5,L02-3,1,0,0,0,3236,3236
1630001,1640000,3,L02-3,1,0,0,0,3137,3137
1650001,1660000,1,L02-3,1,0,0,0,1106,1106
1660001,1670000,0,L02-3,1,1,1,0,0,3093
1690001,1700000,4,L02-3,1,0,0,0,2380,2380
1700001,1710000,6,L02-3,1,0,0,0,4650,4650
1760001,1770000,1,L02-3,1,0,0,0,2597,2597
1770001,1780000,1,L02-3,1,0,0,0,590,590
1780001,1790000,1,L02-3,1,0,0,0,788,788
2020001,2030000,1,L02-3,1,0,0,0,770,770
2030001,2040000,1,L02-3,1,0,0,0,504,504
2050001,2060000,1,L02-3,1,0,0,0,641,641
2100001,2110000,1,L02-3,1,0,0,0,1162,1162
2110001,2120000,5,L02-3,1,0,0,0,5034,5034
2130001,2140000,1,L02-3,1,0,0,0,827,827
2170001,2180000,1,L02-3,1,0,0,0,995,995
2200001,2210000,1,L02-3,1,0,0,0,695,695
2260001,2270000,1,L02-3,1,0,0,0,1772,1772
2270001,2280000,1,L02-3,1,0,1,1,1733,1733
2280001,2290000,3,L02-3,1,0,0,0,707,707
2300001,2310000,0,L02-3,1,1,0,0,0,3092
2350001,2360000,0,L02-3,1,0,1,1,0,0
2390001,2400000,0,L02-3,1,1,0,0,0,268
2400001,2410000,1,L02-3,1,1,1,0,2033,4858
2450001,2460000,1,L02-3,1,0,0,0,668,668
2490001,2500000,1,L02-3,1,0,0,0,1760,1760
2540001,2550000,1,L02-3,1,0,0,0,2627,2627
2550001,2560000,2,L02-3,1,0,0,0,3415,3415
2570001,2580000,0,L02-3,1,0,1,0,0,0
2590001,2600000,0,L02-3,1,0,1,0,0,0
2630001,2640000,1,L02-3,1,0,0,0,74,74
2640001,2650000,3,L02-3,1,0,0,0,3328,3328
2670001,2680000,0,L02-3,1,1,0,0,0,602
2680001,2690000,0,L02-3,1,1,0,0,0,2491
2710001,2720000,1,L02-3,1,0,1,1,1415,1415
2720001,2730000,2,L02-3,1,0,0,0,3001,3001
2770001,2780000,1,L02-3,1,0,0,0,1127,1127
2780001,2790000,1,L02-3,1,0,0,0,878,878
2800001,2810000,1,L02-3,1,0,0,0,746,746
2820001,2830000,3,L02-3,1,0,0,0,3864,3864
2850001,2860000,1,L02-3,1,0,0,0,803,803
2880001,2890000,2,L02-3,1,0,0,0,1285,1285
2890001,2900000,2,L02-3,1,0,0,0,974,974
2900001,2910000,1,L02-3,1,0,0,0,665,665
2910001,2920000,1,L02-3,1,1,0,0,690,1323
2920001,2930000,1,L02-3,1,1,0,0,737,3197
2930001,2940000,5,L02-3,1,0,0,0,2898,2898
2940001,2950000,2,L02-3,1,0,0,0,1296,1296
2970001,2980000,3,L02-3,1,0,0,0,2906,2906
3020001,3030000,3,L02-3,1,0,0,0,1500,1500
3060001,3070000,2,L02-3,1,1,0,0,2935,6028
3120001,3130000,1,L02-3,1,0,0,0,875,875
3180001,3190000,1,L02-3,1,0,0,0,981,981
3190001,3200000,1,L02-3,1,0,0,0,117,117
3220001,3230000,2,L02-3,1,0,0,0,2242,2242
3240001,3250000,2,L02-3,1,0,0,0,1570,1570
3290001,3300000,2,L02-3,1,0,0,0,2995,2995
3300001,3310000,1,L02-3,1,0,0,0,1892,1892
3310001,3320000,1,L02-3,1,0,0,0,653,653
3320001,3330000,2,L02-3,1,0,0,0,1606,1606
3330001,3340000,3,L02-3,1,0,0,0,4599,4599
3370001,3380000,0,L02-3,1,1,1,0,0,3093
3390001,3400000,1,L02-3,1,0,0,0,375,375
3430001,3440000,2,L02-3,1,0,0,0,3031,3031
3440001,3450000,4,L02-3,1,0,0,0,3948,3948
3450001,3460000,6,L02-3,1,0,0,0,4412,4412
3460001,3470000,5,L02-3,1,0,0,0,2484,2484
3490001,3500000,2,L02-3,1,1,0,0,820,3049
3500001,3510000,1,L02-3,1,1,0,0,1067,1930
3510001,3520000,1,L02-3,1,0,0,0,392,392
3520001,3530000,5,L02-3,1,0,0,0,4061,4061
3550001,3560000,3,L02-3,1,0,0,0,2028,2028
3560001,3570000,19,L02-3,1,0,0,0,8458,8458
3570001,3580000,12,L02-3,1,0,0,0,7391,7391
3610001,3620000,1,L02-3,1,0,0,0,1004,1004
3630001,3640000,1,L02-3,1,0,1,1,2135,2135
3670001,3680000,1,L02-3,1,0,0,0,933,933
3680001,3690000,1,L02-3,1,0,0,0,170,170
3690001,3700000,0,L02-3,1,1,0,0,0,2071
3700001,3710000,4,L02-3,1,1,0,0,4065,5087
3790001,3800000,0,L02-3,1,0,1,0,0,0
3810001,3820000,1,L02-3,1,1,0,0,642,3735
3820001,3830000,2,L02-3,1,1,0,0,2338,2412
3830001,3840000,0,L02-3,1,1,0,0,0,6121
3850001,3860000,0,L02-3,1,0,1,0,0,0
3870001,3880000,1,L02-3,1,0,0,0,1019,1019
3890001,3900000,0,L02-3,1,1,0,0,0,3064
3900001,3910000,3,L02-3,1,1,0,0,1992,2020
3910001,3920000,3,L02-3,1,0,0,0,2229,2229
3920001,3930000,2,L02-3,1,0,0,0,2158,2158
3970001,3980000,2,L02-3,1,0,0,0,3193,3193
3980001,3990000,5,L02-3,1,0,0,0,3869,3869
3990001,4000000,0,L02-3,1,1,0,0,0,1446
4000001,4010000,0,L02-3,1,1,0,0,0,1647
20001,30000,1,L02-3,2,0,0,0,75,75
40001,50000,1,L02-3,2,0,0,0,1259,1259
50001,60000,3,L02-3,2,0,0,0,228,228
60001,70000,2,L02-3,2,0,0,0,1678,1678
100001,110000,1,L02-3,2,0,0,0,545,545
120001,130000,2,L02-3,2,0,0,0,3382,3382
190001,200000,2,L02-3,2,0,0,0,2093,2093
200001,210000,1,L02-3,2,0,0,0,1064,1064
230001,240000,1,L02-3,2,0,0,0,318,318
240001,250000,6,L02-3,2,0,0,0,3628,3628
250001,260000,7,L02-3,2,0,0,0,6215,6215
260001,270000,1,L02-3,2,0,0,0,3826,3826
320001,330000,2,L02-3,2,0,0,0,2577,2577
330001,340000,3,L02-3,2,0,0,0,2741,2741
340001,350000,1,L02-3,2,0,0,0,536,536
440001,450000,3,L02-3,2,0,0,0,2102,2102
450001,460000,1,L02-3,2,0,0,0,403,403
460001,470000,4,L02-3,2,0,0,0,2843,2843
470001,480000,1,L02-3,2,0,0,0,183,183
490001,500000,1,L02-3,2,0,0,0,26,26
500001,510000,1,L02-3,2,0,0,0,201,201
520001,530000,1,L02-3,2,0,0,0,530,530
550001,560000,1,L02-3,2,0,0,0,2855,2855
560001,570000,2,L02-3,2,0,0,0,2182,2182
570001,580000,1,L02-3,2,0,0,0,190,190
580001,590000,2,L02-3,2,0,0,0,1086,1086
630001,640000,2,L02-3,2,0,0,0,2507,2507
640001,650000,4,L02-3,2,0,0,0,3515,3515
660001,670000,1,L02-3,2,0,0,0,479,479
670001,680000,1,L02-3,2,0,0,0,2354,2354
700001,710000,3,L02-3,2,0,0,0,2910,2910
710001,720000,8,L02-3,2,0,0,0,9028,9028
720001,730000,7,L02-3,2,0,0,0,7191,7191
750001,760000,1,L02-3,2,0,0,0,662,662
770001,780000,1,L02-3,2,0,0,0,479,479
780001,790000,2,L02-3,2,0,0,0,1624,1624
790001,800000,3,L02-3,2,0,0,0,1618,1618
800001,810000,9,L02-3,2,0,0,0,8969,8969
810001,820000,7,L02-3,2,0,0,0,8343,8343
820001,830000,2,L02-3,2,0,0,0,3016,3016
920001,930000,1,L02-3,2,0,0,0,974,974
950001,960000,2,L02-3,2,0,0,0,2818,2818
960001,970000,6,L02-3,2,0,0,0,5625,5625
970001,980000,1,L02-3,2,0,0,0,105,105
1000001,1010000,1,L02-3,2,0,0,0,113,113
1020001,1030000,3,L02-3,2,0,0,0,3536,3536
1040001,1050000,0,L02-3,2,1,0,0,0,3092
1070001,1080000,2,L02-3,2,0,0,0,1294,1294
1080001,1090000,3,L02-3,2,0,0,0,1755,1755
1100001,1110000,0,L02-3,2,0,1,0,0,0
1110001,1120000,0,L02-3,2,1,0,0,0,3093
1120001,1130000,0,L02-3,2,1,0,0,0,0
1160001,1170000,2,L02-3,2,0,1,1,3013,3013
1170001,1180000,4,L02-3,2,0,0,0,4835,4835
1180001,1190000,1,L02-3,2,0,0,0,862,862
1190001,1200000,2,L02-3,2,0,0,0,760,760
1200001,1210000,1,L02-3,2,0,0,0,1664,1664
1210001,1220000,1,L02-3,2,0,0,0,530,530
1220001,1230000,0,L02-3,2,1,0,0,0,3092
1260001,1270000,0,L02-3,2,1,0,0,0,3093
1310001,1320000,0,L02-3,2,1,0,0,0,2534
1320001,1330000,0,L02-3,2,1,0,0,0,559
1400001,1410000,1,L02-3,2,0,0,0,218,218
1410001,1420000,2,L02-3,2,0,0,0,4030,4030
1420001,1430000,2,L02-3,2,0,0,0,1865,1865
1440001,1450000,2,L02-3,2,0,0,0,2461,2461
1450001,1460000,6,L02-3,2,0,0,0,5771,5771
1460001,1470000,1,L02-3,2,0,0,0,3377,3377
1470001,1480000,1,L02-3,2,0,0,0,1400,1400
1480001,1490000,0,L02-3,2,0,1,0,0,0
1490001,1500000,1,L02-3,2,0,0,0,518,518
1510001,1520000,1,L02-3,2,1,0,0,87,3180
1590001,1600000,3,L02-3,2,0,0,0,5040,5040
1600001,1610000,4,L02-3,2,0,0,0,2449,2449
1610001,1620000,2,L02-3,2,0,0,0,1092,1092
1620001,1630000,1,L02-3,2,0,0,0,247,247
1630001,1640000,3,L02-3,2,0,0,0,2891,2891
1640001,1650000,1,L02-3,2,0,0,0,1106,1106
1650001,1660000,0,L02-3,2,1,0,0,0,1216
1660001,1670000,0,L02-3,2,1,0,0,0,1877
1680001,1690000,1,L02-3,2,0,0,0,584,584
1690001,1700000,7,L02-3,2,0,0,0,6446,6446
1760001,1770000,2,L02-3,2,0,0,0,3187,3187
1770001,1780000,1,L02-3,2,0,0,0,27,27
1780001,1790000,1,L02-3,2,0,0,0,761,761
2020001,2030000,1,L02-3,2,0,0,0,1274,1274
2040001,2050000,1,L02-3,2,0,0,0,330,330
2050001,2060000,1,L02-3,2,0,0,0,311,311
2100001,2110000,5,L02-3,2,0,0,0,6196,6196
2120001,2130000,1,L02-3,2,0,0,0,474,474
2130001,2140000,1,L02-3,2,0,0,0,353,353
2160001,2170000,1,L02-3,2,0,0,0,164,164
2170001,2180000,1,L02-3,2,0,0,0,831,831
2190001,2200000,1,L02-3,2,0,1,1,695,695
2250001,2260000,1,L02-3,2,0,0,0,1772,1772
2260001,2270000,1,L02-3,2,1,0,0,1733,2014
2270001,2280000,0,L02-3,2,1,0,0,0,3461
2280001,2290000,3,L02-3,2,0,0,0,707,707
2300001,2310000,0,L02-3,2,1,0,0,0,3093
2350001,2360000,0,L02-3,2,1,0,0,0,3092
2370001,2380000,0,L02-3,2,0,1,0,0,0
2400001,2410000,1,L02-3,2,1,0,0,2033,5126
2450001,2460000,1,L02-3,2,0,0,0,668,668
2490001,2500000,1,L02-3,2,0,0,0,1760,1760
2540001,2550000,1,L02-3,2,0,0,0,2627,2627
2550001,2560000,2,L02-3,2,0,0,0,3415,3415
2570001,2580000,0,L02-3,2,1,0,0,0,3092
2620001,2630000,2,L02-3,2,0,0,0,2182,2182
2630001,2640000,1,L02-3,2,0,0,0,1220,1220
2660001,2670000,0,L02-3,2,1,0,0,0,3093
2690001,2700000,1,L02-3,2,0,0,0,1415,1415
2700001,2710000,1,L02-3,2,1,0,0,1059,4152
2710001,2720000,2,L02-3,2,0,0,0,1942,1942
2760001,2770000,1,L02-3,2,0,0,0,1127,1127
2770001,2780000,1,L02-3,2,0,0,0,878,878
2790001,2800000,1,L02-3,2,0,0,0,746,746
2800001,2810000,1,L02-3,2,0,0,0,130,130
2810001,2820000,3,L02-3,2,0,0,0,3734,3734
2830001,2840000,1,L02-3,2,0,0,0,803,803
2870001,2880000,3,L02-3,2,0,0,0,2259,2259
2890001,2900000,1,L02-3,2,0,0,0,1355,1355
2900001,2910000,0,L02-3,2,1,0,0,0,3092
2910001,2920000,1,L02-3,2,0,0,0,737,737
2920001,2930000,6,L02-3,2,0,0,0,4193,4193
2960001,2970000,3,L02-3,2,0,0,0,2907,2907
3010001,3020000,3,L02-3,2,0,0,0,1500,1500
3040001,3050000,0,L02-3,2,1,0,0,0,1596
3050001,3060000,2,L02-3,2,1,0,0,2935,4432
3110001,3120000,1,L02-3,2,0,0,0,875,875
3170001,3180000,1,L02-3,2,0,0,0,1098,1098
3210001,3220000,2,L02-3,2,0,0,0,2242,2242
3220001,3230000,1,L02-3,2,0,0,0,1154,1154
3230001,3240000,1,L02-3,2,0,0,0,416,416
3270001,3280000,2,L02-3,2,0,0,0,2227,2227
3280001,3290000,2,L02-3,2,0,0,0,2469,2469
3290001,3300000,2,L02-3,2,0,0,0,844,844
3300001,3310000,1,L02-3,2,0,0,0,231,231
3310001,3320000,4,L02-3,2,0,0,0,3403,3403
3320001,3330000,2,L02-3,2,0,0,0,2571,2571
3360001,3370000,0,L02-3,2,1,0,0,0,3093
3380001,3390000,1,L02-3,2,0,0,0,375,375
3420001,3430000,2,L02-3,2,0,0,0,4159,4159
3430001,3440000,3,L02-3,2,0,0,0,3357,3357
3440001,3450000,5,L02-3,2,0,0,0,3970,3970
3450001,3460000,4,L02-3,2,0,0,0,2389,2389
3480001,3490000,2,L02-3,2,1,0,0,820,3912
3490001,3500000,1,L02-3,2,0,0,0,1067,1067
3500001,3510000,3,L02-3,2,0,0,0,2634,2634
3510001,3520000,2,L02-3,2,0,0,0,1819,1819
3530001,3540000,1,L02-3,2,0,0,0,572,572
3540001,3550000,6,L02-3,2,0,0,0,3652,3652
3550001,3560000,22,L02-3,2,0,0,0,9313,9313
3560001,3570000,6,L02-3,2,0,0,0,4340,4340
3600001,3610000,1,L02-3,2,0,0,0,1004,1004
3610001,3620000,1,L02-3,2,0,0,0,1371,1371
3620001,3630000,1,L02-3,2,1,0,0,764,3857
3660001,3670000,1,L02-3,2,0,0,0,964,964
3670001,3680000,1,L02-3,2,0,0,0,139,139
3680001,3690000,0,L02-3,2,1,0,0,0,2102
3690001,3700000,4,L02-3,2,1,0,0,4066,5057
3780001,3790000,1,L02-3,2,1,0,0,28,3121
3790001,3800000,2,L02-3,2,0,0,0,2952,2952
3800001,3810000,0,L02-3,2,1,0,0,0,3742
3820001,3830000,0,L02-3,2,1,0,0,0,3742
3860001,3870000,1,L02-3,2,0,0,0,1019,1019
3880001,3890000,0,L02-3,2,1,0,0,0,2009
3890001,3900000,2,L02-3,2,1,0,0,1756,2840
3900001,3910000,3,L02-3,2,0,0,0,1891,1891
3910001,3920000,2,L02-3,2,0,0,0,2731,2731
3960001,3970000,1,L02-3,2,0,0,0,2414,2414
3970001,3980000,5,L02-3,2,0,0,0,4648,4648
3980001,3990000,0,L02-3,2,1,0,0,0,395
3990001,4000000,0,L02-3,2,1,1,0,0,2698
4000001,4010000,2,L02-3,2,0,0,0,3199,3199
20001,30000,1,L02-4,1,0,0,0,75,75
40001,50000,1,L02-4,1,0,0,0,1259,1259
50001,60000,3,L02-4,1,0,0,0,228,228
60001,70000,2,L02-4,1,0,0,0,1678,1678
100001,110000,1,L02-4,1,0,0,0,545,545
120001,130000,2,L02-4,1,0,0,0,3382,3382
130001,140000,0,L02-4,1,0,1,1,0,0
140001,150000,0,L02-4,1,0,1,1,0,0
190001,200000,2,L02-4,1,0,0,0,2093,2093
200001,210000,1,L02-4,1,0,0,0,1064,1064
230001,240000,1,L02-4,1,0,0,0,318,318
240001,250000,6,L02-4,1,0,0,0,3627,3627
250001,260000,7,L02-4,1,0,0,0,6215,6215
260001,270000,1,L02-4,1,0,0,0,3827,3827
320001,330000,2,L02-4,1,0,0,0,2575,2575
330001,340000,3,L02-4,1,0,0,0,2743,2743
340001,350000,2,L02-4,1,0,0,0,536,536
440001,450000,3,L02-4,1,0,0,0,2099,2099
450001,460000,1,L02-4,1,0,0,0,406,406
460001,470000,4,L02-4,1,0,0,0,2839,2839
470001,480000,1,L02-4,1,0,0,0,187,187
490001,500000,1,L02-4,1,0,0,0,23,23
500001,510000,1,L02-4,1,0,0,0,204,204
520001,530000,1,L02-4,1,0,0,0,530,530
550001,560000,1,L02-4,1,0,0,0,2855,2855
560001,570000,2,L02-4,1,0,0,0,2182,2182
570001,580000,1,L02-4,1,0,0,0,184,184
580001,590000,2,L02-4,1,0,0,0,1092,1092
630001,640000,2,L02-4,1,0,0,0,2500,2500
640001,650000,4,L02-4,1,0,0,0,3522,3522
660001,670000,1,L02-4,1,0,0,0,479,479
670001,680000,1,L02-4,1,0,0,0,2354,2354
700001,710000,3,L02-4,1,0,0,0,2902,2902
710001,720000,8,L02-4,1,0,0,0,9028,9028
720001,730000,7,L02-4,1,0,0,0,7198,7198
750001,760000,1,L02-4,1,0,0,0,662,662
770001,780000,1,L02-4,1,0,0,0,479,479
780001,790000,2,L02-4,1,0,0,0,1624,1624
790001,800000,3,L02-4,1,0,0,0,1618,1618
800001,810000,9,L02-4,1,0,0,0,8961,8961
810001,820000,7,L02-4,1,0,0,0,8352,8352
820001,830000,2,L02-4,1,0,0,0,3016,3016
920001,930000,1,L02-4,1,0,0,0,974,974
950001,960000,2,L02-4,1,0,0,0,2818,2818
960001,970000,6,L02-4,1,0,0,0,5612,5612
970001,980000,1,L02-4,1,0,0,0,118,118
1000001,1010000,1,L02-4,1,0,0,0,113,113
1020001,1030000,3,L02-4,1,0,0,0,3537,3537
1070001,1080000,3,L02-4,1,0,0,0,2973,2973
1080001,1090000,1,L02-4,1,0,0,0,76,76
1150001,1160000,1,L02-4,1,0,0,0,12,12
1160001,1170000,6,L02-4,1,0,0,0,7836,7836
1180001,1190000,1,L02-4,1,0,0,0,1538,1538
1190001,1200000,2,L02-4,1,0,0,0,390,390
1200001,1210000,2,L02-4,1,0,0,0,1888,1888
1270001,1280000,0,L02-4,1,1,0,0,0,3093
1410001,1420000,1,L02-4,1,0,0,0,218,218
1420001,1430000,3,L02-4,1,0,0,0,5895,5895
1450001,1460000,4,L02-4,1,0,0,0,5150,5150
1460001,1470000,3,L02-4,1,0,0,0,6459,6459
1470001,1480000,1,L02-4,1,0,0,0,1400,1400
1500001,1510000,1,L02-4,1,0,0,0,518,518
1510001,1520000,0,L02-4,1,1,0,0,0,3092
1520001,1530000,1,L02-4,1,0,0,0,87,87
1540001,1550000,0,L02-4,1,0,1,1,0,0
1590001,1600000,1,L02-4,1,0,0,0,603,603
1600001,1610000,4,L02-4,1,0,0,0,4742,4742
1610001,1620000,5,L02-4,1,0,0,0,3236,3236
1630001,1640000,3,L02-4,1,0,0,0,3137,3137
1650001,1660000,1,L02-4,1,0,0,0,1106,1106
1660001,1670000,0,L02-4,1,1,0,0,0,3093
1690001,1700000,4,L02-4,1,0,0,0,2380,2380
1700001,1710000,6,L02-4,1,0,0,0,4650,4650
1730001,1740000,0,L02-4,1,0,1,1,0,0
1760001,1770000,1,L02-4,1,0,0,0,2597,2597
1770001,1780000,1,L02-4,1,0,0,0,590,590
1780001,1790000,1,L02-4,1,0,0,0,788,788
2020001,2030000,1,L02-4,1,0,0,0,770,770
2030001,2040000,1,L02-4,1,0,0,0,504,504
2050001,2060000,1,L02-4,1,0,0,0,641,641
2100001,2110000,1,L02-4,1,0,0,0,1162,1162
2110001,2120000,5,L02-4,1,0,0,0,5034,5034
2130001,2140000,1,L02-4,1,0,0,0,827,827
2150001,2160000,0,L02-4,1,0,1,1,0,0
2170001,2180000,1,L02-4,1,0,0,0,995,995
2190001,2200000,0,L02-4,1,0,1,1,0,0
2200001,2210000,1,L02-4,1,0,0,0,695,695
2260001,2270000,1,L02-4,1,0,0,0,1772,1772
2270001,2280000,1,L02-4,1,0,0,0,1733,1733
2280001,2290000,3,L02-4,1,0,0,0,707,707
2300001,2310000,0,L02-4,1,1,0,0,0,3092
2340001,2350000,0,L02-4,1,0,1,0,0,0
2390001,2400000,0,L02-4,1,1,0,0,0,268
2400001,2410000,1,L02-4,1,1,0,0,2033,4858
2450001,2460000,1,L02-4,1,0,0,0,668,668
2480001,2490000,0,L02-4,1,0,1,0,0,0
2490001,2500000,1,L02-4,1,0,0,0,1760,1760
2540001,2550000,1,L02-4,1,0,0,0,2627,2627
2550001,2560000,2,L02-4,1,0,0,0,3415,3415
2610001,2620000,0,L02-4,1,0,1,1,0,0
2630001,2640000,1,L02-4,1,0,0,0,74,74
2640001,2650000,3,L02-4,1,0,0,0,3328,3328
2670001,2680000,0,L02-4,1,1,0,0,0,602
2680001,2690000,0,L02-4,1,1,0,0,0,2491
2710001,2720000,1,L02-4,1,0,0,0,1415,1415
2720001,2730000,2,L02-4,1,0,0,0,3001,3001
2770001,2780000,1,L02-4,1,0,0,0,1127,1127
2780001,2790000,1,L02-4,1,0,0,0,878,878
2800001,2810000,1,L02-4,1,0,0,0,746,746
2820001,2830000,3,L02-4,1,0,0,0,3864,3864
2850001,2860000,1,L02-4,1,0,0,0,803,803
2880001,2890000,2,L02-4,1,0,0,0,1285,1285
2890001,2900000,2,L02-4,1,0,0,0,974,974
2900001,2910000,1,L02-4,1,0,0,0,665,665
2910001,2920000,1,L02-4,1,1,0,0,690,1323
2920001,2930000,1,L02-4,1,1,0,0,737,3197
2930001,2940000,5,L02-4,1,0,0,0,2898,2898
2940001,2950000,2,L02-4,1,0,0,0,1296,1296
2970001,2980000,3,L02-4,1,0,0,0,2906,2906
3020001,3030000,3,L02-4,1,0,0,0,1500,1500
3060001,3070000,2,L02-4,1,1,0,0,2935,6028
3120001,3130000,1,L02-4,1,0,0,0,875,875
3160001,3170000,0,L02-4,1,0,2,0,0,0
3180001,3190000,1,L02-4,1,0,0,0,981,981
3190001,3200000,1,L02-4,1,0,0,0,117,117
3220001,3230000,2,L02-4,1,0,0,0,2242,2242
3240001,3250000,2,L02-4,1,0,0,0,1570,1570
3290001,3300000,2,L02-4,1,0,0,0,2995,2995
3300001,3310000,1,L02-4,1,0,0,0,1892,1892
3310001,3320000,1,L02-4,1,0,0,0,653,653
3320001,3330000,2,L02-4,1,0,0,0,1606,1606
3330001,3340000,3,L02-4,1,0,0,0,4599,4599
3350001,3360000,0,L02-4,1,0,1,0,0,0
3370001,3380000,0,L02-4,1,1,0,0,0,3093
3390001,3400000,1,L02-4,1,0,1,0,375,375
3430001,3440000,2,L02-4,1,0,0,0,3031,3031
3440001,3450000,4,L02-4,1,0,0,0,3948,3948
3450001,3460000,6,L02-4,1,0,0,0,4412,4412
3460001,3470000,5,L02-4,1,0,0,0,2484,2484
3490001,3500000,2,L02-4,1,1,0,0,820,3049
3500001,3510000,1,L02-4,1,1,0,0,1067,1930
3510001,3520000,1,L02-4,1,0,0,0,392,392
3520001,3530000,5,L02-4,1,0,0,0,4061,4061
3530001,3540000,0,L02-4,1,0,1,1,0,0
3550001,3560000,3,L02-4,1,0,0,0,2028,2028
3560001,3570000,19,L02-4,1,0,0,0,8458,8458
3570001,3580000,12,L02-4,1,0,0,0,7391,7391
3610001,3620000,1,L02-4,1,0,0,0,1004,1004
3630001,3640000,1,L02-4,1,0,0,0,2135,2135
3670001,3680000,1,L02-4,1,0,0,0,933,933
3680001,3690000,1,L02-4,1,0,0,0,170,170
3690001,3700000,0,L02-4,1,1,0,0,0,2071
3700001,3710000,4,L02-4,1,1,0,0,4065,5087
3810001,3820000,1,L02-4,1,1,0,0,642,3735
3820001,3830000,2,L02-4,1,1,1,0,2338,2412
3830001,3840000,0,L02-4,1,1,0,0,0,6121
3870001,3880000,1,L02-4,1,0,0,0,1019,1019
3890001,3900000,0,L02-4,1,1,0,0,0,3064
3900001,3910000,3,L02-4,1,1,0,0,1992,2020
3910001,3920000,3,L02-4,1,0,0,0,2229,2229
3920001,3930000,2,L02-4,1,0,0,0,2158,2158
3930001,3940000,0,L02-4,1,0,1,1,0,0
3940001,3950000,0,L02-4,1,0,2,0,0,0
20001,30000,1,L02-4,2,0,0,0,75,75
40001,50000,1,L02-4,2,0,0,0,1259,1259
50001,60000,3,L02-4,2,0,0,0,228,228
60001,70000,2,L02-4,2,0,0,0,1678,1678
100001,110000,1,L02-4,2,0,0,0,545,545
120001,130000,2,L02-4,2,0,0,0,3382,3382
130001,140000,0,L02-4,2,1,0,0,0,2626
140001,150000,0,L02-4,2,2,0,0,0,3142
150001,160000,0,L02-4,2,1,1,0,0,416
190001,200000,0,L02-4,2,0,1,1,0,0
200001,210000,2,L02-4,2,0,0,0,3157,3157
240001,250000,1,L02-4,2,0,0,0,857,857
250001,260000,7,L02-4,2,0,0,0,4017,4017
260001,270000,4,L02-4,2,0,0,0,9093,9093
270001,280000,1,L02-4,2,0,0,0,20,20
330001,340000,3,L02-4,2,0,0,0,3903,3903
340001,350000,1,L02-4,2,0,0,0,1415,1415
350001,360000,1,L02-4,2,0,0,0,536,536
450001,460000,3,L02-4,2,0,0,0,2505,2505
460001,470000,1,L02-4,2,0,0,0,275,275
470001,480000,4,L02-4,2,0,0,0,2751,2751
500001,510000,1,L02-4,2,0,0,0,227,227
520001,530000,1,L02-4,2,0,0,0,530,530
530001,540000,1,L02-4,2,0,0,0,0,0
560001,570000,3,L02-4,2,0,0,0,5037,5037
580001,590000,2,L02-4,2,0,0,0,1276,1276
600001,610000,0,L02-4,2,0,1,1,0,0
640001,650000,4,L02-4,2,0,0,0,5201,5201
650001,660000,1,L02-4,2,0,0,0,821,821
670001,680000,2,L02-4,2,0,0,0,2833,2833
710001,720000,6,L02-4,2,0,0,0,6709,6709
720001,730000,9,L02-4,2,0,0,0,8638,8638
730001,740000,3,L02-4,2,0,0,0,3782,3782
760001,770000,1,L02-4,2,0,0,0,662,662
770001,780000,1,L02-4,2,0,0,0,479,479
780001,790000,1,L02-4,2,0,0,0,71,71
790001,800000,2,L02-4,2,0,0,0,1553,1553
800001,810000,7,L02-4,2,0,0,0,4629,4629
810001,820000,9,L02-4,2,0,0,0,9039,9039
820001,830000,4,L02-4,2,0,0,0,6560,6560
830001,840000,1,L02-4,2,0,0,0,1718,1718
930001,940000,1,L02-4,2,0,0,0,974,974
960001,970000,4,L02-4,2,0,0,0,4075,4075
970001,980000,5,L02-4,2,0,0,0,4473,4473
1010001,1020000,1,L02-4,2,0,0,0,113,113
1020001,1030000,1,L02-4,2,0,0,0,1930,1930
1030001,1040000,2,L02-4,2,0,0,0,1606,1606
1080001,1090000,3,L02-4,2,0,0,0,2973,2973
1090001,1100000,1,L02-4,2,0,0,0,76,76
1160001,1170000,2,L02-4,2,0,0,0,3013,3013
1170001,1180000,4,L02-4,2,0,0,0,4835,4835
1180001,1190000,1,L02-4,2,0,0,0,874,874
1190001,1200000,2,L02-4,2,0,0,0,748,748
1200001,1210000,1,L02-4,2,0,0,0,1664,1664
1210001,1220000,1,L02-4,2,0,0,0,530,530
1270001,1280000,0,L02-4,2,1,0,0,0,1291
1280001,1290000,0,L02-4,2,1,0,0,0,1801
1420001,1430000,2,L02-4,2,0,0,0,2695,2695
1430001,1440000,3,L02-4,2,0,0,0,3418,3418
1450001,1460000,1,L02-4,2,0,0,0,1673,1673
1460001,1470000,5,L02-4,2,0,0,0,4851,4851
1470001,1480000,2,L02-4,2,0,0,0,5085,5085
1480001,1490000,1,L02-4,2,0,0,0,1400,1400
1510001,1520000,1,L02-4,2,0,0,0,518,518
1520001,1530000,1,L02-4,2,1,0,0,87,3179
1550001,1560000,0,L02-4,2,1,0,0,0,3093
1600001,1610000,1,L02-4,2,0,0,0,1437,1437
1610001,1620000,5,L02-4,2,0,0,0,4729,4729
1620001,1630000,4,L02-4,2,0,0,0,2415,2415
1640001,1650000,3,L02-4,2,0,0,0,3137,3137
1660001,1670000,1,L02-4,2,0,0,0,1106,1106
1670001,1680000,0,L02-4,2,1,0,0,0,3093
1700001,1710000,5,L02-4,2,0,0,0,3005,3005
1710001,1720000,4,L02-4,2,0,0,0,4025,4025
1740001,1750000,0,L02-4,2,1,0,0,0,3093
1770001,1780000,1,L02-4,2,0,0,0,760,760
1780001,1790000,2,L02-4,2,0,0,0,2427,2427
1790001,1800000,1,L02-4,2,0,0,0,788,788
1830001,1840000,0,L02-4,2,0,1,1,0,0
1920001,1930000,0,L02-4,2,0,1,1,0,0
2040001,2050000,1,L02-4,2,0,0,0,1274,1274
2060001,2070000,1,L02-4,2,0,0,0,641,641
2120001,2130000,5,L02-4,2,0,0,0,6196,6196
2140001,2150000,1,L02-4,2,0,0,0,827,827
2160001,2170000,0,L02-4,2,1,0,0,0,476
2170001,2180000,0,L02-4,2,1,0,0,0,2617
2190001,2200000,1,L02-4,2,0,1,0,995,995
2200001,2210000,0,L02-4,2,0,1,0,0,0
2210001,2220000,0,L02-4,2,1,0,0,0,3093
2220001,2230000,1,L02-4,2,0,0,0,695,695
2270001,2280000,1,L02-4,2,0,0,0,960,960
2280001,2290000,1,L02-4,2,0,0,0,812,812
2290001,2300000,1,L02-4,2,0,0,0,1733,1733
2300001,2310000,3,L02-4,2,0,0,0,707,707
2320001,2330000,0,L02-4,2,1,0,0,0,3093
2330001,2340000,0,L02-4,2,0,1,0,0,0
2350001,2360000,0,L02-4,2,1,0,0,0,113
2360001,2370000,0,L02-4,2,1,0,0,0,2979
2390001,2400000,1,L02-4,2,0,0,0,668,668
2430001,2440000,1,L02-4,2,0,0,0,241,241
2440001,2450000,1,L02-4,2,1,0,0,1792,4884
2450001,2460000,1,L02-4,2,0,0,0,333,333
2460001,2470000,1,L02-4,2,0,0,0,1427,1427
2500001,2510000,1,L02-4,2,0,0,0,1698,1698
2510001,2520000,3,L02-4,2,0,0,0,4321,4321
2520001,2530000,1,L02-4,2,0,0,0,23,23
2570001,2580000,0,L02-4,2,1,0,0,0,1622
2580001,2590000,0,L02-4,2,1,0,0,0,1471
2600001,2610000,2,L02-4,2,0,0,0,2182,2182
2610001,2620000,1,L02-4,2,0,0,0,1220,1220
2640001,2650000,0,L02-4,2,1,0,0,0,3091
2670001,2680000,1,L02-4,2,0,0,0,995,995
2680001,2690000,3,L02-4,2,0,0,0,2440,2440
2690001,2700000,1,L02-4,2,0,0,0,981,981
2740001,2750000,1,L02-4,2,0,0,0,1127,1127
2750001,2760000,1,L02-4,2,0,0,0,878,878
2770001,2780000,1,L02-4,2,0,0,0,746,746
2780001,2790000,1,L02-4,2,0,0,0,1163,1163
2790001,2800000,3,L02-4,2,0,0,0,2701,2701
2810001,2820000,1,L02-4,2,0,0,0,803,803
2850001,2860000,3,L02-4,2,0,0,0,2259,2259
2870001,2880000,1,L02-4,2,0,0,0,1355,1355
2880001,2890000,0,L02-4,2,1,0,0,0,3092
2890001,2900000,1,L02-4,2,0,0,0,737,737
2900001,2910000,6,L02-4,2,0,0,0,4194,4194
2930001,2940000,2,L02-4,2,0,0,0,174,174
2940001,2950000,2,L02-4,2,0,0,0,2732,2732
2990001,3000000,3,L02-4,2,0,0,0,1500,1500
3020001,3030000,0,L02-4,2,1,0,0,0,2629
3030001,3040000,2,L02-4,2,1,0,0,2935,3400
3080001,3090000,1,L02-4,2,0,0,0,783,783
3090001,3100000,1,L02-4,2,0,0,0,92,92
3110001,3120000,0,L02-4,2,0,2,0,0,0
3120001,3130000,0,L02-4,2,1,1,0,0,3529
3130001,3140000,0,L02-4,2,1,0,0,0,1288
3150001,3160000,1,L02-4,2,0,0,0,1098,1098
3180001,3190000,2,L02-4,2,0,0,0,2242,2242
3200001,3210000,2,L02-4,2,0,0,0,1570,1570
3250001,3260000,2,L02-4,2,0,0,0,2996,2996
3260001,3270000,1,L02-4,2,0,0,0,1892,1892
3270001,3280000,1,L02-4,2,0,0,0,653,653
3280001,3290000,2,L02-4,2,0,0,0,1606,1606
3290001,3300000,3,L02-4,2,0,0,0,4599,4599
3310001,3320000,0,L02-4,2,1,0,0,0,2812
3320001,3330000,2,L02-4,2,1,0,0,2980,3910
3330001,3340000,0,L02-4,2,1,0,0,0,3093
3430001,3440000,1,L02-4,2,0,0,0,842,842
3440001,3450000,4,L02-4,2,1,0,0,3224,6316
3460001,3470000,1,L02-4,2,0,0,0,1103,1103
3510001,3520000,1,L02-4,2,0,0,0,2135,2135
3520001,3530000,1,L02-4,2,0,0,0,1004,1004
3540001,3550000,0,L02-4,2,0,2,0,0,0
3560001,3570000,3,L02-4,2,0,0,0,1833,1833
3570001,3580000,16,L02-4,2,0,0,0,7465,7465
3580001,3590000,13,L02-4,2,0,0,0,6552,6552
3590001,3600000,3,L02-4,2,0,0,0,2028,2028
3610001,3620000,0,L02-4,2,1,0,0,0,3092
3620001,3630000,4,L02-4,2,0,0,0,3071,3071
3630001,3640000,2,L02-4,2,0,0,0,1382,1382
3640001,3650000,1,L02-4,2,0,0,0,1067,1067
3650001,3660000,2,L02-4,2,1,0,0,820,3913
3680001,3690000,4,L02-4,2,0,0,0,2389,2389
3690001,3700000,5,L02-4,2,0,0,0,3970,3970
3700001,3710000,4,L02-4,2,0,0,0,3495,3495
3710001,3720000,2,L02-4,2,0,0,0,4021,4021
3750001,3760000,1,L02-4,2,0,0,0,375,375
3760001,3770000,0,L02-4,2,1,0,0,0,3739
3780001,3790000,0,L02-4,2,0,1,1,0,0
3800001,3810000,1,L02-4,2,0,0,0,1019,1019
3810001,3820000,0,L02-4,2,0,2,0,0,0
3820001,3830000,0,L02-4,2,1,0,0,0,3092
3830001,3840000,4,L02-4,2,0,0,0,2611,2611
3840001,3850000,4,L02-4,2,0,0,0,2692,2692
3850001,3860000,1,L02-4,2,0,0,0,1075,1075
3860001,3870000,0,L02-4,2,1,0,0,0,3093
3870001,3880000,0,L02-4,2,1,0,0,0,3741
3890001,3900000,0,L02-4,2,0,2,0,0,0
3910001,3920000,6,L02-4,2,0,0,0,7062,7062
3930001,3940000,0,L02-4,2,1,1,0,0,3092
3940001,3950000,2,L02-4,2,0,1,0,2567,2567
3950001,3960000,1,L02-4,2,0,0,0,632,632
20001,30000,1,L03-1,1,0,0,0,75,75
40001,50000,1,L03-1,1,0,0,0,1259,1259
50001,60000,3,L03-1,1,0,0,0,228,228
60001,70000,2,L03-1,1,0,0,0,1678,1678
100001,110000,1,L03-1,1,0,0,0,545,545
120001,130000,2,L03-1,1,0,0,0,3382,3382
190001,200000,2,L03-1,1,0,0,0,2091,2091
200001,210000,1,L03-1,1,1,0,0,1066,3094
210001,220000,0,L03-1,1,1,0,0,0,1064
240001,250000,2,L03-1,1,0,0,0,1443,1443
250001,260000,10,L03-1,1,0,0,0,5691,5691
260001,270000,2,L03-1,1,0,0,0,6853,6853
330001,340000,3,L03-1,1,0,0,0,3903,3903
340001,350000,1,L03-1,1,0,0,0,1415,1415
350001,360000,1,L03-1,1,0,0,0,536,536
440001,450000,2,L03-1,1,0,0,0,1939,1939
450001,460000,1,L03-1,1,0,0,0,566,566
460001,470000,3,L03-1,1,0,0,0,2565,2565
470001,480000,1,L03-1,1,0,0,0,461,461
500001,510000,1,L03-1,1,0,0,0,227,227
520001,530000,1,L03-1,1,0,0,0,530,530
550001,560000,1,L03-1,1,0,0,0,1773,1773
560001,570000,3,L03-1,1,0,0,0,3264,3264
580001,590000,2,L03-1,1,0,0,0,1276,1276
640001,650000,5,L03-1,1,0,0,0,6021,6021
660001,670000,1,L03-1,1,0,0,0,479,479
670001,680000,1,L03-1,1,0,0,0,2354,2354
710001,720000,9,L03-1,1,0,0,0,9736,9736
720001,730000,7,L03-1,1,0,0,0,8630,8630
730001,740000,2,L03-1,1,0,0,0,763,763
760001,770000,1,L03-1,1,0,0,0,662,662
770001,780000,1,L03-1,1,0,0,0,479,479
780001,790000,2,L03-1,1,0,0,0,1423,1423
790001,800000,2,L03-1,1,0,0,0,1025,1025
800001,810000,9,L03-1,1,0,0,0,6674,6674
810001,820000,7,L03-1,1,0,0,0,8620,8620
820001,830000,3,L03-1,1,0,0,0,4111,4111
830001,840000,1,L03-1,1,0,0,0,1718,1718
930001,940000,1,L03-1,1,0,0,0,974,974
950001,960000,1,L03-1,1,0,0,0,226,226
960001,970000,6,L03-1,1,0,0,0,5561,5561
970001,980000,2,L03-1,1,0,0,0,2761,2761
1000001,1010000,1,L03-1,1,0,0,0,113,113
1020001,1030000,2,L03-1,1,0,0,0,2575,2575
1030001,1040000,1,L03-1,1,0,0,0,962,962
1070001,1080000,2,L03-1,1,0,0,0,1273,1273
1080001,1090000,3,L03-1,1,0,0,0,1776,1776
1110001,1120000,0,L03-1,1,1,0,0,0,3093
1160001,1170000,2,L03-1,1,0,0,0,3013,3013
1170001,1180000,4,L03-1,1,0,0,0,4835,4835
1180001,1190000,1,L03-1,1,0,0,0,840,840
1190001,1200000,2,L03-1,1,0,0,0,782,782
1200001,1210000,1,L03-1,1,0,0,0,1664,1664
1210001,1220000,1,L03-1,1,0,0,0,530,530
1270001,1280000,0,L03-1,1,1,0,0,0,1147
1280001,1290000,0,L03-1,1,1,0,0,0,1946
1340001,1350000,0,L03-1,1,0,1,1,0,0
1420001,1430000,2,L03-1,1,0,0,0,2546,2546
1430001,1440000,3,L03-1,1,0,0,0,3567,3567
1450001,1460000,1,L03-1,1,0,0,0,1673,1673
1460001,1470000,4,L03-1,1,0,0,0,4710,4710
1470001,1480000,3,L03-1,1,0,0,0,5226,5226
1480001,1490000,1,L03-1,1,0,1,1,1400,1400
1510001,1520000,1,L03-1,1,0,0,0,518,518
1520001,1530000,1,L03-1,1,0,0,0,87,87
1600001,1610000,3,L03-1,1,0,0,0,5040,5040
1610001,1620000,5,L03-1,1,0,0,0,3541,3541
1630001,1640000,2,L03-1,1,0,0,0,1488,1488
1640001,1650000,2,L03-1,1,0,0,0,1649,1649
1650001,1660000,1,L03-1,1,0,0,0,1106,1106
1660001,1670000,0,L03-1,1,1,0,0,0,3092
1690001,1700000,2,L03-1,1,0,0,0,954,954
1700001,1710000,7,L03-1,1,0,0,0,6076,6076
1760001,1770000,1,L03-1,1,0,0,0,1449,1449
1770001,1780000,2,L03-1,1,0,0,0,1738,1738
1780001,1790000,1,L03-1,1,0,0,0,788,788
1870001,1880000,0,L03-1,1,1,0,0,0,5171
1970001,1980000,1,L03-1,1,0,0,0,1274,1274
2000001,2010000,1,L03-1,1,0,0,0,641,641
2040001,2050000,0,L03-1,1,0,1,1,0,0
2050001,2060000,1,L03-1,1,0,0,0,1863,1863
2060001,2070000,5,L03-1,1,0,0,0,4333,4333
2080001,2090000,1,L03-1,1,0,0,0,827,827
2120001,2130000,1,L03-1,1,0,0,0,995,995
2150001,2160000,1,L03-1,1,0,0,0,695,695
2200001,2210000,1,L03-1,1,0,0,0,120,120
2210001,2220000,1,L03-1,1,0,0,0,1652,1652
2220001,2230000,1,L03-1,1,0,0,0,1733,1733
2230001,2240000,3,L03-1,1,0,0,0,707,707
2340001,2350000,1,L03-1,1,0,0,0,574,574
2350001,2360000,1,L03-1,1,0,0,0,1459,1459
2380001,2390000,0,L03-1,1,0,1,1,0,0
2390001,2400000,1,L03-1,1,0,0,0,668,668
2430001,2440000,1,L03-1,1,0,0,0,499,499
2440001,2450000,1,L03-1,1,0,0,0,1261,1261
2480001,2490000,1,L03-1,1,0,0,0,1861,1861
2490001,2500000,3,L03-1,1,0,0,0,4181,4181
2510001,2520000,0,L03-1,1,1,0,0,0,3093
2570001,2580000,0,L03-1,1,1,0,0,0,1393
2580001,2590000,2,L03-1,1,1,0,0,1776,3476
2590001,2600000,2,L03-1,1,0,0,0,1626,1626
2650001,2660000,1,L03-1,1,0,0,0,1415,1415
2660001,2670000,2,L03-1,1,0,0,0,3001,3001
2720001,2730000,1,L03-1,1,0,0,0,1127,1127
2730001,2740000,1,L03-1,1,0,0,0,878,878
2740001,2750000,1,L03-1,1,0,0,0,196,196
2750001,2760000,1,L03-1,1,0,0,0,550,550
2760001,2770000,1,L03-1,1,0,0,0,1472,1472
2770001,2780000,2,L03-1,1,0,0,0,2392,2392
2790001,2800000,1,L03-1,1,0,0,0,803,803
2830001,2840000,3,L03-1,1,0,0,0,2259,2259
2850001,2860000,1,L03-1,1,0,0,0,1355,1355
2860001,2870000,1,L03-1,1,0,0,0,737,737
2870001,2880000,4,L03-1,1,0,0,0,2723,2723
2880001,2890000,2,L03-1,1,0,0,0,1471,1471
2910001,2920000,3,L03-1,1,0,0,0,2907,2907
2960001,2970000,3,L03-1,1,0,0,0,1500,1500
3000001,3010000,2,L03-1,1,0,0,0,2935,2935
3060001,3070000,1,L03-1,1,0,0,0,875,875
3120001,3130000,1,L03-1,1,0,0,0,1098,1098
3160001,3170000,2,L03-1,1,0,0,0,2242,2242
3170001,3180000,1,L03-1,1,0,0,0,540,540
3180001,3190000,2,L03-1,1,0,0,0,1030,1030
3220001,3230000,1,L03-1,1,0,0,0,737,737
3230001,3240000,2,L03-1,1,0,0,0,2412,2412
3240001,3250000,1,L03-1,1,0,0,0,1738,1738
3250001,3260000,1,L03-1,1,0,0,0,653,653
3260001,3270000,3,L03-1,1,0,0,0,2619,2619
3270001,3280000,2,L03-1,1,0,0,0,3586,3586
3320001,3330000,1,L03-1,1,0,0,0,359,359
3330001,3340000,1,L03-1,1,0,0,0,16,16
3370001,3380000,2,L03-1,1,0,0,0,4159,4159
3380001,3390000,4,L03-1,1,0,0,0,3357,3357
3390001,3400000,5,L03-1,1,0,0,0,3970,3970
3400001,3410000,4,L03-1,1,0,0,0,2389,2389
3420001,3430000,0,L03-1,1,1,0,0,0,3093
3460001,3470000,2,L03-1,1,0,0,0,2731,2731
3470001,3480000,3,L03-1,1,0,0,0,1891,1891
3480001,3490000,2,L03-1,1,0,0,0,1756,1756
3500001,3510000,1,L03-1,1,0,0,0,1019,1019
3550001,3560000,2,L03-1,1,0,0,0,2980,2980
3560001,3570000,0,L03-1,1,0,1,1,0,0
3660001,3670000,3,L03-1,1,0,0,0,2617,2617
3670001,3680000,2,L03-1,1,0,0,0,1449,1449
3690001,3700000,1,L03-1,1,0,0,0,1103,1103
3730001,3740000,1,L03-1,1,0,0,0,891,891
3740001,3750000,1,L03-1,1,0,0,0,1244,1244
3750001,3760000,1,L03-1,1,0,0,0,1004,1004
3790001,3800000,6,L03-1,1,0,0,0,4468,4468
3800001,3810000,22,L03-1,1,0,0,0,9313,9313
3810001,3820000,6,L03-1,1,0,0,0,3524,3524
3820001,3830000,1,L03-1,1,0,0,0,572,572
3840001,3850000,2,L03-1,1,0,0,0,1819,1819
3850001,3860000,3,L03-1,1,0,0,0,2634,2634
3860001,3870000,1,L03-1,1,0,0,0,1067,1067
3870001,3880000,2,L03-1,1,0,0,0,820,820
3880001,3890000,0,L03-1,1,1,0,0,0,3093
3890001,3900000,1,L03-1,1,0,0,0,2122,2122
3900001,3910000,6,L03-1,1,0,0,0,4939,4939
3930001,3940000,2,L03-1,1,0,0,0,3199,3199
20001,30000,1,L03-1,2,0,0,0,75,75
40001,50000,1,L03-1,2,0,0,0,1259,1259
50001,60000,3,L03-1,2,0,0,0,228,228
60001,70000,2,L03-1,2,0,0,0,1678,1678
100001,110000,1,L03-1,2,0,0,0,545,545
120001,130000,2,L03-1,2,0,0,0,3382,3382
190001,200000,2,L03-1,2,0,0,0,2098,2098
200001,210000,1,L03-1,2,1,0,0,1059,3094
210001,220000,0,L03-1,2,1,0,0,0,1058
240001,250000,2,L03-1,2,0,0,0,1449,1449
250001,260000,10,L03-1,2,0,0,0,5691,5691
260001,270000,2,L03-1,2,0,0,0,6847,6847
330001,340000,3,L03-1,2,0,0,0,3903,3903
340001,350000,1,L03-1,2,0,0,0,1415,1415
350001,360000,1,L03-1,2,0,0,0,536,536
440001,450000,2,L03-1,2,0,0,0,1939,1939
450001,460000,1,L03-1,2,0,1,1,566,566
460001,470000,3,L03-1,2,0,0,0,2564,2564
470001,480000,1,L03-1,2,0,0,0,461,461
500001,510000,1,L03-1,2,0,0,0,227,227
520001,530000,1,L03-1,2,0,0,0,530,530
550001,560000,1,L03-1,2,0,0,0,1797,1797
560001,570000,3,L03-1,2,0,0,0,3240,3240
580001,590000,2,L03-1,2,0,0,0,1276,1276
640001,650000,5,L03-1,2,0,0,0,6022,6022
660001,670000,1,L03-1,2,0,0,0,479,479
670001,680000,1,L03-1,2,0,0,0,2354,2354
710001,720000,9,L03-1,2,0,0,0,9766,9766
720001,730000,7,L03-1,2,0,0,0,8630,8630
730001,740000,2,L03-1,2,0,0,0,733,733
760001,770000,1,L03-1,2,0,0,0,662,662
770001,780000,1,L03-1,2,0,0,0,479,479
780001,790000,2,L03-1,2,0,0,0,1454,1454
790001,800000,2,L03-1,2,0,0,0,994,994
800001,810000,9,L03-1,2,0,0,0,6706,6706
810001,820000,7,L03-1,2,0,0,0,8620,8620
820001,830000,3,L03-1,2,0,0,0,4079,4079
830001,840000,1,L03-1,2,0,0,0,1718,1718
930001,940000,1,L03-1,2,0,0,0,974,974
950001,960000,1,L03-1,2,0,0,0,261,261
960001,970000,6,L03-1,2,0,0,0,5526,5526
970001,980000,2,L03-1,2,0,0,0,2761,2761
1000001,1010000,1,L03-1,2,0,0,0,113,113
1020001,1030000,2,L03-1,2,0,0,0,2574,2574
1030001,1040000,1,L03-1,2,0,1,0,962,962
1040001,1050000,0,L03-1,2,0,1,0,0,0
1070001,1080000,2,L03-1,2,0,0,0,1309,1309
1080001,1090000,3,L03-1,2,0,0,0,1739,1739
1100001,1110000,0,L03-1,2,1,0,0,0,0
1110001,1120000,0,L03-1,2,1,0,0,0,3093
1160001,1170000,2,L03-1,2,0,0,0,3013,3013
1170001,1180000,4,L03-1,2,0,0,0,4835,4835
1180001,1190000,1,L03-1,2,0,0,0,879,879
1190001,1200000,2,L03-1,2,0,0,0,743,743
1200001,1210000,1,L03-1,2,0,0,0,1664,1664
1210001,1220000,1,L03-1,2,0,0,0,530,530
1270001,1280000,0,L03-1,2,1,0,0,0,1185
1280001,1290000,0,L03-1,2,1,0,0,0,1908
1340001,1350000,0,L03-1,2,1,1,0,0,3093
1350001,1360000,0,L03-1,2,0,1,0,0,0
1420001,1430000,1,L03-1,2,0,0,0,218,218
1430001,1440000,3,L03-1,2,0,0,0,5895,5895
1450001,1460000,1,L03-1,2,0,0,0,500,500
1460001,1470000,4,L03-1,2,0,0,0,4650,4650
1470001,1480000,3,L03-1,2,0,0,0,6459,6459
1480001,1490000,1,L03-1,2,1,0,0,1400,4493
1510001,1520000,1,L03-1,2,0,0,0,518,518
1530001,1540000,1,L03-1,2,0,0,0,87,87
1600001,1610000,1,L03-1,2,0,0,0,1330,1330
1610001,1620000,5,L03-1,2,0,0,0,4731,4731
1620001,1630000,4,L03-1,2,0,0,0,2520,2520
1640001,1650000,3,L03-1,2,0,0,0,3137,3137
1660001,1670000,1,L03-1,2,0,0,0,1106,1106
1670001,1680000,0,L03-1,2,1,0,0,0,3093
1700001,1710000,6,L03-1,2,0,0,0,4393,4393
1710001,1720000,3,L03-1,2,0,0,0,2638,2638
1770001,1780000,1,L03-1,2,0,0,0,2597,2597
1780001,1790000,1,L03-1,2,0,0,0,590,590
1790001,1800000,1,L03-1,2,0,0,0,788,788
1870001,1880000,0,L03-1,2,1,1,0,0,873
1880001,1890000,0,L03-1,2,1,0,0,0,4298
1940001,1950000,0,L03-1,2,0,1,0,0,0
1980001,1990000,1,L03-1,2,0,0,0,1274,1274
2010001,2020000,1,L03-1,2,0,0,0,640,640
2040001,2050000,0,L03-1,2,1,0,0,0,2689
2050001,2060000,0,L03-1,2,1,1,0,0,403
2060001,2070000,2,L03-1,2,0,0,0,2610,2610
2070001,2080000,4,L03-1,2,0,0,0,3586,3586
2090001,2100000,1,L03-1,2,0,0,0,827,827
2130001,2140000,1,L03-1,2,0,0,0,995,995
2160001,2170000,1,L03-1,2,0,0,0,695,695
2210001,2220000,1,L03-1,2,0,0,0,870,870
2220001,2230000,1,L03-1,2,0,0,0,902,902
2230001,2240000,1,L03-1,2,0,0,0,1733,1733
2240001,2250000,3,L03-1,2,0,0,0,707,707
2350001,2360000,1,L03-1,2,0,0,0,1328,1328
2360001,2370000,1,L03-1,2,0,0,0,705,705
2390001,2400000,0,L03-1,2,1,1,0,0,1416
2400001,2410000,0,L03-1,2,1,0,0,0,1677
2410001,2420000,1,L03-1,2,0,0,0,668,668
2450001,2460000,1,L03-1,2,0,0,0,1760,1760
2500001,2510000,2,L03-1,2,0,0,0,4070,4070
2510001,2520000,2,L03-1,2,0,0,0,1972,1972
2520001,2530000,0,L03-1,2,1,0,0,0,1229
2530001,2540000,0,L03-1,2,1,0,0,0,1864
2590001,2600000,0,L03-1,2,1,0,0,0,3093
2600001,2610000,3,L03-1,2,0,0,0,2971,2971
2610001,2620000,1,L03-1,2,0,0,0,431,431
2670001,2680000,2,L03-1,2,0,0,0,2386,2386
2680001,2690000,2,L03-1,2,0,0,0,2030,2030
2730001,2740000,1,L03-1,2,0,0,0,1127,1127
2740001,2750000,1,L03-1,2,0,0,0,878,878
2760001,2770000,1,L03-1,2,0,0,0,746,746
2770001,2780000,1,L03-1,2,0,0,0,45,45
2780001,2790000,3,L03-1,2,0,0,0,3819,3819
2800001,2810000,1,L03-1,2,0,0,0,803,803
2840001,2850000,3,L03-1,2,0,0,0,2259,2259
2860001,2870000,1,L03-1,2,0,0,0,1355,1355
2880001,2890000,4,L03-1,2,0,0,0,1851,1851
2890001,2900000,4,L03-1,2,0,0,0,3080,3080
2920001,2930000,3,L03-1,2,0,0,0,1918,1918
2930001,2940000,1,L03-1,2,0,0,0,988,988
2980001,2990000,3,L03-1,2,0,0,0,1500,1500
2990001,3000000,0,L03-1,2,0,1,1,0,0
3010001,3020000,2,L03-1,2,0,0,0,2935,2935
3070001,3080000,1,L03-1,2,0,0,0,875,875
3140001,3150000,1,L03-1,2,0,0,0,1098,1098
3170001,3180000,2,L03-1,2,0,0,0,2242,2242
3190001,3200000,2,L03-1,2,0,0,0,1570,1570
3240001,3250000,2,L03-1,2,0,0,0,2995,2995
3250001,3260000,1,L03-1,2,0,0,0,1892,1892
3260001,3270000,1,L03-1,2,0,0,0,653,653
3270001,3280000,2,L03-1,2,0,0,0,1606,1606
3280001,3290000,3,L03-1,2,0,0,0,4599,4599
3340001,3350000,1,L03-1,2,0,0,0,376,376
3380001,3390000,2,L03-1,2,0,0,0,4159,4159
3390001,3400000,3,L03-1,2,0,0,0,3357,3357
3400001,3410000,5,L03-1,2,0,0,0,3970,3970
3410001,3420000,4,L03-1,2,0,0,0,2389,2389
3430001,3440000,0,L03-1,2,1,0,0,0,3092
3450001,3460000,0,L03-1,2,0,1,0,0,0
3470001,3480000,1,L03-1,2,0,0,0,1673,1673
3480001,3490000,4,L03-1,2,0,0,0,2692,2692
3490001,3500000,4,L03-1,2,0,0,0,2013,2013
3510001,3520000,1,L03-1,2,0,0,0,911,911
3520001,3530000,1,L03-1,2,0,0,0,108,108
3560001,3570000,1,L03-1,2,0,0,0,819,819
3570001,3580000,2,L03-1,2,1,0,0,2161,5253
3680001,3690000,4,L03-1,2,0,0,0,4064,4064
3700001,3710000,1,L03-1,2,0,0,0,1103,1103
3750001,3760000,1,L03-1,2,0,0,0,2135,2135
3760001,3770000,1,L03-1,2,0,0,0,505,505
3770001,3780000,1,L03-1,2,0,0,0,499,499
3800001,3810000,3,L03-1,2,0,0,0,1295,1295
3810001,3820000,15,L03-1,2,0,0,0,7480,7480
3820001,3830000,14,L03-1,2,0,0,0,7074,7074
3830001,3840000,3,L03-1,2,0,0,0,2027,2027
3850001,3860000,1,L03-1,2,0,0,0,62,62
3860001,3870000,5,L03-1,2,0,0,0,4391,4391
3880001,3890000,3,L03-1,2,0,0,0,1887,1887
3890001,3900000,0,L03-1,2,1,0,0,0,594
3900001,3910000,0,L03-1,2,1,0,0,0,2499
20001,30000,1,L03-2,1,0,0,0,75,75
40001,50000,1,L03-2,1,0,0,0,1259,1259
50001,60000,3,L03-2,1,0,0,0,228,228
60001,70000,2,L03-2,1,0,0,0,1678,1678
100001,110000,1,L03-2,1,0,0,0,545,545
120001,130000,2,L03-2,1,0,0,0,3382,3382
190001,200000,2,L03-2,1,0,0,0,2091,2091
200001,210000,1,L03-2,1,1,0,0,1066,3094
210001,220000,0,L03-2,1,1,0,0,0,1064
240001,250000,2,L03-2,1,0,0,0,1443,1443
250001,260000,10,L03-2,1,0,0,0,5691,5691
260001,270000,2,L03-2,1,0,0,0,6853,6853
290001,300000,0,L03-2,1,0,1,1,0,0
310001,320000,0,L03-2,1,0,1,1,0,0
330001,340000,3,L03-2,1,0,0,0,3903,3903
340001,350000,1,L03-2,1,0,0,0,1415,1415
350001,360000,1,L03-2,1,0,0,0,536,536
410001,420000,0,L03-2,1,0,1,1,0,0
440001,450000,2,L03-2,1,0,0,0,1939,1939
450001,460000,1,L03-2,1,0,0,0,566,566
460001,470000,3,L03-2,1,0,0,0,2565,2565
470001,480000,1,L03-2,1,0,0,0,461,461
500001,510000,1,L03-2,1,0,0,0,227,227
520001,530000,1,L03-2,1,0,0,0,530,530
550001,560000,1,L03-2,1,0,0,0,1773,1773
560001,570000,3,L03-2,1,0,0,0,3264,3264
580001,590000,2,L03-2,1,0,0,0,1276,1276
640001,650000,5,L03-2,1,0,0,0,6021,6021
660001,670000,1,L03-2,1,0,0,0,479,479
670001,680000,1,L03-2,1,0,0,0,2354,2354
710001,720000,9,L03-2,1,0,0,0,9736,9736
720001,730000,7,L03-2,1,0,0,0,8630,8630
730001,740000,2,L03-2,1,0,0,0,763,763
760001,770000,1,L03-2,1,0,0,0,662,662
770001,780000,1,L03-2,1,0,0,0,479,479
780001,790000,2,L03-2,1,0,0,0,1423,1423
790001,800000,2,L03-2,1,0,0,0,1025,1025
800001,810000,9,L03-2,1,0,0,0,6674,6674
810001,820000,7,L03-2,1,0,0,0,8620,8620
820001,830000,3,L03-2,1,0,0,0,4111,4111
830001,840000,1,L03-2,1,0,0,0,1718,1718
850001,860000,0,L03-2,1,0,2,2,0,0
930001,940000,1,L03-2,1,0,0,0,974,974
950001,960000,1,L03-2,1,0,0,0,226,226
960001,970000,6,L03-2,1,0,0,0,5561,5561
970001,980000,2,L03-2,1,0,0,0,2761,2761
1000001,1010000,1,L03-2,1,0,0,0,113,113
1020001,1030000,2,L03-2,1,0,0,0,2575,2575
1030001,1040000,1,L03-2,1,0,0,0,962,962
1070001,1080000,2,L03-2,1,0,0,0,1273,1273
1080001,1090000,3,L03-2,1,0,0,0,1776,1776
1110001,1120000,0,L03-2,1,1,1,0,0,3093
1160001,1170000,2,L03-2,1,0,0,0,3013,3013
1170001,1180000,4,L03-2,1,0,0,0,4835,4835
1180001,1190000,1,L03-2,1,0,0,0,840,840
1190001,1200000,2,L03-2,1,0,0,0,782,782
1200001,1210000,1,L03-2,1,0,0,0,1664,1664
1210001,1220000,1,L03-2,1,0,0,0,530,530
1270001,1280000,0,L03-2,1,1,0,0,0,1147
1280001,1290000,0,L03-2,1,1,0,0,0,1946
1420001,1430000,2,L03-2,1,0,0,0,2546,2546
1430001,1440000,3,L03-2,1,0,0,0,3567,3567
1450001,1460000,1,L03-2,1,0,0,0,1673,1673
1460001,1470000,4,L03-2,1,0,0,0,4710,4710
1470001,1480000,3,L03-2,1,0,0,0,5226,5226
1480001,1490000,1,L03-2,1,0,0,0,1400,1400
1510001,1520000,1,L03-2,1,0,0,0,518,518
1520001,1530000,1,L03-2,1,0,0,0,87,87
1600001,1610000,3,L03-2,1,0,0,0,5040,5040
1610001,1620000,5,L03-2,1,0,0,0,3541,3541
1630001,1640000,2,L03-2,1,0,0,0,1488,1488
1640001,1650000,2,L03-2,1,0,0,0,1649,1649
1650001,1660000,1,L03-2,1,0,0,0,1106,1106
1660001,1670000,0,L03-2,1,1,0,0,0,3092
1690001,1700000,2,L03-2,1,0,0,0,954,954
1700001,1710000,7,L03-2,1,0,0,0,6076,6076
1760001,1770000,1,L03-2,1,0,0,0,1449,1449
1770001,1780000,2,L03-2,1,0,0,0,1738,1738
1780001,1790000,1,L03-2,1,0,0,0,788,788
1870001,1880000,0,L03-2,1,1,0,0,0,5171
1970001,1980000,1,L03-2,1,0,0,0,1274,1274
2000001,2010000,1,L03-2,1,0,0,0,641,641
2020001,2030000,0,L03-2,1,0,2,0,0,0
2050001,2060000,1,L03-2,1,0,0,0,1863,1863
2060001,2070000,5,L03-2,1,0,0,0,4333,4333
2080001,2090000,1,L03-2,1,0,0,0,827,827
2120001,2130000,1,L03-2,1,0,0,0,995,995
2150001,2160000,1,L03-2,1,0,0,0,695,695
2200001,2210000,1,L03-2,1,0,0,0,120,120
2210001,2220000,1,L03-2,1,0,0,0,1652,1652
2220001,2230000,1,L03-2,1,0,0,0,1733,1733
2230001,2240000,3,L03-2,1,0,0,0,707,707
2310001,2320000,0,L03-2,1,0,2,0,0,0
2340001,2350000,1,L03-2,1,0,0,0,574,574
2350001,2360000,1,L03-2,1,0,0,0,1459,1459
2390001,2400000,1,L03-2,1,0,0,0,668,668
2430001,2440000,1,L03-2,1,0,0,0,499,499
2440001,2450000,1,L03-2,1,0,0,0,1261,1261
2480001,2490000,1,L03-2,1,0,0,0,1861,1861
2490001,2500000,3,L03-2,1,0,0,0,4181,4181
2510001,2520000,0,L03-2,1,1,0,0,0,3093
2570001,2580000,0,L03-2,1,1,0,0,0,1393
2580001,2590000,2,L03-2,1,1,0,0,1776,3476
2590001,2600000,2,L03-2,1,0,0,0,1626,1626
2650001,2660000,1,L03-2,1,0,0,0,1415,1415
2660001,2670000,2,L03-2,1,0,0,0,3001,3001
2720001,2730000,1,L03-2,1,0,0,0,1127,1127
2730001,2740000,1,L03-2,1,0,0,0,878,878
2740001,2750000,1,L03-2,1,0,0,0,196,196
2750001,2760000,1,L03-2,1,0,0,0,550,550
2760001,2770000,1,L03-2,1,0,0,0,1472,1472
2770001,2780000,2,L03-2,1,0,0,0,2392,2392
2790001,2800000,1,L03-2,1,0,0,0,803,803
2830001,2840000,3,L03-2,1,0,0,0,2259,2259
2850001,2860000,1,L03-2,1,0,0,0,1355,1355
2860001,2870000,1,L03-2,1,0,0,0,737,737
2870001,2880000,4,L03-2,1,0,0,0,2723,2723
2880001,2890000,2,L03-2,1,0,0,0,1471,1471
2910001,2920000,3,L03-2,1,0,0,0,2907,2907
2960001,2970000,3,L03-2,1,0,0,0,1500,1500
3000001,3010000,2,L03-2,1,0,0,0,2935,2935
3060001,3070000,1,L03-2,1,0,0,0,875,875
3120001,3130000,1,L03-2,1,0,1,1,1098,1098
3160001,3170000,2,L03-2,1,0,0,0,2242,2242
3170001,3180000,1,L03-2,1,0,0,0,540,540
3180001,3190000,2,L03-2,1,0,0,0,1030,1030
3220001,3230000,1,L03-2,1,0,0,0,737,737
3230001,3240000,2,L03-2,1,0,0,0,2412,2412
3240001,3250000,1,L03-2,1,0,0,0,1738,1738
3250001,3260000,1,L03-2,1,0,0,0,653,653
3260001,3270000,3,L03-2,1,0,0,0,2619,2619
3270001,3280000,2,L03-2,1,0,0,0,3586,3586
3320001,3330000,1,L03-2,1,0,0,0,359,359
3330001,3340000,1,L03-2,1,0,0,0,16,16
3370001,3380000,2,L03-2,1,0,0,0,4159,4159
3380001,3390000,4,L03-2,1,0,0,0,3357,3357
3390001,3400000,5,L03-2,1,0,0,0,3970,3970
3400001,3410000,4,L03-2,1,0,0,0,2389,2389
3420001,3430000,0,L03-2,1,1,0,0,0,3093
3460001,3470000,2,L03-2,1,0,0,0,2731,2731
3470001,3480000,3,L03-2,1,0,0,0,1891,1891
3480001,3490000,2,L03-2,1,0,0,0,1756,1756
3490001,3500000,0,L03-2,1,0,1,1,0,0
3500001,3510000,1,L03-2,1,0,0,0,1019,1019
3550001,3560000,2,L03-2,1,0,0,0,2980,2980
3620001,3630000,0,L03-2,1,0,1,0,0,0
3660001,3670000,3,L03-2,1,0,0,0,2617,2617
3670001,3680000,2,L03-2,1,0,0,0,1449,1449
3690001,3700000,1,L03-2,1,0,0,0,1103,1103
3730001,3740000,1,L03-2,1,0,0,0,891,891
3740001,3750000,1,L03-2,1,0,0,0,1244,1244
3750001,3760000,1,L03-2,1,0,0,0,1004,1004
3790001,3800000,6,L03-2,1,0,0,0,4468,4468
3800001,3810000,22,L03-2,1,0,0,0,9313,9313
3810001,3820000,6,L03-2,1,0,0,0,3524,3524
3820001,3830000,1,L03-2,1,0,0,0,572,572
3840001,3850000,2,L03-2,1,0,0,0,1819,1819
3850001,3860000,3,L03-2,1,0,0,0,2634,2634
3860001,3870000,1,L03-2,1,0,0,0,1067,1067
3870001,3880000,2,L03-2,1,0,0,0,820,820
3880001,3890000,0,L03-2,1,1,0,0,0,3093
3890001,3900000,1,L03-2,1,0,0,0,2122,2122
3900001,3910000,6,L03-2,1,0,0,0,4939,4939
3930001,3940000,2,L03-2,1,0,0,0,3199,3199
20001,30000,1,L03-2,2,0,0,0,75,75
40001,50000,1,L03-2,2,0,0,0,1259,1259
50001,60000,3,L03-2,2,0,0,0,228,228
60001,70000,2,L03-2,2,0,0,0,1678,1678
100001,110000,1,L03-2,2,0,0,0,545,545
120001,130000,2,L03-2,2,0,0,0,3382,3382
190001,200000,2,L03-2,2,0,0,0,2101,2101
200001,210000,1,L03-2,2,1,0,0,1056,3094
210001,220000,0,L03-2,2,1,0,0,0,1054
240001,250000,2,L03-2,2,0,0,0,1453,1453
250001,260000,10,L03-2,2,0,0,0,5690,5690
260001,270000,2,L03-2,2,0,0,0,6844,6844
290001,300000,0,L03-2,2,1,0,0,0,2369
300001,310000,0,L03-2,2,1,0,0,0,723
310001,320000,0,L03-2,2,1,1,0,0,3092
330001,340000,2,L03-2,2,0,0,0,3286,3286
340001,350000,3,L03-2,2,0,0,0,2032,2032
350001,360000,1,L03-2,2,0,0,0,536,536
410001,420000,0,L03-2,2,1,0,0,0,1815
420001,430000,0,L03-2,2,1,0,0,0,1277
450001,460000,2,L03-2,2,0,0,0,1939,1939
460001,470000,1,L03-2,2,0,0,0,566,566
470001,480000,3,L03-2,2,0,0,0,2565,2565
480001,490000,1,L03-2,2,0,0,0,461,461
510001,520000,1,L03-2,2,0,0,0,227,227
530001,540000,1,L03-2,2,0,0,0,530,530
560001,570000,1,L03-2,2,0,0,0,2499,2499
570001,580000,3,L03-2,2,0,0,0,2538,2538
590001,600000,2,L03-2,2,0,0,0,1276,1276
640001,650000,1,L03-2,2,0,0,0,164,164
650001,660000,5,L03-2,2,0,0,0,5857,5857
670001,680000,1,L03-2,2,0,0,0,479,479
680001,690000,1,L03-2,2,0,0,0,2354,2354
710001,720000,2,L03-2,2,0,0,0,526,526
720001,730000,8,L03-2,2,0,0,0,9943,9943
730001,740000,7,L03-2,2,0,0,0,8040,8040
740001,750000,1,L03-2,2,0,0,0,620,620
770001,780000,1,L03-2,2,0,0,0,662,662
780001,790000,1,L03-2,2,0,0,0,479,479
790001,800000,2,L03-2,2,0,0,0,1624,1624
800001,810000,1,L03-2,2,0,0,0,824,824
810001,820000,9,L03-2,2,0,0,0,7409,7409
820001,830000,7,L03-2,2,0,0,0,8620,8620
830001,840000,4,L03-2,2,0,0,0,3808,3808
840001,850000,1,L03-2,2,0,0,0,1286,1286
860001,870000,0,L03-2,2,2,0,0,0,6183
940001,950000,1,L03-2,2,0,0,0,974,974
970001,980000,2,L03-2,2,0,0,0,2818,2818
980001,990000,6,L03-2,2,0,0,0,5730,5730
1020001,1030000,1,L03-2,2,0,0,0,113,113
1030001,1040000,1,L03-2,2,0,0,0,315,315
1040001,1050000,3,L03-2,2,0,0,0,3220,3220
1090001,1100000,3,L03-2,2,0,0,0,2973,2973
1100001,1110000,1,L03-2,2,0,0,0,76,76
1120001,1130000,0,L03-2,2,1,0,0,0,3092
1180001,1190000,6,L03-2,2,0,0,0,6964,6964
1190001,1200000,1,L03-2,2,0,0,0,884,884
1200001,1210000,1,L03-2,2,0,0,0,1538,1538
1210001,1220000,1,L03-2,2,0,0,0,84,84
1220001,1230000,2,L03-2,2,0,0,0,2194,2194
1290001,1300000,0,L03-2,2,1,0,0,0,3090
1330001,1340000,0,L03-2,2,0,1,1,0,0
1430001,1440000,1,L03-2,2,0,0,0,218,218
1440001,1450000,3,L03-2,2,0,0,0,5638,5638
1450001,1460000,1,L03-2,2,0,0,0,257,257
1470001,1480000,3,L03-2,2,0,0,0,4404,4404
1480001,1490000,4,L03-2,2,0,0,0,6882,6882
1490001,1500000,2,L03-2,2,0,0,0,1723,1723
1520001,1530000,1,L03-2,2,0,0,0,518,518
1540001,1550000,1,L03-2,2,0,0,0,87,87
1610001,1620000,2,L03-2,2,0,0,0,2185,2185
1620001,1630000,5,L03-2,2,0,0,0,4736,4736
1630001,1640000,3,L03-2,2,0,0,0,1660,1660
1650001,1660000,3,L03-2,2,0,0,0,3137,3137
1670001,1680000,1,L03-2,2,0,0,0,1106,1106
1680001,1690000,0,L03-2,2,1,0,0,0,3093
1710001,1720000,7,L03-2,2,0,0,0,5462,5462
1720001,1730000,2,L03-2,2,0,0,0,1568,1568
1780001,1790000,1,L03-2,2,0,0,0,2597,2597
1790001,1800000,1,L03-2,2,0,0,0,590,590
1800001,1810000,1,L03-2,2,0,0,0,788,788
1880001,1890000,0,L03-2,2,1,0,0,0,1938
1890001,1900000,0,L03-2,2,1,0,0,0,3232
1990001,2000000,1,L03-2,2,0,0,0,1274,1274
2020001,2030000,1,L03-2,2,0,0,0,641,641
2030001,2040000,0,L03-2,2,1,0,0,0,3092
2070001,2080000,5,L03-2,2,0,0,0,6196,6196
2090001,2100000,1,L03-2,2,0,0,0,827,827
2130001,2140000,1,L03-2,2,0,0,0,995,995
2160001,2170000,1,L03-2,2,0,0,0,695,695
2220001,2230000,1,L03-2,2,0,0,0,1772,1772
2230001,2240000,1,L03-2,2,0,0,0,1733,1733
2240001,2250000,3,L03-2,2,0,0,0,707,707
2260001,2270000,0,L03-2,2,0,1,1,0,0
2330001,2340000,0,L03-2,2,1,1,0,0,3093
2360001,2370000,1,L03-2,2,0,0,0,2033,2033
2410001,2420000,1,L03-2,2,0,0,0,668,668
2450001,2460000,1,L03-2,2,0,0,0,1760,1760
2500001,2510000,1,L03-2,2,0,0,0,2627,2627
2510001,2520000,2,L03-2,2,0,0,0,3415,3415
2530001,2540000,0,L03-2,2,1,0,0,0,3093
2590001,2600000,0,L03-2,2,1,0,0,0,3093
2600001,2610000,2,L03-2,2,0,0,0,2182,2182
2610001,2620000,1,L03-2,2,0,0,0,1220,1220
2670001,2680000,1,L03-2,2,0,0,0,1415,1415
2680001,2690000,2,L03-2,2,0,0,0,3001,3001
2730001,2740000,1,L03-2,2,0,0,0,1127,1127
2740001,2750000,1,L03-2,2,0,0,0,878,878
2760001,2770000,1,L03-2,2,0,0,0,746,746
2780001,2790000,3,L03-2,2,0,0,0,3864,3864
2800001,2810000,1,L03-2,2,0,0,0,46,46
2810001,2820000,1,L03-2,2,0,0,0,757,757
2840001,2850000,2,L03-2,2,0,0,0,1285,1285
2850001,2860000,1,L03-2,2,0,0,0,974,974
2860001,2870000,1,L03-2,2,0,0,0,762,762
2870001,2880000,1,L03-2,2,0,0,0,593,593
2880001,2890000,1,L03-2,2,0,0,0,737,737
2890001,2900000,6,L03-2,2,0,0,0,4194,4194
2920001,2930000,1,L03-2,2,0,0,0,28,28
2930001,2940000,3,L03-2,2,0,0,0,2878,2878
2980001,2990000,3,L03-2,2,0,0,0,1500,1500
3010001,3020000,2,L03-2,2,0,0,0,1852,1852
3020001,3030000,1,L03-2,2,0,0,0,1083,1083
3070001,3080000,1,L03-2,2,0,0,0,875,875
3130001,3140000,0,L03-2,2,1,0,0,0,506
3140001,3150000,1,L03-2,2,1,0,0,1098,3683
3180001,3190000,2,L03-2,2,0,0,0,2242,2242
3190001,3200000,1,L03-2,2,0,0,0,1154,1154
3200001,3210000,1,L03-2,2,0,0,0,416,416
3240001,3250000,2,L03-2,2,0,0,0,2795,2795
3250001,3260000,2,L03-2,2,0,0,0,2092,2092
3260001,3270000,1,L03-2,2,0,0,0,653,653
3270001,3280000,1,L03-2,2,0,0,0,798,798
3280001,3290000,4,L03-2,2,0,0,0,3402,3402
3290001,3300000,2,L03-2,2,0,0,0,2004,2004
3340001,3350000,1,L03-2,2,0,0,0,375,375
3390001,3400000,3,L03-2,2,0,0,0,4245,4245
3400001,3410000,3,L03-2,2,0,0,0,4443,4443
3410001,3420000,5,L03-2,2,0,0,0,3222,3222
3420001,3430000,4,L03-2,2,0,0,0,1965,1965
3430001,3440000,0,L03-2,2,1,0,0,0,1608
3440001,3450000,0,L03-2,2,1,0,0,0,1485
3500001,3510000,2,L03-2,2,0,0,0,2980,2980
3550001,3560000,1,L03-2,2,0,0,0,1019,1019
3570001,3580000,0,L03-2,2,1,0,0,0,3091
3580001,3590000,2,L03-2,2,0,0,0,1756,1756
3590001,3600000,3,L03-2,2,0,0,0,1891,1891
3600001,3610000,2,L03-2,2,0,0,0,2731,2731
3620001,3630000,0,L03-2,2,0,1,1,0,0
3640001,3650000,0,L03-2,2,1,0,0,0,3092
3690001,3700000,4,L03-2,2,0,0,0,4064,4064
3710001,3720000,1,L03-2,2,0,0,0,1103,1103
3760001,3770000,1,L03-2,2,0,0,0,2135,2135
3770001,3780000,1,L03-2,2,0,0,0,1004,1004
3810001,3820000,3,L03-2,2,0,0,0,2653,2653
3820001,3830000,18,L03-2,2,0,0,0,7418,7418
3830001,3840000,11,L03-2,2,0,0,0,5778,5778
3840001,3850000,3,L03-2,2,0,0,0,2027,2027
3860001,3870000,2,L03-2,2,0,0,0,1408,1408
3870001,3880000,4,L03-2,2,0,0,0,3045,3045
3890001,3900000,3,L03-2,2,0,0,0,1887,1887
3900001,3910000,0,L03-2,2,1,0,0,0,1959
3910001,3920000,0,L03-2,2,1,0,0,0,1133
3920001,3930000,6,L03-2,2,0,1,0,6108,6108
3930001,3940000,1,L03-2,2,0,0,0,954,954
3950001,3960000,2,L03-2,2,0,0,0,3199,3199
20001,30000,1,L03-3,1,0,0,0,75,75
40001,50000,1,L03-3,1,0,0,0,1259,1259
50001,60000,3,L03-3,1,0,0,0,228,228
60001,70000,2,L03-3,1,0,0,0,1678,1678
100001,110000,1,L03-3,1,0,0,0,545,545
120001,130000,2,L03-3,1,0,0,0,3382,3382
190001,200000,2,L03-3,1,0,0,0,2091,2091
200001,210000,1,L03-3,1,1,0,0,1066,3094
210001,220000,0,L03-3,1,1,0,0,0,1064
240001,250000,2,L03-3,1,0,0,0,1443,1443
250001,260000,10,L03-3,1,0,0,0,5691,5691
260001,270000,2,L03-3,1,0,0,0,6853,6853
330001,340000,3,L03-3,1,0,0,0,3903,3903
340001,350000,1,L03-3,1,0,1,1,1415,1415
350001,360000,1,L03-3,1,0,0,0,536,536
440001,450000,2,L03-3,1,0,0,0,1939,1939
450001,460000,1,L03-3,1,0,0,0,566,566
460001,470000,3,L03-3,1,0,0,0,2565,2565
470001,480000,1,L03-3,1,0,0,0,461,461
500001,510000,1,L03-3,1,0,0,0,227,227
520001,530000,1,L03-3,1,0,0,0,530,530
550001,560000,1,L03-3,1,0,0,0,1773,1773
560001,570000,3,L03-3,1,0,0,0,3264,3264
580001,590000,2,L03-3,1,0,0,0,1276,1276
640001,650000,5,L03-3,1,0,0,0,6021,6021
660001,670000,1,L03-3,1,0,0,0,479,479
670001,680000,1,L03-3,1,0,0,0,2354,2354
710001,720000,9,L03-3,1,0,0,0,9736,9736
720001,730000,7,L03-3,1,0,0,0,8630,8630
730001,740000,2,L03-3,1,0,0,0,763,763
760001,770000,1,L03-3,1,0,0,0,662,662
770001,780000,1,L03-3,1,0,0,0,479,479
780001,790000,2,L03-3,1,0,0,0,1423,1423
790001,800000,2,L03-3,1,0,0,0,1025,1025
800001,810000,9,L03-3,1,0,0,0,6674,6674
810001,820000,7,L03-3,1,0,0,0,8620,8620
820001,830000,3,L03-3,1,0,0,0,4111,4111
830001,840000,1,L03-3,1,0,0,0,1718,1718
930001,940000,1,L03-3,1,0,0,0,974,974
950001,960000,1,L03-3,1,0,0,0,226,226
960001,970000,6,L03-3,1,0,0,0,5561,5561
970001,980000,2,L03-3,1,0,0,0,2761,2761
1000001,1010000,1,L03-3,1,0,0,0,113,113
1020001,1030000,2,L03-3,1,0,0,0,2575,2575
1030001,1040000,1,L03-3,1,0,0,0,962,962
1070001,1080000,2,L03-3,1,0,0,0,1273,1273
1080001,1090000,3,L03-3,1,0,0,0,1776,1776
1110001,1120000,0,L03-3,1,1,0,0,0,3093
1160001,1170000,2,L03-3,1,0,0,0,3013,3013
1170001,1180000,4,L03-3,1,0,0,0,4835,4835
1180001,1190000,1,L03-3,1,0,0,0,840,840
1190001,1200000,2,L03-3,1,0,0,0,782,782
1200001,1210000,1,L03-3,1,0,0,0,1664,1664
1210001,1220000,1,L03-3,1,0,0,0,530,530
1270001,1280000,0,L03-3,1,1,0,0,0,1147
1280001,1290000,0,L03-3,1,1,0,0,0,1946
1420001,1430000,2,L03-3,1,0,0,0,2546,2546
1430001,1440000,3,L03-3,1,0,0,0,3567,3567
1440001,1450000,0,L03-3,1,0,1,1,0,0
1450001,1460000,1,L03-3,1,0,0,0,1673,1673
1460001,1470000,4,L03-3,1,0,0,0,4710,4710
1470001,1480000,3,L03-3,1,0,0,0,5226,5226
1480001,1490000,1,L03-3,1,0,0,0,1400,1400
1510001,1520000,1,L03-3,1,0,0,0,518,518
1520001,1530000,1,L03-3,1,0,0,0,87,87
1530001,1540000,0,L03-3,1,0,1,1,0,0
1570001,1580000,0,L03-3,1,0,1,1,0,0
1600001,1610000,3,L03-3,1,0,0,0,5040,5040
1610001,1620000,5,L03-3,1,0,0,0,3541,3541
1630001,1640000,2,L03-3,1,0,0,0,1488,1488
1640001,1650000,2,L03-3,1,0,0,0,1649,1649
1650001,1660000,1,L03-3,1,0,0,0,1106,1106
1660001,1670000,0,L03-3,1,1,0,0,0,3092
1690001,1700000,2,L03-3,1,0,1,0,954,954
1700001,1710000,7,L03-3,1,0,0,0,6076,6076
1760001,1770000,1,L03-3,1,0,0,0,1449,1449
1770001,1780000,2,L03-3,1,0,0,0,1738,1738
1780001,1790000,1,L03-3,1,0,0,0,788,788
1870001,1880000,0,L03-3,1,1,1,0,0,5171
1910001,1920000,0,L03-3,1,0,1,0,0,0
1970001,1980000,1,L03-3,1,0,0,0,1274,1274
2000001,2010000,1,L03-3,1,0,0,0,641,641
2050001,2060000,1,L03-3,1,0,0,0,1863,1863
2060001,2070000,5,L03-3,1,0,0,0,4333,4333
2080001,2090000,1,L03-3,1,0,1,1,827,827
2120001,2130000,1,L03-3,1,0,0,0,995,995
2150001,2160000,1,L03-3,1,0,0,0,695,695
2200001,2210000,1,L03-3,1,0,0,0,120,120
2210001,2220000,1,L03-3,1,0,0,0,1652,1652
2220001,2230000,1,L03-3,1,0,0,0,1733,1733
2230001,2240000,3,L03-3,1,0,0,0,707,707
2340001,2350000,1,L03-3,1,0,0,0,574,574
2350001,2360000,1,L03-3,1,0,0,0,1459,1459
2390001,2400000,1,L03-3,1,0,1,1,668,668
2430001,2440000,1,L03-3,1,0,0,0,499,499
2440001,2450000,1,L03-3,1,0,0,0,1261,1261
2480001,2490000,1,L03-3,1,0,0,0,1861,1861
2490001,2500000,3,L03-3,1,0,0,0,4181,4181
2510001,2520000,0,L03-3,1,1,0,0,0,3093
2570001,2580000,0,L03-3,1,1,0,0,0,1393
2580001,2590000,2,L03-3,1,1,0,0,1776,3476
2590001,2600000,2,L03-3,1,0,0,0,1626,1626
2650001,2660000,1,L03-3,1,0,0,0,1415,1415
2660001,2670000,2,L03-3,1,0,0,0,3001,3001
2720001,2730000,1,L03-3,1,0,0,0,1127,1127
2730001,2740000,1,L03-3,1,0,0,0,878,878
2740001,2750000,1,L03-3,1,0,0,0,196,196
2750001,2760000,1,L03-3,1,0,0,0,550,550
2760001,2770000,1,L03-3,1,0,0,0,1472,1472
2770001,2780000,2,L03-3,1,0,0,0,2392,2392
2790001,2800000,1,L03-3,1,0,0,0,803,803
2820001,2830000,0,L03-3,1,0,1,1,0,0
2830001,2840000,3,L03-3,1,0,0,0,2259,2259
2850001,2860000,1,L03-3,1,0,0,0,1355,1355
2860001,2870000,1,L03-3,1,0,0,0,737,737
2870001,2880000,4,L03-3,1,0,0,0,2723,2723
2880001,2890000,2,L03-3,1,0,0,0,1471,1471
2910001,2920000,3,L03-3,1,0,0,0,2907,2907
2960001,2970000,3,L03-3,1,0,0,0,1500,1500
2980001,2990000,0,L03-3,1,0,1,1,0,0
3000001,3010000,2,L03-3,1,0,0,0,2935,2935
3060001,3070000,1,L03-3,1,0,0,0,875,875
3110001,3120000,0,L03-3,1,0,1,1,0,0
3120001,3130000,1,L03-3,1,0,0,0,1098,1098
3160001,3170000,2,L03-3,1,0,0,0,2242,2242
3170001,3180000,1,L03-3,1,0,0,0,540,540
3180001,3190000,2,L03-3,1,0,0,0,1030,1030
3220001,3230000,1,L03-3,1,0,0,0,737,737
3230001,3240000,2,L03-3,1,0,0,0,2412,2412
3240001,3250000,1,L03-3,1,0,0,0,1738,1738
3250001,3260000,1,L03-3,1,0,0,0,653,653
3260001,3270000,3,L03-3,1,0,0,0,2619,2619
3270001,3280000,2,L03-3,1,0,0,0,3586,3586
3320001,3330000,1,L03-3,1,0,0,0,359,359
3330001,3340000,1,L03-3,1,0,0,0,16,16
3370001,3380000,2,L03-3,1,0,0,0,4159,4159
3380001,3390000,4,L03-3,1,0,0,0,3357,3357
3390001,3400000,5,L03-3,1,0,0,0,3970,3970
3400001,3410000,4,L03-3,1,0,0,0,2389,2389
3420001,3430000,0,L03-3,1,1,2,0,0,3093
3460001,3470000,2,L03-3,1,0,0,0,2731,2731
3470001,3480000,3,L03-3,1,0,0,0,1891,1891
3480001,3490000,2,L03-3,1,0,0,0,1756,1756
3490001,3500000,0,L03-3,1,0,2,0,0,0
3500001,3510000,1,L03-3,1,0,0,0,1019,1019
3550001,3560000,2,L03-3,1,0,0,0,2980,2980
3660001,3670000,3,L03-3,1,0,0,0,2617,2617
3670001,3680000,2,L03-3,1,0,0,0,1449,1449
3690001,3700000,1,L03-3,1,0,0,0,1103,1103
3730001,3740000,1,L03-3,1,0,0,0,891,891
3740001,3750000,1,L03-3,1,0,0,0,1244,1244
3750001,3760000,1,L03-3,1,0,0,0,1004,1004
3790001,3800000,6,L03-3,1,0,0,0,4468,4468
3800001,3810000,22,L03-3,1,0,0,0,9313,9313
3810001,3820000,6,L03-3,1,0,0,0,3524,3524
3820001,3830000,1,L03-3,1,0,0,0,572,572
3840001,3850000,2,L03-3,1,0,0,0,1819,1819
3850001,3860000,3,L03-3,1,0,0,0,2634,2634
3860001,3870000,1,L03-3,1,0,0,0,1067,1067
3870001,3880000,2,L03-3,1,0,0,0,820,820
3880001,3890000,0,L03-3,1,1,1,0,0,3093
3890001,3900000,1,L03-3,1,0,0,0,2122,2122
3900001,3910000,6,L03-3,1,0,0,0,4939,4939
3930001,3940000,2,L03-3,1,0,0,0,3199,3199
20001,30000,1,L03-3,2,0,0,0,75,75
40001,50000,1,L03-3,2,0,0,0,1259,1259
50001,60000,3,L03-3,2,0,0,0,228,228
60001,70000,2,L03-3,2,0,0,0,1678,1678
100001,110000,1,L03-3,2,0,0,0,545,545
120001,130000,2,L03-3,2,0,0,0,3382,3382
190001,200000,2,L03-3,2,0,0,0,2097,2097
200001,210000,1,L03-3,2,1,0,0,1060,3094
210001,220000,0,L03-3,2,1,0,0,0,1059
240001,250000,2,L03-3,2,0,0,0,1448,1448
250001,260000,10,L03-3,2,0,0,0,5691,5691
260001,270000,2,L03-3,2,0,0,0,6848,6848
330001,340000,3,L03-3,2,0,0,0,3903,3903
340001,350000,1,L03-3,2,1,0,0,1415,4508
350001,360000,1,L03-3,2,0,0,0,536,536
450001,460000,3,L03-3,2,0,0,0,2505,2505
460001,470000,1,L03-3,2,0,0,0,267,267
470001,480000,4,L03-3,2,0,0,0,2759,2759
500001,510000,1,L03-3,2,0,0,0,227,227
520001,530000,1,L03-3,2,0,0,0,530,530
530001,540000,1,L03-3,2,0,0,0,0,0
560001,570000,3,L03-3,2,0,0,0,5037,5037
570001,580000,0,L03-3,2,0,1,1,0,0
580001,590000,2,L03-3,2,0,0,0,1276,1276
640001,650000,4,L03-3,2,0,0,0,5201,5201
650001,660000,1,L03-3,2,0,0,0,821,821
670001,680000,2,L03-3,2,0,0,0,2833,2833
690001,700000,0,L03-3,2,0,1,1,0,0
710001,720000,6,L03-3,2,0,0,0,6696,6696
720001,730000,9,L03-3,2,0,0,0,8638,8638
730001,740000,3,L03-3,2,0,0,0,3795,3795
760001,770000,1,L03-3,2,0,0,0,662,662
770001,780000,1,L03-3,2,0,0,0,479,479
780001,790000,2,L03-3,2,0,0,0,58,58
790001,800000,2,L03-3,2,0,0,0,1566,1566
800001,810000,7,L03-3,2,0,0,0,4615,4615
810001,820000,9,L03-3,2,0,0,0,9039,9039
820001,830000,4,L03-3,2,0,0,0,6575,6575
830001,840000,1,L03-3,2,0,0,0,1718,1718
890001,900000,0,L03-3,2,0,1,1,0,0
930001,940000,1,L03-3,2,0,0,0,974,974
960001,970000,4,L03-3,2,0,0,0,4053,4053
970001,980000,5,L03-3,2,0,0,0,4495,4495
1010001,1020000,1,L03-3,2,0,0,0,113,113
1020001,1030000,1,L03-3,2,0,0,0,1931,1931
1030001,1040000,2,L03-3,2,0,0,0,1606,1606
1080001,1090000,3,L03-3,2,0,0,0,2973,2973
1090001,1100000,1,L03-3,2,0,0,0,76,76
1110001,1120000,0,L03-3,2,1,0,0,0,3092
1160001,1170000,1,L03-3,2,0,0,0,704,704
1170001,1180000,6,L03-3,2,0,0,0,7144,7144
1190001,1200000,2,L03-3,2,0,0,0,1622,1622
1200001,1210000,1,L03-3,2,0,0,0,997,997
1210001,1220000,2,L03-3,2,0,0,0,1197,1197
1280001,1290000,0,L03-3,2,1,0,0,0,3093
1420001,1430000,1,L03-3,2,0,0,0,218,218
1430001,1440000,3,L03-3,2,0,0,0,5895,5895
1440001,1450000,0,L03-3,2,1,0,0,0,3093
1460001,1470000,3,L03-3,2,0,0,0,4404,4404
1470001,1480000,5,L03-3,2,0,0,0,5773,5773
1480001,1490000,2,L03-3,2,0,1,1,2832,2832
1510001,1520000,1,L03-3,2,0,0,0,518,518
1530001,1540000,1,L03-3,2,0,0,0,87,87
1540001,1550000,0,L03-3,2,1,0,0,0,3093
1580001,1590000,0,L03-3,2,1,0,0,0,2498
1590001,1600000,0,L03-3,2,1,0,0,0,595
1610001,1620000,3,L03-3,2,0,0,0,4733,4733
1620001,1630000,4,L03-3,2,0,0,0,2206,2206
1630001,1640000,2,L03-3,2,0,0,0,1642,1642
1650001,1660000,3,L03-3,2,0,0,0,3137,3137
1660001,1670000,1,L03-3,2,0,0,0,1106,1106
1670001,1680000,0,L03-3,2,1,0,0,0,1434
1680001,1690000,2,L03-3,2,1,0,0,1286,2945
1690001,1700000,7,L03-3,2,0,0,0,5744,5744
1750001,1760000,1,L03-3,2,0,0,0,1780,1780
1760001,1770000,2,L03-3,2,0,0,0,1407,1407
1770001,1780000,1,L03-3,2,0,0,0,788,788
1860001,1870000,0,L03-3,2,1,0,0,0,3093
1890001,1900000,0,L03-3,2,1,0,0,0,2178
1900001,1910000,0,L03-3,2,1,0,0,0,2782
2000001,2010000,1,L03-3,2,0,0,0,1274,1274
2020001,2030000,1,L03-3,2,0,0,0,193,193
2030001,2040000,1,L03-3,2,0,0,0,448,448
2080001,2090000,5,L03-3,2,0,0,0,6196,6196
2100001,2110000,0,L03-3,2,1,0,0,0,1845
2110001,2120000,1,L03-3,2,1,0,0,827,2075
2150001,2160000,1,L03-3,2,0,0,0,995,995
2170001,2180000,1,L03-3,2,0,0,0,559,559
2180001,2190000,1,L03-3,2,0,0,0,136,136
2230001,2240000,1,L03-3,2,0,0,0,1772,1772
2240001,2250000,1,L03-3,2,0,0,0,1071,1071
2250001,2260000,1,L03-3,2,0,0,0,662,662
2260001,2270000,3,L03-3,2,0,0,0,707,707
2370001,2380000,1,L03-3,2,0,0,0,2033,2033
2420001,2430000,1,L03-3,2,1,1,0,668,3761
2470001,2480000,1,L03-3,2,0,0,0,1760,1760
2510001,2520000,1,L03-3,2,0,0,0,1022,1022
2520001,2530000,3,L03-3,2,0,0,0,4321,4321
2530001,2540000,1,L03-3,2,0,0,0,699,699
2540001,2550000,0,L03-3,2,1,0,0,0,2736
2550001,2560000,0,L03-3,2,1,0,0,0,357
2600001,2610000,0,L03-3,2,1,0,0,0,554
2610001,2620000,1,L03-3,2,1,0,0,1007,3546
2620001,2630000,3,L03-3,2,0,0,0,2395,2395
2630001,2640000,0,L03-3,2,0,1,1,0,0
2680001,2690000,1,L03-3,2,0,0,0,1380,1380
2690001,2700000,3,L03-3,2,0,0,0,2440,2440
2700001,2710000,1,L03-3,2,0,0,0,596,596
2750001,2760000,1,L03-3,2,0,0,0,1127,1127
2760001,2770000,1,L03-3,2,0,0,0,878,878
2780001,2790000,1,L03-3,2,0,0,0,746,746
2790001,2800000,1,L03-3,2,0,0,0,1472,1472
2800001,2810000,2,L03-3,2,0,0,0,2392,2392
2820001,2830000,1,L03-3,2,0,0,0,803,803
2860001,2870000,3,L03-3,2,1,0,0,1285,4377
2870001,2880000,1,L03-3,2,0,0,0,974,974
2880001,2890000,1,L03-3,2,0,0,0,1355,1355
2900001,2910000,2,L03-3,2,0,0,0,888,888
2910001,2920000,6,L03-3,2,0,0,0,4043,4043
2940001,2950000,3,L03-3,2,0,0,0,322,322
2950001,2960000,1,L03-3,2,0,0,0,2584,2584
3000001,3010000,3,L03-3,2,0,1,0,1500,1500
3010001,3020000,0,L03-3,2,1,0,0,0,3093
3030001,3040000,0,L03-3,2,0,2,0,0,0
3040001,3050000,2,L03-3,2,0,0,0,2935,2935
3090001,3100000,1,L03-3,2,0,0,0,875,875
3120001,3130000,0,L03-3,2,0,1,0,0,0
3140001,3150000,0,L03-3,2,1,0,0,0,2524
3150001,3160000,0,L03-3,2,1,0,0,0,568
3160001,3170000,1,L03-3,2,0,0,0,1098,1098
3200001,3210000,2,L03-3,2,0,0,0,2242,2242
3210001,3220000,1,L03-3,2,0,0,0,398,398
3220001,3230000,2,L03-3,2,0,0,0,1172,1172
3260001,3270000,1,L03-3,2,0,0,0,737,737
3270001,3280000,2,L03-3,2,0,0,0,2269,2269
3280001,3290000,1,L03-3,2,0,0,0,1881,1881
3290001,3300000,1,L03-3,2,0,0,0,653,653
3300001,3310000,3,L03-3,2,0,2,0,2507,2507
3310001,3320000,3,L03-3,2,0,0,0,3697,3697
3350001,3360000,0,L03-3,2,0,1,1,0,0
3360001,3370000,1,L03-3,2,0,0,0,216,216
3370001,3380000,1,L03-3,2,0,0,0,160,160
3410001,3420000,2,L03-3,2,0,0,0,4159,4159
3420001,3430000,3,L03-3,2,0,0,0,3357,3357
3430001,3440000,5,L03-3,2,0,0,0,3970,3970
3440001,3450000,4,L03-3,2,0,0,0,2389,2389
3460001,3470000,0,L03-3,2,1,0,0,0,3093
3500001,3510000,2,L03-3,2,0,0,0,2731,2731
3510001,3520000,5,L03-3,2,0,0,0,3647,3647
3530001,3540000,0,L03-3,2,1,0,0,0,3093
3540001,3550000,1,L03-3,2,0,0,0,1019,1019
3590001,3600000,2,L03-3,2,0,0,0,2980,2980
3650001,3660000,0,L03-3,2,0,1,0,0,0
3680001,3690000,0,L03-3,2,0,1,0,0,0
3700001,3710000,3,L03-3,2,0,0,0,2804,2804
3710001,3720000,2,L03-3,2,0,0,0,1261,1261
3730001,3740000,1,L03-3,2,0,0,0,1103,1103
3770001,3780000,1,L03-3,2,0,0,0,1078,1078
3780001,3790000,1,L03-3,2,0,0,0,1057,1057
3790001,3800000,1,L03-3,2,0,0,0,1004,1004
3830001,3840000,7,L03-3,2,0,0,0,4653,4653
3840001,3850000,22,L03-3,2,0,0,0,9279,9279
3850001,3860000,5,L03-3,2,0,0,0,3373,3373
3860001,3870000,1,L03-3,2,0,0,0,572,572
3880001,3890000,2,L03-3,2,0,0,0,1819,1819
3890001,3900000,3,L03-3,2,0,0,0,2634,2634
3900001,3910000,1,L03-3,2,0,0,0,1067,1067
20001,30000,1,L03-4,1,0,1,1,75,75
40001,50000,1,L03-4,1,0,0,0,1259,1259
50001,60000,3,L03-4,1,0,0,0,228,228
60001,70000,2,L03-4,1,0,0,0,1678,1678
100001,110000,1,L03-4,1,0,0,0,545,545
120001,130000,2,L03-4,1,0,0,0,3382,3382
190001,200000,2,L03-4,1,0,0,0,2091,2091
200001,210000,1,L03-4,1,1,0,0,1066,3094
210001,220000,0,L03-4,1,1,0,0,0,1064
240001,250000,2,L03-4,1,0,0,0,1443,1443
250001,260000,10,L03-4,1,0,0,0,5691,5691
260001,270000,2,L03-4,1,0,0,0,6853,6853
330001,340000,3,L03-4,1,0,0,0,3903,3903
340001,350000,1,L03-4,1,0,0,0,1415,1415
350001,360000,1,L03-4,1,0,1,1,536,536
440001,450000,2,L03-4,1,0,0,0,1939,1939
450001,460000,1,L03-4,1,0,0,0,566,566
460001,470000,3,L03-4,1,0,0,0,2565,2565
470001,480000,1,L03-4,1,0,0,0,461,461
500001,510000,1,L03-4,1,0,0,0,227,227
520001,530000,1,L03-4,1,0,0,0,530,530
550001,560000,1,L03-4,1,0,0,0,1773,1773
560001,570000,3,L03-4,1,0,0,0,3264,3264
580001,590000,2,L03-4,1,0,0,0,1276,1276
640001,650000,5,L03-4,1,0,0,0,6021,6021
660001,670000,1,L03-4,1,0,0,0,479,479
670001,680000,1,L03-4,1,0,0,0,2354,2354
710001,720000,9,L03-4,1,0,0,0,9736,9736
720001,730000,7,L03-4,1,0,0,0,8630,8630
730001,740000,2,L03-4,1,0,0,0,763,763
760001,770000,1,L03-4,1,0,0,0,662,662
770001,780000,1,L03-4,1,0,0,0,479,479
780001,790000,2,L03-4,1,0,0,0,1423,1423
790001,800000,2,L03-4,1,0,0,0,1025,1025
800001,810000,9,L03-4,1,0,0,0,6674,6674
810001,820000,7,L03-4,1,0,0,0,8620,8620
820001,830000,3,L03-4,1,0,0,0,4111,4111
830001,840000,1,L03-4,1,0,0,0,1718,1718
930001,940000,1,L03-4,1,0,0,0,974,974
950001,960000,1,L03-4,1,0,0,0,226,226
960001,970000,6,L03-4,1,0,0,0,5561,5561
970001,980000,2,L03-4,1,0,0,0,2761,2761
1000001,1010000,1,L03-4,1,0,0,0,113,113
1020001,1030000,2,L03-4,1,0,0,0,2575,2575
1030001,1040000,1,L03-4,1,0,0,0,962,962
1070001,1080000,2,L03-4,1,0,0,0,1273,1273
1080001,1090000,3,L03-4,1,0,0,0,1776,1776
1110001,1120000,0,L03-4,1,1,0,0,0,3093
1150001,1160000,0,L03-4,1,0,1,1,0,0
1160001,1170000,2,L03-4,1,0,0,0,3013,3013
1170001,1180000,4,L03-4,1,0,0,0,4835,4835
1180001,1190000,1,L03-4,1,0,0,0,840,840
1190001,1200000,2,L03-4,1,0,0,0,782,782
1200001,1210000,1,L03-4,1,0,0,0,1664,1664
1210001,1220000,1,L03-4,1,0,0,0,530,530
1270001,1280000,0,L03-4,1,1,0,0,0,1147
1280001,1290000,0,L03-4,1,1,0,0,0,1946
1420001,1430000,2,L03-4,1,0,0,0,2546,2546
1430001,1440000,3,L03-4,1,0,0,0,3567,3567
1450001,1460000,1,L03-4,1,0,0,0,1673,1673
1460001,1470000,4,L03-4,1,0,0,0,4710,4710
1470001,1480000,3,L03-4,1,0,0,0,5226,5226
1480001,1490000,1,L03-4,1,0,0,0,1400,1400
1510001,1520000,1,L03-4,1,0,0,0,518,518
1520001,1530000,1,L03-4,1,0,0,0,87,87
1600001,1610000,3,L03-4,1,0,0,0,5040,5040
1610001,1620000,5,L03-4,1,0,0,0,3541,3541
1630001,1640000,2,L03-4,1,0,0,0,1488,1488
1640001,1650000,2,L03-4,1,0,0,0,1649,1649
1650001,1660000,1,L03-4,1,0,0,0,1106,1106
1660001,1670000,0,L03-4,1,1,0,0,0,3092
1690001,1700000,2,L03-4,1,0,0,0,954,954
1700001,1710000,7,L03-4,1,0,0,0,6076,6076
1730001,1740000,0,L03-4,1,0,1,1,0,0
1760001,1770000,1,L03-4,1,0,0,0,1449,1449
1770001,1780000,2,L03-4,1,0,0,0,1738,1738
1780001,1790000,1,L03-4,1,0,0,0,788,788
1870001,1880000,0,L03-4,1,1,0,0,0,5171
1930001,1940000,0,L03-4,1,0,1,1,0,0
1970001,1980000,1,L03-4,1,0,0,0,1274,1274
2000001,2010000,1,L03-4,1,0,1,1,641,641
2030001,2040000,0,L03-4,1,0,1,1,0,0
2040001,2050000,0,L03-4,1,0,1,1,0,0
2050001,2060000,1,L03-4,1,0,0,0,1863,1863
2060001,2070000,5,L03-4,1,0,0,0,4333,4333
2080001,2090000,1,L03-4,1,0,0,0,827,827
2120001,2130000,1,L03-4,1,0,0,0,995,995
2150001,2160000,1,L03-4,1,0,0,0,695,695
2200001,2210000,1,L03-4,1,0,0,0,120,120
2210001,2220000,1,L03-4,1,0,1,1,1652,1652
2220001,2230000,1,L03-4,1,0,0,0,1733,1733
2230001,2240000,3,L03-4,1,0,0,0,707,707
2340001,2350000,1,L03-4,1,0,0,0,574,574
2350001,2360000,1,L03-4,1,0,0,0,1459,1459
2390001,2400000,1,L03-4,1,0,0,0,668,668
2430001,2440000,1,L03-4,1,0,0,0,499,499
2440001,2450000,1,L03-4,1,0,0,0,1261,1261
2480001,2490000,1,L03-4,1,0,0,0,1861,1861
2490001,2500000,3,L03-4,1,0,0,0,4181,4181
2510001,2520000,0,L03-4,1,1,0,0,0,3093
2570001,2580000,0,L03-4,1,1,0,0,0,1393
2580001,2590000,2,L03-4,1,1,0,0,1776,3476
2590001,2600000,2,L03-4,1,0,0,0,1626,1626
2620001,2630000,0,L03-4,1,0,1,1,0,0
2650001,2660000,1,L03-4,1,0,0,0,1415,1415
2660001,2670000,2,L03-4,1,0,0,0,3001,3001
2720001,2730000,1,L03-4,1,0,0,0,1127,1127
2730001,2740000,1,L03-4,1,0,0,0,878,878
2740001,2750000,1,L03-4,1,0,0,0,196,196
2750001,2760000,1,L03-4,1,0,0,0,550,550
2760001,2770000,1,L03-4,1,0,0,0,1472,1472
2770001,2780000,2,L03-4,1,0,0,0,2392,2392
2790001,2800000,1,L03-4,1,0,0,0,803,803
2830001,2840000,3,L03-4,1,0,0,0,2259,2259
2850001,2860000,1,L03-4,1,0,0,0,1355,1355
2860001,2870000,1,L03-4,1,0,0,0,737,737
2870001,2880000,4,L03-4,1,0,0,0,2723,2723
2880001,2890000,2,L03-4,1,0,0,0,1471,1471
2910001,2920000,3,L03-4,1,0,0,0,2907,2907
2960001,2970000,3,L03-4,1,0,1,1,1500,1500
3000001,3010000,2,L03-4,1,0,0,0,2935,2935
3060001,3070000,1,L03-4,1,0,0,0,875,875
3120001,3130000,1,L03-4,1,0,0,0,1098,1098
3160001,3170000,2,L03-4,1,0,0,0,2242,2242
3170001,3180000,1,L03-4,1,0,0,0,540,540
3180001,3190000,2,L03-4,1,0,0,0,1030,1030
3220001,3230000,1,L03-4,1,0,0,0,737,737
3230001,3240000,2,L03-4,1,0,0,0,2412,2412
3240001,3250000,1,L03-4,1,0,0,0,1738,1738
3250001,3260000,1,L03-4,1,0,0,0,653,653
3260001,3270000,3,L03-4,1,0,0,0,2619,2619
3270001,3280000,2,L03-4,1,0,0,0,3586,3586
3280001,3290000,0,L03-4,1,0,1,1,0,0
3320001,3330000,1,L03-4,1,0,0,0,359,359
3330001,3340000,1,L03-4,1,0,0,0,16,16
3370001,3380000,2,L03-4,1,0,0,0,4159,4159
3380001,3390000,4,L03-4,1,0,0,0,3357,3357
3390001,3400000,5,L03-4,1,0,0,0,3970,3970
3400001,3410000,4,L03-4,1,0,0,0,2389,2389
3420001,3430000,0,L03-4,1,1,0,0,0,3093
3460001,3470000,2,L03-4,1,0,0,0,2731,2731
3470001,3480000,3,L03-4,1,0,0,0,1891,1891
3480001,3490000,2,L03-4,1,0,0,0,1756,1756
3500001,3510000,1,L03-4,1,0,0,0,1019,1019
3550001,3560000,2,L03-4,1,0,0,0,2980,2980
3660001,3670000,3,L03-4,1,0,0,0,2617,2617
3670001,3680000,2,L03-4,1,0,0,0,1449,1449
3690001,3700000,1,L03-4,1,0,0,0,1103,1103
3730001,3740000,1,L03-4,1,0,0,0,891,891
3740001,3750000,1,L03-4,1,0,0,0,1244,1244
3750001,3760000,1,L03-4,1,0,0,0,1004,1004
3790001,3800000,6,L03-4,1,0,0,0,4468,4468
3800001,3810000,22,L03-4,1,0,0,0,9313,9313
3810001,3820000,6,L03-4,1,0,0,0,3524,3524
3820001,3830000,1,L03-4,1,0,0,0,572,572
3840001,3850000,2,L03-4,1,0,0,0,1819,1819
3850001,3860000,3,L03-4,1,0,0,0,2634,2634
3860001,3870000,1,L03-4,1,0,0,0,1067,1067
3870001,3880000,2,L03-4,1,0,0,0,820,820
3880001,3890000,0,L03-4,1,1,0,0,0,3093
3890001,3900000,1,L03-4,1,0,0,0,2122,2122
3900001,3910000,6,L03-4,1,0,0,0,4939,4939
3930001,3940000,2,L03-4,1,0,0,0,3199,3199
20001,30000,1,L03-4,2,1,0,0,75,3167
30001,40000,0,L03-4,2,1,0,0,0,0
40001,50000,1,L03-4,2,0,0,0,1259,1259
50001,60000,2,L03-4,2,0,0,0,152,152
60001,70000,3,L03-4,2,0,0,0,1754,1754
110001,120000,1,L03-4,2,0,0,0,545,545
120001,130000,2,L03-4,2,0,0,0,3382,3382
190001,200000,1,L03-4,2,0,0,0,268,268
200001,210000,2,L03-4,2,0,0,0,2889,2889
210001,220000,0,L03-4,2,1,0,0,0,3091
240001,250000,1,L03-4,2,0,0,0,857,857
250001,260000,7,L03-4,2,0,0,0,4017,4017
260001,270000,4,L03-4,2,0,0,0,9089,9089
270001,280000,1,L03-4,2,0,0,0,24,24
330001,340000,3,L03-4,2,0,0,0,3903,3903
340001,350000,1,L03-4,2,0,0,0,1415,1415
350001,360000,1,L03-4,2,1,0,0,536,3629
450001,460000,3,L03-4,2,0,0,0,2505,2505
470001,480000,4,L03-4,2,0,0,0,3026,3026
500001,510000,1,L03-4,2,0,0,0,227,227
530001,540000,1,L03-4,2,0,0,0,530,530
560001,570000,2,L03-4,2,0,0,0,3209,3209
570001,580000,2,L03-4,2,0,0,0,1828,1828
580001,590000,2,L03-4,2,0,1,1,892,892
590001,600000,1,L03-4,2,0,0,0,384,384
640001,650000,2,L03-4,2,0,0,0,3209,3209
650001,660000,4,L03-4,2,0,0,0,2813,2813
670001,680000,1,L03-4,2,0,0,0,479,479
680001,690000,1,L03-4,2,0,0,0,2354,2354
710001,720000,4,L03-4,2,0,0,0,3609,3609
720001,730000,9,L03-4,2,0,0,0,9028,9028
730001,740000,6,L03-4,2,0,0,0,6492,6492
760001,770000,1,L03-4,2,0,0,0,662,662
780001,790000,1,L03-4,2,0,0,0,479,479
790001,800000,2,L03-4,2,0,0,0,1624,1624
800001,810000,3,L03-4,2,0,1,1,2314,2314
810001,820000,9,L03-4,2,0,0,0,8760,8760
820001,830000,6,L03-4,2,0,0,0,7857,7857
830001,840000,2,L03-4,2,0,0,0,3016,3016
930001,940000,1,L03-4,2,0,0,0,974,974
960001,970000,2,L03-4,2,0,0,0,2818,2818
970001,980000,6,L03-4,2,0,0,0,5730,5730
1010001,1020000,1,L03-4,2,0,0,0,113,113
1030001,1040000,3,L03-4,2,0,0,0,3537,3537
1080001,1090000,3,L03-4,2,0,0,0,2973,2973
1090001,1100000,1,L03-4,2,0,0,0,76,76
1110001,1120000,0,L03-4,2,1,0,0,0,3093
1150001,1160000,0,L03-4,2,1,0,0,0,2421
1160001,1170000,0,L03-4,2,1,0,0,0,672
1170001,1180000,2,L03-4,2,0,0,0,3013,3013
1180001,1190000,4,L03-4,2,0,0,0,4835,4835
1190001,1200000,1,L03-4,2,0,0,0,1538,1538
1200001,1210000,1,L03-4,2,0,0,0,84,84
1210001,1220000,1,L03-4,2,0,0,0,1664,1664
1220001,1230000,1,L03-4,2,0,0,0,530,530
1280001,1290000,0,L03-4,2,1,0,0,0,1866
1290001,1300000,0,L03-4,2,1,0,0,0,1227
1420001,1430000,1,L03-4,2,0,0,0,46,46
1430001,1440000,2,L03-4,2,0,0,0,3219,3219
1440001,1450000,3,L03-4,2,0,0,0,2848,2848
1460001,1470000,1,L03-4,2,0,0,0,1673,1673
1470001,1480000,5,L03-4,2,0,0,0,5421,5421
1480001,1490000,2,L03-4,2,0,0,0,4515,4515
1490001,1500000,1,L03-4,2,0,0,0,1400,1400
1510001,1520000,1,L03-4,2,0,0,0,322,322
1520001,1530000,1,L03-4,2,0,0,0,196,196
1530001,1540000,1,L03-4,2,0,0,0,87,87
1610001,1620000,3,L03-4,2,0,0,0,5040,5040
1620001,1630000,5,L03-4,2,0,0,0,3541,3541
1640001,1650000,3,L03-4,2,0,0,0,2213,2213
1650001,1660000,1,L03-4,2,0,0,0,924,924
1660001,1670000,1,L03-4,2,0,0,0,1106,1106
1670001,1680000,0,L03-4,2,1,0,0,0,3091
1700001,1710000,3,L03-4,2,0,0,0,1531,1531
1710001,1720000,6,L03-4,2,0,0,0,5499,5499
1740001,1750000,0,L03-4,2,1,0,0,0,3092
1780001,1790000,2,L03-4,2,0,0,0,3187,3187
1800001,1810000,1,L03-4,2,0,0,0,788,788
1820001,1830000,0,L03-4,2,0,1,0,0,0
1880001,1890000,0,L03-4,2,1,0,0,0,4645
1890001,1900000,0,L03-4,2,1,0,0,0,525
1940001,1950000,0,L03-4,2,1,0,0,0,1777
1950001,1960000,0,L03-4,2,1,0,0,0,1316
1990001,2000000,1,L03-4,2,0,0,0,1274,1274
2020001,2030000,1,L03-4,2,1,0,0,641,3734
2040001,2050000,0,L03-4,2,1,0,0,0,745
2050001,2060000,0,L03-4,2,1,0,0,0,2348
2060001,2070000,0,L03-4,2,1,0,0,0,3092
2080001,2090000,5,L03-4,2,0,0,0,6196,6196
2100001,2110000,1,L03-4,2,0,0,0,190,190
2110001,2120000,1,L03-4,2,0,0,0,637,637
2150001,2160000,1,L03-4,2,0,0,0,995,995
2170001,2180000,1,L03-4,2,0,0,0,695,695
2230001,2240000,1,L03-4,2,0,0,0,1772,1772
2240001,2250000,1,L03-4,2,1,0,0,926,4019
2250001,2260000,1,L03-4,2,0,0,0,807,807
2260001,2270000,3,L03-4,2,0,0,0,707,707
2360001,2370000,0,L03-4,2,0,1,1,0,0
2370001,2380000,1,L03-4,2,0,0,0,2033,2033
2420001,2430000,1,L03-4,2,0,0,0,668,668
2460001,2470000,1,L03-4,2,0,1,1,1761,1761
2510001,2520000,1,L03-4,2,0,0,0,2627,2627
2520001,2530000,2,L03-4,2,0,0,0,3415,3415
2540001,2550000,0,L03-4,2,1,0,0,0,3093
2600001,2610000,0,L03-4,2,1,0,0,0,3093
2650001,2660000,0,L03-4,2,1,0,0,0,3035
2660001,2670000,0,L03-4,2,1,0,0,0,56
2700001,2710000,0,L03-4,2,1,0,0,0,2644
2710001,2720000,0,L03-4,2,1,0,0,0,449
2730001,2740000,1,L03-4,2,0,0,0,759,759
2740001,2750000,2,L03-4,2,0,0,0,2510,2510
2750001,2760000,2,L03-4,2,0,0,0,1146,1146
2800001,2810000,1,L03-4,2,0,0,0,1127,1127
2810001,2820000,1,L03-4,2,0,0,0,878,878
2830001,2840000,1,L03-4,2,0,0,0,746,746
2840001,2850000,1,L03-4,2,0,0,0,927,927
2850001,2860000,3,L03-4,2,0,0,0,2937,2937
2870001,2880000,1,L03-4,2,0,0,0,803,803
2910001,2920000,3,L03-4,2,0,1,1,2259,2259
2930001,2940000,1,L03-4,2,0,0,0,1355,1355
2940001,2950000,1,L03-4,2,0,0,0,671,671
2950001,2960000,5,L03-4,2,0,0,0,1810,1810
2960001,2970000,3,L03-4,2,0,0,0,2450,2450
2980001,2990000,0,L03-4,2,0,1,1,0,0
2990001,3000000,3,L03-4,2,0,0,0,2804,2804
3000001,3010000,1,L03-4,2,0,0,0,101,101
3040001,3050000,0,L03-4,2,1,0,0,0,3092
3050001,3060000,3,L03-4,2,0,0,0,1500,1500
3080001,3090000,2,L03-4,2,0,0,0,2083,2083
3090001,3100000,1,L03-4,2,0,0,0,852,852
3140001,3150000,1,L03-4,2,0,0,0,875,875
3180001,3190000,0,L03-4,2,0,1,1,0,0
3200001,3210000,0,L03-4,2,0,1,1,0,0
3210001,3220000,1,L03-4,2,0,0,0,1098,1098
3240001,3250000,2,L03-4,2,0,0,0,2242,2242
3260001,3270000,1,L03-4,2,0,0,0,1153,1153
3270001,3280000,1,L03-4,2,0,0,0,416,416
3310001,3320000,2,L03-4,2,0,0,0,2995,2995
3320001,3330000,1,L03-4,2,0,0,0,1892,1892
3330001,3340000,1,L03-4,2,0,0,0,653,653
3340001,3350000,2,L03-4,2,0,0,0,1606,1606
3350001,3360000,3,L03-4,2,0,0,0,4599,4599
3360001,3370000,0,L03-4,2,1,0,0,0,409
3370001,3380000,0,L03-4,2,1,0,0,0,2683
3410001,3420000,1,L03-4,2,0,0,0,375,375
3460001,3470000,4,L03-4,2,0,0,0,4439,4439
3470001,3480000,4,L03-4,2,0,0,0,4314,4314
3480001,3490000,6,L03-4,2,0,0,0,3387,3387
3490001,3500000,3,L03-4,2,0,0,0,1735,1735
3500001,3510000,0,L03-4,2,1,0,0,0,1841
3510001,3520000,0,L03-4,2,1,0,0,0,1252
3550001,3560000,2,L03-4,2,0,0,0,2731,2731
3560001,3570000,5,L03-4,2,0,0,0,3647,3647
3590001,3600000,1,L03-4,2,0,0,0,1019,1019
3640001,3650000,2,L03-4,2,0,0,0,2980,2980
3650001,3660000,0,L03-4,2,0,1,1,0,0
3750001,3760000,4,L03-4,2,0,0,0,4065,4065
3780001,3790000,1,L03-4,2,0,0,0,1103,1103
3820001,3830000,1,L03-4,2,0,0,0,2135,2135
3840001,3850000,1,L03-4,2,0,0,0,1004,1004
3880001,3890000,11,L03-4,2,0,0,0,6754,6754
3890001,3900000,20,L03-4,2,0,0,0,9094,9094
3900001,3910000,3,L03-4,2,0,0,0,2028,2028
3930001,3940000,4,L03-4,2,0,0,0,3412,3412
3940001,3950000,2,L03-4,2,0,0,0,1041,1041
3950001,3960000,1,L03-4,2,0,0,0,1067,1067
3960001,3970000,2,L03-4,2,0,0,0,820,820
3970001,3980000,0,L03-4,2,1,0,0,0,3093
3980001,3990000,2,L03-4,2,0,0,0,3376,3376
3990001,4000000,5,L03-4,2,0,0,0,3686,3686
4010001,4020000,1,L03-4,2,0,0,0,344,344
4020001,4030000,2,L03-4,2,0,0,0,2855,2855
20001,30000,1,L04-1,1,0,1,0,75,75
40001,50000,1,L04-1,1,0,0,0,1259,1259
50001,60000,3,L04-1,1,0,1,1,228,228
60001,70000,2,L04-1,1,0,0,0,1678,1678
100001,110000,1,L04-1,1,0,0,0,545,545
110001,120000,0,L04-1,1,1,0,0,0,1534
120001,130000,2,L04-1,1,1,0,0,3381,4939
190001,200000,1,L04-1,1,0,0,0,269,269
200001,210000,2,L04-1,1,0,0,0,2888,2888
240001,250000,2,L04-1,1,0,0,0,1449,1449
250001,260000,10,L04-1,1,0,0,0,5691,5691
260001,270000,2,L04-1,1,0,0,0,6847,6847
330001,340000,3,L04-1,1,0,0,0,3903,3903
340001,350000,1,L04-1,1,0,0,0,1415,1415
350001,360000,1,L04-1,1,0,1,0,536,536
360001,370000,0,L04-1,1,1,0,0,0,3093
420001,430000,3,L04-1,1,0,0,0,2505,2505
440001,450000,4,L04-1,1,0,0,0,3026,3026
470001,480000,1,L04-1,1,0,0,0,227,227
490001,500000,0,L04-1,1,1,0,0,0,3093
500001,510000,1,L04-1,1,0,0,0,530,530
530001,540000,1,L04-1,1,0,0,0,2855,2855
540001,550000,2,L04-1,1,0,0,0,2182,2182
560001,570000,2,L04-1,1,0,0,0,1276,1276
590001,600000,0,L04-1,1,1,0,0,0,1476
600001,610000,0,L04-1,1,1,0,0,0,1617
620001,630000,5,L04-1,1,0,0,0,6022,6022
650001,660000,2,L04-1,1,0,0,0,2833,2833
690001,700000,7,L04-1,1,0,0,0,8267,8267
700001,710000,9,L04-1,1,0,0,0,8576,8576
710001,720000,2,L04-1,1,0,0,0,2286,2286
720001,730000,0,L04-1,1,0,1,1,0,0
740001,750000,1,L04-1,1,0,0,0,662,662
750001,760000,1,L04-1,1,0,0,0,479,479
760001,770000,1,L04-1,1,0,0,0,1280,1280
770001,780000,1,L04-1,1,1,0,0,344,3437
780001,790000,5,L04-1,1,0,0,0,3472,3472
790001,800000,9,L04-1,1,0,0,0,8659,8659
800001,810000,5,L04-1,1,0,0,0,6800,6800
810001,820000,2,L04-1,1,0,0,0,3016,3016
910001,920000,1,L04-1,1,0,0,0,974,974
940001,950000,2,L04-1,1,0,0,0,2818,2818
950001,960000,6,L04-1,1,0,0,0,5730,5730
990001,1000000,1,L04-1,1,0,0,0,113,113
1000001,1010000,1,L04-1,1,0,0,0,1161,1161
1010001,1020000,3,L04-1,1,0,0,0,2376,2376
1060001,1070000,3,L04-1,1,0,0,0,2973,2973
1070001,1080000,1,L04-1,1,1,0,0,76,3169
1150001,1160000,6,L04-1,1,0,0,0,7446,7446
1160001,1170000,1,L04-1,1,0,0,0,402,402
1170001,1180000,1,L04-1,1,0,0,0,1538,1538
1180001,1190000,1,L04-1,1,0,0,0,84,84
1190001,1200000,2,L04-1,1,0,0,0,2194,2194
1260001,1270000,0,L04-1,1,1,0,0,0,3093
1400001,1410000,1,L04-1,1,0,0,0,218,218
1410001,1420000,3,L04-1,1,0,0,0,5895,5895
1420001,1430000,0,L04-1,1,1,0,0,0,625
1430001,1440000,0,L04-1,1,1,0,0,0,2468
1440001,1450000,2,L04-1,1,0,0,0,2883,2883
1450001,1460000,6,L04-1,1,0,0,0,5771,5771
1460001,1470000,2,L04-1,1,0,0,0,3202,3202
1470001,1480000,1,L04-1,1,0,0,0,1153,1153
1490001,1500000,1,L04-1,1,0,0,0,518,518
1510001,1520000,1,L04-1,1,0,0,0,87,87
1590001,1600000,3,L04-1,1,0,0,0,5040,5040
1600001,1610000,5,L04-1,1,0,0,0,3541,3541
1620001,1630000,3,L04-1,1,0,0,0,3137,3137
1640001,1650000,1,L04-1,1,0,0,0,1106,1106
1680001,1690000,6,L04-1,1,0,0,0,4395,4395
1690001,1700000,3,L04-1,1,0,0,0,2635,2635
1750001,1760000,1,L04-1,1,0,0,0,2597,2597
1760001,1770000,1,L04-1,1,0,0,0,590,590
1770001,1780000,1,L04-1,1,0,0,0,788,788
1950001,1960000,0,L04-1,1,1,1,0,0,3093
2020001,2030000,1,L04-1,1,0,0,0,1274,1274
2040001,2050000,1,L04-1,1,0,0,0,641,641
2070001,2080000,0,L04-1,1,0,1,1,0,0
2090001,2100000,1,L04-1,1,0,0,0,344,344
2100001,2110000,5,L04-1,1,0,0,0,5852,5852
2120001,2130000,1,L04-1,1,0,0,0,827,827
2160001,2170000,1,L04-1,1,0,0,0,995,995
2190001,2200000,1,L04-1,1,0,0,0,695,695
2240001,2250000,0,L04-1,1,1,0,0,0,3093
2250001,2260000,1,L04-1,1,0,0,0,1772,1772
2260001,2270000,1,L04-1,1,0,0,0,1733,1733
2280001,2290000,3,L04-1,1,0,0,0,707,707
2310001,2320000,0,L04-1,1,1,0,0,0,1181
2320001,2330000,0,L04-1,1,1,0,0,0,1911
2390001,2400000,1,L04-1,1,0,0,0,2033,2033
2430001,2440000,0,L04-1,1,1,0,0,0,3093
2440001,2450000,1,L04-1,1,0,0,0,668,668
2490001,2500000,1,L04-1,1,0,0,0,1760,1760
2530001,2540000,1,L04-1,1,0,0,0,1029,1029
2540001,2550000,3,L04-1,1,0,0,0,4321,4321
2550001,2560000,1,L04-1,1,0,0,0,692,692
2630001,2640000,2,L04-1,1,0,0,0,2182,2182
2640001,2650000,1,L04-1,1,0,0,0,1220,1220
2670001,2680000,0,L04-1,1,0,1,1,0,0
2700001,2710000,1,L04-1,1,0,0,0,1415,1415
2710001,2720000,2,L04-1,1,0,0,0,3001,3001
2760001,2770000,1,L04-1,1,0,0,0,963,963
2770001,2780000,2,L04-1,1,0,0,0,1042,1042
2790001,2800000,1,L04-1,1,0,0,0,746,746
2810001,2820000,3,L04-1,1,0,0,0,3864,3864
2840001,2850000,1,L04-1,1,0,0,0,803,803
2870001,2880000,2,L04-1,1,0,0,0,474,474
2880001,2890000,2,L04-1,1,0,0,0,1785,1785
2900001,2910000,1,L04-1,1,0,0,0,1355,1355
2910001,2920000,1,L04-1,1,0,0,0,737,737
2920001,2930000,6,L04-1,1,0,0,0,4194,4194
2960001,2970000,3,L04-1,1,0,0,0,2907,2907
3010001,3020000,3,L04-1,1,0,0,0,1500,1500
3020001,3030000,0,L04-1,1,0,1,0,0,0
3040001,3050000,0,L04-1,1,1,0,0,0,3093
3050001,3060000,2,L04-1,1,0,0,0,2935,2935
3110001,3120000,1,L04-1,1,0,0,0,875,875
3170001,3180000,1,L04-1,1,0,0,0,1098,1098
3210001,3220000,2,L04-1,1,0,0,0,2242,2242
3220001,3230000,1,L04-1,1,0,2,0,1154,1154
3230001,3240000,1,L04-1,1,0,0,0,416,416
3270001,3280000,2,L04-1,1,0,0,0,1886,1886
3280001,3290000,2,L04-1,1,0,0,0,2469,2469
3290001,3300000,2,L04-1,1,0,0,0,1185,1185
3310001,3320000,4,L04-1,1,0,0,0,3292,3292
3320001,3330000,2,L04-1,1,0,0,0,2913,2913
3370001,3380000,1,L04-1,1,0,0,0,375,375
3420001,3430000,2,L04-1,1,0,0,0,4159,4159
3430001,3440000,4,L04-1,1,0,0,0,4529,4529
3440001,3450000,4,L04-1,1,0,0,0,2798,2798
3450001,3460000,4,L04-1,1,0,0,0,2389,2389
3480001,3490000,3,L04-1,1,0,0,0,1887,1887
3500001,3510000,5,L04-1,1,0,0,0,4453,4453
3510001,3520000,1,L04-1,1,0,0,0,0,0
3530001,3540000,3,L04-1,1,0,0,0,2027,2027
3540001,3550000,14,L04-1,1,0,0,0,7138,7138
3550001,3560000,15,L04-1,1,0,0,0,7480,7480
3560001,3570000,3,L04-1,1,0,0,0,1231,1231
3590001,3600000,1,L04-1,1,0,0,0,562,562
3600001,3610000,1,L04-1,1,0,0,0,442,442
3610001,3620000,1,L04-1,1,0,0,0,2135,2135
3620001,3630000,0,L04-1,1,1,1,0,0,3093
3660001,3670000,1,L04-1,1,0,0,0,1103,1103
3680001,3690000,4,L04-1,1,0,1,1,3834,3834
3690001,3700000,1,L04-1,1,0,0,0,231,231
3700001,3710000,0,L04-1,1,0,1,1,0,0
3790001,3800000,2,L04-1,1,0,0,0,2229,2229
3800001,3810000,1,L04-1,1,0,0,0,751,751
3840001,3850000,1,L04-1,1,0,0,0,177,177
3850001,3860000,1,L04-1,1,0,0,0,842,842
3870001,3880000,4,L04-1,1,0,0,0,2086,2086
3880001,3890000,4,L04-1,1,0,0,0,2692,2692
3890001,3900000,1,L04-1,1,0,0,0,1600,1600
3940001,3950000,3,L04-1,1,0,0,0,4096,4096
3950001,3960000,4,L04-1,1,0,1,0,2966,2966
3970001,3980000,1,L04-1,1,0,0,0,1070,1070
3980001,3990000,2,L04-1,1,0,0,0,2129,2129
20001,30000,1,L04-1,2,0,0,0,75,75
50001,60000,0,L04-1,2,1,0,0,0,564
60001,70000,4,L04-1,2,1,0,0,3358,5887
70001,80000,3,L04-1,2,0,0,0,3704,3704
120001,130000,1,L04-1,2,0,0,0,1991,1991
130001,140000,4,L04-1,2,0,0,0,2395,2395
140001,150000,3,L04-1,2,0,0,0,1992,1992
160001,170000,1,L04-1,2,0,0,0,1020,1020
210001,220000,2,L04-1,2,0,0,0,1130,1130
220001,230000,1,L04-1,2,0,0,0,1850,1850
310001,320000,0,L04-1,2,1,0,0,0,914
320001,330000,0,L04-1,2,1,0,0,0,2178
330001,340000,4,L04-1,2,1,0,0,4065,5361
340001,350000,0,L04-1,2,1,0,0,0,1797
350001,360000,0,L04-1,2,0,1,1,0,0
360001,370000,1,L04-1,2,0,0,0,1103,1103
390001,400000,0,L04-1,2,1,0,0,0,3093
400001,410000,1,L04-1,2,0,0,0,2135,2135
420001,430000,1,L04-1,2,0,0,0,1004,1004
460001,470000,11,L04-1,2,0,0,0,6566,6566
470001,480000,20,L04-1,2,0,0,0,9280,9280
480001,490000,4,L04-1,2,0,0,0,2029,2029
510001,520000,4,L04-1,2,0,0,0,3224,3224
520001,530000,2,L04-1,2,0,0,0,1229,1229
530001,540000,1,L04-1,2,0,0,0,1067,1067
540001,550000,2,L04-1,2,0,0,0,820,820
560001,570000,1,L04-1,2,0,0,0,538,538
570001,580000,6,L04-1,2,0,0,0,3664,3664
580001,590000,5,L04-1,2,0,0,0,4091,4091
590001,600000,4,L04-1,2,0,0,0,4798,4798
600001,610000,1,L04-1,2,0,0,0,784,784
640001,650000,1,L04-1,2,0,0,0,376,376
680001,690000,0,L04-1,2,0,1,1,0,0
690001,700000,1,L04-1,2,0,0,0,771,771
700001,710000,4,L04-1,2,0,0,0,4195,4195
710001,720000,1,L04-1,2,0,0,0,1238,1238
720001,730000,1,L04-1,2,0,0,0,653,653
730001,740000,1,L04-1,2,0,0,0,1892,1892
740001,750000,2,L04-1,2,0,0,0,2995,2995
780001,790000,1,L04-1,2,0,0,0,416,416
790001,800000,1,L04-1,2,0,0,0,1154,1154
800001,810000,0,L04-1,2,1,0,0,0,3092
810001,820000,2,L04-1,2,0,0,0,2242,2242
840001,850000,1,L04-1,2,0,0,0,1097,1097
890001,900000,0,L04-1,2,0,2,0,0,0
910001,920000,1,L04-1,2,0,0,0,875,875
960001,970000,1,L04-1,2,0,0,0,571,571
970001,980000,2,L04-1,2,1,0,0,2364,5155
980001,990000,3,L04-1,2,1,0,0,1500,1801
1030001,1040000,2,L04-1,2,0,0,0,2699,2699
1040001,1050000,2,L04-1,2,0,0,0,207,207
1070001,1080000,6,L04-1,2,0,0,0,4194,4194
1080001,1090000,1,L04-1,2,0,0,0,737,737
1090001,1100000,1,L04-1,2,0,0,0,101,101
1100001,1110000,1,L04-1,2,0,0,0,1254,1254
1110001,1120000,1,L04-1,2,0,0,0,974,974
1120001,1130000,2,L04-1,2,0,0,0,1285,1285
1150001,1160000,1,L04-1,2,0,0,0,265,265
1160001,1170000,1,L04-1,2,0,0,0,538,538
1180001,1190000,3,L04-1,2,0,0,0,3864,3864
1200001,1210000,1,L04-1,2,0,0,0,746,746
1220001,1230000,1,L04-1,2,0,0,0,878,878
1230001,1240000,1,L04-1,2,0,0,0,1127,1127
1280001,1290000,2,L04-1,2,0,0,0,3001,3001
1290001,1300000,1,L04-1,2,0,0,0,1415,1415
1320001,1330000,0,L04-1,2,1,1,0,0,3092
1360001,1370000,3,L04-1,2,0,0,0,2743,2743
1370001,1380000,1,L04-1,2,0,0,0,659,659
1450001,1460000,2,L04-1,2,0,0,0,3415,3415
1460001,1470000,1,L04-1,2,0,0,0,2627,2627
1510001,1520000,1,L04-1,2,0,0,0,1760,1760
1550001,1560000,1,L04-1,2,0,0,0,668,668
1560001,1570000,0,L04-1,2,1,0,0,0,2545
1570001,1580000,0,L04-1,2,1,0,0,0,548
1600001,1610000,1,L04-1,2,0,0,0,2033,2033
1680001,1690000,0,L04-1,2,1,0,0,0,3092
1690001,1700000,1,L04-1,2,0,0,0,1772,1772
1700001,1710000,1,L04-1,2,0,0,0,1733,1733
1720001,1730000,3,L04-1,2,0,0,0,707,707
1740001,1750000,0,L04-1,2,0,1,0,0,0
1760001,1770000,0,L04-1,2,1,0,0,0,3092
1810001,1820000,1,L04-1,2,0,0,0,695,695
1830001,1840000,1,L04-1,2,0,0,0,995,995
1870001,1880000,1,L04-1,2,0,0,0,827,827
1890001,1900000,2,L04-1,2,0,0,0,2170,2170
1900001,1910000,4,L04-1,2,0,0,0,4026,4026
1920001,1930000,0,L04-1,2,1,0,0,0,953
1930001,1940000,0,L04-1,2,1,0,0,0,2140
1960001,1970000,1,L04-1,2,0,0,0,641,641
1980001,1990000,1,L04-1,2,0,0,0,1274,1274
2020001,2030000,0,L04-1,2,0,1,0,0,0
2030001,2040000,0,L04-1,2,0,1,0,0,0
2050001,2060000,0,L04-1,2,1,0,0,0,3093
2230001,2240000,1,L04-1,2,0,0,0,788,788
2240001,2250000,2,L04-1,2,0,0,0,1475,1475
2250001,2260000,1,L04-1,2,0,0,0,1712,1712
2310001,2320000,7,L04-1,2,0,0,0,5816,5816
2320001,2330000,2,L04-1,2,0,0,0,1215,1215
2360001,2370000,1,L04-1,2,0,0,0,1106,1106
2370001,2380000,3,L04-1,2,0,0,0,2949,2949
2380001,2390000,1,L04-1,2,0,0,0,188,188
2390001,2400000,2,L04-1,2,0,0,0,1152,1152
2400001,2410000,4,L04-1,2,0,0,0,2389,2389
2410001,2420000,3,L04-1,2,0,0,0,5040,5040
2430001,2440000,0,L04-1,2,0,1,1,0,0
2490001,2500000,1,L04-1,2,0,0,0,87,87
2500001,2510000,1,L04-1,2,0,0,0,518,518
2530001,2540000,1,L04-1,2,0,0,0,1400,1400
2540001,2550000,3,L04-1,2,0,0,0,6459,6459
2550001,2560000,3,L04-1,2,0,0,0,3477,3477
2560001,2570000,1,L04-1,2,0,0,0,1673,1673
2570001,2580000,0,L04-1,2,1,0,0,0,3093
2580001,2590000,2,L04-1,2,0,0,0,1906,1906
2590001,2600000,2,L04-1,2,0,0,0,3989,3989
2600001,2610000,1,L04-1,2,0,0,0,218,218
2730001,2740000,0,L04-1,2,1,0,0,0,151
2740001,2750000,0,L04-1,2,1,0,0,0,2941
2810001,2820000,2,L04-1,2,0,0,0,2194,2194
2820001,2830000,1,L04-1,2,0,0,0,84,84
2830001,2840000,1,L04-1,2,0,0,0,1538,1538
2840001,2850000,3,L04-1,2,0,0,0,3979,3979
2850001,2860000,4,L04-1,2,0,0,0,3869,3869
2920001,2930000,1,L04-1,2,0,1,1,76,76
2930001,2940000,3,L04-1,2,0,0,0,2341,2341
2940001,2950000,1,L04-1,2,0,0,0,631,631
2980001,2990000,2,L04-1,2,0,0,0,1606,1606
2990001,3000000,1,L04-1,2,0,0,0,1930,1930
3000001,3010000,1,L04-1,2,0,0,0,2,2
3010001,3020000,1,L04-1,2,0,0,0,111,111
3040001,3050000,3,L04-1,2,0,0,0,2818,2818
3050001,3060000,6,L04-1,2,0,0,0,5730,5730
3080001,3090000,1,L04-1,2,0,0,0,974,974
3140001,3150000,0,L04-1,2,0,1,1,0,0
3180001,3190000,1,L04-1,2,0,0,0,1718,1718
3190001,3200000,3,L04-1,2,0,0,0,5431,5431
3200001,3210000,9,L04-1,2,0,0,0,8595,8595
3210001,3220000,8,L04-1,2,0,0,0,5892,5892
3220001,3230000,1,L04-1,2,1,0,0,310,3403
3230001,3240000,2,L04-1,2,0,0,0,1623,1623
3240001,3250000,1,L04-1,2,0,0,0,479,479
3250001,3260000,1,L04-1,2,0,0,0,50,50
3260001,3270000,1,L04-1,2,0,0,0,612,612
3280001,3290000,0,L04-1,2,1,0,0,0,3093
3290001,3300000,5,L04-1,2,0,0,0,5490,5490
3300001,3310000,9,L04-1,2,0,0,0,8967,8967
3310001,3320000,4,L04-1,2,0,0,0,4671,4671
3340001,3350000,1,L04-1,2,0,0,0,1392,1392
3350001,3360000,2,L04-1,2,0,0,0,1441,1441
3370001,3380000,3,L04-1,2,0,0,0,1771,1771
3380001,3390000,3,L04-1,2,0,0,0,4251,4251
3400001,3410000,0,L04-1,2,1,0,0,0,3093
3440001,3450000,2,L04-1,2,0,0,0,1276,1276
3460001,3470000,3,L04-1,2,0,0,0,5037,5037
3500001,3510000,1,L04-1,2,0,0,0,530,530
3510001,3520000,0,L04-1,2,1,1,0,0,3094
3520001,3530000,1,L04-1,2,0,0,0,227,227
3550001,3560000,1,L04-1,2,0,0,0,461,461
3560001,3570000,3,L04-1,2,0,0,0,2565,2565
3570001,3580000,1,L04-1,2,0,0,0,566,566
3580001,3590000,2,L04-1,2,0,0,0,1939,1939
3640001,3650000,0,L04-1,2,1,1,0,0,3093
3650001,3660000,1,L04-1,2,0,0,0,536,536
3660001,3670000,1,L04-1,2,0,0,0,1415,1415
3670001,3680000,3,L04-1,2,0,0,0,3903,3903
3730001,3740000,1,L04-1,2,0,0,0,1185,1185
3740001,3750000,4,L04-1,2,0,0,0,7928,7928
3750001,3760000,7,L04-1,2,0,0,0,4017,4017
3760001,3770000,1,L04-1,2,0,0,0,857,857
3800001,3810000,2,L04-1,2,0,0,0,3158,3158
3870001,3880000,2,L04-1,2,0,0,0,1967,1967
3880001,3890000,1,L04-1,2,1,1,0,1415,4508
3890001,3900000,1,L04-1,2,0,0,0,545,545
3940001,3950000,2,L04-1,2,1,0,0,1678,4771
3980001,3990000,0,L04-1,2,1,0,0,0,3091
4000001,4010000,1,L04-1,2,0,0,0,743,743
4010001,4020000,2,L04-1,2,0,0,0,2456,2456
20001,30000,1,L04-2,1,0,0,0,75,75
40001,50000,1,L04-2,1,0,0,0,1259,1259
50001,60000,3,L04-2,1,0,0,0,228,228
60001,70000,2,L04-2,1,0,0,0,1678,1678
100001,110000,1,L04-2,1,0,0,0,545,545
110001,120000,0,L04-2,1,1,1,0,0,1534
120001,130000,2,L04-2,1,1,0,0,3381,4939
190001,200000,1,L04-2,1,0,0,0,269,269
200001,210000,2,L04-2,1,0,0,0,2888,2888
240001,250000,2,L04-2,1,0,0,0,1449,1449
250001,260000,10,L04-2,1,0,0,0,5691,5691
260001,270000,2,L04-2,1,0,0,0,6847,6847
330001,340000,3,L04-2,1,0,0,0,3903,3903
340001,350000,1,L04-2,1,0,0,0,1415,1415
350001,360000,1,L04-2,1,0,0,0,536,536
360001,370000,0,L04-2,1,1,0,0,0,3093
420001,430000,3,L04-2,1,0,0,0,2505,2505
440001,450000,4,L04-2,1,0,0,0,3026,3026
470001,480000,1,L04-2,1,0,0,0,227,227
490001,500000,0,L04-2,1,1,1,0,0,3093
500001,510000,1,L04-2,1,0,0,0,530,530
530001,540000,1,L04-2,1,0,0,0,2855,2855
540001,550000,2,L04-2,1,0,0,0,2182,2182
560001,570000,2,L04-2,1,0,0,0,1276,1276
590001,600000,0,L04-2,1,1,0,0,0,1476
600001,610000,0,L04-2,1,1,0,0,0,1617
620001,630000,5,L04-2,1,0,0,0,6022,6022
650001,660000,2,L04-2,1,0,0,0,2833,2833
690001,700000,7,L04-2,1,0,0,0,8267,8267
700001,710000,9,L04-2,1,0,0,0,8576,8576
710001,720000,2,L04-2,1,0,0,0,2286,2286
740001,750000,1,L04-2,1,0,0,0,662,662
750001,760000,1,L04-2,1,0,0,0,479,479
760001,770000,1,L04-2,1,0,0,0,1280,1280
770001,780000,1,L04-2,1,1,1,0,344,3437
780001,790000,5,L04-2,1,0,0,0,3472,3472
790001,800000,9,L04-2,1,0,0,0,8659,8659
800001,810000,5,L04-2,1,0,0,0,6800,6800
810001,820000,2,L04-2,1,0,0,0,3016,3016
910001,920000,1,L04-2,1,0,0,0,974,974
940001,950000,2,L04-2,1,0,0,0,2818,2818
950001,960000,6,L04-2,1,0,0,0,5730,5730
990001,1000000,1,L04-2,1,0,0,0,113,113
1000001,1010000,1,L04-2,1,0,0,0,1161,1161
1010001,1020000,3,L04-2,1,0,0,0,2376,2376
1060001,1070000,3,L04-2,1,0,0,0,2973,2973
1070001,1080000,1,L04-2,1,1,0,0,76,3169
1150001,1160000,6,L04-2,1,0,0,0,7446,7446
1160001,1170000,1,L04-2,1,0,0,0,402,402
1170001,1180000,1,L04-2,1,0,0,0,1538,1538
1180001,1190000,1,L04-2,1,0,0,0,84,84
1190001,1200000,2,L04-2,1,0,0,0,2194,2194
1240001,1250000,0,L04-2,1,0,1,1,0,0
1260001,1270000,0,L04-2,1,1,0,0,0,3093
1400001,1410000,1,L04-2,1,0,0,0,218,218
1410001,1420000,3,L04-2,1,0,0,0,5895,5895
1420001,1430000,0,L04-2,1,1,0,0,0,625
1430001,1440000,0,L04-2,1,1,0,0,0,2468
1440001,1450000,2,L04-2,1,0,0,0,2883,2883
1450001,1460000,6,L04-2,1,0,0,0,5771,5771
1460001,1470000,2,L04-2,1,0,0,0,3202,3202
1470001,1480000,1,L04-2,1,0,0,0,1153,1153
1490001,1500000,1,L04-2,1,0,0,0,518,518
1510001,1520000,1,L04-2,1,0,0,0,87,87
1590001,1600000,3,L04-2,1,0,0,0,5040,5040
1600001,1610000,5,L04-2,1,0,0,0,3541,3541
1620001,1630000,3,L04-2,1,0,0,0,3137,3137
1640001,1650000,1,L04-2,1,0,0,0,1106,1106
1680001,1690000,6,L04-2,1,0,0,0,4395,4395
1690001,1700000,3,L04-2,1,0,0,0,2635,2635
1700001,1710000,0,L04-2,1,0,1,1,0,0
1750001,1760000,1,L04-2,1,0,0,0,2597,2597
1760001,1770000,1,L04-2,1,0,0,0,590,590
1770001,1780000,1,L04-2,1,0,0,0,788,788
1950001,1960000,0,L04-2,1,1,0,0,0,3093
2020001,2030000,1,L04-2,1,0,0,0,1274,1274
2040001,2050000,1,L04-2,1,0,0,0,641,641
2090001,2100000,1,L04-2,1,0,0,0,344,344
2100001,2110000,5,L04-2,1,0,0,0,5852,5852
2120001,2130000,1,L04-2,1,0,0,0,827,827
2160001,2170000,1,L04-2,1,0,0,0,995,995
2190001,2200000,1,L04-2,1,0,0,0,695,695
2210001,2220000,0,L04-2,1,0,2,0,0,0
2240001,2250000,0,L04-2,1,1,0,0,0,3093
2250001,2260000,1,L04-2,1,0,0,0,1772,1772
2260001,2270000,1,L04-2,1,0,0,0,1733,1733
2280001,2290000,3,L04-2,1,0,0,0,707,707
2310001,2320000,0,L04-2,1,1,0,0,0,1181
2320001,2330000,0,L04-2,1,1,0,0,0,1911
2390001,2400000,1,L04-2,1,0,0,0,2033,2033
2420001,2430000,0,L04-2,1,0,1,1,0,0
2430001,2440000,0,L04-2,1,1,1,0,0,3093
2440001,2450000,1,L04-2,1,0,0,0,668,668
2490001,2500000,1,L04-2,1,0,0,0,1760,1760
2530001,2540000,1,L04-2,1,0,0,0,1029,1029
2540001,2550000,3,L04-2,1,0,0,0,4321,4321
2550001,2560000,1,L04-2,1,0,0,0,692,692
2630001,2640000,2,L04-2,1,0,0,0,2182,2182
2640001,2650000,1,L04-2,1,0,0,0,1220,1220
2700001,2710000,1,L04-2,1,0,0,0,1415,1415
2710001,2720000,2,L04-2,1,0,0,0,3001,3001
2760001,2770000,1,L04-2,1,0,0,0,963,963
2770001,2780000,2,L04-2,1,0,0,0,1042,1042
2790001,2800000,1,L04-2,1,0,0,0,746,746
2810001,2820000,3,L04-2,1,0,0,0,3864,3864
2840001,2850000,1,L04-2,1,0,0,0,803,803
2870001,2880000,2,L04-2,1,0,0,0,474,474
2880001,2890000,2,L04-2,1,0,0,0,1785,1785
2900001,2910000,1,L04-2,1,0,0,0,1355,1355
2910001,2920000,1,L04-2,1,0,0,0,737,737
2920001,2930000,6,L04-2,1,0,0,0,4194,4194
2960001,2970000,3,L04-2,1,0,0,0,2907,2907
3010001,3020000,3,L04-2,1,0,0,0,1500,1500
3040001,3050000,0,L04-2,1,1,0,0,0,3093
3050001,3060000,2,L04-2,1,0,1,0,2935,2935
3110001,3120000,1,L04-2,1,0,0,0,875,875
3170001,3180000,1,L04-2,1,0,0,0,1098,1098
3210001,3220000,2,L04-2,1,0,0,0,2242,2242
3220001,3230000,1,L04-2,1,0,0,0,1154,1154
3230001,3240000,1,L04-2,1,0,0,0,416,416
3270001,3280000,2,L04-2,1,0,0,0,1886,1886
3280001,3290000,2,L04-2,1,0,0,0,2469,2469
3290001,3300000,2,L04-2,1,0,0,0,1185,1185
3310001,3320000,4,L04-2,1,0,0,0,3292,3292
3320001,3330000,2,L04-2,1,0,0,0,2913,2913
3370001,3380000,1,L04-2,1,0,1,1,375,375
3420001,3430000,2,L04-2,1,0,0,0,4159,4159
3430001,3440000,4,L04-2,1,0,0,0,4529,4529
3440001,3450000,4,L04-2,1,0,0,0,2798,2798
3450001,3460000,4,L04-2,1,0,0,0,2389,2389
3480001,3490000,3,L04-2,1,0,0,0,1887,1887
3500001,3510000,5,L04-2,1,0,0,0,4453,4453
3510001,3520000,1,L04-2,1,0,0,0,0,0
3530001,3540000,3,L04-2,1,0,0,0,2027,2027
3540001,3550000,14,L04-2,1,0,0,0,7138,7138
3550001,3560000,15,L04-2,1,0,0,0,7480,7480
3560001,3570000,3,L04-2,1,0,0,0,1231,1231
3590001,3600000,1,L04-2,1,0,0,0,562,562
3600001,3610000,1,L04-2,1,0,0,0,442,442
3610001,3620000,1,L04-2,1,0,1,0,2135,2135
3620001,3630000,0,L04-2,1,1,0,0,0,3093
3660001,3670000,1,L04-2,1,0,0,0,1103,1103
3680001,3690000,4,L04-2,1,0,0,0,3834,3834
3690001,3700000,1,L04-2,1,0,0,0,231,231
3790001,3800000,2,L04-2,1,0,0,0,2229,2229
3800001,3810000,1,L04-2,1,0,0,0,751,751
3840001,3850000,1,L04-2,1,0,0,0,177,177
3850001,3860000,1,L04-2,1,0,0,0,842,842
3870001,3880000,4,L04-2,1,0,0,0,2086,2086
3880001,3890000,4,L04-2,1,0,0,0,2692,2692
3890001,3900000,1,L04-2,1,0,0,0,1600,1600
3940001,3950000,3,L04-2,1,0,0,0,4096,4096
3950001,3960000,4,L04-2,1,0,0,0,2966,2966
3970001,3980000,1,L04-2,1,0,0,0,1070,1070
20001,30000,1,L04-2,2,0,0,0,75,75
40001,50000,1,L04-2,2,0,0,0,1259,1259
50001,60000,3,L04-2,2,0,0,0,228,228
60001,70000,2,L04-2,2,0,0,0,1678,1678
100001,110000,1,L04-2,2,0,0,0,545,545
110001,120000,0,L04-2,2,1,0,0,0,3093
120001,130000,2,L04-2,2,0,0,0,3382,3382
190001,200000,2,L04-2,2,0,0,0,1319,1319
200001,210000,1,L04-2,2,0,0,0,1838,1838
240001,250000,4,L04-2,2,0,0,0,3743,3743
250001,260000,8,L04-2,2,0,0,0,5720,5720
260001,270000,2,L04-2,2,0,0,0,4524,4524
290001,300000,0,L04-2,2,0,1,0,0,0
320001,330000,2,L04-2,2,0,1,0,1803,1803
330001,340000,3,L04-2,2,0,0,0,2760,2760
340001,350000,2,L04-2,2,0,0,0,1291,1291
350001,360000,0,L04-2,2,1,1,0,0,1865
360001,370000,0,L04-2,2,1,1,0,0,1227
420001,430000,3,L04-2,2,0,0,0,2505,2505
440001,450000,4,L04-2,2,0,0,0,3026,3026
470001,480000,1,L04-2,2,0,0,0,227,227
480001,490000,0,L04-2,2,1,0,0,0,1918
490001,500000,0,L04-2,2,1,0,0,0,1175
500001,510000,1,L04-2,2,0,0,0,530,530
530001,540000,2,L04-2,2,0,0,0,3826,3826
540001,550000,2,L04-2,2,0,0,0,1211,1211
550001,560000,2,L04-2,2,0,0,0,1276,1276
590001,600000,0,L04-2,2,1,0,0,0,3092
610001,620000,1,L04-2,2,0,0,0,768,768
620001,630000,5,L04-2,2,0,0,0,5254,5254
640001,650000,1,L04-2,2,0,0,0,479,479
650001,660000,1,L04-2,2,0,0,0,2354,2354
680001,690000,2,L04-2,2,0,0,0,1130,1130
690001,700000,8,L04-2,2,0,0,0,9943,9943
700001,710000,7,L04-2,2,0,0,0,7436,7436
710001,720000,1,L04-2,2,0,0,0,620,620
730001,740000,1,L04-2,2,0,0,0,170,170
740001,750000,1,L04-2,2,0,0,0,492,492
750001,760000,1,L04-2,2,0,0,0,479,479
760001,770000,2,L04-2,2,0,0,0,1624,1624
770001,780000,1,L04-2,2,1,0,0,280,3373
780001,790000,8,L04-2,2,0,0,0,5892,5892
790001,800000,9,L04-2,2,0,0,0,8595,8595
800001,810000,3,L04-2,2,0,0,0,5462,5462
810001,820000,1,L04-2,2,0,0,0,1718,1718
910001,920000,1,L04-2,2,0,0,0,974,974
940001,950000,6,L04-2,2,0,0,0,5699,5699
950001,960000,3,L04-2,2,0,0,0,2849,2849
980001,990000,1,L04-2,2,0,0,0,74,74
990001,1000000,1,L04-2,2,0,0,0,39,39
1000001,1010000,1,L04-2,2,0,0,0,1931,1931
1010001,1020000,2,L04-2,2,0,0,0,1606,1606
1050001,1060000,1,L04-2,2,0,0,0,593,593
1060001,1070000,3,L04-2,2,0,1,0,2380,2380
1070001,1080000,1,L04-2,2,1,0,0,76,3169
1140001,1150000,2,L04-2,2,0,0,0,2444,2444
1150001,1160000,5,L04-2,2,0,0,0,5404,5404
1170001,1180000,2,L04-2,2,0,0,0,1622,1622
1180001,1190000,1,L04-2,2,0,0,0,1664,1664
1190001,1200000,1,L04-2,2,0,2,0,530,530
1240001,1250000,0,L04-2,2,1,0,0,0,3093
1260001,1270000,0,L04-2,2,1,0,0,0,3093
1400001,1410000,1,L04-2,2,0,0,0,218,218
1410001,1420000,3,L04-2,2,0,0,0,5895,5895
1420001,1430000,0,L04-2,2,1,0,0,0,793
1430001,1440000,0,L04-2,2,1,0,0,0,2299
1440001,1450000,2,L04-2,2,0,0,0,3052,3052
1450001,1460000,6,L04-2,2,0,0,0,5771,5771
1460001,1470000,2,L04-2,2,0,0,0,3201,3201
1470001,1480000,1,L04-2,2,0,0,0,985,985
1490001,1500000,1,L04-2,2,0,0,0,518,518
1510001,1520000,1,L04-2,2,0,0,0,87,87
1590001,1600000,3,L04-2,2,0,0,0,5040,5040
1600001,1610000,5,L04-2,2,0,0,0,3541,3541
1620001,1630000,3,L04-2,2,0,0,0,3137,3137
1640001,1650000,1,L04-2,2,0,0,0,1106,1106
1680001,1690000,6,L04-2,2,0,0,0,4563,4563
1690001,1700000,3,L04-2,2,0,0,0,2467,2467
1700001,1710000,0,L04-2,2,1,0,0,0,3093
1750001,1760000,1,L04-2,2,0,0,0,2364,2364
1760001,1770000,2,L04-2,2,0,0,0,823,823
1770001,1780000,1,L04-2,2,0,0,0,788,788
1950001,1960000,0,L04-2,2,1,0,0,0,3093
2020001,2030000,1,L04-2,2,0,0,0,1275,1275
2040001,2050000,1,L04-2,2,0,0,0,364,364
2050001,2060000,1,L04-2,2,0,0,0,277,277
2100001,2110000,5,L04-2,2,0,0,0,6196,6196
2120001,2130000,1,L04-2,2,0,0,0,511,511
2130001,2140000,1,L04-2,2,0,0,0,316,316
2150001,2160000,0,L04-2,2,0,1,1,0,0
2160001,2170000,1,L04-2,2,0,0,0,198,198
2170001,2180000,1,L04-2,2,0,0,0,797,797
2190001,2200000,1,L04-2,2,0,0,0,695,695
2210001,2220000,0,L04-2,2,1,0,0,0,3092
2240001,2250000,0,L04-2,2,1,1,0,0,3093
2250001,2260000,1,L04-2,2,0,0,0,10,10
2260001,2270000,1,L04-2,2,0,0,0,1762,1762
2270001,2280000,1,L04-2,2,0,0,0,1733,1733
2280001,2290000,3,L04-2,2,0,0,0,707,707
2320001,2330000,0,L04-2,2,1,0,0,0,3092
2400001,2410000,1,L04-2,2,0,0,0,2033,2033
2420001,2430000,0,L04-2,2,1,0,0,0,341
2430001,2440000,0,L04-2,2,1,0,0,0,2752
2440001,2450000,0,L04-2,2,1,0,0,0,3092
2450001,2460000,1,L04-2,2,0,1,0,668,668
2490001,2500000,1,L04-2,2,0,0,0,1760,1760
2540001,2550000,1,L04-2,2,0,0,0,2627,2627
2550001,2560000,2,L04-2,2,0,0,0,3415,3415
2640001,2650000,2,L04-2,2,0,0,0,2182,2182
2650001,2660000,1,L04-2,2,0,0,0,1220,1220
2680001,2690000,0,L04-2,2,0,1,1,0,0
2710001,2720000,1,L04-2,2,0,0,0,1415,1415
2720001,2730000,2,L04-2,2,0,0,0,3001,3001
2770001,2780000,1,L04-2,2,0,1,1,1127,1127
2780001,2790000,1,L04-2,2,0,0,0,878,878
2800001,2810000,1,L04-2,2,0,0,0,746,746
2820001,2830000,3,L04-2,2,0,0,0,3864,3864
2840001,2850000,1,L04-2,2,0,0,0,803,803
2880001,2890000,3,L04-2,2,0,0,0,1891,1891
2890001,2900000,1,L04-2,2,0,0,0,368,368
2900001,2910000,1,L04-2,2,0,0,0,1355,1355
2920001,2930000,3,L04-2,2,0,0,0,1454,1454
2930001,2940000,5,L04-2,2,0,0,0,3477,3477
2960001,2970000,3,L04-2,2,0,0,0,930,930
2970001,2980000,1,L04-2,2,0,0,0,1977,1977
3000001,3010000,0,L04-2,2,0,1,1,0,0
3020001,3030000,3,L04-2,2,0,0,0,1500,1500
3030001,3040000,0,L04-2,2,0,1,0,0,0
3050001,3060000,2,L04-2,2,1,0,0,2935,6028
3110001,3120000,1,L04-2,2,0,0,0,875,875
3180001,3190000,1,L04-2,2,0,0,0,1098,1098
3210001,3220000,2,L04-2,2,0,0,0,2242,2242
3230001,3240000,2,L04-2,2,0,0,0,1570,1570
3280001,3290000,2,L04-2,2,0,0,0,2995,2995
3290001,3300000,1,L04-2,2,0,0,0,1892,1892
3300001,3310000,1,L04-2,2,0,0,0,653,653
3310001,3320000,2,L04-2,2,0,0,0,1606,1606
3320001,3330000,3,L04-2,2,0,0,0,4599,4599
3370001,3380000,0,L04-2,2,1,0,0,0,2968
3380001,3390000,1,L04-2,2,1,0,0,375,500
3420001,3430000,1,L04-2,2,0,0,0,1788,1788
3430001,3440000,5,L04-2,2,0,0,0,3923,3923
3440001,3450000,5,L04-2,2,0,0,0,4516,4516
3450001,3460000,5,L04-2,2,0,0,0,3648,3648
3480001,3490000,2,L04-2,2,0,1,1,820,820
3490001,3500000,1,L04-2,2,0,0,0,1067,1067
3500001,3510000,3,L04-2,2,0,0,0,2162,2162
3510001,3520000,3,L04-2,2,0,0,0,2291,2291
3540001,3550000,5,L04-2,2,0,0,0,2987,2987
3550001,3560000,22,L04-2,2,0,0,0,9271,9271
3560001,3570000,8,L04-2,2,0,0,0,5618,5618
3600001,3610000,1,L04-2,2,0,0,0,1004,1004
3610001,3620000,1,L04-2,2,0,0,0,76,76
3620001,3630000,1,L04-2,2,1,0,0,2059,5152
3660001,3670000,1,L04-2,2,0,0,0,1103,1103
3680001,3690000,4,L04-2,2,0,0,0,4065,4065
3770001,3780000,0,L04-2,2,0,2,0,0,0
3790001,3800000,2,L04-2,2,0,0,0,2980,2980
3840001,3850000,1,L04-2,2,0,0,0,1019,1019
3870001,3880000,5,L04-2,2,0,0,0,3647,3647
3880001,3890000,2,L04-2,2,0,0,0,2731,2731
3900001,3910000,0,L04-2,2,0,1,0,0,0
20001,30000,1,L04-3,1,0,0,0,75,75
40001,50000,1,L04-3,1,0,1,1,1259,1259
50001,60000,3,L04-3,1,0,0,0,228,228
60001,70000,2,L04-3,1,0,0,0,1678,1678
100001,110000,1,L04-3,1,0,0,0,545,545
110001,120000,0,L04-3,1,1,0,0,0,1534
120001,130000,2,L04-3,1,1,0,0,3381,4939
190001,200000,1,L04-3,1,0,0,0,269,269
200001,210000,2,L04-3,1,0,0,0,2888,2888
240001,250000,2,L04-3,1,0,0,0,1449,1449
250001,260000,10,L04-3,1,0,0,0,5691,5691
260001,270000,2,L04-3,1,0,0,0,6847,6847
330001,340000,3,L04-3,1,0,0,0,3903,3903
340001,350000,1,L04-3,1,0,0,0,1415,1415
350001,360000,1,L04-3,1,0,1,0,536,536
360001,370000,0,L04-3,1,1,0,0,0,3093
400001,410000,0,L04-3,1,0,1,0,0,0
420001,430000,3,L04-3,1,0,0,0,2505,2505
440001,450000,4,L04-3,1,0,0,0,3026,3026
470001,480000,1,L04-3,1,0,0,0,227,227
490001,500000,0,L04-3,1,1,0,0,0,3093
500001,510000,1,L04-3,1,0,0,0,530,530
530001,540000,1,L04-3,1,0,0,0,2855,2855
540001,550000,2,L04-3,1,0,0,0,2182,2182
560001,570000,2,L04-3,1,0,0,0,1276,1276
590001,600000,0,L04-3,1,1,0,0,0,1476
600001,610000,0,L04-3,1,1,0,0,0,1617
620001,630000,5,L04-3,1,0,0,0,6022,6022
650001,660000,2,L04-3,1,0,1,1,2833,2833
660001,670000,0,L04-3,1,0,1,1,0,0
690001,700000,7,L04-3,1,0,0,0,8267,8267
700001,710000,9,L04-3,1,0,0,0,8576,8576
710001,720000,2,L04-3,1,0,0,0,2286,2286
740001,750000,1,L04-3,1,0,0,0,662,662
750001,760000,1,L04-3,1,0,0,0,479,479
760001,770000,1,L04-3,1,0,0,0,1280,1280
770001,780000,1,L04-3,1,1,0,0,344,3437
780001,790000,5,L04-3,1,0,0,0,3472,3472
790001,800000,9,L04-3,1,0,0,0,8659,8659
800001,810000,5,L04-3,1,0,0,0,6800,6800
810001,820000,2,L04-3,1,0,0,0,3016,3016
820001,830000,0,L04-3,1,0,1,1,0,0
910001,920000,1,L04-3,1,0,0,0,974,974
940001,950000,2,L04-3,1,0,0,0,2818,2818
950001,960000,6,L04-3,1,0,0,0,5730,5730
990001,1000000,1,L04-3,1,0,0,0,113,113
1000001,1010000,1,L04-3,1,0,0,0,1161,1161
1010001,1020000,3,L04-3,1,0,0,0,2376,2376
1060001,1070000,3,L04-3,1,0,0,0,2973,2973
1070001,1080000,1,L04-3,1,1,0,0,76,3169
1150001,1160000,6,L04-3,1,0,0,0,7446,7446
1160001,1170000,1,L04-3,1,0,0,0,402,402
1170001,1180000,1,L04-3,1,0,0,0,1538,1538
1180001,1190000,1,L04-3,1,0,0,0,84,84
1190001,1200000,2,L04-3,1,0,0,0,2194,2194
1260001,1270000,0,L04-3,1,1,0,0,0,3093
1400001,1410000,1,L04-3,1,0,0,0,218,218
1410001,1420000,3,L04-3,1,0,0,0,5895,5895
1420001,1430000,0,L04-3,1,1,0,0,0,625
1430001,1440000,0,L04-3,1,1,0,0,0,2468
1440001,1450000,2,L04-3,1,0,0,0,2883,2883
1450001,1460000,6,L04-3,1,0,0,0,5771,5771
1460001,1470000,2,L04-3,1,0,0,0,3202,3202
1470001,1480000,1,L04-3,1,0,0,0,1153,1153
1490001,1500000,1,L04-3,1,0,0,0,518,518
1510001,1520000,1,L04-3,1,0,0,0,87,87
1590001,1600000,3,L04-3,1,0,0,0,5040,5040
1600001,1610000,5,L04-3,1,0,0,0,3541,3541
1620001,1630000,3,L04-3,1,0,0,0,3137,3137
1640001,1650000,1,L04-3,1,0,0,0,1106,1106
1680001,1690000,6,L04-3,1,0,0,0,4395,4395
1690001,1700000,3,L04-3,1,0,0,0,2635,2635
1750001,1760000,1,L04-3,1,0,0,0,2597,2597
1760001,1770000,1,L04-3,1,0,0,0,590,590
1770001,1780000,1,L04-3,1,0,0,0,788,788
1940001,1950000,0,L04-3,1,0,1,0,0,0
1950001,1960000,0,L04-3,1,1,0,0,0,3093
2020001,2030000,1,L04-3,1,0,0,0,1274,1274
2040001,2050000,1,L04-3,1,0,0,0,641,641
2070001,2080000,0,L04-3,1,0,1,1,0,0
2090001,2100000,1,L04-3,1,0,0,0,344,344
2100001,2110000,5,L04-3,1,0,0,0,5852,5852
2120001,2130000,1,L04-3,1,0,0,0,827,827
2140001,2150000,0,L04-3,1,0,1,1,0,0
2160001,2170000,1,L04-3,1,0,0,0,995,995
2190001,2200000,1,L04-3,1,0,1,1,695,695
2240001,2250000,0,L04-3,1,1,0,0,0,3093
2250001,2260000,1,L04-3,1,0,0,0,1772,1772
2260001,2270000,1,L04-3,1,0,0,0,1733,1733
2280001,2290000,3,L04-3,1,0,0,0,707,707
2310001,2320000,0,L04-3,1,1,0,0,0,1181
2320001,2330000,0,L04-3,1,1,0,0,0,1911
2390001,2400000,1,L04-3,1,0,0,0,2033,2033
2430001,2440000,0,L04-3,1,1,0,0,0,3093
2440001,2450000,1,L04-3,1,0,0,0,668,668
2490001,2500000,1,L04-3,1,0,0,0,1760,1760
2530001,2540000,1,L04-3,1,0,0,0,1029,1029
2540001,2550000,3,L04-3,1,0,0,0,4321,4321
2550001,2560000,1,L04-3,1,0,0,0,692,692
2630001,2640000,2,L04-3,1,0,0,0,2182,2182
2640001,2650000,1,L04-3,1,0,0,0,1220,1220
2700001,2710000,1,L04-3,1,0,0,0,1415,1415
2710001,2720000,2,L04-3,1,0,1,1,3001,3001
2750001,2760000,0,L04-3,1,0,1,1,0,0
2760001,2770000,1,L04-3,1,0,0,0,963,963
2770001,2780000,2,L04-3,1,0,0,0,1042,1042
2790001,2800000,1,L04-3,1,0,0,0,746,746
2810001,2820000,3,L04-3,1,0,0,0,3864,3864
2840001,2850000,1,L04-3,1,0,0,0,803,803
2870001,2880000,2,L04-3,1,0,0,0,474,474
2880001,2890000,2,L04-3,1,0,0,0,1785,1785
2900001,2910000,1,L04-3,1,0,0,0,1355,1355
2910001,2920000,1,L04-3,1,0,0,0,737,737
2920001,2930000,6,L04-3,1,0,0,0,4194,4194
2960001,2970000,3,L04-3,1,0,0,0,2907,2907
3010001,3020000,3,L04-3,1,0,0,0,1500,1500
3040001,3050000,0,L04-3,1,1,0,0,0,3093
3050001,3060000,2,L04-3,1,0,0,0,2935,2935
3110001,3120000,1,L04-3,1,0,0,0,875,875
3170001,3180000,1,L04-3,1,0,0,0,1098,1098
3210001,3220000,2,L04-3,1,0,2,0,2242,2242
3220001,3230000,1,L04-3,1,0,0,0,1154,1154
3230001,3240000,1,L04-3,1,0,0,0,416,416
3270001,3280000,2,L04-3,1,0,0,0,1886,1886
3280001,3290000,2,L04-3,1,0,0,0,2469,2469
3290001,3300000,2,L04-3,1,0,0,0,1185,1185
3310001,3320000,4,L04-3,1,0,0,0,3292,3292
3320001,3330000,2,L04-3,1,0,0,0,2913,2913
3370001,3380000,1,L04-3,1,0,0,0,375,375
3420001,3430000,2,L04-3,1,0,0,0,4159,4159
3430001,3440000,4,L04-3,1,0,0,0,4529,4529
3440001,3450000,4,L04-3,1,0,0,0,2798,2798
3450001,3460000,4,L04-3,1,0,0,0,2389,2389
3480001,3490000,3,L04-3,1,0,0,0,1887,1887
3500001,3510000,5,L04-3,1,0,0,0,4453,4453
3510001,3520000,1,L04-3,1,0,0,0,0,0
3530001,3540000,3,L04-3,1,0,0,0,2027,2027
3540001,3550000,14,L04-3,1,0,0,0,7138,7138
3550001,3560000,15,L04-3,1,0,0,0,7480,7480
3560001,3570000,3,L04-3,1,0,0,0,1231,1231
3590001,3600000,1,L04-3,1,0,0,0,562,562
3600001,3610000,1,L04-3,1,0,0,0,442,442
3610001,3620000,1,L04-3,1,0,0,0,2135,2135
3620001,3630000,0,L04-3,1,1,1,0,0,3093
3660001,3670000,1,L04-3,1,0,0,0,1103,1103
3680001,3690000,4,L04-3,1,0,0,0,3834,3834
3690001,3700000,1,L04-3,1,0,0,0,231,231
3790001,3800000,2,L04-3,1,0,0,0,2229,2229
3800001,3810000,1,L04-3,1,0,0,0,751,751
3840001,3850000,1,L04-3,1,0,0,0,177,177
3850001,3860000,1,L04-3,1,0,0,0,842,842
3870001,3880000,4,L04-3,1,0,0,0,2086,2086
3880001,3890000,4,L04-3,1,0,0,0,2692,2692
3890001,3900000,1,L04-3,1,0,0,0,1600,1600
3940001,3950000,3,L04-3,1,0,0,0,4096,4096
3950001,3960000,4,L04-3,1,0,0,0,2966,2966
3970001,3980000,1,L04-3,1,0,0,0,1070,1070
3980001,3990000,2,L04-3,1,0,0,0,2129,2129
20001,30000,1,L04-3,2,0,0,0,75,75
40001,50000,1,L04-3,2,1,0,0,1259,4351
50001,60000,2,L04-3,2,0,0,0,152,152
60001,70000,3,L04-3,2,0,0,0,1754,1754
110001,120000,1,L04-3,2,0,0,0,545,545
120001,130000,1,L04-3,2,1,0,0,2588,5681
130001,140000,2,L04-3,2,0,0,0,794,794
200001,210000,2,L04-3,2,0,1,1,3157,3157
240001,250000,1,L04-3,2,0,0,0,857,857
250001,260000,7,L04-3,2,0,0,0,4017,4017
260001,270000,4,L04-3,2,0,0,0,9102,9102
270001,280000,1,L04-3,2,0,0,0,11,11
330001,340000,3,L04-3,2,0,0,0,3903,3903
340001,350000,1,L04-3,2,0,0,0,1415,1415
350001,360000,1,L04-3,2,1,0,0,536,3627
370001,380000,2,L04-3,2,0,0,0,1939,1939
380001,390000,1,L04-3,2,0,0,0,566,566
390001,400000,3,L04-3,2,0,0,0,2565,2565
400001,410000,1,L04-3,2,0,0,0,461,461
430001,440000,1,L04-3,2,0,0,0,227,227
440001,450000,0,L04-3,2,1,0,0,0,3092
450001,460000,1,L04-3,2,0,0,0,530,530
490001,500000,3,L04-3,2,0,0,0,5037,5037
510001,520000,2,L04-3,2,0,0,0,1276,1276
550001,560000,0,L04-3,2,1,0,0,0,3093
570001,580000,3,L04-3,2,0,0,0,4251,4251
580001,590000,2,L04-3,2,0,0,0,1771,1771
600001,610000,2,L04-3,2,0,0,0,1461,1461
610001,620000,1,L04-3,2,1,0,0,1372,4465
640001,650000,2,L04-3,2,0,0,0,1590,1590
650001,660000,8,L04-3,2,0,0,0,9544,9544
660001,670000,7,L04-3,2,0,0,0,7416,7416
670001,680000,1,L04-3,2,0,0,0,578,578
690001,700000,1,L04-3,2,0,0,0,634,634
700001,710000,1,L04-3,2,0,0,0,28,28
710001,720000,1,L04-3,2,0,0,0,479,479
720001,730000,2,L04-3,2,0,0,0,1624,1624
730001,740000,1,L04-3,2,1,0,0,336,3429
740001,750000,8,L04-3,2,0,0,0,5892,5892
750001,760000,9,L04-3,2,0,0,0,8595,8595
760001,770000,3,L04-3,2,0,0,0,5404,5404
770001,780000,1,L04-3,2,0,0,0,1718,1718
780001,790000,0,L04-3,2,1,0,0,0,3093
870001,880000,1,L04-3,2,0,0,0,974,974
900001,910000,3,L04-3,2,0,0,0,2859,2859
910001,920000,6,L04-3,2,0,0,0,5689,5689
950001,960000,1,L04-3,2,0,0,0,113,113
960001,970000,1,L04-3,2,0,0,0,1406,1406
970001,980000,3,L04-3,2,0,0,0,2131,2131
1020001,1030000,3,L04-3,2,0,0,0,2972,2972
1030001,1040000,1,L04-3,2,1,0,0,76,3168
1100001,1110000,0,L04-3,2,0,1,0,0,0
1110001,1120000,6,L04-3,2,0,0,0,7697,7697
1120001,1130000,1,L04-3,2,0,0,0,151,151
1130001,1140000,1,L04-3,2,0,0,0,1538,1538
1140001,1150000,1,L04-3,2,0,0,0,84,84
1150001,1160000,2,L04-3,2,0,0,0,2194,2194
1220001,1230000,0,L04-3,2,1,0,0,0,3092
1380001,1390000,0,L04-3,2,1,0,0,0,903
1390001,1400000,0,L04-3,2,1,0,0,0,2189
1400001,1410000,2,L04-3,2,0,0,0,3162,3162
1410001,1420000,6,L04-3,2,0,0,0,5771,5771
1420001,1430000,2,L04-3,2,0,0,0,3202,3202
1430001,1440000,1,L04-3,2,0,0,0,874,874
1450001,1460000,1,L04-3,2,0,0,0,518,518
1470001,1480000,1,L04-3,2,0,0,0,87,87
1540001,1550000,1,L04-3,2,0,0,0,164,164
1550001,1560000,3,L04-3,2,0,0,0,4876,4876
1560001,1570000,5,L04-3,2,0,0,0,3541,3541
1580001,1590000,3,L04-3,2,0,0,0,3137,3137
1600001,1610000,1,L04-3,2,0,0,0,1106,1106
1640001,1650000,6,L04-3,2,0,0,0,4804,4804
1650001,1660000,3,L04-3,2,0,0,0,2226,2226
1710001,1720000,1,L04-3,2,0,0,0,2597,2597
1720001,1730000,1,L04-3,2,0,0,0,590,590
1730001,1740000,1,L04-3,2,0,0,0,788,788
1740001,1750000,0,L04-3,2,0,1,1,0,0
1900001,1910000,0,L04-3,2,1,0,0,0,931
1910001,1920000,0,L04-3,2,1,0,0,0,2158
2070001,2080000,0,L04-3,2,2,0,0,0,3216
2080001,2090000,0,L04-3,2,1,0,0,0,2968
2140001,2150000,1,L04-3,2,0,0,0,1274,1274
2170001,2180000,1,L04-3,2,0,0,0,641,641
2200001,2210000,0,L04-3,2,1,0,0,0,3093
2310001,2320000,0,L04-3,2,0,1,1,0,0
2370001,2380000,0,L04-3,2,1,0,0,0,1013
2380001,2390000,0,L04-3,2,1,0,0,0,2080
2400001,2410000,3,L04-3,2,0,0,0,3726,3726
2410001,2420000,2,L04-3,2,0,0,0,2470,2470
2430001,2440000,1,L04-3,2,0,0,0,827,827
2450001,2460000,0,L04-3,2,1,0,0,0,3092
2470001,2480000,1,L04-3,2,0,0,0,995,995
2500001,2510000,1,L04-3,2,1,0,0,695,3787
2550001,2560000,0,L04-3,2,1,0,0,0,3092
2560001,2570000,1,L04-3,2,0,0,0,1772,1772
2570001,2580000,1,L04-3,2,0,0,0,1733,1733
2590001,2600000,3,L04-3,2,0,0,0,707,707
2630001,2640000,0,L04-3,2,1,0,0,0,3092
2700001,2710000,1,L04-3,2,0,0,0,602,602
2710001,2720000,1,L04-3,2,0,0,0,1431,1431
2740001,2750000,0,L04-3,2,1,0,0,0,3092
2760001,2770000,1,L04-3,2,0,0,0,668,668
2800001,2810000,1,L04-3,2,0,0,0,1760,1760
2850001,2860000,2,L04-3,2,0,0,0,3351,3351
2860001,2870000,2,L04-3,2,0,0,0,2691,2691
2940001,2950000,2,L04-3,2,0,0,0,2182,2182
2950001,2960000,1,L04-3,2,0,0,0,1220,1220
3010001,3020000,1,L04-3,2,0,0,0,1415,1415
3020001,3030000,2,L04-3,2,1,0,0,3001,4928
3030001,3040000,0,L04-3,2,1,0,0,0,1165
3060001,3070000,0,L04-3,2,1,0,0,0,1291
3070001,3080000,0,L04-3,2,1,0,0,0,1801
3080001,3090000,1,L04-3,2,0,0,0,1127,1127
3090001,3100000,1,L04-3,2,0,0,0,878,878
3110001,3120000,1,L04-3,2,0,0,0,746,746
3130001,3140000,3,L04-3,2,0,0,0,3864,3864
3150001,3160000,1,L04-3,2,0,0,0,716,716
3160001,3170000,1,L04-3,2,0,0,0,87,87
3190001,3200000,2,L04-3,2,0,0,0,1285,1285
3200001,3210000,1,L04-3,2,0,0,0,974,974
3210001,3220000,1,L04-3,2,0,0,0,1355,1355
3230001,3240000,1,L04-3,2,0,0,0,737,737
3240001,3250000,6,L04-3,2,0,0,0,4194,4194
3270001,3280000,2,L04-3,2,0,0,0,277,277
3280001,3290000,1,L04-3,2,0,0,0,2629,2629
3330001,3340000,3,L04-3,2,0,0,0,1499,1499
3360001,3370000,0,L04-3,2,1,0,0,0,3093
3530001,3540000,0,L04-3,2,1,0,0,0,2971
3540001,3550000,1,L04-3,2,1,0,0,717,839
3550001,3560000,2,L04-3,2,0,0,0,853,853
3590001,3600000,2,L04-3,2,0,0,0,858,858
3600001,3610000,2,L04-3,2,0,0,0,2469,2469
3610001,3620000,2,L04-3,2,0,0,0,1583,1583
3620001,3630000,1,L04-3,2,0,0,0,630,630
3630001,3640000,3,L04-3,2,0,0,0,2619,2619
3640001,3650000,2,L04-3,2,0,0,0,3585,3585
3690001,3700000,1,L04-3,2,0,0,0,375,375
3740001,3750000,2,L04-3,2,0,0,0,4159,4159
3750001,3760000,4,L04-3,2,0,0,0,3544,3544
3760001,3770000,5,L04-3,2,0,0,0,3783,3783
3770001,3780000,4,L04-3,2,0,0,0,2389,2389
3800001,3810000,3,L04-3,2,0,0,0,1887,1887
3820001,3830000,5,L04-3,2,0,0,0,3446,3446
3830001,3840000,1,L04-3,2,0,0,0,1007,1007
3850001,3860000,3,L04-3,2,0,0,0,2027,2027
3860001,3870000,12,L04-3,2,0,0,0,6178,6178
3870001,3880000,17,L04-3,2,0,0,0,7431,7431
3880001,3890000,3,L04-3,2,0,0,0,2240,2240
3920001,3930000,1,L04-3,2,0,1,1,1004,1004
3930001,3940000,1,L04-3,2,0,0,0,2135,2135
3940001,3950000,0,L04-3,2,1,0,0,0,2955
3950001,3960000,0,L04-3,2,1,0,0,0,136
3980001,3990000,1,L04-3,2,0,0,0,1103,1103
4000001,4010000,4,L04-3,2,0,0,0,3616,3616
4010001,4020000,1,L04-3,2,0,0,0,449,449
4050001,4060000,0,L04-3,2,0,1,1,0,0
4110001,4120000,1,L04-3,2,0,0,0,2028,2028
4120001,4130000,2,L04-3,2,0,0,0,952,952
20001,30000,1,L04-4,1,0,0,0,75,75
40001,50000,1,L04-4,1,0,0,0,1259,1259
50001,60000,3,L04-4,1,0,0,0,228,228
60001,70000,2,L04-4,1,0,0,0,1678,1678
100001,110000,1,L04-4,1,0,0,0,545,545
110001,120000,0,L04-4,1,1,0,0,0,1534
120001,130000,2,L04-4,1,1,0,0,3381,4939
190001,200000,1,L04-4,1,0,0,0,269,269
200001,210000,2,L04-4,1,0,0,0,2888,2888
240001,250000,2,L04-4,1,0,0,0,1449,1449
250001,260000,10,L04-4,1,0,0,0,5691,5691
260001,270000,2,L04-4,1,0,0,0,6847,6847
330001,340000,3,L04-4,1,0,0,0,3903,3903
340001,350000,1,L04-4,1,0,0,0,1415,1415
350001,360000,1,L04-4,1,0,0,0,536,536
360001,370000,0,L04-4,1,1,2,0,0,3093
420001,430000,3,L04-4,1,0,0,0,2505,2505
440001,450000,4,L04-4,1,0,0,0,3026,3026
470001,480000,1,L04-4,1,0,0,0,227,227
480001,490000,0,L04-4,1,0,1,0,0,0
490001,500000,0,L04-4,1,1,0,0,0,3093
500001,510000,1,L04-4,1,0,0,0,530,530
530001,540000,1,L04-4,1,0,0,0,2855,2855
540001,550000,2,L04-4,1,0,0,0,2182,2182
560001,570000,2,L04-4,1,0,0,0,1276,1276
590001,600000,0,L04-4,1,1,0,0,0,1476
600001,610000,0,L04-4,1,1,0,0,0,1617
620001,630000,5,L04-4,1,0,0,0,6022,6022
650001,660000,2,L04-4,1,0,0,0,2833,2833
690001,700000,7,L04-4,1,0,0,0,8267,8267
700001,710000,9,L04-4,1,0,0,0,8576,8576
710001,720000,2,L04-4,1,0,0,0,2286,2286
740001,750000,1,L04-4,1,0,0,0,662,662
750001,760000,1,L04-4,1,0,0,0,479,479
760001,770000,1,L04-4,1,0,0,0,1280,1280
770001,780000,1,L04-4,1,1,0,0,344,3437
780001,790000,5,L04-4,1,0,0,0,3472,3472
790001,800000,9,L04-4,1,0,0,0,8659,8659
800001,810000,5,L04-4,1,0,0,0,6800,6800
810001,820000,2,L04-4,1,0,0,0,3016,3016
910001,920000,1,L04-4,1,0,0,0,974,974
940001,950000,2,L04-4,1,0,0,0,2818,2818
950001,960000,6,L04-4,1,0,0,0,5730,5730
990001,1000000,1,L04-4,1,0,0,0,113,113
1000001,1010000,1,L04-4,1,0,0,0,1161,1161
1010001,1020000,3,L04-4,1,0,0,0,2376,2376
1060001,1070000,3,L04-4,1,0,0,0,2973,2973
1070001,1080000,1,L04-4,1,1,0,0,76,3169
1150001,1160000,6,L04-4,1,0,0,0,7446,7446
1160001,1170000,1,L04-4,1,0,0,0,402,402
1170001,1180000,1,L04-4,1,0,0,0,1538,1538
1180001,1190000,1,L04-4,1,0,0,0,84,84
1190001,1200000,2,L04-4,1,0,0,0,2194,2194
1260001,1270000,0,L04-4,1,1,0,0,0,3093
1400001,1410000,1,L04-4,1,0,0,0,218,218
1410001,1420000,3,L04-4,1,0,0,0,5895,5895
1420001,1430000,0,L04-4,1,1,0,0,0,625
1430001,1440000,0,L04-4,1,1,0,0,0,2468
1440001,1450000,2,L04-4,1,0,0,0,2883,2883
1450001,1460000,6,L04-4,1,0,0,0,5771,5771
1460001,1470000,2,L04-4,1,0,0,0,3202,3202
1470001,1480000,1,L04-4,1,0,0,0,1153,1153
1490001,1500000,1,L04-4,1,0,1,1,518,518
1510001,1520000,1,L04-4,1,0,0,0,87,87
1530001,1540000,0,L04-4,1,0,2,0,0,0
1590001,1600000,3,L04-4,1,0,0,0,5040,5040
1600001,1610000,5,L04-4,1,0,0,0,3541,3541
1620001,1630000,3,L04-4,1,0,0,0,3137,3137
1640001,1650000,1,L04-4,1,0,0,0,1106,1106
1680001,1690000,6,L04-4,1,0,0,0,4395,4395
1690001,1700000,3,L04-4,1,0,0,0,2635,2635
1730001,1740000,0,L04-4,1,0,1,0,0,0
1750001,1760000,1,L04-4,1,0,0,0,2597,2597
1760001,1770000,1,L04-4,1,0,0,0,590,590
1770001,1780000,1,L04-4,1,0,0,0,788,788
1900001,1910000,0,L04-4,1,0,1,0,0,0
1910001,1920000,0,L04-4,1,0,1,0,0,0
1950001,1960000,0,L04-4,1,1,0,0,0,3093
2020001,2030000,1,L04-4,1,0,0,0,1274,1274
2040001,2050000,1,L04-4,1,0,0,0,641,641
2090001,2100000,1,L04-4,1,0,0,0,344,344
2100001,2110000,5,L04-4,1,0,0,0,5852,5852
2120001,2130000,1,L04-4,1,0,1,0,827,827
2130001,2140000,0,L04-4,1,0,1,0,0,0
2160001,2170000,1,L04-4,1,0,0,0,995,995
2190001,2200000,1,L04-4,1,0,0,0,695,695
2240001,2250000,0,L04-4,1,1,0,0,0,3093
2250001,2260000,1,L04-4,1,0,0,0,1772,1772
2260001,2270000,1,L04-4,1,0,0,0,1733,1733
2280001,2290000,3,L04-4,1,0,0,0,707,707
2310001,2320000,0,L04-4,1,1,0,0,0,1181
2320001,2330000,0,L04-4,1,1,0,0,0,1911
2380001,2390000,0,L04-4,1,0,1,0,0,0
2390001,2400000,1,L04-4,1,0,1,0,2033,2033
2430001,2440000,0,L04-4,1,1,0,0,0,3093
2440001,2450000,1,L04-4,1,0,0,0,668,668
2490001,2500000,1,L04-4,1,0,0,0,1760,1760
2530001,2540000,1,L04-4,1,0,0,0,1029,1029
2540001,2550000,3,L04-4,1,0,0,0,4321,4321
2550001,2560000,1,L04-4,1,0,0,0,692,692
2630001,2640000,2,L04-4,1,0,0,0,2182,2182
2640001,2650000,1,L04-4,1,0,0,0,1220,1220
2700001,2710000,1,L04-4,1,0,0,0,1415,1415
2710001,2720000,2,L04-4,1,0,0,0,3001,3001
2760001,2770000,1,L04-4,1,0,0,0,963,963
2770001,2780000,2,L04-4,1,0,0,0,1042,1042
2790001,2800000,1,L04-4,1,0,0,0,746,746
2810001,2820000,3,L04-4,1,0,0,0,3864,3864
2840001,2850000,1,L04-4,1,0,0,0,803,803
2870001,2880000,2,L04-4,1,0,0,0,474,474
2880001,2890000,2,L04-4,1,0,0,0,1785,1785
2900001,2910000,1,L04-4,1,0,0,0,1355,1355
2910001,2920000,1,L04-4,1,0,0,0,737,737
2920001,2930000,6,L04-4,1,0,0,0,4194,4194
2960001,2970000,3,L04-4,1,0,0,0,2907,2907
3010001,3020000,3,L04-4,1,0,0,0,1500,1500
3040001,3050000,0,L04-4,1,1,0,0,0,3093
3050001,3060000,2,L04-4,1,0,0,0,2935,2935
3110001,3120000,1,L04-4,1,0,0,0,875,875
3170001,3180000,1,L04-4,1,0,0,0,1098,1098
3210001,3220000,2,L04-4,1,0,0,0,2242,2242
3220001,3230000,1,L04-4,1,0,0,0,1154,1154
3230001,3240000,1,L04-4,1,0,0,0,416,416
3270001,3280000,2,L04-4,1,0,0,0,1886,1886
3280001,3290000,2,L04-4,1,0,0,0,2469,2469
3290001,3300000,2,L04-4,1,0,0,0,1185,1185
3310001,3320000,4,L04-4,1,0,0,0,3292,3292
3320001,3330000,2,L04-4,1,0,0,0,2913,2913
3370001,3380000,1,L04-4,1,0,1,1,375,375
3420001,3430000,2,L04-4,1,0,0,0,4159,4159
3430001,3440000,4,L04-4,1,0,0,0,4529,4529
3440001,3450000,4,L04-4,1,0,0,0,2798,2798
3450001,3460000,4,L04-4,1,0,0,0,2389,2389
3480001,3490000,3,L04-4,1,0,0,0,1887,1887
3500001,3510000,5,L04-4,1,0,0,0,4453,4453
3510001,3520000,1,L04-4,1,0,0,0,0,0
3530001,3540000,3,L04-4,1,0,0,0,2027,2027
3540001,3550000,14,L04-4,1,0,0,0,7138,7138
3550001,3560000,15,L04-4,1,0,0,0,7480,7480
3560001,3570000,3,L04-4,1,0,0,0,1231,1231
3590001,3600000,1,L04-4,1,0,0,0,562,562
3600001,3610000,1,L04-4,1,0,0,0,442,442
3610001,3620000,1,L04-4,1,0,0,0,2135,2135
3620001,3630000,0,L04-4,1,1,1,0,0,3093
3630001,3640000,0,L04-4,1,0,1,0,0,0
3660001,3670000,1,L04-4,1,0,0,0,1103,1103
3680001,3690000,4,L04-4,1,0,0,0,3834,3834
3690001,3700000,1,L04-4,1,0,0,0,231,231
3790001,3800000,2,L04-4,1,0,0,0,2229,2229
3800001,3810000,1,L04-4,1,0,0,0,751,751
3840001,3850000,1,L04-4,1,0,0,0,177,177
3850001,3860000,1,L04-4,1,0,0,0,842,842
3860001,3870000,0,L04-4,1,0,1,1,0,0
3870001,3880000,4,L04-4,1,0,0,0,2086,2086
3880001,3890000,4,L04-4,1,0,0,0,2692,2692
3890001,3900000,1,L04-4,1,0,0,0,1600,1600
3940001,3950000,3,L04-4,1,0,0,0,4096,4096
3950001,3960000,4,L04-4,1,0,0,0,2966,2966
3970001,3980000,1,L04-4,1,0,0,0,1070,1070
3980001,3990000,2,L04-4,1,0,0,0,2129,2129
20001,30000,1,L04-4,2,0,0,0,75,75
40001,50000,1,L04-4,2,0,0,0,1260,1260
50001,60000,3,L04-4,2,0,0,0,228,228
60001,70000,2,L04-4,2,0,0,0,1678,1678
100001,110000,1,L04-4,2,0,0,0,545,545
110001,120000,0,L04-4,2,1,0,0,0,1536
120001,130000,2,L04-4,2,1,0,0,3382,4939
190001,200000,1,L04-4,2,0,0,0,268,268
200001,210000,2,L04-4,2,0,0,0,2889,2889
240001,250000,2,L04-4,2,0,0,0,1448,1448
250001,260000,10,L04-4,2,0,0,0,5691,5691
260001,270000,2,L04-4,2,0,0,0,6848,6848
330001,340000,3,L04-4,2,0,0,0,3903,3903
340001,350000,1,L04-4,2,0,0,0,1415,1415
350001,360000,1,L04-4,2,0,1,0,536,536
360001,370000,0,L04-4,2,1,0,0,0,3092
420001,430000,3,L04-4,2,0,0,0,2505,2505
440001,450000,4,L04-4,2,0,0,0,3026,3026
470001,480000,1,L04-4,2,1,1,0,227,1676
480001,490000,0,L04-4,2,1,0,0,0,1644
490001,500000,1,L04-4,2,0,0,0,530,530
520001,530000,2,L04-4,2,0,0,0,3358,3358
530001,540000,2,L04-4,2,0,0,0,1679,1679
540001,550000,2,L04-4,2,0,0,0,1041,1041
550001,560000,1,L04-4,2,0,0,0,235,235
580001,590000,0,L04-4,2,1,0,0,0,3093
600001,610000,1,L04-4,2,0,0,0,301,301
610001,620000,5,L04-4,2,0,0,0,5721,5721
630001,640000,1,L04-4,2,0,0,0,479,479
640001,650000,1,L04-4,2,0,0,0,2354,2354
670001,680000,2,L04-4,2,0,0,0,662,662
680001,690000,8,L04-4,2,0,0,0,9943,9943
690001,700000,7,L04-4,2,0,0,0,7904,7904
700001,710000,1,L04-4,2,0,0,0,620,620
730001,740000,1,L04-4,2,0,0,0,662,662
740001,750000,1,L04-4,2,0,0,0,479,479
750001,760000,2,L04-4,2,0,0,0,1624,1624
760001,770000,0,L04-4,2,1,0,0,0,3093
770001,780000,7,L04-4,2,0,0,0,5475,5475
780001,790000,9,L04-4,2,0,0,0,9015,9015
790001,800000,3,L04-4,2,0,0,0,5739,5739
800001,810000,1,L04-4,2,0,0,0,1718,1718
900001,910000,1,L04-4,2,0,0,0,974,974
930001,940000,6,L04-4,2,0,0,0,4820,4820
940001,950000,3,L04-4,2,0,0,0,3728,3728
980001,990000,1,L04-4,2,0,0,0,113,113
990001,1000000,1,L04-4,2,0,0,0,1931,1931
1000001,1010000,2,L04-4,2,0,0,0,1606,1606
1050001,1060000,3,L04-4,2,0,0,0,2973,2973
1060001,1070000,1,L04-4,2,1,0,0,76,3167
1130001,1140000,2,L04-4,2,0,0,0,1569,1569
1140001,1150000,5,L04-4,2,0,0,0,6279,6279
1160001,1170000,2,L04-4,2,0,0,0,1622,1622
1170001,1180000,1,L04-4,2,0,0,0,1664,1664
1180001,1190000,1,L04-4,2,0,0,0,530,530
1210001,1220000,0,L04-4,2,0,1,1,0,0
1250001,1260000,0,L04-4,2,1,0,0,0,3093
1390001,1400000,2,L04-4,2,0,0,0,324,324
1400001,1410000,3,L04-4,2,0,0,0,5789,5789
1410001,1420000,0,L04-4,2,1,0,0,0,3022
1420001,1430000,0,L04-4,2,1,0,0,0,71
1430001,1440000,3,L04-4,2,0,0,0,4404,4404
1440001,1450000,4,L04-4,2,0,0,0,6647,6647
1450001,1460000,2,L04-4,2,0,0,0,1958,1958
1470001,1480000,0,L04-4,2,1,0,0,0,855
1480001,1490000,1,L04-4,2,1,0,0,518,2755
1500001,1510000,1,L04-4,2,0,0,0,87,87
1520001,1530000,0,L04-4,2,1,0,0,0,1728
1530001,1540000,0,L04-4,2,1,0,0,0,1365
1580001,1590000,3,L04-4,2,0,0,0,5040,5040
1590001,1600000,5,L04-4,2,0,0,0,3541,3541
1610001,1620000,2,L04-4,2,0,0,0,1660,1660
1620001,1630000,2,L04-4,2,0,0,0,1477,1477
1630001,1640000,1,L04-4,2,0,0,0,1106,1106
1670001,1680000,4,L04-4,2,0,0,0,2539,2539
1680001,1690000,5,L04-4,2,0,0,0,4491,4491
1730001,1740000,0,L04-4,2,1,0,0,0,3093
1770001,1780000,0,L04-4,2,1,0,0,0,3093
1790001,1800000,1,L04-4,2,0,0,0,2597,2597
1800001,1810000,1,L04-4,2,0,0,0,590,590
1810001,1820000,1,L04-4,2,0,0,0,789,789
1850001,1860000,0,L04-4,2,0,1,0,0,0
1940001,1950000,0,L04-4,2,1,0,0,0,3093
1980001,1990000,0,L04-4,2,1,0,0,0,1851
1990001,2000000,0,L04-4,2,1,0,0,0,1242
2050001,2060000,1,L04-4,2,0,0,0,1274,1274
2080001,2090000,1,L04-4,2,0,0,0,641,641
2130001,2140000,2,L04-4,2,0,0,0,3370,3370
2140001,2150000,3,L04-4,2,0,0,0,2826,2826
2160001,2170000,1,L04-4,2,1,0,0,827,3920
2200001,2210000,1,L04-4,2,0,0,0,995,995
2230001,2240000,1,L04-4,2,0,0,0,695,695
2270001,2280000,0,L04-4,2,1,0,0,0,314
2280001,2290000,0,L04-4,2,1,0,0,0,2778
2290001,2300000,1,L04-4,2,0,0,0,1772,1772
2300001,2310000,1,L04-4,2,0,1,0,1733,1733
2310001,2320000,0,L04-4,2,0,1,0,0,0
2320001,2330000,3,L04-4,2,0,0,0,707,707
2330001,2340000,0,L04-4,2,0,1,1,0,0
2350001,2360000,0,L04-4,2,1,0,0,0,1716
2360001,2370000,0,L04-4,2,1,0,0,0,1376
2410001,2420000,0,L04-4,2,1,0,0,0,410
2420001,2430000,0,L04-4,2,1,0,0,0,2691
2460001,2470000,0,L04-4,2,1,0,0,0,3093
2470001,2480000,1,L04-4,2,0,0,0,668,668
2520001,2530000,1,L04-4,2,0,0,0,1760,1760
2560001,2570000,1,L04-4,2,0,0,0,884,884
2570001,2580000,3,L04-4,2,0,0,0,4321,4321
2580001,2590000,1,L04-4,2,0,0,0,837,837
2610001,2620000,0,L04-4,2,0,2,0,0,0
2660001,2670000,2,L04-4,2,0,0,0,2182,2182
2670001,2680000,1,L04-4,2,0,0,0,1220,1220
2730001,2740000,1,L04-4,2,0,0,0,1415,1415
2740001,2750000,2,L04-4,2,0,0,0,3001,3001
2790001,2800000,1,L04-4,2,0,0,0,820,820
2800001,2810000,2,L04-4,2,0,0,0,1185,1185
2820001,2830000,1,L04-4,2,0,0,0,746,746
2840001,2850000,3,L04-4,2,0,0,0,3864,3864
2870001,2880000,1,L04-4,2,0,0,0,803,803
2900001,2910000,1,L04-4,2,0,0,0,380,380
2910001,2920000,2,L04-4,2,0,0,0,1879,1879
2930001,2940000,1,L04-4,2,0,0,0,1355,1355
2940001,2950000,1,L04-4,2,0,0,0,737,737
2950001,2960000,6,L04-4,2,0,0,0,4194,4194
2960001,2970000,0,L04-4,2,0,1,1,0,0
2990001,3000000,3,L04-4,2,0,0,0,2907,2907
3040001,3050000,3,L04-4,2,0,0,0,1500,1500
3070001,3080000,0,L04-4,2,1,0,0,0,3093
3080001,3090000,2,L04-4,2,0,0,0,2935,2935
3140001,3150000,1,L04-4,2,0,0,0,875,875
3160001,3170000,0,L04-4,2,0,1,0,0,0
3200001,3210000,1,L04-4,2,0,1,0,1098,1098
3240001,3250000,2,L04-4,2,0,0,0,2242,2242
3250001,3260000,1,L04-4,2,0,0,0,1154,1154
3260001,3270000,1,L04-4,2,0,0,0,416,416
3300001,3310000,2,L04-4,2,0,0,0,1740,1740
3310001,3320000,2,L04-4,2,0,0,0,2470,2470
3320001,3330000,2,L04-4,2,0,1,1,1330,1330
3340001,3350000,4,L04-4,2,0,0,0,3148,3148
3350001,3360000,2,L04-4,2,0,0,0,3057,3057
3400001,3410000,0,L04-4,2,1,0,0,0,2906
3410001,3420000,1,L04-4,2,1,0,0,376,563
3450001,3460000,2,L04-4,2,0,0,0,4159,4159
3460001,3470000,3,L04-4,2,0,0,0,3357,3357
3470001,3480000,5,L04-4,2,0,0,0,3970,3970
3480001,3490000,4,L04-4,2,0,0,0,2389,2389
3510001,3520000,3,L04-4,2,0,0,0,1887,1887
3530001,3540000,3,L04-4,2,0,0,0,2634,2634
3540001,3550000,2,L04-4,2,0,0,0,1819,1819
3560001,3570000,2,L04-4,2,0,0,0,907,907
3570001,3580000,8,L04-4,2,0,0,0,5118,5118
3580001,3590000,22,L04-4,2,0,0,0,8824,8824
3590001,3600000,3,L04-4,2,0,0,0,3027,3027
3610001,3620000,0,L04-4,2,0,1,1,0,0
3630001,3640000,1,L04-4,2,0,0,0,1004,1004
3640001,3650000,1,L04-4,2,0,0,0,2135,2135
3650001,3660000,0,L04-4,2,1,0,0,0,3093
3690001,3700000,1,L04-4,2,0,0,0,1103,1103
3710001,3720000,4,L04-4,2,0,0,0,4063,4063
3750001,3760000,0,L04-4,2,0,2,1,0,0
3760001,3770000,0,L04-4,2,0,1,0,0,0
3820001,3830000,2,L04-4,2,0,0,0,2620,2620
3830001,3840000,1,L04-4,2,0,0,0,360,360
3870001,3880000,1,L04-4,2,0,0,0,568,568
3880001,3890000,1,L04-4,2,0,0,0,451,451
3890001,3900000,0,L04-4,2,1,0,0,0,3093
3900001,3910000,2,L04-4,2,0,0,0,1561,1561
3910001,3920000,4,L04-4,2,0,0,0,2086,2086
3920001,3930000,2,L04-4,2,0,0,0,2731,2731
3970001,3980000,1,L04-4,2,0,0,0,2414,2414
3980001,3990000,5,L04-4,2,0,0,0,4648,4648
4010001,4020000,2,L04-4,2,0,0,0,3199,3199
20001,30000,1,L05-1,1,0,0,0,75,75
40001,50000,1,L05-1,1,0,0,0,1259,1259
50001,60000,3,L05-1,1,0,0,0,228,228
60001,70000,2,L05-1,1,0,0,0,1678,1678
100001,110000,1,L05-1,1,0,0,0,545,545
120001,130000,2,L05-1,1,0,0,0,3382,3382
140001,150000,0,L05-1,1,0,2,0,0,0
190001,200000,2,L05-1,1,0,0,0,2102,2102
200001,210000,1,L05-1,1,0,0,0,1055,1055
230001,240000,1,L05-1,1,0,0,0,326,326
240001,250000,6,L05-1,1,0,0,0,3620,3620
250001,260000,7,L05-1,1,0,0,0,6222,6222
260001,270000,1,L05-1,1,0,0,0,3819,3819
320001,330000,2,L05-1,1,0,0,0,2583,2583
330001,340000,3,L05-1,1,0,0,0,2735,2735
340001,350000,1,L05-1,1,0,0,0,536,536
440001,450000,3,L05-1,1,0,0,0,2114,2114
450001,460000,1,L05-1,1,0,0,0,391,391
460001,470000,4,L05-1,1,0,0,0,2856,2856
470001,480000,1,L05-1,1,0,0,0,170,170
490001,500000,1,L05-1,1,0,0,0,40,40
500001,510000,1,L05-1,1,0,0,0,187,187
520001,530000,1,L05-1,1,0,0,0,530,530
550001,560000,1,L05-1,1,0,0,0,2855,2855
560001,570000,2,L05-1,1,0,0,0,2182,2182
570001,580000,1,L05-1,1,0,0,0,208,208
580001,590000,2,L05-1,1,0,0,0,1068,1068
630001,640000,2,L05-1,1,0,0,0,2522,2522
640001,650000,4,L05-1,1,0,0,0,3500,3500
660001,670000,1,L05-1,1,0,0,0,479,479
670001,680000,1,L05-1,1,0,0,0,2354,2354
700001,710000,3,L05-1,1,0,0,0,2930,2930
710001,720000,9,L05-1,1,0,0,0,9028,9028
720001,730000,7,L05-1,1,0,0,0,7169,7169
750001,760000,1,L05-1,1,0,0,0,662,662
770001,780000,1,L05-1,1,0,0,0,479,479
780001,790000,2,L05-1,1,0,0,0,1624,1624
790001,800000,3,L05-1,1,0,0,0,1644,1644
800001,810000,9,L05-1,1,0,0,0,8970,8970
810001,820000,7,L05-1,1,0,0,0,8316,8316
820001,830000,2,L05-1,1,0,0,0,3015,3015
840001,850000,0,L05-1,1,1,0,0,0,2725
850001,860000,0,L05-1,1,1,0,0,0,368
930001,940000,1,L05-1,1,0,0,0,974,974
950001,960000,1,L05-1,1,0,0,0,273,273
960001,970000,6,L05-1,1,0,0,0,5514,5514
970001,980000,2,L05-1,1,0,0,0,2761,2761
1000001,1010000,1,L05-1,1,0,0,0,113,113
1020001,1030000,2,L05-1,1,0,0,0,2575,2575
1030001,1040000,1,L05-1,1,0,0,0,962,962
1070001,1080000,2,L05-1,1,0,0,0,1323,1323
1080001,1090000,3,L05-1,1,0,0,0,1725,1725
1160001,1170000,5,L05-1,1,0,0,0,5237,5237
1170001,1180000,2,L05-1,1,0,0,0,2611,2611
1180001,1190000,1,L05-1,1,0,0,0,1538,1538
1190001,1200000,1,L05-1,1,0,0,0,84,84
1200001,1210000,2,L05-1,1,0,0,0,2194,2194
1230001,1240000,0,L05-1,1,1,0,0,0,1502
1240001,1250000,0,L05-1,1,1,0,0,0,1589
1270001,1280000,0,L05-1,1,1,0,0,0,1594
1280001,1290000,0,L05-1,1,1,0,0,0,1498
1420001,1430000,2,L05-1,1,0,0,0,3005,3005
1430001,1440000,3,L05-1,1,0,0,0,3108,3108
1450001,1460000,1,L05-1,1,0,0,0,1673,1673
1460001,1470000,5,L05-1,1,0,0,0,5162,5162
1470001,1480000,2,L05-1,1,0,0,0,4773,4773
1480001,1490000,1,L05-1,1,0,0,0,1400,1400
1490001,1500000,0,L05-1,1,0,1,1,0,0
1500001,1510000,1,L05-1,1,0,0,0,65,65
1510001,1520000,1,L05-1,1,0,0,0,453,453
1520001,1530000,1,L05-1,1,0,0,0,87,87
1600001,1610000,3,L05-1,1,0,0,0,5040,5040
1610001,1620000,5,L05-1,1,0,0,0,3541,3541
1630001,1640000,3,L05-1,1,0,0,0,1958,1958
1640001,1650000,1,L05-1,1,0,0,0,1179,1179
1650001,1660000,1,L05-1,1,0,0,0,1106,1106
1690001,1700000,4,L05-1,1,0,0,0,2838,2838
1700001,1710000,5,L05-1,1,0,0,0,4192,4192
1760001,1770000,1,L05-1,1,0,0,0,2597,2597
1770001,1780000,1,L05-1,1,0,0,0,590,590
1780001,1790000,1,L05-1,1,0,0,0,788,788
1850001,1860000,0,L05-1,1,1,0,0,0,630
1860001,1870000,0,L05-1,1,1,0,0,0,2461
1870001,1880000,0,L05-1,1,0,1,1,0,0
1920001,1930000,0,L05-1,1,0,1,1,0,0
1930001,1940000,0,L05-1,1,1,0,0,0,2232
1940001,1950000,0,L05-1,1,1,0,0,0,860
1980001,1990000,1,L05-1,1,0,0,0,1274,1274
2010001,2020000,1,L05-1,1,0,0,0,640,640
2060001,2070000,1,L05-1,1,1,1,0,1851,4943
2070001,2080000,5,L05-1,1,0,0,0,4345,4345
2090001,2100000,1,L05-1,1,0,0,0,827,827
2130001,2140000,1,L05-1,1,0,0,0,995,995
2160001,2170000,1,L05-1,1,0,0,0,695,695
2210001,2220000,1,L05-1,1,0,0,0,103,103
2220001,2230000,1,L05-1,1,0,0,0,1669,1669
2230001,2240000,1,L05-1,1,0,0,0,1733,1733
2240001,2250000,3,L05-1,1,0,2,0,707,707
2350001,2360000,1,L05-1,1,0,0,0,565,565
2360001,2370000,1,L05-1,1,0,0,0,1468,1468
2370001,2380000,0,L05-1,1,0,1,1,0,0
2390001,2400000,0,L05-1,1,0,1,1,0,0
2400001,2410000,1,L05-1,1,0,0,0,668,668
2440001,2450000,1,L05-1,1,0,0,0,492,492
2450001,2460000,1,L05-1,1,0,0,0,1268,1268
2490001,2500000,1,L05-1,1,0,0,0,1857,1857
2500001,2510000,3,L05-1,1,0,0,0,4185,4185
2520001,2530000,0,L05-1,1,1,0,0,0,3092
2530001,2540000,0,L05-1,1,0,1,0,0,0
2590001,2600000,2,L05-1,1,0,0,0,2182,2182
2600001,2610000,1,L05-1,1,0,0,0,1220,1220
2650001,2660000,0,L05-1,1,0,1,1,0,0
2660001,2670000,1,L05-1,1,0,0,0,1415,1415
2670001,2680000,2,L05-1,1,0,0,0,3001,3001
2730001,2740000,2,L05-1,1,0,0,0,2005,2005
2750001,2760000,1,L05-1,1,0,0,0,746,746
2770001,2780000,2,L05-1,1,0,0,0,2494,2494
2780001,2790000,2,L05-1,1,0,0,0,1370,1370
2800001,2810000,1,L05-1,1,0,0,0,803,803
2840001,2850000,3,L05-1,1,0,0,0,2259,2259
2860001,2870000,1,L05-1,1,0,0,0,1355,1355
2870001,2880000,1,L05-1,1,0,0,0,737,737
2880001,2890000,5,L05-1,1,0,0,0,2936,2936
2890001,2900000,2,L05-1,1,0,0,0,1258,1258
2920001,2930000,3,L05-1,1,0,0,0,2906,2906
2970001,2980000,3,L05-1,1,0,0,0,1499,1499
2980001,2990000,0,L05-1,1,1,0,0,0,3093
3010001,3020000,2,L05-1,1,0,0,0,2935,2935
3070001,3080000,1,L05-1,1,0,0,0,875,875
3130001,3140000,1,L05-1,1,0,0,0,1098,1098
3170001,3180000,2,L05-1,1,0,0,0,2242,2242
3190001,3200000,2,L05-1,1,0,0,0,1570,1570
3210001,3220000,0,L05-1,1,1,0,0,0,3093
3230001,3240000,2,L05-1,1,0,0,0,2995,2995
3240001,3250000,1,L05-1,1,0,1,1,1892,1892
3250001,3260000,1,L05-1,1,0,0,0,653,653
3260001,3270000,2,L05-1,1,0,0,0,1606,1606
3270001,3280000,3,L05-1,1,0,0,0,4598,4598
3330001,3340000,1,L05-1,1,0,0,0,376,376
3370001,3380000,2,L05-1,1,0,0,0,4097,4097
3380001,3390000,4,L05-1,1,0,0,0,3419,3419
3390001,3400000,5,L05-1,1,0,0,0,3970,3970
3400001,3410000,4,L05-1,1,0,0,0,2389,2389
3430001,3440000,3,L05-1,1,0,0,0,1565,1565
3440001,3450000,1,L05-1,1,0,0,0,322,322
3450001,3460000,3,L05-1,1,0,0,0,2634,2634
3460001,3470000,2,L05-1,1,0,1,0,1819,1819
3470001,3480000,0,L05-1,1,1,1,0,0,3092
3490001,3500000,4,L05-1,1,0,0,0,2262,2262
3500001,3510000,20,L05-1,1,0,0,0,9280,9280
3510001,3520000,11,L05-1,1,0,0,0,6334,6334
3550001,3560000,1,L05-1,1,0,0,0,1004,1004
3570001,3580000,1,L05-1,1,0,0,0,2135,2135
3610001,3620000,1,L05-1,1,0,0,0,1103,1103
3640001,3650000,4,L05-1,1,0,0,0,4065,4065
3750001,3760000,2,L05-1,1,0,0,0,2980,2980
3800001,3810000,1,L05-1,1,0,0,0,1019,1019
3830001,3840000,5,L05-1,1,0,0,0,3647,3647
3840001,3850000,2,L05-1,1,0,0,0,2731,2731
3890001,3900000,1,L05-1,1,0,0,0,884,884
3900001,3910000,6,L05-1,1,0,0,0,6177,6177
3930001,3940000,2,L05-1,1,0,0,0,3199,3199
20001,30000,1,L05-1,2,0,0,0,75,75
40001,50000,1,L05-1,2,0,0,0,1259,1259
50001,60000,3,L05-1,2,0,0,0,228,228
60001,70000,2,L05-1,2,0,0,0,1678,1678
100001,110000,1,L05-1,2,0,0,0,545,545
120001,130000,2,L05-1,2,0,0,0,3382,3382
140001,150000,0,L05-1,2,1,0,0,0,3092
190001,200000,1,L05-1,2,0,0,0,959,959
200001,210000,1,L05-1,2,0,0,0,2198,2198
240001,250000,3,L05-1,2,0,0,0,2238,2238
250001,260000,9,L05-1,2,0,0,0,5692,5692
260001,270000,2,L05-1,2,0,0,0,6057,6057
320001,330000,1,L05-1,2,0,0,0,402,402
330001,340000,3,L05-1,2,0,0,0,3515,3515
340001,350000,1,L05-1,2,0,0,0,1416,1416
350001,360000,1,L05-1,2,0,0,0,537,537
440001,450000,2,L05-1,2,0,0,0,1939,1939
450001,460000,1,L05-1,2,0,0,0,566,566
460001,470000,3,L05-1,2,0,0,0,2564,2564
470001,480000,1,L05-1,2,0,0,0,461,461
500001,510000,1,L05-1,2,0,0,0,227,227
520001,530000,1,L05-1,2,0,0,0,530,530
550001,560000,1,L05-1,2,0,0,0,2570,2570
560001,570000,3,L05-1,2,0,0,0,2466,2466
580001,590000,2,L05-1,2,0,0,0,1276,1276
630001,640000,1,L05-1,2,0,0,0,247,247
640001,650000,5,L05-1,2,0,0,0,5775,5775
660001,670000,1,L05-1,2,0,0,0,479,479
670001,680000,1,L05-1,2,0,0,0,2354,2354
700001,710000,2,L05-1,2,0,0,0,610,610
710001,720000,8,L05-1,2,0,0,0,9943,9943
720001,730000,7,L05-1,2,0,0,0,7958,7958
730001,740000,1,L05-1,2,0,0,0,620,620
760001,770000,1,L05-1,2,0,0,0,662,662
770001,780000,1,L05-1,2,0,0,0,479,479
780001,790000,2,L05-1,2,0,0,0,1624,1624
790001,800000,1,L05-1,2,0,1,1,824,824
800001,810000,9,L05-1,2,0,0,0,7497,7497
810001,820000,7,L05-1,2,0,0,0,8620,8620
820001,830000,4,L05-1,2,0,0,0,3809,3809
830001,840000,1,L05-1,2,0,0,0,1196,1196
840001,850000,0,L05-1,2,1,0,0,0,403
850001,860000,0,L05-1,2,1,0,0,0,2690
930001,940000,1,L05-1,2,0,0,0,974,974
960001,970000,6,L05-1,2,0,0,0,4809,4809
970001,980000,3,L05-1,2,0,0,0,3738,3738
1010001,1020000,1,L05-1,2,0,0,0,113,113
1020001,1030000,1,L05-1,2,0,0,0,1931,1931
1030001,1040000,2,L05-1,2,0,0,0,1606,1606
1080001,1090000,3,L05-1,2,0,0,0,2972,2972
1090001,1100000,1,L05-1,2,0,0,0,76,76
1160001,1170000,2,L05-1,2,0,0,0,3013,3013
1170001,1180000,4,L05-1,2,0,0,0,4835,4835
1180001,1190000,1,L05-1,2,0,0,0,1538,1538
1190001,1200000,1,L05-1,2,0,0,0,84,84
1200001,1210000,2,L05-1,2,0,0,0,1785,1785
1210001,1220000,1,L05-1,2,0,0,0,409,409
1240001,1250000,0,L05-1,2,1,0,0,0,3090
1280001,1290000,0,L05-1,2,1,0,0,0,3092
1420001,1430000,2,L05-1,2,0,0,0,743,743
1430001,1440000,3,L05-1,2,0,0,0,5370,5370
1450001,1460000,1,L05-1,2,0,0,0,1673,1673
1460001,1470000,3,L05-1,2,0,0,0,3477,3477
1470001,1480000,3,L05-1,2,0,0,0,6459,6459
1480001,1490000,1,L05-1,2,0,0,0,1400,1400
1490001,1500000,0,L05-1,2,1,0,0,0,3091
1510001,1520000,1,L05-1,2,0,0,0,518,518
1530001,1540000,1,L05-1,2,0,0,0,87,87
1600001,1610000,2,L05-1,2,0,0,0,2384,2384
1610001,1620000,5,L05-1,2,0,0,0,4555,4555
1620001,1630000,2,L05-1,2,0,0,0,1642,1642
1640001,1650000,3,L05-1,2,0,0,0,3137,3137
1660001,1670000,1,L05-1,2,0,0,0,1106,1106
1690001,1700000,1,L05-1,2,0,0,0,60,60
1700001,1710000,7,L05-1,2,0,0,0,6114,6114
1710001,1720000,1,L05-1,2,0,0,0,854,854
1770001,1780000,2,L05-1,2,0,0,0,3187,3187
1790001,1800000,1,L05-1,2,0,0,0,788,788
1860001,1870000,0,L05-1,2,1,0,0,0,3091
1870001,1880000,0,L05-1,2,1,1,0,0,3092
1930001,1940000,0,L05-1,2,1,1,0,0,3093
1940001,1950000,0,L05-1,2,1,0,0,0,702
1950001,1960000,0,L05-1,2,1,0,0,0,2391
1990001,2000000,1,L05-1,2,0,0,0,1274,1274
2020001,2030000,1,L05-1,2,0,0,0,641,641
2070001,2080000,1,L05-1,2,1,0,0,628,3721
2080001,2090000,5,L05-1,2,0,0,0,5568,5568
2100001,2110000,1,L05-1,2,0,0,0,827,827
2140001,2150000,1,L05-1,2,0,0,0,995,995
2170001,2180000,1,L05-1,2,0,0,0,695,695
2190001,2200000,0,L05-1,2,0,2,0,0,0
2230001,2240000,1,L05-1,2,0,0,0,1772,1772
2240001,2250000,1,L05-1,2,0,0,0,1733,1733
2250001,2260000,3,L05-1,2,1,0,0,707,3799
2370001,2380000,1,L05-1,2,0,0,0,2033,2033
2380001,2390000,0,L05-1,2,1,1,0,0,1372
2390001,2400000,0,L05-1,2,1,0,0,0,1719
2410001,2420000,0,L05-1,2,1,0,0,0,3093
2420001,2430000,1,L05-1,2,0,0,0,668,668
2460001,2470000,1,L05-1,2,0,0,0,1761,1761
2510001,2520000,1,L05-1,2,0,0,0,2627,2627
2520001,2530000,2,L05-1,2,0,0,0,3415,3415
2540001,2550000,0,L05-1,2,1,0,0,0,3092
2610001,2620000,2,L05-1,2,0,0,0,2182,2182
2620001,2630000,1,L05-1,2,0,0,0,1220,1220
2670001,2680000,0,L05-1,2,1,0,0,0,3092
2680001,2690000,1,L05-1,2,0,0,0,1415,1415
2690001,2700000,2,L05-1,2,0,0,0,3000,3000
2750001,2760000,2,L05-1,2,0,0,0,2005,2005
2770001,2780000,1,L05-1,2,0,0,0,746,746
2790001,2800000,2,L05-1,2,0,0,0,2499,2499
2800001,2810000,2,L05-1,2,0,0,0,1365,1365
2820001,2830000,1,L05-1,2,0,0,0,803,803
2860001,2870000,3,L05-1,2,0,0,0,2259,2259
2880001,2890000,1,L05-1,2,0,0,0,1355,1355
2890001,2900000,1,L05-1,2,0,0,0,737,737
2900001,2910000,5,L05-1,2,0,0,0,2945,2945
2910001,2920000,2,L05-1,2,0,0,0,1249,1249
2940001,2950000,3,L05-1,2,0,0,0,2906,2906
2990001,3000000,3,L05-1,2,0,0,0,1500,1500
3000001,3010000,0,L05-1,2,1,0,0,0,3091
3030001,3040000,2,L05-1,2,0,0,0,2935,2935
3090001,3100000,1,L05-1,2,0,0,0,875,875
3150001,3160000,1,L05-1,2,0,0,0,1098,1098
3190001,3200000,2,L05-1,2,0,0,0,2242,2242
3200001,3210000,1,L05-1,2,0,0,0,0,0
3210001,3220000,2,L05-1,2,0,0,0,1570,1570
3230001,3240000,0,L05-1,2,1,0,0,0,3092
3240001,3250000,0,L05-1,2,0,1,0,0,0
3250001,3260000,2,L05-1,2,0,0,0,2996,2996
3260001,3270000,1,L05-1,2,1,0,0,1893,4985
3270001,3280000,1,L05-1,2,0,0,0,653,653
3280001,3290000,2,L05-1,2,0,0,0,1399,1399
3290001,3300000,4,L05-1,2,0,0,0,4300,4300
3300001,3310000,1,L05-1,2,0,0,0,506,506
3350001,3360000,1,L05-1,2,0,0,0,376,376
3390001,3400000,1,L05-1,2,0,0,0,1057,1057
3400001,3410000,4,L05-1,2,0,0,0,4524,4524
3410001,3420000,5,L05-1,2,0,0,0,4368,4368
3420001,3430000,6,L05-1,2,0,0,0,3661,3661
3430001,3440000,1,L05-1,2,0,0,0,261,261
3450001,3460000,2,L05-1,2,0,0,0,820,820
3460001,3470000,1,L05-1,2,0,0,0,1067,1067
3470001,3480000,2,L05-1,2,0,0,0,1509,1509
3480001,3490000,4,L05-1,2,0,0,0,2944,2944
3490001,3500000,0,L05-1,2,1,0,0,0,4714
3500001,3510000,1,L05-1,2,0,0,0,572,572
3510001,3520000,8,L05-1,2,0,0,0,4560,4560
3520001,3530000,22,L05-1,2,0,0,0,9581,9581
3530001,3540000,4,L05-1,2,0,0,0,3164,3164
3570001,3580000,1,L05-1,2,0,0,0,1004,1004
3580001,3590000,1,L05-1,2,0,0,0,2135,2135
3630001,3640000,1,L05-1,2,0,0,0,1103,1103
3650001,3660000,4,L05-1,2,0,0,0,2798,2798
3660001,3670000,1,L05-1,2,0,0,0,1266,1266
3740001,3750000,0,L05-1,2,0,1,1,0,0
3760001,3770000,1,L05-1,2,0,0,0,1211,1211
3770001,3780000,2,L05-1,2,0,0,0,1769,1769
3820001,3830000,1,L05-1,2,0,0,0,1020,1020
3840001,3850000,3,L05-1,2,0,0,0,1992,1992
3850001,3860000,3,L05-1,2,0,0,0,2111,2111
3860001,3870000,2,L05-1,2,0,0,0,2275,2275
3910001,3920000,2,L05-1,2,0,0,0,3082,3082
3920001,3930000,5,L05-1,2,0,0,0,3978,3978
20001,30000,1,L05-2,1,0,0,0,75,75
40001,50000,1,L05-2,1,0,0,0,1259,1259
50001,60000,3,L05-2,1,0,0,0,228,228
60001,70000,2,L05-2,1,0,0,0,1678,1678
100001,110000,1,L05-2,1,0,0,0,545,545
110001,120000,0,L05-2,1,0,1,0,0,0
120001,130000,2,L05-2,1,0,1,0,3382,3382
190001,200000,2,L05-2,1,0,0,0,2102,2102
200001,210000,1,L05-2,1,0,0,0,1055,1055
230001,240000,1,L05-2,1,0,0,0,326,326
240001,250000,6,L05-2,1,0,0,0,3620,3620
250001,260000,7,L05-2,1,0,0,0,6222,6222
260001,270000,1,L05-2,1,0,0,0,3819,3819
320001,330000,2,L05-2,1,0,0,0,2583,2583
330001,340000,3,L05-2,1,0,0,0,2735,2735
340001,350000,1,L05-2,1,0,0,0,536,536
440001,450000,3,L05-2,1,0,0,0,2114,2114
450001,460000,1,L05-2,1,0,0,0,391,391
460001,470000,4,L05-2,1,0,0,0,2856,2856
470001,480000,1,L05-2,1,0,0,0,170,170
480001,490000,0,L05-2,1,0,1,1,0,0
490001,500000,1,L05-2,1,0,0,0,40,40
500001,510000,1,L05-2,1,0,0,0,187,187
520001,530000,1,L05-2,1,0,0,0,530,530
550001,560000,1,L05-2,1,0,0,0,2855,2855
560001,570000,2,L05-2,1,0,0,0,2182,2182
570001,580000,1,L05-2,1,0,0,0,208,208
580001,590000,2,L05-2,1,0,0,0,1068,1068
630001,640000,2,L05-2,1,0,0,0,2522,2522
640001,650000,4,L05-2,1,0,0,0,3500,3500
660001,670000,1,L05-2,1,0,0,0,479,479
670001,680000,1,L05-2,1,0,0,0,2354,2354
700001,710000,3,L05-2,1,0,0,0,2930,2930
710001,720000,9,L05-2,1,0,0,0,9028,9028
720001,730000,7,L05-2,1,0,0,0,7169,7169
750001,760000,1,L05-2,1,0,0,0,662,662
770001,780000,1,L05-2,1,0,0,0,479,479
780001,790000,2,L05-2,1,0,0,0,1624,1624
790001,800000,3,L05-2,1,0,0,0,1644,1644
800001,810000,9,L05-2,1,0,0,0,8970,8970
810001,820000,7,L05-2,1,0,0,0,8316,8316
820001,830000,2,L05-2,1,0,0,0,3015,3015
840001,850000,0,L05-2,1,1,0,0,0,2725
850001,860000,0,L05-2,1,1,1,0,0,368
930001,940000,1,L05-2,1,0,0,0,974,974
950001,960000,1,L05-2,1,0,0,0,273,273
960001,970000,6,L05-2,1,0,0,0,5514,5514
970001,980000,2,L05-2,1,0,0,0,2761,2761
1000001,1010000,1,L05-2,1,0,0,0,113,113
1020001,1030000,2,L05-2,1,0,0,0,2575,2575
1030001,1040000,1,L05-2,1,0,0,0,962,962
1060001,1070000,0,L05-2,1,0,2,0,0,0
1070001,1080000,2,L05-2,1,0,0,0,1323,1323
1080001,1090000,3,L05-2,1,0,0,0,1725,1725
1160001,1170000,5,L05-2,1,0,0,0,5237,5237
1170001,1180000,2,L05-2,1,0,0,0,2611,2611
1180001,1190000,1,L05-2,1,0,0,0,1538,1538
1190001,1200000,1,L05-2,1,0,0,0,84,84
1200001,1210000,2,L05-2,1,0,0,0,2194,2194
1230001,1240000,0,L05-2,1,1,0,0,0,1114
1240001,1250000,0,L05-2,1,1,0,0,0,1977
1270001,1280000,0,L05-2,1,1,0,0,0,1206
1280001,1290000,0,L05-2,1,1,0,0,0,1886
1350001,1360000,0,L05-2,1,0,1,1,0,0
1420001,1430000,2,L05-2,1,0,0,0,2617,2617
1430001,1440000,3,L05-2,1,0,0,0,3496,3496
1450001,1460000,1,L05-2,1,0,0,0,1673,1673
1460001,1470000,4,L05-2,1,0,0,0,4782,4782
1470001,1480000,3,L05-2,1,0,0,0,5153,5153
1480001,1490000,1,L05-2,1,0,0,0,1400,1400
1510001,1520000,1,L05-2,1,0,0,0,518,518
1520001,1530000,1,L05-2,1,0,0,0,87,87
1600001,1610000,3,L05-2,1,0,0,0,5040,5040
1610001,1620000,5,L05-2,1,0,0,0,3541,3541
1630001,1640000,2,L05-2,1,0,1,1,1570,1570
1640001,1650000,2,L05-2,1,0,0,0,1567,1567
1650001,1660000,1,L05-2,1,0,0,0,1106,1106
1690001,1700000,4,L05-2,1,0,0,0,2450,2450
1700001,1710000,5,L05-2,1,0,0,0,4580,4580
1760001,1770000,1,L05-2,1,0,0,0,2597,2597
1770001,1780000,1,L05-2,1,0,0,0,590,590
1780001,1790000,1,L05-2,1,0,0,0,788,788
1850001,1860000,0,L05-2,1,1,0,0,0,242
1860001,1870000,0,L05-2,1,1,0,0,0,2849
1900001,1910000,0,L05-2,1,0,1,1,0,0
1910001,1920000,0,L05-2,1,0,1,0,0,0
1920001,1930000,0,L05-2,1,0,1,0,0,0
1930001,1940000,0,L05-2,1,1,0,0,0,1844
1940001,1950000,0,L05-2,1,1,0,0,0,1248
1950001,1960000,0,L05-2,1,0,1,0,0,0
1980001,1990000,1,L05-2,1,0,0,0,1274,1274
2010001,2020000,1,L05-2,1,0,0,0,640,640
2060001,2070000,1,L05-2,1,1,1,0,1463,4555
2070001,2080000,5,L05-2,1,0,0,0,4733,4733
2090001,2100000,1,L05-2,1,0,0,0,827,827
2130001,2140000,1,L05-2,1,0,0,0,995,995
2140001,2150000,0,L05-2,1,0,2,0,0,0
2160001,2170000,1,L05-2,1,0,0,0,695,695
2220001,2230000,1,L05-2,1,0,0,0,1772,1772
2230001,2240000,1,L05-2,1,0,0,0,1733,1733
2240001,2250000,3,L05-2,1,0,1,1,707,707
2350001,2360000,1,L05-2,1,0,0,0,177,177
2360001,2370000,1,L05-2,1,0,0,0,1856,1856
2370001,2380000,0,L05-2,1,0,1,1,0,0
2400001,2410000,1,L05-2,1,0,0,0,668,668
2440001,2450000,1,L05-2,1,0,0,0,104,104
2450001,2460000,1,L05-2,1,0,0,0,1656,1656
2490001,2500000,1,L05-2,1,0,0,0,1469,1469
2500001,2510000,3,L05-2,1,0,0,0,4321,4321
2510001,2520000,1,L05-2,1,0,0,0,252,252
2520001,2530000,0,L05-2,1,1,0,0,0,3092
2550001,2560000,0,L05-2,1,0,1,0,0,0
2590001,2600000,2,L05-2,1,0,0,0,2182,2182
2600001,2610000,1,L05-2,1,0,0,0,1220,1220
2660001,2670000,1,L05-2,1,0,0,0,1415,1415
2670001,2680000,2,L05-2,1,0,0,0,3001,3001
2730001,2740000,2,L05-2,1,0,0,0,2005,2005
2750001,2760000,1,L05-2,1,0,0,0,746,746
2770001,2780000,2,L05-2,1,0,0,0,2106,2106
2780001,2790000,2,L05-2,1,0,0,0,1758,1758
2800001,2810000,1,L05-2,1,0,0,0,803,803
2840001,2850000,3,L05-2,1,0,0,0,2259,2259
2860001,2870000,1,L05-2,1,0,0,0,1355,1355
2870001,2880000,1,L05-2,1,0,0,0,737,737
2880001,2890000,4,L05-2,1,0,0,0,2723,2723
2890001,2900000,2,L05-2,1,0,0,0,1471,1471
2920001,2930000,3,L05-2,1,0,0,0,2906,2906
2970001,2980000,3,L05-2,1,0,0,0,1499,1499
2980001,2990000,0,L05-2,1,1,1,0,0,3093
3010001,3020000,2,L05-2,1,0,0,0,2935,2935
3070001,3080000,1,L05-2,1,0,0,0,875,875
3100001,3110000,0,L05-2,1,0,1,1,0,0
3130001,3140000,1,L05-2,1,0,0,0,1091,1091
3140001,3150000,1,L05-2,1,0,0,0,7,7
3170001,3180000,2,L05-2,1,0,0,0,2242,2242
3190001,3200000,2,L05-2,1,0,0,0,1570,1570
3210001,3220000,0,L05-2,1,1,0,0,0,3093
3230001,3240000,2,L05-2,1,0,0,0,2995,2995
3240001,3250000,1,L05-2,1,0,0,0,1892,1892
3250001,3260000,1,L05-2,1,0,0,0,653,653
3260001,3270000,2,L05-2,1,0,0,0,1606,1606
3270001,3280000,3,L05-2,1,0,0,0,4598,4598
3280001,3290000,0,L05-2,1,0,1,0,0,0
3330001,3340000,1,L05-2,1,0,0,0,376,376
3370001,3380000,2,L05-2,1,0,0,0,3709,3709
3380001,3390000,4,L05-2,1,0,0,0,3807,3807
3390001,3400000,5,L05-2,1,0,0,0,3970,3970
3400001,3410000,4,L05-2,1,0,0,0,2389,2389
3430001,3440000,3,L05-2,1,0,0,0,1177,1177
3440001,3450000,1,L05-2,1,0,0,0,710,710
3450001,3460000,3,L05-2,1,0,0,0,2634,2634
3460001,3470000,2,L05-2,1,0,0,0,1819,1819
3470001,3480000,0,L05-2,1,1,1,0,0,3092
3480001,3490000,0,L05-2,1,0,1,0,0,0
3490001,3500000,3,L05-2,1,0,0,0,2027,2027
3500001,3510000,20,L05-2,1,0,0,0,9127,9127
3510001,3520000,11,L05-2,1,0,0,0,6722,6722
3550001,3560000,1,L05-2,1,0,0,0,1004,1004
3570001,3580000,1,L05-2,1,0,0,0,2135,2135
3610001,3620000,1,L05-2,1,0,0,0,1103,1103
3640001,3650000,4,L05-2,1,0,0,0,4065,4065
3750001,3760000,2,L05-2,1,0,0,0,2980,2980
3800001,3810000,1,L05-2,1,0,0,0,1019,1019
3830001,3840000,5,L05-2,1,0,0,0,3647,3647
3840001,3850000,2,L05-2,1,0,0,0,2731,2731
3890001,3900000,1,L05-2,1,0,0,0,496,496
3900001,3910000,6,L05-2,1,0,0,0,6565,6565
3930001,3940000,2,L05-2,1,0,0,0,3199,3199
20001,30000,1,L05-2,2,0,0,0,75,75
40001,50000,1,L05-2,2,0,0,0,1258,1258
50001,60000,3,L05-2,2,0,0,0,228,228
60001,70000,2,L05-2,2,0,0,0,1677,1677
100001,110000,1,L05-2,2,0,0,0,545,545
110001,120000,0,L05-2,2,1,0,0,0,1767
120001,130000,2,L05-2,2,1,0,0,3382,4707
130001,140000,0,L05-2,2,0,1,1,0,0
190001,200000,2,L05-2,2,0,0,0,1033,1033
200001,210000,1,L05-2,2,0,0,0,2124,2124
240001,250000,4,L05-2,2,0,0,0,3458,3458
250001,260000,8,L05-2,2,0,0,0,5720,5720
260001,270000,2,L05-2,2,0,0,0,4809,4809
320001,330000,2,L05-2,2,0,0,0,1519,1519
330001,340000,3,L05-2,2,0,0,0,2761,2761
340001,350000,2,L05-2,2,0,0,0,1574,1574
440001,450000,2,L05-2,2,0,0,0,1939,1939
450001,460000,1,L05-2,2,0,0,0,566,566
460001,470000,3,L05-2,2,0,0,0,2565,2565
470001,480000,1,L05-2,2,0,0,0,461,461
480001,490000,0,L05-2,2,1,0,0,0,3093
500001,510000,1,L05-2,2,0,0,0,227,227
520001,530000,1,L05-2,2,0,0,0,530,530
550001,560000,1,L05-2,2,0,0,0,734,734
560001,570000,3,L05-2,2,0,0,0,4303,4303
580001,590000,2,L05-2,2,0,0,0,1276,1276
640001,650000,5,L05-2,2,0,0,0,6022,6022
670001,680000,2,L05-2,2,0,0,0,2833,2833
710001,720000,8,L05-2,2,0,0,0,8756,8756
720001,730000,8,L05-2,2,0,0,0,8577,8577
730001,740000,2,L05-2,2,0,0,0,1795,1795
760001,770000,1,L05-2,2,0,0,0,662,662
770001,780000,1,L05-2,2,0,0,0,479,479
780001,790000,1,L05-2,2,0,0,0,1280,1280
790001,800000,2,L05-2,2,0,0,0,946,946
800001,810000,9,L05-2,2,0,0,0,5879,5879
810001,820000,8,L05-2,2,0,0,0,8608,8608
820001,830000,3,L05-2,2,0,0,0,5139,5139
830001,840000,1,L05-2,2,0,0,0,1718,1718
850001,860000,0,L05-2,2,1,0,0,0,3092
880001,890000,0,L05-2,2,0,2,1,0,0
930001,940000,1,L05-2,2,0,0,0,974,974
960001,970000,5,L05-2,2,0,0,0,4466,4466
970001,980000,4,L05-2,2,0,0,0,4082,4082
1010001,1020000,1,L05-2,2,0,0,0,113,113
1020001,1030000,1,L05-2,2,0,0,0,1931,1931
1030001,1040000,2,L05-2,2,0,0,0,1606,1606
1070001,1080000,0,L05-2,2,1,0,0,0,3092
1080001,1090000,3,L05-2,2,0,0,0,2973,2973
1090001,1100000,1,L05-2,2,0,0,0,76,76
1160001,1170000,2,L05-2,2,0,0,0,1590,1590
1170001,1180000,5,L05-2,2,0,0,0,6258,6258
1180001,1190000,0,L05-2,2,0,1,1,0,0
1190001,1200000,2,L05-2,2,0,0,0,1622,1622
1200001,1210000,1,L05-2,2,0,0,0,1664,1664
1210001,1220000,1,L05-2,2,0,0,0,530,530
1280001,1290000,0,L05-2,2,1,0,0,0,3100
1290001,1300000,0,L05-2,2,1,1,0,0,3093
1340001,1350000,0,L05-2,2,1,0,0,0,3092
1420001,1430000,1,L05-2,2,0,0,0,788,788
1430001,1440000,2,L05-2,2,0,0,0,2673,2673
1440001,1450000,1,L05-2,2,0,0,0,514,514
1470001,1480000,0,L05-2,2,0,1,1,0,0
1500001,1510000,7,L05-2,2,0,0,0,6446,6446
1510001,1520000,1,L05-2,2,0,0,0,583,583
1550001,1560000,1,L05-2,2,0,0,0,1106,1106
1560001,1570000,3,L05-2,2,0,0,0,3137,3137
1570001,1580000,0,L05-2,2,1,0,0,0,3093
1590001,1600000,5,L05-2,2,0,0,0,3540,3540
1600001,1610000,3,L05-2,2,0,0,0,5040,5040
1680001,1690000,1,L05-2,2,0,0,0,87,87
1690001,1700000,1,L05-2,2,0,0,0,325,325
1700001,1710000,1,L05-2,2,0,0,0,193,193
1720001,1730000,1,L05-2,2,0,0,0,1400,1400
1730001,1740000,2,L05-2,2,0,0,0,4646,4646
1740001,1750000,5,L05-2,2,0,0,0,5290,5290
1750001,1760000,1,L05-2,2,0,0,0,1673,1673
1770001,1780000,3,L05-2,2,0,0,0,2979,2979
1780001,1790000,2,L05-2,2,0,0,0,3134,3134
1840001,1850000,0,L05-2,2,0,1,0,0,0
1850001,1860000,0,L05-2,2,1,0,0,0,3093
1930001,1940000,0,L05-2,2,1,0,0,0,3093
1950001,1960000,0,L05-2,2,1,0,0,0,3092
1970001,1980000,0,L05-2,2,1,0,0,0,3093
1990001,2000000,0,L05-2,2,1,0,0,0,3093
2030001,2040000,1,L05-2,2,0,0,0,1274,1274
2050001,2060000,1,L05-2,2,0,0,0,641,641
2070001,2080000,0,L05-2,2,0,1,0,0,0
2080001,2090000,0,L05-2,2,0,1,0,0,0
2100001,2110000,0,L05-2,2,1,0,0,0,1755
2110001,2120000,5,L05-2,2,1,0,0,4562,5899
2120001,2130000,1,L05-2,2,0,0,0,1634,1634
2140001,2150000,1,L05-2,2,0,0,0,827,827
2150001,2160000,0,L05-2,2,0,1,1,0,0
2180001,2190000,1,L05-2,2,1,1,0,995,1410
2190001,2200000,0,L05-2,2,1,0,0,0,2679
2210001,2220000,1,L05-2,2,0,0,0,695,695
2260001,2270000,1,L05-2,2,0,0,0,1054,1054
2270001,2280000,1,L05-2,2,0,0,0,718,718
2280001,2290000,1,L05-2,2,1,0,0,1733,1824
2290001,2300000,3,L05-2,2,1,1,0,707,3708
2410001,2420000,1,L05-2,2,0,0,0,2033,2033
2420001,2430000,0,L05-2,2,1,0,0,0,4424
2460001,2470000,1,L05-2,2,0,0,0,668,668
2500001,2510000,1,L05-2,2,0,0,0,1760,1760
2550001,2560000,1,L05-2,2,0,0,0,2627,2627
2560001,2570000,2,L05-2,2,0,0,0,3415,3415
2580001,2590000,0,L05-2,2,1,0,0,0,3093
2620001,2630000,2,L05-2,2,0,0,0,2182,2182
2630001,2640000,1,L05-2,2,0,0,0,1220,1220
2660001,2670000,0,L05-2,2,0,2,0,0,0
2690001,2700000,1,L05-2,2,0,0,0,1415,1415
2700001,2710000,2,L05-2,2,0,0,0,2999,2999
2760001,2770000,2,L05-2,2,0,0,0,1601,1601
2770001,2780000,1,L05-2,2,0,0,0,404,404
2780001,2790000,1,L05-2,2,0,0,0,746,746
2800001,2810000,2,L05-2,2,0,0,0,1531,1531
2810001,2820000,2,L05-2,2,0,0,0,2333,2333
2830001,2840000,1,L05-2,2,0,0,0,803,803
2870001,2880000,3,L05-2,2,0,0,0,2259,2259
2890001,2900000,1,L05-2,2,0,0,0,1355,1355
2900001,2910000,1,L05-2,2,0,0,0,737,737
2910001,2920000,4,L05-2,2,0,0,0,2723,2723
2920001,2930000,2,L05-2,2,0,0,0,1471,1471
2950001,2960000,3,L05-2,2,0,0,0,2907,2907
3000001,3010000,3,L05-2,2,0,0,0,1500,1500
3010001,3020000,0,L05-2,2,1,0,0,0,3092
3020001,3030000,2,L05-2,2,0,0,0,1819,1819
3030001,3040000,3,L05-2,2,0,0,0,2634,2634
3040001,3050000,1,L05-2,2,0,0,0,653,653
3050001,3060000,3,L05-2,2,0,0,0,1234,1234
3080001,3090000,4,L05-2,2,0,0,0,2389,2389
3090001,3100000,5,L05-2,2,0,0,0,3970,3970
3100001,3110000,4,L05-2,2,0,0,0,3756,3756
3110001,3120000,2,L05-2,2,0,0,0,3760,3760
3150001,3160000,1,L05-2,2,0,0,0,374,374
3160001,3170000,0,L05-2,2,0,1,1,0,0
3200001,3210000,0,L05-2,2,1,0,0,0,867
3210001,3220000,0,L05-2,2,1,0,0,0,3557
3220001,3230000,0,L05-2,2,0,1,0,0,0
3240001,3250000,2,L05-2,2,0,0,0,2935,2935
3290001,3300000,1,L05-2,2,0,0,0,764,764
3300001,3310000,1,L05-2,2,0,0,0,111,111
3320001,3330000,0,L05-2,2,1,0,0,0,157
3330001,3340000,0,L05-2,2,1,0,0,0,2934
3360001,3370000,1,L05-2,2,0,0,0,1098,1098
3400001,3410000,2,L05-2,2,0,0,0,2242,2242
3410001,3420000,1,L05-2,2,0,0,0,5,5
3420001,3430000,2,L05-2,2,0,0,0,1565,1565
3430001,3440000,0,L05-2,2,0,2,0,0,0
3440001,3450000,0,L05-2,2,1,0,0,0,3093
3460001,3470000,2,L05-2,2,0,0,0,2995,2995
3470001,3480000,1,L05-2,2,0,0,0,1892,1892
3480001,3490000,1,L05-2,2,0,0,0,653,653
3490001,3500000,2,L05-2,2,0,0,0,1606,1606
3500001,3510000,3,L05-2,2,0,0,0,4599,4599
3510001,3520000,0,L05-2,2,1,0,0,0,3092
3520001,3530000,3,L05-2,2,0,0,0,2027,2027
3530001,3540000,19,L05-2,2,0,0,0,8685,8685
3540001,3550000,12,L05-2,2,0,0,0,7164,7164
3580001,3590000,1,L05-2,2,0,0,0,1004,1004
3600001,3610000,1,L05-2,2,0,0,0,2135,2135
3640001,3650000,1,L05-2,2,0,0,0,1103,1103
3670001,3680000,4,L05-2,2,0,0,0,4065,4065
3720001,3730000,0,L05-2,2,0,1,1,0,0
3780001,3790000,2,L05-2,2,0,0,0,2980,2980
3830001,3840000,1,L05-2,2,0,0,0,1019,1019
3860001,3870000,5,L05-2,2,0,0,0,3647,3647
3870001,3880000,2,L05-2,2,0,0,0,2731,2731
3920001,3930000,1,L05-2,2,0,0,0,46,46
20001,30000,1,L05-3,1,0,0,0,75,75
40001,50000,1,L05-3,1,0,1,1,1259,1259
50001,60000,3,L05-3,1,0,0,0,228,228
60001,70000,2,L05-3,1,0,0,0,1678,1678
100001,110000,1,L05-3,1,0,0,0,545,545
120001,130000,2,L05-3,1,0,0,0,3382,3382
190001,200000,2,L05-3,1,0,0,0,2102,2102
200001,210000,1,L05-3,1,0,0,0,1055,1055
230001,240000,1,L05-3,1,0,0,0,326,326
240001,250000,6,L05-3,1,0,0,0,3620,3620
250001,260000,7,L05-3,1,0,0,0,6222,6222
260001,270000,1,L05-3,1,0,0,0,3819,3819
320001,330000,2,L05-3,1,0,0,0,2583,2583
330001,340000,3,L05-3,1,0,0,0,2735,2735
340001,350000,1,L05-3,1,0,0,0,536,536
440001,450000,3,L05-3,1,0,1,1,2114,2114
450001,460000,1,L05-3,1,0,0,0,391,391
460001,470000,4,L05-3,1,0,0,0,2856,2856
470001,480000,1,L05-3,1,0,0,0,170,170
490001,500000,1,L05-3,1,0,0,0,40,40
500001,510000,1,L05-3,1,0,0,0,187,187
520001,530000,1,L05-3,1,0,0,0,530,530
550001,560000,1,L05-3,1,0,0,0,2855,2855
560001,570000,2,L05-3,1,0,0,0,2182,2182
570001,580000,1,L05-3,1,0,0,0,208,208
580001,590000,2,L05-3,1,0,0,0,1068,1068
630001,640000,2,L05-3,1,0,0,0,2522,2522
640001,650000,4,L05-3,1,0,0,0,3500,3500
660001,670000,1,L05-3,1,0,0,0,479,479
670001,680000,1,L05-3,1,0,0,0,2354,2354
700001,710000,3,L05-3,1,0,0,0,2930,2930
710001,720000,9,L05-3,1,0,0,0,9028,9028
720001,730000,7,L05-3,1,0,0,0,7169,7169
750001,760000,1,L05-3,1,0,0,0,662,662
770001,780000,1,L05-3,1,0,0,0,479,479
780001,790000,2,L05-3,1,0,0,0,1624,1624
790001,800000,3,L05-3,1,0,0,0,1644,1644
800001,810000,9,L05-3,1,0,0,0,8970,8970
810001,820000,7,L05-3,1,0,0,0,8316,8316
820001,830000,2,L05-3,1,0,0,0,3015,3015
840001,850000,0,L05-3,1,1,0,0,0,2725
850001,860000,0,L05-3,1,1,0,0,0,368
930001,940000,1,L05-3,1,0,0,0,974,974
950001,960000,1,L05-3,1,0,0,0,273,273
960001,970000,6,L05-3,1,0,0,0,5514,5514
970001,980000,2,L05-3,1,0,0,0,2761,2761
1000001,1010000,1,L05-3,1,0,0,0,113,113
1020001,1030000,2,L05-3,1,0,0,0,2575,2575
1030001,1040000,1,L05-3,1,0,0,0,962,962
1070001,1080000,2,L05-3,1,0,0,0,1323,1323
1080001,1090000,3,L05-3,1,0,0,0,1725,1725
1160001,1170000,5,L05-3,1,0,0,0,5237,5237
1170001,1180000,2,L05-3,1,0,0,0,2611,2611
1180001,1190000,1,L05-3,1,0,0,0,1538,1538
1190001,1200000,1,L05-3,1,0,0,0,84,84
1200001,1210000,2,L05-3,1,0,0,0,2194,2194
1230001,1240000,0,L05-3,1,1,0,0,0,1114
1240001,1250000,0,L05-3,1,1,0,0,0,1977
1270001,1280000,0,L05-3,1,1,0,0,0,1206
1280001,1290000,0,L05-3,1,1,0,0,0,1886
1420001,1430000,2,L05-3,1,0,0,0,2617,2617
1430001,1440000,3,L05-3,1,0,0,0,3496,3496
1450001,1460000,1,L05-3,1,0,0,0,1673,1673
1460001,1470000,4,L05-3,1,0,0,0,4782,4782
1470001,1480000,3,L05-3,1,0,0,0,5153,5153
1480001,1490000,1,L05-3,1,0,0,0,1400,1400
1510001,1520000,1,L05-3,1,0,0,0,518,518
1520001,1530000,1,L05-3,1,0,0,0,87,87
1600001,1610000,3,L05-3,1,0,0,0,5040,5040
1610001,1620000,5,L05-3,1,0,0,0,3541,3541
1630001,1640000,2,L05-3,1,0,0,0,1570,1570
1640001,1650000,2,L05-3,1,0,0,0,1567,1567
1650001,1660000,1,L05-3,1,0,0,0,1106,1106
1660001,1670000,0,L05-3,1,0,1,1,0,0
1690001,1700000,4,L05-3,1,0,0,0,2450,2450
1700001,1710000,5,L05-3,1,0,0,0,4580,4580
1760001,1770000,1,L05-3,1,0,0,0,2597,2597
1770001,1780000,1,L05-3,1,0,0,0,590,590
1780001,1790000,1,L05-3,1,0,0,0,788,788
1800001,1810000,0,L05-3,1,0,1,0,0,0
1850001,1860000,0,L05-3,1,1,0,0,0,242
1860001,1870000,0,L05-3,1,1,0,0,0,2849
1890001,1900000,0,L05-3,1,0,2,0,0,0
1930001,1940000,0,L05-3,1,1,0,0,0,1844
1940001,1950000,0,L05-3,1,1,0,0,0,1248
1960001,1970000,0,L05-3,1,0,1,0,0,0
1980001,1990000,1,L05-3,1,0,0,0,1274,1274
2010001,2020000,1,L05-3,1,0,0,0,640,640
2050001,2060000,0,L05-3,1,0,1,0,0,0
2060001,2070000,1,L05-3,1,1,1,0,1463,4555
2070001,2080000,5,L05-3,1,0,0,0,4733,4733
2090001,2100000,1,L05-3,1,0,0,0,827,827
2130001,2140000,1,L05-3,1,0,0,0,995,995
2160001,2170000,1,L05-3,1,0,0,0,695,695
2220001,2230000,1,L05-3,1,0,0,0,1772,1772
2230001,2240000,1,L05-3,1,0,0,0,1733,1733
2240001,2250000,3,L05-3,1,0,1,1,707,707
2350001,2360000,1,L05-3,1,0,0,0,177,177
2360001,2370000,1,L05-3,1,0,0,0,1856,1856
2400001,2410000,1,L05-3,1,0,1,1,668,668
2440001,2450000,1,L05-3,1,0,0,0,104,104
2450001,2460000,1,L05-3,1,0,0,0,1656,1656
2490001,2500000,1,L05-3,1,0,0,0,1469,1469
2500001,2510000,3,L05-3,1,0,0,0,4321,4321
2510001,2520000,1,L05-3,1,0,0,0,252,252
2520001,2530000,0,L05-3,1,1,0,0,0,3092
2550001,2560000,0,L05-3,1,0,1,0,0,0
2590001,2600000,2,L05-3,1,0,0,0,2182,2182
2600001,2610000,1,L05-3,1,0,0,0,1220,1220
2660001,2670000,1,L05-3,1,0,0,0,1415,1415
2670001,2680000,2,L05-3,1,0,0,0,3001,3001
2730001,2740000,2,L05-3,1,0,0,0,2005,2005
2750001,2760000,1,L05-3,1,0,0,0,746,746
2770001,2780000,2,L05-3,1,0,0,0,2106,2106
2780001,2790000,2,L05-3,1,0,0,0,1758,1758
2800001,2810000,1,L05-3,1,0,0,0,803,803
2840001,2850000,3,L05-3,1,0,0,0,2259,2259
2860001,2870000,1,L05-3,1,0,0,0,1355,1355
2870001,2880000,1,L05-3,1,0,0,0,737,737
2880001,2890000,4,L05-3,1,0,0,0,2723,2723
2890001,2900000,2,L05-3,1,0,0,0,1471,1471
2920001,2930000,3,L05-3,1,0,0,0,2906,2906
2970001,2980000,3,L05-3,1,0,0,0,1499,1499
2980001,2990000,0,L05-3,1,1,0,0,0,3093
3010001,3020000,2,L05-3,1,0,0,0,2935,2935
3030001,3040000,0,L05-3,1,0,1,1,0,0
3070001,3080000,1,L05-3,1,0,0,0,875,875
3130001,3140000,1,L05-3,1,0,0,0,1091,1091
3140001,3150000,1,L05-3,1,0,0,0,7,7
3170001,3180000,2,L05-3,1,0,0,0,2242,2242
3190001,3200000,2,L05-3,1,0,0,0,1570,1570
3210001,3220000,0,L05-3,1,1,0,0,0,3093
3230001,3240000,2,L05-3,1,0,0,0,2995,2995
3240001,3250000,1,L05-3,1,0,0,0,1892,1892
3250001,3260000,1,L05-3,1,0,0,0,653,653
3260001,3270000,2,L05-3,1,0,0,0,1606,1606
3270001,3280000,3,L05-3,1,0,0,0,4598,4598
3330001,3340000,1,L05-3,1,0,0,0,376,376
3370001,3380000,2,L05-3,1,0,0,0,3709,3709
3380001,3390000,4,L05-3,1,0,0,0,3807,3807
3390001,3400000,5,L05-3,1,0,0,0,3970,3970
3400001,3410000,4,L05-3,1,0,0,0,2389,2389
3430001,3440000,3,L05-3,1,0,0,0,1177,1177
3440001,3450000,1,L05-3,1,0,0,0,710,710
3450001,3460000,3,L05-3,1,0,0,0,2634,2634
3460001,3470000,2,L05-3,1,0,1,0,1819,1819
3470001,3480000,0,L05-3,1,1,1,0,0,3092
3490001,3500000,3,L05-3,1,0,0,0,2027,2027
3500001,3510000,20,L05-3,1,0,0,0,9127,9127
3510001,3520000,11,L05-3,1,0,0,0,6722,6722
3550001,3560000,1,L05-3,1,0,0,0,1004,1004
3570001,3580000,1,L05-3,1,0,0,0,2135,2135
3610001,3620000,1,L05-3,1,0,0,0,1103,1103
3640001,3650000,4,L05-3,1,0,0,0,4065,4065
3710001,3720000,0,L05-3,1,0,1,1,0,0
3750001,3760000,2,L05-3,1,0,0,0,2980,2980
3800001,3810000,1,L05-3,1,0,0,0,1019,1019
3830001,3840000,5,L05-3,1,0,0,0,3647,3647
3840001,3850000,2,L05-3,1,0,0,0,2731,2731
20001,30000,1,L05-3,2,0,0,0,75,75
40001,50000,1,L05-3,2,1,0,0,1259,2877
50001,60000,2,L05-3,2,1,0,0,152,1628
60001,70000,3,L05-3,2,0,0,0,1752,1752
100001,110000,0,L05-3,2,0,2,0,0,0
110001,120000,1,L05-3,2,0,0,0,545,545
120001,130000,2,L05-3,2,0,0,0,3381,3381
140001,150000,0,L05-3,2,0,1,0,0,0
150001,160000,0,L05-3,2,0,1,0,0,0
190001,200000,1,L05-3,2,0,0,0,259,259
200001,210000,2,L05-3,2,0,0,0,2898,2898
240001,250000,2,L05-3,2,0,0,0,1441,1441
250001,260000,10,L05-3,2,0,0,0,5691,5691
260001,270000,2,L05-3,2,0,0,0,6855,6855
330001,340000,3,L05-3,2,0,0,0,3903,3903
340001,350000,1,L05-3,2,0,0,0,1415,1415
350001,360000,1,L05-3,2,0,0,0,536,536
440001,450000,2,L05-3,2,0,0,0,1939,1939
450001,460000,1,L05-3,2,1,0,0,566,3658
460001,470000,1,L05-3,2,0,0,0,248,248
470001,480000,4,L05-3,2,0,0,0,2778,2778
500001,510000,1,L05-3,2,0,0,0,227,227
520001,530000,1,L05-3,2,0,0,0,530,530
530001,540000,1,L05-3,2,0,0,0,0,0
560001,570000,3,L05-3,2,0,0,0,5036,5036
580001,590000,2,L05-3,2,0,0,0,1276,1276
640001,650000,4,L05-3,2,0,0,0,5201,5201
650001,660000,1,L05-3,2,0,0,0,821,821
670001,680000,2,L05-3,2,0,0,0,2833,2833
710001,720000,6,L05-3,2,0,0,0,6702,6702
720001,730000,9,L05-3,2,0,0,0,8638,8638
730001,740000,3,L05-3,2,0,0,0,3789,3789
760001,770000,1,L05-3,2,0,0,0,662,662
770001,780000,1,L05-3,2,0,0,0,479,479
780001,790000,1,L05-3,2,0,0,0,66,66
790001,800000,2,L05-3,2,0,0,0,1558,1558
800001,810000,7,L05-3,2,0,0,0,4625,4625
810001,820000,9,L05-3,2,0,0,0,9039,9039
820001,830000,4,L05-3,2,0,0,0,6565,6565
830001,840000,1,L05-3,2,0,0,0,1718,1718
850001,860000,0,L05-3,2,1,1,0,0,3092
930001,940000,1,L05-3,2,0,0,0,974,974
960001,970000,2,L05-3,2,0,0,0,2818,2818
970001,980000,6,L05-3,2,0,0,0,5729,5729
1010001,1020000,1,L05-3,2,0,0,0,113,113
1030001,1040000,3,L05-3,2,0,0,0,3537,3537
1080001,1090000,3,L05-3,2,0,0,0,2972,2972
1090001,1100000,1,L05-3,2,0,0,0,76,76
1160001,1170000,1,L05-3,2,0,0,0,729,729
1170001,1180000,6,L05-3,2,0,0,0,7119,7119
1190001,1200000,2,L05-3,2,0,0,0,1622,1622
1200001,1210000,1,L05-3,2,0,0,0,1028,1028
1210001,1220000,2,L05-3,2,0,0,0,1166,1166
1240001,1250000,0,L05-3,2,1,1,0,0,3091
1280001,1290000,0,L05-3,2,1,0,0,0,3092
1420001,1430000,1,L05-3,2,0,0,0,218,218
1430001,1440000,2,L05-3,2,0,0,0,4603,4603
1440001,1450000,1,L05-3,2,0,0,0,1292,1292
1460001,1470000,3,L05-3,2,0,0,0,4404,4404
1470001,1480000,4,L05-3,2,0,0,0,5827,5827
1480001,1490000,2,L05-3,2,0,0,0,2778,2778
1510001,1520000,1,L05-3,2,0,0,0,518,518
1530001,1540000,1,L05-3,2,0,0,0,87,87
1600001,1610000,1,L05-3,2,0,0,0,1348,1348
1610001,1620000,5,L05-3,2,0,0,0,4729,4729
1620001,1630000,4,L05-3,2,0,0,0,2504,2504
1640001,1650000,3,L05-3,2,0,0,0,3137,3137
1660001,1670000,1,L05-3,2,0,0,0,1106,1106
1670001,1680000,0,L05-3,2,1,0,0,0,3092
1700001,1710000,4,L05-3,2,0,0,0,3005,3005
1710001,1720000,4,L05-3,2,0,0,0,4025,4025
1770001,1780000,1,L05-3,2,0,0,0,2597,2597
1780001,1790000,1,L05-3,2,0,0,0,590,590
1790001,1800000,1,L05-3,2,0,0,0,788,788
1810001,1820000,0,L05-3,2,1,0,0,0,2834
1820001,1830000,0,L05-3,2,1,0,0,0,1396
1860001,1870000,0,L05-3,2,1,0,0,0,3093
1880001,1890000,0,L05-3,2,0,1,0,0,0
1890001,1900000,0,L05-3,2,1,1,0,0,836
1900001,1910000,0,L05-3,2,1,0,0,0,2256
1920001,1930000,1,L05-3,2,0,0,0,1275,1275
1950001,1960000,1,L05-3,2,0,0,0,641,641
1990001,2000000,0,L05-3,2,1,0,0,0,3065
2000001,2010000,5,L05-3,2,1,0,0,5826,5854
2010001,2020000,1,L05-3,2,0,0,0,370,370
2030001,2040000,1,L05-3,2,0,0,0,827,827
2070001,2080000,1,L05-3,2,0,0,0,995,995
2090001,2100000,1,L05-3,2,0,0,0,695,695
2150001,2160000,1,L05-3,2,0,0,0,1772,1772
2160001,2170000,1,L05-3,2,0,0,0,1733,1733
2170001,2180000,0,L05-3,2,1,0,0,0,3092
2180001,2190000,3,L05-3,2,0,1,0,707,707
2290001,2300000,1,L05-3,2,0,0,0,2033,2033
2340001,2350000,1,L05-3,2,1,0,0,472,3565
2350001,2360000,1,L05-3,2,0,0,0,196,196
2360001,2370000,0,L05-3,2,0,1,1,0,0
2390001,2400000,1,L05-3,2,0,0,0,1760,1760
2430001,2440000,1,L05-3,2,0,0,0,450,450
2440001,2450000,2,L05-3,2,0,0,0,4462,4462
2450001,2460000,1,L05-3,2,0,0,0,1130,1130
2460001,2470000,0,L05-3,2,1,0,0,0,2955
2470001,2480000,0,L05-3,2,1,0,0,0,138
2510001,2520000,2,L05-3,2,0,0,0,2182,2182
2520001,2530000,1,L05-3,2,0,0,0,1220,1220
2580001,2590000,1,L05-3,2,0,0,0,1415,1415
2590001,2600000,2,L05-3,2,0,0,0,3000,3000
2650001,2660000,2,L05-3,2,0,0,0,2005,2005
2670001,2680000,1,L05-3,2,0,0,0,746,746
2690001,2700000,2,L05-3,2,0,0,0,2548,2548
2700001,2710000,2,L05-3,2,0,0,0,1316,1316
2720001,2730000,1,L05-3,2,0,0,0,803,803
2760001,2770000,3,L05-3,2,0,0,0,2259,2259
2780001,2790000,1,L05-3,2,0,0,0,1355,1355
2790001,2800000,1,L05-3,2,0,0,0,737,737
2800001,2810000,5,L05-3,2,0,0,0,2997,2997
2810001,2820000,2,L05-3,2,0,0,0,1197,1197
2840001,2850000,3,L05-3,2,0,0,0,2906,2906
2890001,2900000,3,L05-3,2,0,0,0,1500,1500
2900001,2910000,0,L05-3,2,1,0,0,0,3092
2920001,2930000,0,L05-3,2,0,1,0,0,0
2930001,2940000,2,L05-3,2,0,0,0,2935,2935
2950001,2960000,0,L05-3,2,1,0,0,0,3092
2960001,2970000,0,L05-3,2,0,1,0,0,0
2990001,3000000,1,L05-3,2,0,0,0,876,876
3060001,3070000,1,L05-3,2,0,0,0,1098,1098
3090001,3100000,2,L05-3,2,0,0,0,2242,2242
3110001,3120000,2,L05-3,2,0,0,0,1570,1570
3130001,3140000,0,L05-3,2,1,0,0,0,3094
3150001,3160000,2,L05-3,2,0,0,0,2996,2996
3160001,3170000,1,L05-3,2,0,0,0,1892,1892
3170001,3180000,1,L05-3,2,0,0,0,653,653
3180001,3190000,2,L05-3,2,0,0,0,1413,1413
3190001,3200000,4,L05-3,2,0,0,0,4301,4301
3200001,3210000,1,L05-3,2,0,0,0,490,490
3250001,3260000,1,L05-3,2,0,0,0,374,374
3290001,3300000,1,L05-3,2,0,0,0,1065,1065
3300001,3310000,4,L05-3,2,0,0,0,4516,4516
3310001,3320000,5,L05-3,2,0,0,0,4375,4375
3320001,3330000,6,L05-3,2,0,0,0,3661,3661
3330001,3340000,1,L05-3,2,0,0,0,255,255
3350001,3360000,2,L05-3,2,0,0,0,820,820
3360001,3370000,1,L05-3,2,0,0,0,1067,1067
3370001,3380000,2,L05-3,2,0,0,0,1511,1511
3380001,3390000,4,L05-3,2,0,0,0,2942,2942
3390001,3400000,0,L05-3,2,1,0,0,0,3093
3400001,3410000,1,L05-3,2,0,0,0,571,571
3410001,3420000,8,L05-3,2,0,0,0,5073,5073
3420001,3430000,22,L05-3,2,0,0,0,9205,9205
3430001,3440000,3,L05-3,2,0,0,0,3027,3027
3470001,3480000,1,L05-3,2,0,0,0,1004,1004
3480001,3490000,1,L05-3,2,0,0,0,2135,2135
3530001,3540000,1,L05-3,2,0,0,0,1103,1103
3550001,3560000,4,L05-3,2,0,0,0,3310,3310
3560001,3570000,1,L05-3,2,0,0,0,754,754
3630001,3640000,0,L05-3,2,1,0,0,0,3091
3670001,3680000,2,L05-3,2,0,0,0,2980,2980
3720001,3730000,1,L05-3,2,0,0,0,1019,1019
3740001,3750000,1,L05-3,2,0,0,0,662,662
3750001,3760000,5,L05-3,2,0,0,0,2985,2985
3760001,3770000,2,L05-3,2,0,0,0,2731,2731
20001,30000,1,L05-4,1,0,0,0,75,75
40001,50000,1,L05-4,1,0,0,0,1259,1259
50001,60000,3,L05-4,1,0,0,0,228,228
60001,70000,2,L05-4,1,0,0,0,1678,1678
100001,110000,1,L05-4,1,0,0,0,545,545
120001,130000,2,L05-4,1,0,0,0,3382,3382
190001,200000,2,L05-4,1,0,0,0,2102,2102
200001,210000,1,L05-4,1,0,0,0,1055,1055
230001,240000,1,L05-4,1,0,0,0,326,326
240001,250000,6,L05-4,1,0,0,0,3620,3620
250001,260000,7,L05-4,1,0,0,0,6222,6222
260001,270000,1,L05-4,1,0,0,0,3819,3819
320001,330000,2,L05-4,1,0,0,0,2583,2583
330001,340000,3,L05-4,1,0,0,0,2735,2735
340001,350000,1,L05-4,1,0,0,0,536,536
370001,380000,0,L05-4,1,0,1,0,0,0
440001,450000,3,L05-4,1,0,0,0,2114,2114
450001,460000,1,L05-4,1,0,0,0,391,391
460001,470000,4,L05-4,1,0,0,0,2856,2856
470001,480000,1,L05-4,1,0,0,0,170,170
490001,500000,1,L05-4,1,0,0,0,40,40
500001,510000,1,L05-4,1,0,0,0,187,187
520001,530000,1,L05-4,1,0,0,0,530,530
550001,560000,1,L05-4,1,0,0,0,2855,2855
560001,570000,2,L05-4,1,0,0,0,2182,2182
570001,580000,1,L05-4,1,0,0,0,208,208
580001,590000,2,L05-4,1,0,0,0,1068,1068
630001,640000,2,L05-4,1,0,1,1,2522,2522
640001,650000,4,L05-4,1,0,0,0,3500,3500
660001,670000,1,L05-4,1,0,0,0,479,479
670001,680000,1,L05-4,1,0,0,0,2354,2354
700001,710000,3,L05-4,1,0,0,0,2930,2930
710001,720000,9,L05-4,1,0,0,0,9028,9028
720001,730000,7,L05-4,1,0,0,0,7169,7169
750001,760000,1,L05-4,1,0,0,0,662,662
770001,780000,1,L05-4,1,0,0,0,479,479
780001,790000,2,L05-4,1,0,0,0,1624,1624
790001,800000,3,L05-4,1,0,0,0,1644,1644
800001,810000,9,L05-4,1,0,0,0,8970,8970
810001,820000,7,L05-4,1,0,0,0,8316,8316
820001,830000,2,L05-4,1,0,0,0,3015,3015
840001,850000,0,L05-4,1,1,0,0,0,2725
850001,860000,0,L05-4,1,1,0,0,0,368
930001,940000,1,L05-4,1,0,1,1,974,974
950001,960000,1,L05-4,1,0,0,0,273,273
960001,970000,6,L05-4,1,0,0,0,5514,5514
970001,980000,2,L05-4,1,0,0,0,2761,2761
1000001,1010000,1,L05-4,1,0,0,0,113,113
1020001,1030000,2,L05-4,1,0,0,0,2575,2575
1030001,1040000,1,L05-4,1,0,0,0,962,962
1070001,1080000,2,L05-4,1,0,0,0,1323,1323
1080001,1090000,3,L05-4,1,0,0,0,1725,1725
1160001,1170000,5,L05-4,1,0,0,0,5237,5237
1170001,1180000,2,L05-4,1,0,0,0,2611,2611
1180001,1190000,1,L05-4,1,0,0,0,1538,1538
1190001,1200000,1,L05-4,1,0,0,0,84,84
1200001,1210000,2,L05-4,1,0,0,0,2194,2194
1230001,1240000,0,L05-4,1,1,0,0,0,1502
1240001,1250000,0,L05-4,1,1,1,0,0,1589
1270001,1280000,0,L05-4,1,1,0,0,0,1594
1280001,1290000,0,L05-4,1,1,0,0,0,1498
1420001,1430000,2,L05-4,1,0,0,0,3005,3005
1430001,1440000,3,L05-4,1,0,0,0,3108,3108
1450001,1460000,1,L05-4,1,0,0,0,1673,1673
1460001,1470000,5,L05-4,1,0,0,0,5162,5162
1470001,1480000,2,L05-4,1,0,0,0,4773,4773
1480001,1490000,1,L05-4,1,0,0,0,1400,1400
1500001,1510000,1,L05-4,1,0,0,0,65,65
1510001,1520000,1,L05-4,1,0,0,0,453,453
1520001,1530000,1,L05-4,1,0,0,0,87,87
1600001,1610000,3,L05-4,1,0,0,0,5040,5040
1610001,1620000,5,L05-4,1,0,0,0,3541,3541
1630001,1640000,3,L05-4,1,0,0,0,1958,1958
1640001,1650000,1,L05-4,1,0,0,0,1179,1179
1650001,1660000,1,L05-4,1,0,0,0,1106,1106
1690001,1700000,4,L05-4,1,0,0,0,2838,2838
1700001,1710000,5,L05-4,1,0,0,0,4192,4192
1760001,1770000,1,L05-4,1,0,0,0,2597,2597
1770001,1780000,1,L05-4,1,0,0,0,590,590
1780001,1790000,1,L05-4,1,0,0,0,788,788
1810001,1820000,0,L05-4,1,0,2,0,0,0
1850001,1860000,0,L05-4,1,1,1,0,0,630
1860001,1870000,0,L05-4,1,1,1,1,0,2461
1870001,1880000,0,L05-4,1,0,1,0,0,0
1930001,1940000,0,L05-4,1,1,0,0,0,2232
1940001,1950000,0,L05-4,1,1,0,0,0,860
1980001,1990000,1,L05-4,1,0,0,0,1274,1274
2010001,2020000,1,L05-4,1,0,0,0,640,640
2060001,2070000,1,L05-4,1,1,0,0,1851,4943
2070001,2080000,5,L05-4,1,0,0,0,4345,4345
2090001,2100000,1,L05-4,1,0,0,0,827,827
2110001,2120000,0,L05-4,1,0,1,1,0,0
2130001,2140000,1,L05-4,1,0,0,0,995,995
2160001,2170000,1,L05-4,1,0,0,0,695,695
2210001,2220000,1,L05-4,1,0,0,0,103,103
2220001,2230000,1,L05-4,1,0,0,0,1669,1669
2230001,2240000,1,L05-4,1,0,0,0,1733,1733
2240001,2250000,3,L05-4,1,0,0,0,707,707
2290001,2300000,0,L05-4,1,0,1,1,0,0
2350001,2360000,1,L05-4,1,0,0,0,565,565
2360001,2370000,1,L05-4,1,0,0,0,1468,1468
2400001,2410000,1,L05-4,1,0,0,0,668,668
2440001,2450000,1,L05-4,1,0,0,0,492,492
2450001,2460000,1,L05-4,1,0,0,0,1268,1268
2490001,2500000,1,L05-4,1,0,0,0,1857,1857
2500001,2510000,3,L05-4,1,0,0,0,4185,4185
2520001,2530000,0,L05-4,1,1,1,0,0,3092
2590001,2600000,2,L05-4,1,0,0,0,2182,2182
2600001,2610000,1,L05-4,1,0,0,0,1220,1220
2660001,2670000,1,L05-4,1,0,0,0,1415,1415
2670001,2680000,2,L05-4,1,0,0,0,3001,3001
2730001,2740000,2,L05-4,1,0,0,0,2005,2005
2750001,2760000,1,L05-4,1,0,0,0,746,746
2770001,2780000,2,L05-4,1,0,0,0,2494,2494
2780001,2790000,2,L05-4,1,0,0,0,1370,1370
2800001,2810000,1,L05-4,1,0,0,0,803,803
2840001,2850000,3,L05-4,1,0,0,0,2259,2259
2860001,2870000,1,L05-4,1,0,0,0,1355,1355
2870001,2880000,1,L05-4,1,0,0,0,737,737
2880001,2890000,5,L05-4,1,0,0,0,2936,2936
2890001,2900000,2,L05-4,1,0,0,0,1258,1258
2900001,2910000,0,L05-4,1,0,2,0,0,0
2920001,2930000,3,L05-4,1,0,0,0,2906,2906
2970001,2980000,3,L05-4,1,0,0,0,1499,1499
2980001,2990000,0,L05-4,1,1,0,0,0,3093
3000001,3010000,0,L05-4,1,0,1,0,0,0
3010001,3020000,2,L05-4,1,0,0,0,2935,2935
3070001,3080000,1,L05-4,1,0,0,0,875,875
3130001,3140000,1,L05-4,1,0,0,0,1098,1098
3170001,3180000,2,L05-4,1,0,0,0,2242,2242
3180001,3190000,0,L05-4,1,0,1,0,0,0
3190001,3200000,2,L05-4,1,0,0,0,1570,1570
3210001,3220000,0,L05-4,1,1,0,0,0,3093
3230001,3240000,2,L05-4,1,0,0,0,2995,2995
3240001,3250000,1,L05-4,1,0,0,0,1892,1892
3250001,3260000,1,L05-4,1,0,0,0,653,653
3260001,3270000,2,L05-4,1,0,0,0,1606,1606
3270001,3280000,3,L05-4,1,0,0,0,4598,4598
3330001,3340000,1,L05-4,1,0,0,0,376,376
3370001,3380000,2,L05-4,1,0,0,0,4097,4097
3380001,3390000,4,L05-4,1,0,0,0,3419,3419
3390001,3400000,5,L05-4,1,0,0,0,3970,3970
3400001,3410000,4,L05-4,1,0,0,0,2389,2389
3430001,3440000,3,L05-4,1,0,0,0,1565,1565
3440001,3450000,1,L05-4,1,0,0,0,322,322
3450001,3460000,3,L05-4,1,0,0,0,2634,2634
3460001,3470000,2,L05-4,1,0,0,0,1819,1819
3470001,3480000,0,L05-4,1,1,2,0,0,3092
3490001,3500000,4,L05-4,1,0,0,0,2262,2262
3500001,3510000,20,L05-4,1,0,0,0,9280,9280
3510001,3520000,11,L05-4,1,0,0,0,6334,6334
3550001,3560000,1,L05-4,1,0,0,0,1004,1004
3570001,3580000,1,L05-4,1,0,0,0,2135,2135
3610001,3620000,1,L05-4,1,0,0,0,1103,1103
3640001,3650000,4,L05-4,1,0,0,0,4065,4065
3750001,3760000,2,L05-4,1,0,0,0,2980,2980
3800001,3810000,1,L05-4,1,0,0,0,1019,1019
3830001,3840000,5,L05-4,1,0,0,0,3647,3647
3840001,3850000,2,L05-4,1,0,0,0,2731,2731
3890001,3900000,1,L05-4,1,0,0,0,884,884
3900001,3910000,6,L05-4,1,0,0,0,6177,6177
3930001,3940000,2,L05-4,1,0,0,0,3199,3199
20001,30000,1,L05-4,2,0,0,0,75,75
40001,50000,1,L05-4,2,0,0,0,1259,1259
50001,60000,3,L05-4,2,0,0,0,228,228
60001,70000,2,L05-4,2,0,0,0,1678,1678
100001,110000,1,L05-4,2,0,0,0,545,545
120001,130000,2,L05-4,2,0,1,1,3382,3382
190001,200000,2,L05-4,2,0,0,0,2093,2093
200001,210000,1,L05-4,2,0,0,0,1063,1063
230001,240000,1,L05-4,2,0,0,0,322,322
240001,250000,6,L05-4,2,0,0,0,3624,3624
250001,260000,7,L05-4,2,0,0,0,6219,6219
260001,270000,1,L05-4,2,0,0,0,3822,3822
320001,330000,2,L05-4,2,0,0,0,2582,2582
330001,340000,3,L05-4,2,0,0,0,2736,2736
340001,350000,1,L05-4,2,0,0,0,536,536
370001,380000,0,L05-4,2,1,0,0,0,1155
380001,390000,0,L05-4,2,1,1,0,0,1938
410001,420000,0,L05-4,2,1,0,0,0,3093
420001,430000,2,L05-4,2,0,0,0,2242,2242
450001,460000,1,L05-4,2,0,0,0,1098,1098
470001,480000,0,L05-4,2,0,1,0,0,0
500001,510000,0,L05-4,2,0,1,0,0,0
520001,530000,1,L05-4,2,0,0,0,875,875
580001,590000,2,L05-4,2,0,1,0,2935,2935
590001,600000,3,L05-4,2,1,0,0,1500,4592
640001,650000,1,L05-4,2,0,0,0,2213,2213
650001,660000,3,L05-4,2,0,0,0,694,694
670001,680000,0,L05-4,2,1,0,0,0,3092
680001,690000,3,L05-4,2,0,0,0,2119,2119
690001,700000,4,L05-4,2,0,0,0,2075,2075
700001,710000,1,L05-4,2,0,0,0,737,737
710001,720000,1,L05-4,2,0,0,0,1355,1355
730001,740000,3,L05-4,2,0,0,0,2259,2259
770001,780000,1,L05-4,2,0,0,0,803,803
790001,800000,3,L05-4,2,0,0,0,2605,2605
800001,810000,1,L05-4,2,0,0,0,1259,1259
810001,820000,1,L05-4,2,0,0,0,746,746
830001,840000,1,L05-4,2,0,0,0,878,878
840001,850000,1,L05-4,2,0,0,0,1128,1128
890001,900000,1,L05-4,2,0,0,0,880,880
900001,910000,3,L05-4,2,0,0,0,2439,2439
910001,920000,1,L05-4,2,0,0,0,1097,1097
970001,980000,3,L05-4,2,0,0,0,2680,2680
980001,990000,1,L05-4,2,0,0,0,722,722
1020001,1030000,0,L05-4,2,0,1,0,0,0
1040001,1050000,0,L05-4,2,1,0,0,0,2830
1050001,1060000,0,L05-4,2,1,0,0,0,263
1060001,1070000,2,L05-4,2,0,0,0,3415,3415
1070001,1080000,1,L05-4,2,0,0,0,2627,2627
1120001,1130000,1,L05-4,2,0,0,0,1760,1760
1160001,1170000,1,L05-4,2,0,0,0,668,668
1210001,1220000,1,L05-4,2,0,0,0,2033,2033
1270001,1280000,0,L05-4,2,1,0,0,0,3093
1330001,1340000,3,L05-4,2,0,0,0,707,707
1340001,1350000,1,L05-4,2,0,0,0,1734,1734
1350001,1360000,1,L05-4,2,0,0,0,1772,1772
1410001,1420000,1,L05-4,2,0,0,0,695,695
1440001,1450000,1,L05-4,2,0,0,0,995,995
1460001,1470000,0,L05-4,2,1,0,0,0,3092
1480001,1490000,1,L05-4,2,0,0,0,827,827
1500001,1510000,3,L05-4,2,0,0,0,2684,2684
1510001,1520000,3,L05-4,2,1,1,0,3512,5756
1520001,1530000,0,L05-4,2,1,0,0,0,848
1530001,1540000,0,L05-4,2,0,1,0,0,0
1540001,1550000,0,L05-4,2,0,1,0,0,0
1560001,1570000,1,L05-4,2,0,0,0,641,641
1590001,1600000,1,L05-4,2,0,0,0,1274,1274
1640001,1650000,0,L05-4,2,1,0,0,0,3093
1700001,1710000,0,L05-4,2,1,2,0,0,303
1710001,1720000,0,L05-4,2,1,0,0,0,2790
1720001,1730000,0,L05-4,2,1,0,0,0,3093
1790001,1800000,0,L05-4,2,1,0,0,0,3092
1830001,1840000,0,L05-4,2,1,0,0,0,3093
1870001,1880000,0,L05-4,2,1,0,0,0,3093
1900001,1910000,1,L05-4,2,0,0,0,788,788
1910001,1920000,1,L05-4,2,0,0,0,162,162
1920001,1930000,2,L05-4,2,0,0,0,3025,3025
1980001,1990000,1,L05-4,2,0,0,0,854,854
1990001,2000000,7,L05-4,2,0,0,0,6176,6176
2030001,2040000,1,L05-4,2,0,0,0,1106,1106
2050001,2060000,3,L05-4,2,0,0,0,3137,3137
2070001,2080000,3,L05-4,2,0,0,0,1647,1647
2080001,2090000,5,L05-4,2,0,0,0,4734,4734
2090001,2100000,2,L05-4,2,0,0,0,2200,2200
2110001,2120000,0,L05-4,2,0,2,0,0,0
2160001,2170000,1,L05-4,2,0,0,0,87,87
2180001,2190000,1,L05-4,2,0,0,0,518,518
2210001,2220000,2,L05-4,2,0,0,0,1710,1710
2220001,2230000,4,L05-4,2,0,0,0,6895,6895
2230001,2240000,3,L05-4,2,0,0,0,4404,4404
2250001,2260000,1,L05-4,2,0,1,1,244,244
2260001,2270000,3,L05-4,2,0,0,0,5651,5651
2270001,2280000,1,L05-4,2,0,0,0,218,218
2410001,2420000,0,L05-4,2,1,0,0,0,3093
2450001,2460000,0,L05-4,2,1,0,0,0,3097
2480001,2490000,2,L05-4,2,0,0,0,918,918
2490001,2500000,1,L05-4,2,0,0,0,1276,1276
2500001,2510000,2,L05-4,2,0,0,0,1622,1622
2520001,2530000,6,L05-4,2,0,0,0,6868,6868
2530001,2540000,1,L05-4,2,0,0,0,980,980
2600001,2610000,1,L05-4,2,0,0,0,76,76
2610001,2620000,3,L05-4,2,0,0,0,2972,2972
2660001,2670000,3,L05-4,2,0,0,0,3537,3537
2680001,2690000,1,L05-4,2,0,0,0,113,113
2720001,2730000,6,L05-4,2,0,0,0,5730,5730
2730001,2740000,2,L05-4,2,0,0,0,2818,2818
2760001,2770000,1,L05-4,2,1,0,0,974,4068
2840001,2850000,0,L05-4,2,1,0,0,0,3094
2860001,2870000,1,L05-4,2,0,0,0,1718,1718
2870001,2880000,4,L05-4,2,0,0,0,3821,3821
2880001,2890000,7,L05-4,2,0,0,0,8620,8620
2890001,2900000,9,L05-4,2,0,0,0,6964,6964
2900001,2910000,1,L05-4,2,0,0,0,824,824
2910001,2920000,2,L05-4,2,0,0,0,1624,1624
2920001,2930000,1,L05-4,2,0,0,0,479,479
2930001,2940000,1,L05-4,2,0,0,0,662,662
2960001,2970000,1,L05-4,2,0,0,0,620,620
2970001,2980000,7,L05-4,2,0,0,0,8487,8487
2980001,2990000,9,L05-4,2,0,0,0,9927,9927
2990001,3000000,1,L05-4,2,0,0,0,94,94
3020001,3030000,1,L05-4,2,0,0,0,2354,2354
3030001,3040000,1,L05-4,2,0,0,0,479,479
3050001,3060000,5,L05-4,2,0,0,0,6022,6022
3060001,3070000,0,L05-4,2,1,0,0,0,3092
3110001,3120000,2,L05-4,2,0,0,0,813,813
3120001,3130000,1,L05-4,2,0,0,0,463,463
3130001,3140000,2,L05-4,2,0,0,0,2182,2182
3140001,3150000,1,L05-4,2,0,0,0,2855,2855
3170001,3180000,1,L05-4,2,0,0,0,530,530
3200001,3210000,1,L05-4,2,0,0,0,227,227
3230001,3240000,4,L05-4,2,0,0,0,3026,3026
3240001,3250000,1,L05-4,2,0,1,1,127,127
3250001,3260000,3,L05-4,2,0,0,0,2378,2378
3310001,3320000,0,L05-4,2,0,1,1,0,0
3320001,3330000,0,L05-4,2,1,0,0,0,3091
3350001,3360000,0,L05-4,2,1,1,0,0,3093
3370001,3380000,2,L05-4,2,0,0,0,2995,2995
3380001,3390000,1,L05-4,2,0,0,0,1892,1892
3390001,3400000,1,L05-4,2,0,0,0,653,653
3400001,3410000,2,L05-4,2,0,0,0,1606,1606
3410001,3420000,3,L05-4,2,0,0,0,4598,4598
3470001,3480000,1,L05-4,2,0,0,0,376,376
3480001,3490000,0,L05-4,2,0,1,0,0,0
3490001,3500000,0,L05-4,2,0,1,0,0,0
3510001,3520000,1,L05-4,2,0,0,0,1594,1594
3520001,3530000,4,L05-4,2,0,0,0,3988,3988
3530001,3540000,5,L05-4,2,0,0,0,4645,4645
3540001,3550000,5,L05-4,2,0,0,0,3648,3648
3570001,3580000,2,L05-4,2,0,0,0,820,820
3580001,3590000,1,L05-4,2,0,0,0,1067,1067
3590001,3600000,3,L05-4,2,0,0,0,1971,1971
3600001,3610000,3,L05-4,2,0,0,0,2482,2482
3610001,3620000,0,L05-4,2,1,1,0,0,2361
3620001,3630000,0,L05-4,2,1,0,0,0,731
3630001,3640000,3,L05-4,2,0,0,0,2028,2028
3640001,3650000,19,L05-4,2,0,0,0,8499,8499
3650001,3660000,12,L05-4,2,0,0,0,7350,7350
3690001,3700000,1,L05-4,2,0,0,0,1004,1004
3710001,3720000,1,L05-4,2,0,0,0,2135,2135
3750001,3760000,1,L05-4,2,0,0,0,970,970
3760001,3770000,1,L05-4,2,0,0,0,133,133
3780001,3790000,4,L05-4,2,0,0,0,4065,4065
3890001,3900000,2,L05-4,2,0,1,0,2980,2980
3920001,3930000,0,L05-4,2,0,1,0,0,0
3940001,3950000,1,L05-4,2,0,0,0,1019,1019
20001,30000,1,L06-1,1,0,0,0,75,75
40001,50000,1,L06-1,1,0,0,0,1259,1259
50001,60000,3,L06-1,1,0,0,0,228,228
60001,70000,2,L06-1,1,0,0,0,1678,1678
100001,110000,1,L06-1,1,0,0,0,545,545
120001,130000,2,L06-1,1,0,0,0,3382,3382
190001,200000,2,L06-1,1,0,0,0,2093,2093
200001,210000,1,L06-1,1,0,0,0,1064,1064
230001,240000,1,L06-1,1,0,0,0,318,318
240001,250000,6,L06-1,1,0,0,0,3627,3627
250001,260000,7,L06-1,1,0,0,0,6215,6215
260001,270000,1,L06-1,1,0,0,0,3827,3827
310001,320000,0,L06-1,1,0,1,1,0,0
320001,330000,2,L06-1,1,0,0,0,2577,2577
330001,340000,3,L06-1,1,0,0,0,2741,2741
340001,350000,1,L06-1,1,0,0,0,536,536
410001,420000,0,L06-1,1,0,2,0,0,0
420001,430000,0,L06-1,1,0,1,0,0,0
440001,450000,2,L06-1,1,1,0,0,1939,5032
450001,460000,1,L06-1,1,0,0,0,566,566
460001,470000,3,L06-1,1,0,0,0,2565,2565
470001,480000,1,L06-1,1,0,0,0,461,461
500001,510000,1,L06-1,1,0,2,0,227,227
520001,530000,1,L06-1,1,0,0,0,530,530
550001,560000,1,L06-1,1,0,0,0,1781,1781
560001,570000,3,L06-1,1,0,0,0,3256,3256
580001,590000,2,L06-1,1,0,0,0,1276,1276
640001,650000,5,L06-1,1,0,0,0,6022,6022
660001,670000,1,L06-1,1,0,0,0,479,479
670001,680000,1,L06-1,1,0,0,0,2354,2354
710001,720000,9,L06-1,1,0,0,0,9746,9746
720001,730000,7,L06-1,1,0,0,0,8630,8630
730001,740000,2,L06-1,1,0,0,0,753,753
760001,770000,1,L06-1,1,0,0,0,662,662
770001,780000,1,L06-1,1,0,1,1,479,479
780001,790000,2,L06-1,1,0,0,0,1434,1434
790001,800000,2,L06-1,1,0,0,0,1014,1014
800001,810000,9,L06-1,1,0,0,0,6684,6684
810001,820000,7,L06-1,1,0,0,0,8620,8620
820001,830000,3,L06-1,1,0,0,0,4101,4101
830001,840000,1,L06-1,1,0,0,0,1718,1718
880001,890000,0,L06-1,1,1,0,0,0,3092
930001,940000,1,L06-1,1,0,0,0,974,974
950001,960000,1,L06-1,1,0,0,0,750,750
960001,970000,7,L06-1,1,0,0,0,5119,5119
970001,980000,2,L06-1,1,0,0,0,2679,2679
1000001,1010000,1,L06-1,1,0,0,0,113,113
1020001,1030000,3,L06-1,1,0,0,0,2919,2919
1030001,1040000,1,L06-1,1,0,0,0,618,618
1070001,1080000,2,L06-1,1,0,0,0,1800,1800
1080001,1090000,3,L06-1,1,0,0,0,1249,1249
1160001,1170000,6,L06-1,1,0,0,0,5695,5695
1170001,1180000,1,L06-1,1,0,0,0,2153,2153
1180001,1190000,1,L06-1,1,0,0,0,1538,1538
1190001,1200000,1,L06-1,1,0,0,0,84,84
1200001,1210000,2,L06-1,1,0,0,0,2194,2194
1270001,1280000,0,L06-1,1,1,0,0,0,3093
1410001,1420000,1,L06-1,1,0,0,0,218,218
1420001,1430000,2,L06-1,1,0,0,0,4603,4603
1430001,1440000,1,L06-1,1,0,0,0,1292,1292
1440001,1450000,0,L06-1,1,1,0,0,0,3093
1450001,1460000,1,L06-1,1,0,0,0,1673,1673
1460001,1470000,6,L06-1,1,0,0,0,5661,5661
1470001,1480000,1,L06-1,1,0,0,0,4275,4275
1480001,1490000,1,L06-1,1,0,0,0,1400,1400
1500001,1510000,1,L06-1,1,0,0,0,518,518
1520001,1530000,1,L06-1,1,0,0,0,87,87
1600001,1610000,3,L06-1,1,0,0,0,5040,5040
1610001,1620000,5,L06-1,1,0,0,0,3541,3541
1630001,1640000,3,L06-1,1,0,0,0,2446,2446
1640001,1650000,1,L06-1,1,0,0,0,691,691
1650001,1660000,1,L06-1,1,0,0,0,1106,1106
1660001,1670000,0,L06-1,1,1,0,0,0,3093
1690001,1700000,1,L06-1,1,0,0,0,584,584
1700001,1710000,7,L06-1,1,0,0,0,6446,6446
1760001,1770000,1,L06-1,1,0,0,0,868,868
1770001,1780000,2,L06-1,1,0,0,0,2319,2319
1780001,1790000,1,L06-1,1,0,0,0,788,788
2030001,2040000,1,L06-1,1,0,0,0,1274,1274
2050001,2060000,1,L06-1,1,0,0,0,641,641
2110001,2120000,5,L06-1,1,0,0,0,6196,6196
2130001,2140000,1,L06-1,1,0,0,0,827,827
2170001,2180000,1,L06-1,1,0,0,0,995,995
2200001,2210000,1,L06-1,1,0,0,0,695,695
2260001,2270000,1,L06-1,1,0,0,0,1772,1772
2270001,2280000,1,L06-1,1,0,0,0,1733,1733
2280001,2290000,3,L06-1,1,0,0,0,665,665
2290001,2300000,1,L06-1,1,0,0,0,42,42
2300001,2310000,0,L06-1,1,1,0,0,0,6
2310001,2320000,0,L06-1,1,1,0,0,0,3087
2400001,2410000,1,L06-1,1,0,0,0,2033,2033
2430001,2440000,0,L06-1,1,0,1,0,0,0
2450001,2460000,1,L06-1,1,0,0,0,668,668
2490001,2500000,1,L06-1,1,0,0,0,1760,1760
2520001,2530000,0,L06-1,1,0,1,1,0,0
2540001,2550000,1,L06-1,1,0,0,0,2627,2627
2550001,2560000,2,L06-1,1,0,0,0,3415,3415
2630001,2640000,1,L06-1,1,0,0,0,1021,1021
2640001,2650000,3,L06-1,1,0,0,0,2381,2381
2680001,2690000,0,L06-1,1,0,1,1,0,0
2700001,2710000,1,L06-1,1,0,0,0,1395,1395
2710001,2720000,3,L06-1,1,0,0,0,2440,2440
2720001,2730000,1,L06-1,1,0,0,0,581,581
2770001,2780000,1,L06-1,1,0,0,0,1127,1127
2780001,2790000,1,L06-1,1,0,0,0,878,878
2800001,2810000,1,L06-1,1,0,0,0,746,746
2810001,2820000,1,L06-1,1,0,0,0,1472,1472
2820001,2830000,2,L06-1,1,0,0,0,2392,2392
2840001,2850000,1,L06-1,1,0,0,0,803,803
2880001,2890000,3,L06-1,1,0,0,0,2259,2259
2900001,2910000,1,L06-1,1,0,0,0,1355,1355
2910001,2920000,1,L06-1,1,0,0,0,737,737
2920001,2930000,4,L06-1,1,0,0,0,2375,2375
2930001,2940000,3,L06-1,1,0,0,0,1819,1819
2960001,2970000,3,L06-1,1,0,0,0,2907,2907
3010001,3020000,3,L06-1,1,0,0,0,1220,1220
3020001,3030000,1,L06-1,1,0,0,0,280,280
3040001,3050000,0,L06-1,1,0,1,0,0,0
3050001,3060000,2,L06-1,1,0,1,0,2935,2935
3110001,3120000,1,L06-1,1,0,0,0,875,875
3170001,3180000,1,L06-1,1,0,0,0,1098,1098
3210001,3220000,2,L06-1,1,0,0,0,2242,2242
3230001,3240000,2,L06-1,1,0,0,0,1570,1570
3270001,3280000,1,L06-1,1,0,0,0,93,93
3280001,3290000,2,L06-1,1,0,0,0,2902,2902
3290001,3300000,1,L06-1,1,0,0,0,1892,1892
3300001,3310000,1,L06-1,1,0,0,0,653,653
3310001,3320000,3,L06-1,1,0,0,0,1830,1830
3320001,3330000,3,L06-1,1,0,0,0,4375,4375
3380001,3390000,1,L06-1,1,0,0,0,375,375
3400001,3410000,0,L06-1,1,1,0,0,0,3092
3420001,3430000,2,L06-1,1,0,0,0,3288,3288
3430001,3440000,4,L06-1,1,0,0,0,3948,3948
3440001,3450000,6,L06-1,1,0,0,0,4250,4250
3450001,3460000,4,L06-1,1,0,0,0,2389,2389
3480001,3490000,2,L06-1,1,0,0,0,820,820
3490001,3500000,1,L06-1,1,0,0,0,1067,1067
3500001,3510000,2,L06-1,1,1,0,0,648,3741
3510001,3520000,4,L06-1,1,0,0,0,3805,3805
3520001,3530000,0,L06-1,1,1,0,0,0,3093
3530001,3540000,0,L06-1,1,0,1,0,0,0
3540001,3550000,3,L06-1,1,0,0,0,2028,2028
3550001,3560000,11,L06-1,1,0,0,0,5864,5864
3560001,3570000,18,L06-1,1,0,0,0,7418,7418
3570001,3580000,3,L06-1,1,0,0,0,2567,2567
3610001,3620000,1,L06-1,1,0,0,0,1004,1004
3620001,3630000,1,L06-1,1,0,0,0,2135,2135
3670001,3680000,1,L06-1,1,0,0,0,1103,1103
3690001,3700000,4,L06-1,1,0,0,0,4064,4064
3720001,3730000,0,L06-1,1,1,0,0,0,3092
3780001,3790000,2,L06-1,1,0,0,0,2980,2980
3830001,3840000,1,L06-1,1,0,0,0,1019,1019
3860001,3870000,5,L06-1,1,0,0,0,3647,3647
3870001,3880000,2,L06-1,1,0,0,0,2731,2731
3930001,3940000,6,L06-1,1,0,0,0,7062,7062
3960001,3970000,2,L06-1,1,0,0,0,3199,3199
20001,30000,1,L06-1,2,0,0,0,76,76
40001,50000,1,L06-1,2,0,0,0,1259,1259
50001,60000,3,L06-1,2,0,0,0,228,228
60001,70000,2,L06-1,2,0,0,0,1678,1678
100001,110000,1,L06-1,2,0,0,0,545,545
120001,130000,2,L06-1,2,0,0,0,3382,3382
190001,200000,2,L06-1,2,0,0,0,2106,2106
200001,210000,1,L06-1,2,0,0,0,1051,1051
230001,240000,1,L06-1,2,0,0,0,332,332
240001,250000,6,L06-1,2,0,0,0,3614,3614
250001,260000,7,L06-1,2,0,0,0,6228,6228
260001,270000,1,L06-1,2,0,0,0,3812,3812
300001,310000,0,L06-1,2,0,1,0,0,0
310001,320000,0,L06-1,2,1,0,0,0,3093
330001,340000,3,L06-1,2,0,0,0,3903,3903
340001,350000,1,L06-1,2,0,0,0,1415,1415
350001,360000,1,L06-1,2,0,1,0,536,536
410001,420000,0,L06-1,2,1,0,0,0,3091
420001,430000,0,L06-1,2,1,0,0,0,785
430001,440000,0,L06-1,2,1,1,0,0,2306
450001,460000,2,L06-1,2,1,0,0,1939,5032
460001,470000,1,L06-1,2,0,0,0,566,566
470001,480000,3,L06-1,2,0,0,0,2565,2565
480001,490000,1,L06-1,2,0,0,0,461,461
510001,520000,1,L06-1,2,1,0,0,227,3320
540001,550000,0,L06-1,2,0,2,0,0,0
560001,570000,1,L06-1,2,0,0,0,1197,1197
570001,580000,4,L06-1,2,0,0,0,3808,3808
580001,590000,7,L06-1,2,0,0,0,8620,8620
590001,600000,9,L06-1,2,0,0,0,7498,7498
600001,610000,1,L06-1,2,0,0,0,824,824
610001,620000,2,L06-1,2,0,0,0,1624,1624
620001,630000,1,L06-1,2,1,1,0,479,3571
640001,650000,1,L06-1,2,0,0,0,662,662
670001,680000,6,L06-1,2,0,0,0,6382,6382
680001,690000,8,L06-1,2,0,0,0,9028,9028
690001,700000,4,L06-1,2,0,0,0,3718,3718
720001,730000,1,L06-1,2,0,0,0,2345,2345
730001,740000,2,L06-1,2,0,0,0,488,488
750001,760000,4,L06-1,2,0,0,0,2708,2708
760001,770000,2,L06-1,2,0,0,0,3313,3313
810001,820000,1,L06-1,2,0,0,0,281,281
820001,830000,2,L06-1,2,0,0,0,995,995
830001,840000,2,L06-1,2,0,0,0,1722,1722
840001,850000,2,L06-1,2,0,0,0,3315,3315
870001,880000,1,L06-1,2,0,0,0,530,530
890001,900000,0,L06-1,2,1,0,0,0,1277
900001,910000,0,L06-1,2,1,0,0,0,1816
940001,950000,1,L06-1,2,0,0,0,974,974
970001,980000,3,L06-1,2,0,0,0,2830,2830
980001,990000,6,L06-1,2,0,0,0,5718,5718
1020001,1030000,1,L06-1,2,0,0,0,113,113
1030001,1040000,1,L06-1,2,0,0,0,1377,1377
1040001,1050000,3,L06-1,2,0,0,0,2160,2160
1090001,1100000,3,L06-1,2,0,0,0,2973,2973
1100001,1110000,1,L06-1,2,0,0,0,76,76
1160001,1170000,0,L06-1,2,0,1,1,0,0
1170001,1180000,2,L06-1,2,0,0,0,2494,2494
1180001,1190000,5,L06-1,2,0,0,0,5354,5354
1200001,1210000,2,L06-1,2,0,0,0,1622,1622
1210001,1220000,1,L06-1,2,0,0,0,1664,1664
1220001,1230000,1,L06-1,2,0,0,0,530,530
1290001,1300000,0,L06-1,2,1,0,0,0,3093
1430001,1440000,2,L06-1,2,0,0,0,1258,1258
1440001,1450000,3,L06-1,2,0,0,0,4855,4855
1450001,1460000,0,L06-1,2,1,0,0,0,3092
1470001,1480000,4,L06-1,2,0,0,0,5144,5144
1480001,1490000,4,L06-1,2,0,0,0,6465,6465
1490001,1500000,1,L06-1,2,0,1,1,1400,1400
1520001,1530000,1,L06-1,2,0,0,0,518,518
1540001,1550000,1,L06-1,2,0,0,0,87,87
1610001,1620000,2,L06-1,2,0,0,0,3312,3312
1620001,1630000,5,L06-1,2,0,0,0,3627,3627
1630001,1640000,2,L06-1,2,0,0,0,1642,1642
1650001,1660000,3,L06-1,2,0,0,0,3137,3137
1660001,1670000,1,L06-1,2,0,0,0,292,292
1670001,1680000,1,L06-1,2,1,0,0,814,3907
1710001,1720000,6,L06-1,2,0,0,0,5052,5052
1720001,1730000,3,L06-1,2,0,0,0,1978,1978
1780001,1790000,1,L06-1,2,0,0,0,2597,2597
1790001,1800000,1,L06-1,2,0,0,0,590,590
1800001,1810000,1,L06-1,2,0,0,0,788,788
2040001,2050000,1,L06-1,2,0,0,0,1274,1274
2070001,2080000,1,L06-1,2,0,0,0,640,640
2120001,2130000,3,L06-1,2,0,0,0,3641,3641
2130001,2140000,3,L06-1,2,0,0,0,2555,2555
2150001,2160000,1,L06-1,2,0,0,0,827,827
2190001,2200000,1,L06-1,2,0,0,0,995,995
2210001,2220000,1,L06-1,2,0,0,0,532,532
2220001,2230000,1,L06-1,2,0,0,0,163,163
2270001,2280000,1,L06-1,2,0,0,0,1772,1772
2280001,2290000,1,L06-1,2,0,1,1,1044,1044
2290001,2300000,1,L06-1,2,0,0,0,689,689
2300001,2310000,3,L06-1,2,0,0,0,707,707
2320001,2330000,0,L06-1,2,1,0,0,0,3093
2420001,2430000,1,L06-1,2,0,0,0,2033,2033
2440001,2450000,0,L06-1,2,1,0,0,0,3092
2470001,2480000,3,L06-1,2,0,0,0,1500,1500
2520001,2530000,3,L06-1,2,0,0,0,2906,2906
2560001,2570000,6,L06-1,2,0,0,0,4194,4194
2570001,2580000,1,L06-1,2,0,0,0,737,737
2580001,2590000,1,L06-1,2,0,0,0,1355,1355
2600001,2610000,2,L06-1,2,0,0,0,1879,1879
2610001,2620000,1,L06-1,2,0,0,0,380,380
2640001,2650000,1,L06-1,2,0,0,0,803,803
2670001,2680000,3,L06-1,2,0,0,0,3864,3864
2690001,2700000,1,L06-1,2,0,0,0,746,746
2710001,2720000,2,L06-1,2,0,0,0,1313,1313
2720001,2730000,1,L06-1,2,0,0,0,692,692
2770001,2780000,2,L06-1,2,0,0,0,3001,3001
2780001,2790000,1,L06-1,2,0,0,0,1415,1415
2800001,2810000,0,L06-1,2,1,0,0,0,299
2810001,2820000,0,L06-1,2,1,0,0,0,2793
2840001,2850000,1,L06-1,2,0,0,0,953,953
2850001,2860000,3,L06-1,2,0,0,0,2449,2449
2940001,2950000,2,L06-1,2,0,0,0,3415,3415
2950001,2960000,1,L06-1,2,0,0,0,2627,2627
2970001,2980000,0,L06-1,2,1,0,0,0,2576
2980001,2990000,0,L06-1,2,1,0,0,0,515
3000001,3010000,1,L06-1,2,0,0,0,1760,1760
3040001,3050000,1,L06-1,2,0,1,0,668,668
3050001,3060000,0,L06-1,2,0,1,0,0,0
3070001,3080000,2,L06-1,2,1,0,0,2935,6028
3130001,3140000,1,L06-1,2,0,0,0,875,875
3200001,3210000,1,L06-1,2,0,0,0,1098,1098
3230001,3240000,2,L06-1,2,0,1,1,2242,2242
3250001,3260000,2,L06-1,2,0,0,0,1570,1570
3300001,3310000,2,L06-1,2,0,0,0,2995,2995
3310001,3320000,1,L06-1,2,0,0,0,1892,1892
3320001,3330000,1,L06-1,2,0,1,1,653,653
3330001,3340000,2,L06-1,2,0,0,0,1606,1606
3340001,3350000,3,L06-1,2,0,0,0,4599,4599
3400001,3410000,1,L06-1,2,0,0,0,376,376
3420001,3430000,0,L06-1,2,1,1,0,0,3091
3440001,3450000,1,L06-1,2,0,0,0,1663,1663
3450001,3460000,5,L06-1,2,0,0,0,3923,3923
3460001,3470000,5,L06-1,2,0,0,0,4641,4641
3470001,3480000,5,L06-1,2,0,0,0,3648,3648
3500001,3510000,2,L06-1,2,0,0,0,820,820
3510001,3520000,1,L06-1,2,0,0,0,1067,1067
3520001,3530000,0,L06-1,2,1,0,0,0,3092
3530001,3540000,5,L06-1,2,0,0,0,4453,4453
3540001,3550000,0,L06-1,2,1,0,0,0,3093
3560001,3570000,5,L06-1,2,0,0,0,2533,2533
3570001,3580000,20,L06-1,2,0,0,0,9303,9303
3580001,3590000,10,L06-1,2,0,0,0,6041,6041
3620001,3630000,1,L06-1,2,0,0,0,1004,1004
3640001,3650000,1,L06-1,2,0,0,0,2135,2135
3680001,3690000,1,L06-1,2,0,0,0,1103,1103
3700001,3710000,1,L06-1,2,0,0,0,68,68
3710001,3720000,4,L06-1,2,0,0,0,3998,3998
3740001,3750000,0,L06-1,2,1,0,0,0,3092
3790001,3800000,1,L06-1,2,0,0,0,695,695
3800001,3810000,2,L06-1,2,0,0,0,2285,2285
3850001,3860000,1,L06-1,2,0,0,0,1019,1019
3870001,3880000,2,L06-1,2,0,0,0,1755,1755
3880001,3890000,3,L06-1,2,0,0,0,1891,1891
3890001,3900000,2,L06-1,2,0,0,0,2731,2731
3940001,3950000,2,L06-1,2,0,0,0,2558,2558
3950001,3960000,5,L06-1,2,0,0,0,4502,4502
3980001,3990000,2,L06-1,2,0,0,0,3199,3199
20001,30000,1,L06-2,1,0,0,0,75,75
40001,50000,1,L06-2,1,0,0,0,1259,1259
50001,60000,3,L06-2,1,0,0,0,228,228
60001,70000,2,L06-2,1,0,0,0,1678,1678
70001,80000,0,L06-2,1,0,1,0,0,0
90001,100000,0,L06-2,1,0,1,0,0,0
100001,110000,1,L06-2,1,0,0,0,545,545
120001,130000,2,L06-2,1,0,0,0,3382,3382
190001,200000,2,L06-2,1,0,0,0,2093,2093
200001,210000,1,L06-2,1,0,0,0,1064,1064
230001,240000,1,L06-2,1,0,0,0,318,318
240001,250000,6,L06-2,1,0,0,0,3627,3627
250001,260000,7,L06-2,1,0,0,0,6215,6215
260001,270000,1,L06-2,1,0,0,0,3827,3827
320001,330000,2,L06-2,1,0,0,0,2577,2577
330001,340000,3,L06-2,1,0,0,0,2741,2741
340001,350000,1,L06-2,1,0,0,0,536,536
440001,450000,2,L06-2,1,1,0,0,1939,5032
450001,460000,1,L06-2,1,0,0,0,566,566
460001,470000,3,L06-2,1,0,0,0,2565,2565
470001,480000,1,L06-2,1,0,0,0,461,461
500001,510000,1,L06-2,1,0,0,0,227,227
520001,530000,1,L06-2,1,0,0,0,530,530
550001,560000,1,L06-2,1,0,0,0,1781,1781
560001,570000,3,L06-2,1,0,0,0,3256,3256
580001,590000,2,L06-2,1,0,0,0,1276,1276
640001,650000,5,L06-2,1,0,0,0,6022,6022
660001,670000,1,L06-2,1,0,0,0,479,479
670001,680000,1,L06-2,1,0,0,0,2354,2354
710001,720000,9,L06-2,1,0,0,0,9746,9746
720001,730000,7,L06-2,1,0,0,0,8630,8630
730001,740000,2,L06-2,1,0,0,0,753,753
760001,770000,1,L06-2,1,0,0,0,662,662
770001,780000,1,L06-2,1,0,0,0,479,479
780001,790000,2,L06-2,1,0,0,0,1434,1434
790001,800000,2,L06-2,1,0,0,0,1014,1014
800001,810000,9,L06-2,1,0,0,0,6684,6684
810001,820000,7,L06-2,1,0,0,0,8620,8620
820001,830000,3,L06-2,1,0,0,0,4101,4101
830001,840000,1,L06-2,1,0,0,0,1718,1718
880001,890000,0,L06-2,1,1,0,0,0,3092
930001,940000,1,L06-2,1,0,0,0,974,974
950001,960000,1,L06-2,1,0,0,0,750,750
960001,970000,7,L06-2,1,0,0,0,5119,5119
970001,980000,2,L06-2,1,0,0,0,2679,2679
1000001,1010000,1,L06-2,1,0,0,0,113,113
1020001,1030000,3,L06-2,1,0,0,0,2919,2919
1030001,1040000,1,L06-2,1,0,0,0,618,618
1070001,1080000,2,L06-2,1,0,0,0,1800,1800
1080001,1090000,3,L06-2,1,0,0,0,1249,1249
1160001,1170000,6,L06-2,1,0,0,0,5695,5695
1170001,1180000,1,L06-2,1,0,0,0,2153,2153
1180001,1190000,1,L06-2,1,0,0,0,1538,1538
1190001,1200000,1,L06-2,1,0,0,0,84,84
1200001,1210000,2,L06-2,1,0,0,0,2194,2194
1230001,1240000,0,L06-2,1,0,1,1,0,0
1270001,1280000,0,L06-2,1,1,0,0,0,3093
1290001,1300000,0,L06-2,1,0,1,1,0,0
1410001,1420000,1,L06-2,1,0,0,0,218,218
1420001,1430000,2,L06-2,1,0,0,0,4603,4603
1430001,1440000,1,L06-2,1,0,0,0,1292,1292
1440001,1450000,0,L06-2,1,1,0,0,0,3093
1450001,1460000,1,L06-2,1,0,0,0,1673,1673
1460001,1470000,6,L06-2,1,0,0,0,5661,5661
1470001,1480000,1,L06-2,1,0,0,0,4275,4275
1480001,1490000,1,L06-2,1,0,0,0,1400,1400
1500001,1510000,1,L06-2,1,0,0,0,518,518
1520001,1530000,1,L06-2,1,0,0,0,87,87
1600001,1610000,3,L06-2,1,0,0,0,5040,5040
1610001,1620000,5,L06-2,1,0,0,0,3541,3541
1630001,1640000,3,L06-2,1,0,0,0,2446,2446
1640001,1650000,1,L06-2,1,0,1,1,691,691
1650001,1660000,1,L06-2,1,0,1,0,1106,1106
1660001,1670000,0,L06-2,1,1,0,0,0,3093
1690001,1700000,1,L06-2,1,0,0,0,584,584
1700001,1710000,7,L06-2,1,0,0,0,6446,6446
1760001,1770000,1,L06-2,1,0,0,0,868,868
1770001,1780000,2,L06-2,1,0,0,0,2319,2319
1780001,1790000,1,L06-2,1,0,0,0,788,788
1880001,1890000,0,L06-2,1,0,2,0,0,0
2030001,2040000,1,L06-2,1,0,0,0,1274,1274
2050001,2060000,1,L06-2,1,0,0,0,641,641
2080001,2090000,0,L06-2,1,0,1,1,0,0
2110001,2120000,5,L06-2,1,0,0,0,6196,6196
2130001,2140000,1,L06-2,1,0,0,0,827,827
2170001,2180000,1,L06-2,1,0,0,0,995,995
2200001,2210000,1,L06-2,1,0,0,0,695,695
2260001,2270000,1,L06-2,1,0,0,0,1772,1772
2270001,2280000,1,L06-2,1,0,0,0,1733,1733
2280001,2290000,3,L06-2,1,0,0,0,665,665
2290001,2300000,1,L06-2,1,0,0,0,42,42
2300001,2310000,0,L06-2,1,1,0,0,0,6
2310001,2320000,0,L06-2,1,1,1,0,0,3087
2400001,2410000,1,L06-2,1,0,0,0,2033,2033
2440001,2450000,0,L06-2,1,0,1,1,0,0
2450001,2460000,1,L06-2,1,0,0,0,668,668
2490001,2500000,1,L06-2,1,0,0,0,1760,1760
2540001,2550000,1,L06-2,1,0,0,0,2627,2627
2550001,2560000,2,L06-2,1,0,0,0,3415,3415
2590001,2600000,0,L06-2,1,0,1,1,0,0
2630001,2640000,1,L06-2,1,0,0,0,1021,1021
2640001,2650000,3,L06-2,1,0,0,0,2381,2381
2700001,2710000,1,L06-2,1,0,0,0,1395,1395
2710001,2720000,3,L06-2,1,0,0,0,2440,2440
2720001,2730000,1,L06-2,1,0,0,0,581,581
2770001,2780000,1,L06-2,1,0,0,0,1127,1127
2780001,2790000,1,L06-2,1,0,0,0,878,878
2800001,2810000,1,L06-2,1,0,0,0,746,746
2810001,2820000,1,L06-2,1,0,0,0,1472,1472
2820001,2830000,2,L06-2,1,0,0,0,2392,2392
2840001,2850000,1,L06-2,1,0,0,0,803,803
2880001,2890000,3,L06-2,1,0,0,0,2259,2259
2900001,2910000,1,L06-2,1,0,0,0,1355,1355
2910001,2920000,1,L06-2,1,0,0,0,737,737
2920001,2930000,4,L06-2,1,0,0,0,2375,2375
2930001,2940000,3,L06-2,1,0,0,0,1819,1819
2960001,2970000,3,L06-2,1,0,0,0,2907,2907
3000001,3010000,0,L06-2,1,0,1,1,0,0
3010001,3020000,3,L06-2,1,0,0,0,1220,1220
3020001,3030000,1,L06-2,1,0,0,0,280,280
3050001,3060000,2,L06-2,1,0,0,0,2935,2935
3110001,3120000,1,L06-2,1,0,0,0,875,875
3130001,3140000,0,L06-2,1,0,1,1,0,0
3170001,3180000,1,L06-2,1,0,0,0,1098,1098
3210001,3220000,2,L06-2,1,0,0,0,2242,2242
3230001,3240000,2,L06-2,1,0,0,0,1570,1570
3240001,3250000,0,L06-2,1,0,1,0,0,0
3250001,3260000,0,L06-2,1,0,1,0,0,0
3270001,3280000,1,L06-2,1,0,0,0,93,93
3280001,3290000,2,L06-2,1,0,0,0,2902,2902
3290001,3300000,1,L06-2,1,0,0,0,1892,1892
3300001,3310000,1,L06-2,1,0,0,0,653,653
3310001,3320000,3,L06-2,1,0,0,0,1830,1830
3320001,3330000,3,L06-2,1,0,0,0,4375,4375
3380001,3390000,1,L06-2,1,0,0,0,375,375
3400001,3410000,0,L06-2,1,1,0,0,0,3092
3420001,3430000,2,L06-2,1,0,0,0,3288,3288
3430001,3440000,4,L06-2,1,0,0,0,3948,3948
3440001,3450000,6,L06-2,1,0,0,0,4250,4250
3450001,3460000,4,L06-2,1,0,0,0,2389,2389
3480001,3490000,2,L06-2,1,0,0,0,820,820
3490001,3500000,1,L06-2,1,0,0,0,1067,1067
3500001,3510000,2,L06-2,1,1,0,0,648,3741
3510001,3520000,4,L06-2,1,0,0,0,3805,3805
3520001,3530000,0,L06-2,1,1,1,0,0,3093
3540001,3550000,3,L06-2,1,0,0,0,2028,2028
3550001,3560000,11,L06-2,1,0,1,1,5864,5864
3560001,3570000,18,L06-2,1,0,0,0,7418,7418
3570001,3580000,3,L06-2,1,0,0,0,2567,2567
3590001,3600000,0,L06-2,1,0,1,1,0,0
3610001,3620000,1,L06-2,1,0,0,0,1004,1004
3620001,3630000,1,L06-2,1,0,0,0,2135,2135
3670001,3680000,1,L06-2,1,0,0,0,1103,1103
3690001,3700000,4,L06-2,1,0,0,0,4064,4064
3720001,3730000,0,L06-2,1,1,0,0,0,3092
3760001,3770000,0,L06-2,1,0,1,1,0,0
3780001,3790000,2,L06-2,1,0,0,0,2980,2980
3830001,3840000,1,L06-2,1,0,0,0,1019,1019
3860001,3870000,5,L06-2,1,0,0,0,3647,3647
3870001,3880000,2,L06-2,1,0,0,0,2731,2731
3930001,3940000,6,L06-2,1,0,0,0,7062,7062
3940001,3950000,0,L06-2,1,0,1,0,0,0
3950001,3960000,0,L06-2,1,0,2,0,0,0
3960001,3970000,2,L06-2,1,0,0,0,3199,3199
20001,30000,1,L06-2,2,0,0,0,75,75
40001,50000,1,L06-2,2,0,0,0,1259,1259
50001,60000,3,L06-2,2,0,0,0,228,228
60001,70000,2,L06-2,2,0,0,0,1678,1678
70001,80000,0,L06-2,2,1,0,0,0,3092
90001,100000,1,L06-2,2,0,0,0,545,545
110001,120000,2,L06-2,2,0,0,0,3382,3382
150001,160000,0,L06-2,2,0,1,1,0,0
180001,190000,2,L06-2,2,0,0,0,2984,2984
190001,200000,1,L06-2,2,0,0,0,173,173
220001,230000,1,L06-2,2,0,0,0,857,857
230001,240000,5,L06-2,2,0,0,0,3089,3089
240001,250000,6,L06-2,2,0,0,0,7107,7107
250001,260000,1,L06-2,2,0,0,0,2934,2934
310001,320000,2,L06-2,2,0,0,0,3295,3295
320001,330000,2,L06-2,2,0,0,0,2023,2023
330001,340000,1,L06-2,2,0,0,0,536,536
430001,440000,2,L06-2,2,1,0,0,1939,5032
440001,450000,1,L06-2,2,0,0,0,566,566
450001,460000,3,L06-2,2,0,0,0,2565,2565
460001,470000,1,L06-2,2,0,0,0,461,461
490001,500000,1,L06-2,2,0,0,0,227,227
510001,520000,1,L06-2,2,0,0,0,530,530
540001,550000,1,L06-2,2,0,0,0,2685,2685
550001,560000,3,L06-2,2,0,0,0,2352,2352
570001,580000,2,L06-2,2,0,0,0,1276,1276
620001,630000,1,L06-2,2,0,0,0,355,355
630001,640000,5,L06-2,2,0,0,0,5667,5667
650001,660000,1,L06-2,2,0,0,0,479,479
660001,670000,1,L06-2,2,0,0,0,2354,2354
690001,700000,2,L06-2,2,0,0,0,712,712
700001,710000,8,L06-2,2,0,0,0,9943,9943
710001,720000,7,L06-2,2,0,0,0,7853,7853
720001,730000,1,L06-2,2,0,0,0,620,620
750001,760000,1,L06-2,2,0,0,0,662,662
760001,770000,1,L06-2,2,0,0,0,479,479
770001,780000,2,L06-2,2,0,0,0,1624,1624
780001,790000,1,L06-2,2,0,0,0,824,824
790001,800000,9,L06-2,2,0,0,0,7591,7591
800001,810000,7,L06-2,2,0,0,0,8620,8620
810001,820000,4,L06-2,2,0,0,0,3809,3809
820001,830000,1,L06-2,2,0,0,0,1103,1103
860001,870000,0,L06-2,2,0,1,0,0,0
870001,880000,0,L06-2,2,1,0,0,0,3093
910001,920000,1,L06-2,2,0,0,0,648,648
920001,930000,1,L06-2,2,0,0,0,326,326
940001,950000,1,L06-2,2,0,0,0,1662,1662
950001,960000,7,L06-2,2,0,0,0,5120,5120
960001,970000,2,L06-2,2,0,0,0,1766,1766
990001,1000000,1,L06-2,2,0,0,0,113,113
1010001,1020000,3,L06-2,2,0,0,0,3537,3537
1060001,1070000,2,L06-2,2,0,0,0,2107,2107
1070001,1080000,2,L06-2,2,0,0,0,942,942
1150001,1160000,6,L06-2,2,0,0,0,6602,6602
1160001,1170000,1,L06-2,2,0,0,0,1246,1246
1170001,1180000,1,L06-2,2,0,0,0,1538,1538
1180001,1190000,1,L06-2,2,0,0,0,84,84
1190001,1200000,2,L06-2,2,0,0,0,2194,2194
1200001,1210000,0,L06-2,2,0,1,0,0,0
1220001,1230000,0,L06-2,2,1,0,0,0,1126
1230001,1240000,0,L06-2,2,1,0,0,0,1967
1260001,1270000,0,L06-2,2,1,0,0,0,2589
1270001,1280000,0,L06-2,2,1,0,0,0,503
1280001,1290000,0,L06-2,2,1,0,0,0,3091
1370001,1380000,0,L06-2,2,0,1,1,0,0
1410001,1420000,2,L06-2,2,0,0,0,893,893
1420001,1430000,3,L06-2,2,0,0,0,5220,5220
1430001,1440000,0,L06-2,2,1,0,0,0,3093
1450001,1460000,4,L06-2,2,0,0,0,4776,4776
1460001,1470000,4,L06-2,2,0,0,0,6833,6833
1470001,1480000,1,L06-2,2,0,0,0,1400,1400
1500001,1510000,1,L06-2,2,0,0,0,518,518
1520001,1530000,1,L06-2,2,0,0,0,87,87
1590001,1600000,2,L06-2,2,0,0,0,2952,2952
1600001,1610000,5,L06-2,2,0,0,0,3987,3987
1610001,1620000,2,L06-2,2,0,0,0,1641,1641
1630001,1640000,3,L06-2,2,0,0,0,3137,3137
1640001,1650000,0,L06-2,2,1,0,0,0,3090
1650001,1660000,1,L06-2,2,1,0,0,1106,3260
1660001,1670000,0,L06-2,2,1,0,0,0,937
1690001,1700000,4,L06-2,2,0,0,0,2483,2483
1700001,1710000,5,L06-2,2,0,0,0,4547,4547
1760001,1770000,1,L06-2,2,0,0,0,2597,2597
1770001,1780000,1,L06-2,2,0,0,0,590,590
1780001,1790000,1,L06-2,2,0,0,0,788,788
1880001,1890000,0,L06-2,2,1,0,0,0,3093
2030001,2040000,1,L06-2,2,0,0,0,1274,1274
2050001,2060000,1,L06-2,2,0,0,0,640,640
2080001,2090000,0,L06-2,2,1,0,0,0,866
2090001,2100000,0,L06-2,2,1,1,0,0,2226
2110001,2120000,5,L06-2,2,0,0,0,4549,4549
2120001,2130000,1,L06-2,2,0,0,0,1647,1647
2140001,2150000,1,L06-2,2,0,0,0,827,827
2180001,2190000,1,L06-2,2,0,0,0,995,995
2200001,2210000,1,L06-2,2,0,0,0,695,695
2260001,2270000,1,L06-2,2,0,0,0,1772,1772
2270001,2280000,1,L06-2,2,0,0,0,1733,1733
2290001,2300000,3,L06-2,2,0,0,0,707,707
2310001,2320000,0,L06-2,2,1,0,0,0,3092
2400001,2410000,1,L06-2,2,0,0,0,2033,2033
2450001,2460000,1,L06-2,2,1,0,0,668,3760
2490001,2500000,1,L06-2,2,0,0,0,310,310
2500001,2510000,1,L06-2,2,0,0,0,1450,1450
2540001,2550000,1,L06-2,2,0,0,0,1674,1674
2550001,2560000,3,L06-2,2,0,0,0,4321,4321
2560001,2570000,1,L06-2,2,0,0,0,47,47
2600001,2610000,0,L06-2,2,1,0,0,0,3094
2640001,2650000,2,L06-2,2,0,0,0,2182,2182
2650001,2660000,1,L06-2,2,0,0,0,1220,1220
2710001,2720000,1,L06-2,2,0,0,0,1415,1415
2720001,2730000,2,L06-2,2,0,0,0,3000,3000
2780001,2790000,2,L06-2,2,0,0,0,2005,2005
2800001,2810000,1,L06-2,2,0,0,0,746,746
2820001,2830000,2,L06-2,2,0,0,0,2302,2302
2830001,2840000,2,L06-2,2,0,0,0,1563,1563
2850001,2860000,1,L06-2,2,0,0,0,803,803
2890001,2900000,3,L06-2,2,0,0,0,2259,2259
2910001,2920000,1,L06-2,2,0,0,0,1355,1355
2920001,2930000,1,L06-2,2,0,0,0,737,737
2930001,2940000,5,L06-2,2,0,0,0,2747,2747
2940001,2950000,2,L06-2,2,0,1,0,1447,1447
2970001,2980000,3,L06-2,2,0,0,0,2906,2906
3010001,3020000,0,L06-2,2,1,0,0,0,3092
3020001,3030000,2,L06-2,2,0,0,0,838,838
3030001,3040000,2,L06-2,2,0,0,0,662,662
3060001,3070000,2,L06-2,2,0,0,0,2935,2935
3120001,3130000,1,L06-2,2,0,0,0,875,875
3140001,3150000,0,L06-2,2,1,0,0,0,726
3150001,3160000,0,L06-2,2,1,1,0,0,2367
3190001,3200000,1,L06-2,2,0,0,0,1098,1098
3220001,3230000,2,L06-2,2,0,0,0,2242,2242
3240001,3250000,2,L06-2,2,0,0,0,1294,1294
3250001,3260000,1,L06-2,2,1,0,0,276,1805
3260001,3270000,0,L06-2,2,1,0,0,0,1562
3280001,3290000,2,L06-2,2,0,0,0,2094,2094
3290001,3300000,2,L06-2,2,0,0,0,2468,2468
3300001,3310000,2,L06-2,2,0,0,0,978,978
3310001,3320000,1,L06-2,2,0,0,0,97,97
3320001,3330000,4,L06-2,2,0,0,0,3404,3404
3330001,3340000,2,L06-2,2,0,0,0,2704,2704
3380001,3390000,1,L06-2,2,0,0,0,375,375
3400001,3410000,0,L06-2,2,1,0,0,0,546
3410001,3420000,0,L06-2,2,1,0,0,0,2547
3430001,3440000,2,L06-2,2,0,0,0,4159,4159
3440001,3450000,3,L06-2,2,0,0,0,3357,3357
3450001,3460000,5,L06-2,2,0,0,0,3970,3970
3460001,3470000,4,L06-2,2,0,0,0,2390,2390
3490001,3500000,3,L06-2,2,0,0,0,1887,1887
3510001,3520000,3,L06-2,2,1,0,0,2634,5727
3520001,3530000,2,L06-2,2,0,0,0,1819,1819
3530001,3540000,0,L06-2,2,1,0,0,0,3093
3550001,3560000,3,L06-2,2,1,0,0,2028,2662
3560001,3570000,10,L06-2,2,1,0,0,5402,7861
3570001,3580000,19,L06-2,2,0,0,0,7420,7420
3580001,3590000,3,L06-2,2,0,0,0,3025,3025
3600001,3610000,0,L06-2,2,1,0,0,0,3091
3620001,3630000,1,L06-2,2,0,0,0,1004,1004
3630001,3640000,1,L06-2,2,0,0,0,1823,1823
3640001,3650000,1,L06-2,2,0,0,0,311,311
3680001,3690000,1,L06-2,2,0,0,0,1103,1103
3700001,3710000,3,L06-2,2,0,0,0,2030,2030
3710001,3720000,2,L06-2,2,0,0,0,2033,2033
3730001,3740000,0,L06-2,2,1,0,0,0,969
3740001,3750000,0,L06-2,2,1,0,0,0,2122
3770001,3780000,0,L06-2,2,1,0,0,0,2487
3780001,3790000,0,L06-2,2,1,0,0,0,605
3800001,3810000,2,L06-2,2,0,0,0,2980,2980
3850001,3860000,1,L06-2,2,0,0,0,1019,1019
3870001,3880000,2,L06-2,2,0,0,0,1756,1756
3880001,3890000,3,L06-2,2,0,0,0,1891,1891
3890001,3900000,2,L06-2,2,0,0,0,2731,2731
3940001,3950000,1,L06-2,2,0,0,0,2414,2414
3950001,3960000,5,L06-2,2,0,0,0,4648,4648
3960001,3970000,0,L06-2,2,1,0,0,0,3092
3970001,3980000,0,L06-2,2,1,0,0,0,3093
20001,30000,1,L06-3,1,0,0,0,75,75
40001,50000,1,L06-3,1,0,0,0,1259,1259
50001,60000,3,L06-3,1,0,0,0,228,228
60001,70000,2,L06-3,1,0,0,0,1678,1678
100001,110000,1,L06-3,1,0,0,0,545,545
120001,130000,2,L06-3,1,0,0,0,3382,3382
190001,200000,2,L06-3,1,0,0,0,2093,2093
200001,210000,1,L06-3,1,0,0,0,1064,1064
230001,240000,1,L06-3,1,0,0,0,318,318
240001,250000,6,L06-3,1,0,0,0,3627,3627
250001,260000,7,L06-3,1,0,0,0,6215,6215
260001,270000,1,L06-3,1,0,0,0,3827,3827
320001,330000,2,L06-3,1,0,0,0,2577,2577
330001,340000,3,L06-3,1,0,0,0,2741,2741
340001,350000,1,L06-3,1,0,0,0,536,536
390001,400000,0,L06-3,1,0,1,1,0,0
440001,450000,2,L06-3,1,1,0,0,1939,5032
450001,460000,1,L06-3,1,0,0,0,566,566
460001,470000,3,L06-3,1,0,0,0,2565,2565
470001,480000,1,L06-3,1,0,0,0,461,461
500001,510000,1,L06-3,1,0,0,0,227,227
520001,530000,1,L06-3,1,0,0,0,530,530
550001,560000,1,L06-3,1,0,0,0,1781,1781
560001,570000,3,L06-3,1,0,0,0,3256,3256
580001,590000,2,L06-3,1,0,0,0,1276,1276
640001,650000,5,L06-3,1,0,0,0,6022,6022
660001,670000,1,L06-3,1,0,0,0,479,479
670001,680000,1,L06-3,1,0,0,0,2354,2354
710001,720000,9,L06-3,1,0,0,0,9746,9746
720001,730000,7,L06-3,1,0,0,0,8630,8630
730001,740000,2,L06-3,1,0,0,0,753,753
760001,770000,1,L06-3,1,0,0,0,662,662
770001,780000,1,L06-3,1,0,0,0,479,479
780001,790000,2,L06-3,1,0,0,0,1434,1434
790001,800000,2,L06-3,1,0,0,0,1014,1014
800001,810000,9,L06-3,1,0,0,0,6684,6684
810001,820000,7,L06-3,1,0,0,0,8620,8620
820001,830000,3,L06-3,1,0,0,0,4101,4101
830001,840000,1,L06-3,1,0,0,0,1718,1718
880001,890000,0,L06-3,1,1,1,0,0,3092
930001,940000,1,L06-3,1,0,0,0,974,974
950001,960000,1,L06-3,1,0,0,0,750,750
960001,970000,7,L06-3,1,0,0,0,5119,5119
970001,980000,2,L06-3,1,0,0,0,2679,2679
1000001,1010000,1,L06-3,1,0,0,0,113,113
1020001,1030000,3,L06-3,1,0,0,0,2919,2919
1030001,1040000,1,L06-3,1,0,0,0,618,618
1070001,1080000,2,L06-3,1,0,0,0,1800,1800
1080001,1090000,3,L06-3,1,0,0,0,1249,1249
1160001,1170000,6,L06-3,1,0,0,0,5695,5695
1170001,1180000,1,L06-3,1,0,0,0,2153,2153
1180001,1190000,1,L06-3,1,0,0,0,1538,1538
1190001,1200000,1,L06-3,1,0,0,0,84,84
1200001,1210000,2,L06-3,1,0,0,0,2194,2194
1270001,1280000,0,L06-3,1,1,0,0,0,3093
1410001,1420000,1,L06-3,1,0,0,0,218,218
1420001,1430000,2,L06-3,1,0,0,0,4603,4603
1430001,1440000,1,L06-3,1,0,0,0,1292,1292
1440001,1450000,0,L06-3,1,1,0,0,0,3093
1450001,1460000,1,L06-3,1,0,0,0,1673,1673
1460001,1470000,6,L06-3,1,0,0,0,5661,5661
1470001,1480000,1,L06-3,1,0,0,0,4275,4275
1480001,1490000,1,L06-3,1,0,0,0,1400,1400
1500001,1510000,1,L06-3,1,0,0,0,518,518
1520001,1530000,1,L06-3,1,0,0,0,87,87
1580001,1590000,0,L06-3,1,0,1,0,0,0
1590001,1600000,0,L06-3,1,0,1,0,0,0
1600001,1610000,3,L06-3,1,0,0,0,5040,5040
1610001,1620000,5,L06-3,1,0,0,0,3541,3541
1630001,1640000,3,L06-3,1,0,0,0,2446,2446
1640001,1650000,1,L06-3,1,0,0,0,691,691
1650001,1660000,1,L06-3,1,0,0,0,1106,1106
1660001,1670000,0,L06-3,1,1,0,0,0,3093
1690001,1700000,1,L06-3,1,0,0,0,584,584
1700001,1710000,7,L06-3,1,0,0,0,6446,6446
1760001,1770000,1,L06-3,1,0,0,0,868,868
1770001,1780000,2,L06-3,1,0,0,0,2319,2319
1780001,1790000,1,L06-3,1,0,0,0,788,788
1860001,1870000,0,L06-3,1,0,1,1,0,0
2030001,2040000,1,L06-3,1,0,0,0,1274,1274
2050001,2060000,1,L06-3,1,0,0,0,641,641
2110001,2120000,5,L06-3,1,0,0,0,6196,6196
2130001,2140000,1,L06-3,1,0,0,0,827,827
2160001,2170000,0,L06-3,1,0,2,0,0,0
2170001,2180000,1,L06-3,1,0,0,0,995,995
2200001,2210000,1,L06-3,1,0,0,0,695,695
2260001,2270000,1,L06-3,1,0,0,0,1772,1772
2270001,2280000,1,L06-3,1,0,0,0,1733,1733
2280001,2290000,3,L06-3,1,0,0,0,665,665
2290001,2300000,1,L06-3,1,0,1,0,42,42
2300001,2310000,0,L06-3,1,1,0,0,0,6
2310001,2320000,0,L06-3,1,1,0,0,0,3087
2370001,2380000,0,L06-3,1,0,1,0,0,0
2390001,2400000,0,L06-3,1,0,1,0,0,0
2400001,2410000,1,L06-3,1,0,0,0,2033,2033
2430001,2440000,0,L06-3,1,0,1,1,0,0
2450001,2460000,1,L06-3,1,0,0,0,668,668
2490001,2500000,1,L06-3,1,0,0,0,1760,1760
2540001,2550000,1,L06-3,1,0,0,0,2627,2627
2550001,2560000,2,L06-3,1,0,1,1,3415,3415
2630001,2640000,1,L06-3,1,0,0,0,1021,1021
2640001,2650000,3,L06-3,1,0,0,0,2381,2381
2700001,2710000,1,L06-3,1,0,0,0,1395,1395
2710001,2720000,3,L06-3,1,0,0,0,2440,2440
2720001,2730000,1,L06-3,1,0,0,0,581,581
2770001,2780000,1,L06-3,1,0,0,0,1127,1127
2780001,2790000,1,L06-3,1,0,0,0,878,878
2800001,2810000,1,L06-3,1,0,0,0,746,746
2810001,2820000,1,L06-3,1,0,0,0,1472,1472
2820001,2830000,2,L06-3,1,0,0,0,2392,2392
2840001,2850000,1,L06-3,1,0,0,0,803,803
2880001,2890000,3,L06-3,1,0,0,0,2259,2259
2900001,2910000,1,L06-3,1,0,0,0,1355,1355
2910001,2920000,1,L06-3,1,0,0,0,737,737
2920001,2930000,4,L06-3,1,0,0,0,2375,2375
2930001,2940000,3,L06-3,1,0,0,0,1819,1819
2960001,2970000,3,L06-3,1,0,0,0,2907,2907
3010001,3020000,3,L06-3,1,0,0,0,1220,1220
3020001,3030000,1,L06-3,1,0,1,1,280,280
3050001,3060000,2,L06-3,1,0,0,0,2935,2935
3110001,3120000,1,L06-3,1,0,0,0,875,875
3140001,3150000,0,L06-3,1,0,1,0,0,0
3170001,3180000,1,L06-3,1,0,0,0,1098,1098
3190001,3200000,0,L06-3,1,0,1,1,0,0
3210001,3220000,2,L06-3,1,0,0,0,2242,2242
3230001,3240000,2,L06-3,1,0,0,0,1570,1570
3270001,3280000,1,L06-3,1,0,0,0,93,93
3280001,3290000,2,L06-3,1,0,0,0,2902,2902
3290001,3300000,1,L06-3,1,0,0,0,1892,1892
3300001,3310000,1,L06-3,1,0,0,0,653,653
3310001,3320000,3,L06-3,1,0,0,0,1830,1830
3320001,3330000,3,L06-3,1,0,0,0,4375,4375
3380001,3390000,1,L06-3,1,0,0,0,375,375
3390001,3400000,0,L06-3,1,0,1,0,0,0
3400001,3410000,0,L06-3,1,1,0,0,0,3092
3420001,3430000,2,L06-3,1,0,0,0,3288,3288
3430001,3440000,4,L06-3,1,0,0,0,3948,3948
3440001,3450000,6,L06-3,1,0,0,0,4250,4250
3450001,3460000,4,L06-3,1,0,0,0,2389,2389
3480001,3490000,2,L06-3,1,0,0,0,820,820
3490001,3500000,1,L06-3,1,0,0,0,1067,1067
3500001,3510000,2,L06-3,1,1,0,0,648,3741
3510001,3520000,4,L06-3,1,0,0,0,3805,3805
3520001,3530000,0,L06-3,1,1,1,0,0,3093
3540001,3550000,3,L06-3,1,0,0,0,2028,2028
3550001,3560000,11,L06-3,1,0,0,0,5864,5864
3560001,3570000,18,L06-3,1,0,0,0,7418,7418
3570001,3580000,3,L06-3,1,0,0,0,2567,2567
3610001,3620000,1,L06-3,1,0,0,0,1004,1004
3620001,3630000,1,L06-3,1,0,0,0,2135,2135
3670001,3680000,1,L06-3,1,0,0,0,1103,1103
3690001,3700000,4,L06-3,1,0,0,0,4064,4064
3720001,3730000,0,L06-3,1,1,0,0,0,3092
3780001,3790000,2,L06-3,1,0,0,0,2980,2980
3830001,3840000,1,L06-3,1,0,0,0,1019,1019
3860001,3870000,5,L06-3,1,0,0,0,3647,3647
3870001,3880000,2,L06-3,1,0,0,0,2731,2731
3930001,3940000,6,L06-3,1,0,0,0,7062,7062
20001,30000,1,L06-3,2,0,0,0,75,75
40001,50000,1,L06-3,2,0,0,0,1259,1259
50001,60000,3,L06-3,2,0,0,0,228,228
60001,70000,2,L06-3,2,0,0,0,1678,1678
100001,110000,1,L06-3,2,0,0,0,545,545
120001,130000,2,L06-3,2,0,0,0,3382,3382
190001,200000,2,L06-3,2,0,0,0,2097,2097
200001,210000,1,L06-3,2,0,0,0,1060,1060
230001,240000,1,L06-3,2,0,0,0,322,322
240001,250000,6,L06-3,2,0,0,0,3624,3624
250001,260000,7,L06-3,2,0,0,0,6218,6218
260001,270000,1,L06-3,2,0,0,0,3823,3823
320001,330000,2,L06-3,2,0,0,0,2578,2578
330001,340000,3,L06-3,2,0,0,0,2740,2740
340001,350000,1,L06-3,2,0,0,0,536,536
390001,400000,0,L06-3,2,1,0,0,0,1816
400001,410000,0,L06-3,2,1,0,0,0,1277
430001,440000,0,L06-3,2,0,1,0,0,0
440001,450000,0,L06-3,2,1,0,0,0,3092
450001,460000,3,L06-3,2,0,0,0,2505,2505
460001,470000,1,L06-3,2,0,0,0,267,267
470001,480000,4,L06-3,2,0,0,0,2759,2759
500001,510000,1,L06-3,2,0,1,1,227,227
520001,530000,1,L06-3,2,0,0,0,530,530
530001,540000,1,L06-3,2,0,0,0,0,0
560001,570000,3,L06-3,2,0,0,0,5037,5037
580001,590000,2,L06-3,2,0,0,0,1276,1276
640001,650000,4,L06-3,2,0,0,0,5201,5201
650001,660000,1,L06-3,2,0,0,0,821,821
670001,680000,2,L06-3,2,0,0,0,2833,2833
700001,710000,0,L06-3,2,0,1,1,0,0
710001,720000,6,L06-3,2,0,0,0,6703,6703
720001,730000,9,L06-3,2,0,0,0,8638,8638
730001,740000,3,L06-3,2,0,0,0,3788,3788
760001,770000,1,L06-3,2,0,0,0,662,662
770001,780000,1,L06-3,2,0,0,0,479,479
780001,790000,1,L06-3,2,0,0,0,67,67
790001,800000,2,L06-3,2,0,0,0,1557,1557
800001,810000,7,L06-3,2,0,0,0,4624,4624
810001,820000,9,L06-3,2,0,0,0,9039,9039
820001,830000,4,L06-3,2,0,0,0,6566,6566
830001,840000,1,L06-3,2,0,0,0,1718,1718
880001,890000,0,L06-3,2,1,0,0,0,3092
920001,930000,1,L06-3,2,0,0,0,875,875
970001,980000,2,L06-3,2,0,0,0,2317,2317
980001,990000,1,L06-3,2,0,0,0,618,618
1000001,1010000,0,L06-3,2,1,0,0,0,3092
1010001,1020000,3,L06-3,2,0,0,0,1500,1500
1060001,1070000,1,L06-3,2,0,0,0,1656,1656
1070001,1080000,3,L06-3,2,0,0,0,1251,1251
1100001,1110000,5,L06-3,2,0,0,0,3156,3156
1110001,1120000,3,L06-3,2,0,0,0,1775,1775
1130001,1140000,1,L06-3,2,0,0,0,1355,1355
1140001,1150000,1,L06-3,2,0,0,0,49,49
1150001,1160000,3,L06-3,2,0,0,0,2210,2210
1190001,1200000,1,L06-3,2,0,0,0,803,803
1210001,1220000,3,L06-3,2,0,0,0,3864,3864
1230001,1240000,1,L06-3,2,0,1,1,746,746
1250001,1260000,1,L06-3,2,0,0,0,878,878
1260001,1270000,1,L06-3,2,0,0,0,1127,1127
1310001,1320000,2,L06-3,2,0,0,0,2704,2704
1320001,1330000,2,L06-3,2,0,1,1,1712,1712
1380001,1390000,1,L06-3,2,0,0,0,1107,1107
1390001,1400000,3,L06-3,2,0,0,0,2295,2295
1470001,1480000,0,L06-3,2,1,1,0,0,1804
1480001,1490000,2,L06-3,2,1,0,0,3415,4703
1490001,1500000,1,L06-3,2,0,0,0,2627,2627
1540001,1550000,1,L06-3,2,0,0,0,1760,1760
1580001,1590000,1,L06-3,2,0,0,0,668,668
1600001,1610000,0,L06-3,2,1,0,0,0,3070
1610001,1620000,0,L06-3,2,1,0,0,0,23
1630001,1640000,1,L06-3,2,0,0,0,2033,2033
1640001,1650000,0,L06-3,2,1,0,0,0,732
1650001,1660000,0,L06-3,2,1,0,0,0,2361
1690001,1700000,0,L06-3,2,0,1,0,0,0
1710001,1720000,0,L06-3,2,1,1,0,0,3093
1720001,1730000,3,L06-3,2,0,0,0,707,707
1730001,1740000,1,L06-3,2,0,0,0,1733,1733
1740001,1750000,1,L06-3,2,0,0,0,1772,1772
1800001,1810000,1,L06-3,2,0,0,0,695,695
1830001,1840000,1,L06-3,2,0,0,0,995,995
1840001,1850000,0,L06-3,2,1,0,0,0,1712
1850001,1860000,0,L06-3,2,1,0,0,0,1380
1870001,1880000,1,L06-3,2,0,0,0,827,827
1890001,1900000,5,L06-3,2,0,0,0,5766,5766
1900001,1910000,1,L06-3,2,0,0,0,430,430
1950001,1960000,1,L06-3,2,0,0,0,641,641
1970001,1980000,1,L06-3,2,0,0,0,1235,1235
1980001,1990000,1,L06-3,2,0,0,0,39,39
2140001,2150000,0,L06-3,2,1,0,0,0,2661
2150001,2160000,0,L06-3,2,1,0,0,0,432
2220001,2230000,1,L06-3,2,0,0,0,788,788
2230001,2240000,1,L06-3,2,0,0,0,590,590
2240001,2250000,1,L06-3,2,0,0,0,2597,2597
2300001,2310000,3,L06-3,2,0,0,0,2555,2555
2310001,2320000,6,L06-3,2,0,0,0,4475,4475
2350001,2360000,1,L06-3,2,1,1,0,1106,4196
2370001,2380000,3,L06-3,2,0,0,0,3137,3137
2390001,2400000,2,L06-3,2,0,0,0,1642,1642
2400001,2410000,5,L06-3,2,0,0,0,4207,4207
2410001,2420000,2,L06-3,2,0,0,0,2732,2732
2420001,2430000,0,L06-3,2,1,0,0,0,3092
2480001,2490000,1,L06-3,2,0,0,0,87,87
2490001,2500000,1,L06-3,2,0,0,0,518,518
2520001,2530000,1,L06-3,2,0,0,0,1400,1400
2530001,2540000,3,L06-3,2,0,0,0,6459,6459
2540001,2550000,4,L06-3,2,0,0,0,4492,4492
2550001,2560000,1,L06-3,2,0,0,0,658,658
2560001,2570000,0,L06-3,2,1,0,0,0,3093
2570001,2580000,3,L06-3,2,0,0,0,3793,3793
2580001,2590000,2,L06-3,2,0,0,0,2320,2320
2720001,2730000,0,L06-3,2,1,0,0,0,2176
2730001,2740000,0,L06-3,2,1,0,0,0,916
2790001,2800000,1,L06-3,2,0,0,0,530,530
2800001,2810000,1,L06-3,2,0,0,0,1664,1664
2810001,2820000,2,L06-3,2,0,0,0,1012,1012
2820001,2830000,1,L06-3,2,0,0,0,610,610
2830001,2840000,4,L06-3,2,0,0,0,4835,4835
2840001,2850000,2,L06-3,2,0,0,0,3013,3013
2910001,2920000,1,L06-3,2,0,0,0,76,76
2920001,2930000,3,L06-3,2,0,0,0,2973,2973
2970001,2980000,2,L06-3,2,0,0,0,1606,1606
2980001,2990000,1,L06-3,2,0,0,0,1929,1929
2990001,3000000,1,L06-3,2,0,0,0,113,113
3030001,3040000,6,L06-3,2,0,0,0,4656,4656
3040001,3050000,3,L06-3,2,0,0,0,3892,3892
3070001,3080000,1,L06-3,2,0,0,0,974,974
3110001,3120000,0,L06-3,2,1,0,0,0,762
3120001,3130000,0,L06-3,2,1,0,0,0,2331
3150001,3160000,1,L06-3,2,0,0,0,1098,1098
3170001,3180000,0,L06-3,2,1,0,0,0,3093
3190001,3200000,2,L06-3,2,0,0,0,2242,2242
3200001,3210000,1,L06-3,2,0,0,0,676,676
3210001,3220000,2,L06-3,2,0,0,0,894,894
3250001,3260000,2,L06-3,2,0,0,0,817,817
3260001,3270000,2,L06-3,2,0,0,0,2469,2469
3270001,3280000,2,L06-3,2,0,0,0,1601,1601
3280001,3290000,1,L06-3,2,0,0,0,653,653
3290001,3300000,3,L06-3,2,0,0,0,2619,2619
3300001,3310000,2,L06-3,2,0,0,0,3586,3586
3350001,3360000,1,L06-3,2,0,0,0,375,375
3370001,3380000,0,L06-3,2,1,0,0,0,3093
3390001,3400000,1,L06-3,2,0,0,0,660,660
3400001,3410000,4,L06-3,2,0,0,0,4854,4854
3410001,3420000,6,L06-3,2,0,0,0,4034,4034
3420001,3430000,6,L06-3,2,0,0,0,3662,3662
3430001,3440000,1,L06-3,2,0,0,0,665,665
3440001,3450000,0,L06-3,2,0,1,0,0,0
3450001,3460000,2,L06-3,2,0,1,0,820,820
3460001,3470000,1,L06-3,2,0,0,0,1067,1067
3470001,3480000,0,L06-3,2,1,0,0,0,2197
3480001,3490000,5,L06-3,2,1,0,0,3573,4469
3490001,3500000,1,L06-3,2,1,0,0,880,3973
3510001,3520000,2,L06-3,2,0,0,0,620,620
3520001,3530000,8,L06-3,2,0,0,0,5116,5116
3530001,3540000,22,L06-3,2,0,0,0,9114,9114
3540001,3550000,3,L06-3,2,0,0,0,3027,3027
3580001,3590000,1,L06-3,2,0,0,0,1004,1004
3590001,3600000,1,L06-3,2,0,0,0,2135,2135
3640001,3650000,1,L06-3,2,0,0,0,1103,1103
3660001,3670000,4,L06-3,2,0,0,0,3398,3398
3670001,3680000,1,L06-3,2,0,0,0,667,667
3690001,3700000,0,L06-3,2,1,0,0,0,2337
3700001,3710000,0,L06-3,2,1,0,0,0,755
3750001,3760000,2,L06-3,2,0,0,0,2980,2980
3800001,3810000,1,L06-3,2,0,0,0,1019,1019
3830001,3840000,5,L06-3,2,0,0,0,3647,3647
3840001,3850000,2,L06-3,2,0,0,0,2731,2731
3900001,3910000,5,L06-3,2,0,0,0,5416,5416
3910001,3920000,1,L06-3,2,0,0,0,1646,1646
3930001,3940000,2,L06-3,2,0,0,0,2943,2943
3940001,3950000,1,L06-3,2,0,0,0,256,256
20001,30000,1,L06-4,1,0,0,0,75,75
40001,50000,1,L06-4,1,0,0,0,1259,1259
50001,60000,3,L06-4,1,0,0,0,228,228
60001,70000,2,L06-4,1,0,0,0,1678,1678
100001,110000,1,L06-4,1,0,0,0,545,545
120001,130000,2,L06-4,1,0,0,0,3382,3382
190001,200000,2,L06-4,1,0,0,0,2093,2093
200001,210000,1,L06-4,1,0,0,0,1064,1064
230001,240000,1,L06-4,1,0,0,0,318,318
240001,250000,6,L06-4,1,0,0,0,3627,3627
250001,260000,7,L06-4,1,0,0,0,6215,6215
260001,270000,1,L06-4,1,0,0,0,3827,3827
300001,310000,0,L06-4,1,0,1,0,0,0
320001,330000,2,L06-4,1,0,1,0,2577,2577
330001,340000,3,L06-4,1,0,0,0,2741,2741
340001,350000,1,L06-4,1,0,0,0,536,536
430001,440000,0,L06-4,1,0,1,0,0,0
440001,450000,2,L06-4,1,1,0,0,1939,5032
450001,460000,1,L06-4,1,0,0,0,566,566
460001,470000,3,L06-4,1,0,0,0,2565,2565
470001,480000,1,L06-4,1,0,0,0,461,461
500001,510000,1,L06-4,1,0,0,0,227,227
520001,530000,1,L06-4,1,0,0,0,530,530
550001,560000,1,L06-4,1,0,0,0,1781,1781
560001,570000,3,L06-4,1,0,0,0,3256,3256
580001,590000,2,L06-4,1,0,0,0,1276,1276
640001,650000,5,L06-4,1,0,0,0,6022,6022
660001,670000,1,L06-4,1,0,0,0,479,479
670001,680000,1,L06-4,1,0,0,0,2354,2354
710001,720000,9,L06-4,1,0,0,0,9746,9746
720001,730000,7,L06-4,1,0,0,0,8630,8630
730001,740000,2,L06-4,1,0,0,0,753,753
760001,770000,1,L06-4,1,0,0,0,662,662
770001,780000,1,L06-4,1,0,0,0,479,479
780001,790000,2,L06-4,1,0,0,0,1434,1434
790001,800000,2,L06-4,1,0,0,0,1014,1014
800001,810000,9,L06-4,1,0,0,0,6684,6684
810001,820000,7,L06-4,1,0,0,0,8620,8620
820001,830000,3,L06-4,1,0,0,0,4101,4101
830001,840000,1,L06-4,1,0,0,0,1718,1718
880001,890000,0,L06-4,1,1,0,0,0,3092
930001,940000,1,L06-4,1,0,0,0,974,974
950001,960000,1,L06-4,1,0,0,0,750,750
960001,970000,7,L06-4,1,0,0,0,5119,5119
970001,980000,2,L06-4,1,0,0,0,2679,2679
1000001,1010000,1,L06-4,1,0,0,0,113,113
1020001,1030000,3,L06-4,1,0,0,0,2919,2919
1030001,1040000,1,L06-4,1,0,0,0,618,618
1070001,1080000,2,L06-4,1,0,0,0,1800,1800
1080001,1090000,3,L06-4,1,0,0,0,1249,1249
1150001,1160000,0,L06-4,1,0,1,1,0,0
1160001,1170000,6,L06-4,1,0,0,0,5695,5695
1170001,1180000,1,L06-4,1,0,0,0,2153,2153
1180001,1190000,1,L06-4,1,0,0,0,1538,1538
1190001,1200000,1,L06-4,1,0,0,0,84,84
1200001,1210000,2,L06-4,1,0,0,0,2194,2194
1270001,1280000,0,L06-4,1,1,0,0,0,3093
1290001,1300000,0,L06-4,1,0,1,0,0,0
1410001,1420000,1,L06-4,1,0,0,0,218,218
1420001,1430000,2,L06-4,1,0,0,0,4603,4603
1430001,1440000,1,L06-4,1,0,0,0,1292,1292
1440001,1450000,0,L06-4,1,1,0,0,0,3093
1450001,1460000,1,L06-4,1,0,0,0,1673,1673
1460001,1470000,6,L06-4,1,0,0,0,5661,5661
1470001,1480000,1,L06-4,1,0,0,0,4275,4275
1480001,1490000,1,L06-4,1,0,0,0,1400,1400
1500001,1510000,1,L06-4,1,0,0,0,518,518
1520001,1530000,1,L06-4,1,0,0,0,87,87
1600001,1610000,3,L06-4,1,0,0,0,5040,5040
1610001,1620000,5,L06-4,1,0,0,0,3541,3541
1630001,1640000,3,L06-4,1,0,0,0,2446,2446
1640001,1650000,1,L06-4,1,0,0,0,691,691
1650001,1660000,1,L06-4,1,0,0,0,1106,1106
1660001,1670000,0,L06-4,1,1,0,0,0,3093
1690001,1700000,1,L06-4,1,0,0,0,584,584
1700001,1710000,7,L06-4,1,0,0,0,6446,6446
1760001,1770000,1,L06-4,1,0,0,0,868,868
1770001,1780000,2,L06-4,1,0,0,0,2319,2319
1780001,1790000,1,L06-4,1,0,0,0,788,788
1920001,1930000,0,L06-4,1,0,1,1,0,0
2030001,2040000,1,L06-4,1,0,0,0,1274,1274
2050001,2060000,1,L06-4,1,0,0,0,641,641
2110001,2120000,5,L06-4,1,0,0,0,6196,6196
2130001,2140000,1,L06-4,1,0,0,0,827,827
2170001,2180000,1,L06-4,1,0,0,0,995,995
2200001,2210000,1,L06-4,1,0,0,0,695,695
2260001,2270000,1,L06-4,1,0,0,0,1772,1772
2270001,2280000,1,L06-4,1,0,0,0,1733,1733
2280001,2290000,3,L06-4,1,0,0,0,665,665
2290001,2300000,1,L06-4,1,0,0,0,42,42
2300001,2310000,0,L06-4,1,1,0,0,0,6
2310001,2320000,0,L06-4,1,1,0,0,0,3087
2350001,2360000,0,L06-4,1,0,1,1,0,0
2400001,2410000,1,L06-4,1,0,0,0,2033,2033
2450001,2460000,1,L06-4,1,0,0,0,668,668
2490001,2500000,1,L06-4,1,0,1,0,1760,1760
2540001,2550000,1,L06-4,1,0,0,0,2627,2627
2550001,2560000,2,L06-4,1,0,0,0,3415,3415
2630001,2640000,1,L06-4,1,0,0,0,1021,1021
2640001,2650000,3,L06-4,1,0,0,0,2381,2381
2700001,2710000,1,L06-4,1,0,0,0,1395,1395
2710001,2720000,3,L06-4,1,0,0,0,2440,2440
2720001,2730000,1,L06-4,1,0,0,0,581,581
2770001,2780000,1,L06-4,1,0,0,0,1127,1127
2780001,2790000,1,L06-4,1,0,0,0,878,878
2800001,2810000,1,L06-4,1,0,0,0,746,746
2810001,2820000,1,L06-4,1,0,0,0,1472,1472
2820001,2830000,2,L06-4,1,0,0,0,2392,2392
2840001,2850000,1,L06-4,1,0,0,0,803,803
2880001,2890000,3,L06-4,1,0,0,0,2259,2259
2900001,2910000,1,L06-4,1,0,0,0,1355,1355
2910001,2920000,1,L06-4,1,0,0,0,737,737
2920001,2930000,4,L06-4,1,0,0,0,2375,2375
2930001,2940000,3,L06-4,1,0,0,0,1819,1819
2960001,2970000,3,L06-4,1,0,0,0,2907,2907
3010001,3020000,3,L06-4,1,0,0,0,1220,1220
3020001,3030000,1,L06-4,1,0,0,0,280,280
3050001,3060000,2,L06-4,1,0,0,0,2935,2935
3110001,3120000,1,L06-4,1,0,0,0,875,875
3170001,3180000,1,L06-4,1,0,1,1,1098,1098
3210001,3220000,2,L06-4,1,0,0,0,2242,2242
3230001,3240000,2,L06-4,1,0,0,0,1570,1570
3250001,3260000,0,L06-4,1,0,1,1,0,0
3270001,3280000,1,L06-4,1,0,0,0,93,93
3280001,3290000,2,L06-4,1,0,0,0,2902,2902
3290001,3300000,1,L06-4,1,0,1,1,1892,1892
3300001,3310000,1,L06-4,1,0,0,0,653,653
3310001,3320000,3,L06-4,1,0,0,0,1830,1830
3320001,3330000,3,L06-4,1,0,0,0,4375,4375
3380001,3390000,1,L06-4,1,0,1,1,375,375
3400001,3410000,0,L06-4,1,1,0,0,0,3092
3420001,3430000,2,L06-4,1,0,0,0,3288,3288
3430001,3440000,4,L06-4,1,0,0,0,3948,3948
3440001,3450000,6,L06-4,1,0,0,0,4250,4250
3450001,3460000,4,L06-4,1,0,0,0,2389,2389
3480001,3490000,2,L06-4,1,0,0,0,820,820
3490001,3500000,1,L06-4,1,0,0,0,1067,1067
3500001,3510000,2,L06-4,1,1,0,0,648,3741
3510001,3520000,4,L06-4,1,0,0,0,3805,3805
3520001,3530000,0,L06-4,1,1,0,0,0,3093
3530001,3540000,0,L06-4,1,0,1,0,0,0
3540001,3550000,3,L06-4,1,0,0,0,2028,2028
3550001,3560000,11,L06-4,1,0,0,0,5864,5864
3560001,3570000,18,L06-4,1,0,0,0,7418,7418
3570001,3580000,3,L06-4,1,0,0,0,2567,2567
3610001,3620000,1,L06-4,1,0,0,0,1004,1004
3620001,3630000,1,L06-4,1,0,0,0,2135,2135
3670001,3680000,1,L06-4,1,0,0,0,1103,1103
3690001,3700000,4,L06-4,1,0,0,0,4064,4064
3720001,3730000,0,L06-4,1,1,1,1,0,3092
3730001,3740000,0,L06-4,1,0,1,0,0,0
3770001,3780000,0,L06-4,1,0,1,1,0,0
3780001,3790000,2,L06-4,1,0,0,0,2980,2980
3830001,3840000,1,L06-4,1,0,0,0,1019,1019
3860001,3870000,5,L06-4,1,0,1,1,3647,3647
3870001,3880000,2,L06-4,1,0,0,0,2731,2731
3930001,3940000,6,L06-4,1,0,0,0,7062,7062
3960001,3970000,2,L06-4,1,0,0,0,3199,3199
20001,30000,1,L06-4,2,0,0,0,75,75
40001,50000,1,L06-4,2,0,0,0,1259,1259
50001,60000,3,L06-4,2,0,0,0,228,228
60001,70000,2,L06-4,2,0,0,0,1678,1678
100001,110000,1,L06-4,2,0,0,0,545,545
120001,130000,2,L06-4,2,0,0,0,3382,3382
190001,200000,2,L06-4,2,0,0,0,2102,2102
200001,210000,1,L06-4,2,0,0,0,1055,1055
230001,240000,1,L06-4,2,0,0,0,327,327
240001,250000,6,L06-4,2,0,0,0,3619,3619
250001,260000,7,L06-4,2,0,0,0,6224,6224
260001,270000,1,L06-4,2,0,0,0,3817,3817
300001,310000,0,L06-4,2,1,0,0,0,3093
310001,320000,3,L06-4,2,0,0,0,3903,3903
320001,330000,1,L06-4,2,0,0,0,1415,1415
330001,340000,1,L06-4,2,0,0,0,536,536
420001,430000,0,L06-4,2,1,0,0,0,4890
430001,440000,3,L06-4,2,1,0,0,2505,3809
450001,460000,4,L06-4,2,0,0,0,3026,3026
480001,490000,1,L06-4,2,0,0,0,227,227
510001,520000,1,L06-4,2,0,0,0,530,530
540001,550000,3,L06-4,2,0,0,0,4047,4047
550001,560000,1,L06-4,2,0,0,0,990,990
560001,570000,2,L06-4,2,0,0,0,1276,1276
620001,630000,3,L06-4,2,0,0,0,4050,4050
630001,640000,3,L06-4,2,0,0,0,1971,1971
650001,660000,2,L06-4,2,0,0,0,1225,1225
660001,670000,1,L06-4,2,0,0,0,1608,1608
690001,700000,4,L06-4,2,0,0,0,4454,4454
700001,710000,9,L06-4,2,0,0,0,8967,8967
710001,720000,5,L06-4,2,0,0,0,5708,5708
740001,750000,1,L06-4,2,0,0,0,662,662
760001,770000,1,L06-4,2,0,0,0,479,479
770001,780000,2,L06-4,2,0,0,0,1624,1624
780001,790000,4,L06-4,2,0,0,0,2902,2902
790001,800000,9,L06-4,2,0,0,0,8617,8617
800001,810000,6,L06-4,2,0,0,0,7411,7411
810001,820000,2,L06-4,2,0,0,0,3016,3016
860001,870000,0,L06-4,2,1,0,0,0,859
870001,880000,0,L06-4,2,1,0,0,0,2234
910001,920000,1,L06-4,2,0,0,0,974,974
940001,950000,2,L06-4,2,0,0,0,2818,2818
950001,960000,6,L06-4,2,0,0,0,5730,5730
990001,1000000,1,L06-4,2,0,0,0,113,113
1000001,1010000,1,L06-4,2,0,0,0,959,959
1010001,1020000,3,L06-4,2,0,0,0,2578,2578
1060001,1070000,3,L06-4,2,0,1,1,2973,2973
1070001,1080000,1,L06-4,2,0,0,0,76,76
1130001,1140000,0,L06-4,2,1,0,0,0,539
1140001,1150000,0,L06-4,2,1,0,0,0,2553
1150001,1160000,6,L06-4,2,0,0,0,7242,7242
1160001,1170000,1,L06-4,2,0,0,0,606,606
1170001,1180000,1,L06-4,2,0,0,0,1538,1538
1180001,1190000,1,L06-4,2,0,0,0,84,84
1190001,1200000,2,L06-4,2,0,0,0,2194,2194
1260001,1270000,0,L06-4,2,1,0,0,0,3093
1380001,1390000,1,L06-4,2,0,0,0,218,218
1390001,1400000,1,L06-4,2,0,0,0,3736,3736
1400001,1410000,3,L06-4,2,0,0,0,2159,2159
1410001,1420000,0,L06-4,2,1,0,0,0,3092
1420001,1430000,1,L06-4,2,0,0,0,1673,1673
1430001,1440000,3,L06-4,2,0,0,0,3477,3477
1440001,1450000,3,L06-4,2,0,0,0,6459,6459
1450001,1460000,1,L06-4,2,0,0,0,1400,1400
1480001,1490000,1,L06-4,2,0,0,0,518,518
1490001,1500000,1,L06-4,2,0,0,0,87,87
1570001,1580000,3,L06-4,2,0,0,0,5041,5041
1580001,1590000,4,L06-4,2,0,0,0,2430,2430
1590001,1600000,2,L06-4,2,0,0,0,1111,1111
1600001,1610000,1,L06-4,2,0,0,0,229,229
1610001,1620000,3,L06-4,2,0,0,0,2908,2908
1620001,1630000,1,L06-4,2,0,0,0,1106,1106
1630001,1640000,0,L06-4,2,1,0,0,0,3093
1660001,1670000,1,L06-4,2,0,0,0,569,569
1670001,1680000,8,L06-4,2,0,0,0,5941,5941
1680001,1690000,1,L06-4,2,0,0,0,520,520
1740001,1750000,2,L06-4,2,0,0,0,3187,3187
1760001,1770000,1,L06-4,2,0,0,0,788,788
1900001,1910000,0,L06-4,2,1,0,0,0,6194
2000001,2010000,1,L06-4,2,0,0,0,209,209
2010001,2020000,1,L06-4,2,0,0,0,1065,1065
2030001,2040000,1,L06-4,2,0,0,0,641,641
2080001,2090000,1,L06-4,2,0,0,0,601,601
2090001,2100000,5,L06-4,2,0,0,0,5595,5595
2110001,2120000,1,L06-4,2,0,0,0,827,827
2130001,2140000,0,L06-4,2,0,1,1,0,0
2140001,2150000,0,L06-4,2,0,1,1,0,0
2150001,2160000,1,L06-4,2,0,0,0,995,995
2180001,2190000,1,L06-4,2,0,0,0,695,695
2240001,2250000,1,L06-4,2,0,0,0,1772,1772
2250001,2260000,1,L06-4,2,0,0,0,1733,1733
2260001,2270000,3,L06-4,2,0,0,0,707,707
2280001,2290000,0,L06-4,2,1,0,0,0,1599
2290001,2300000,1,L06-4,2,1,0,0,1760,3254
2330001,2340000,1,L06-4,2,0,0,0,668,668
2380001,2390000,1,L06-4,2,0,0,0,2033,2033
2430001,2440000,0,L06-4,2,1,0,0,0,3092
2480001,2490000,0,L06-4,2,1,0,0,0,3092
2520001,2530000,1,L06-4,2,0,0,0,1295,1295
2530001,2540000,3,L06-4,2,0,0,0,4321,4321
2540001,2550000,1,L06-4,2,0,0,0,426,426
2620001,2630000,2,L06-4,2,0,0,0,2182,2182
2630001,2640000,1,L06-4,2,0,0,0,1220,1220
2690001,2700000,1,L06-4,2,0,0,0,1415,1415
2700001,2710000,2,L06-4,2,0,0,0,3001,3001
2750001,2760000,1,L06-4,2,0,0,0,1127,1127
2760001,2770000,1,L06-4,2,0,0,0,878,878
2780001,2790000,1,L06-4,2,0,0,0,746,746
2800001,2810000,3,L06-4,2,0,0,0,3864,3864
2830001,2840000,1,L06-4,2,0,0,0,803,803
2860001,2870000,2,L06-4,2,0,0,0,744,744
2870001,2880000,2,L06-4,2,0,0,0,1515,1515
2880001,2890000,1,L06-4,2,0,0,0,118,118
2890001,2900000,1,L06-4,2,0,0,0,1237,1237
2900001,2910000,1,L06-4,2,0,0,0,737,737
2910001,2920000,6,L06-4,2,0,0,0,4193,4193
2950001,2960000,3,L06-4,2,0,0,0,2906,2906
3000001,3010000,3,L06-4,2,0,0,0,1500,1500
3030001,3040000,1,L06-4,2,0,0,0,1298,1298
3040001,3050000,2,L06-4,2,0,0,0,1637,1637
3090001,3100000,1,L06-4,2,0,0,0,875,875
3150001,3160000,0,L06-4,2,1,0,0,0,843
3160001,3170000,1,L06-4,2,1,0,0,1098,3348
3200001,3210000,2,L06-4,2,0,0,0,2242,2242
3210001,3220000,1,L06-4,2,0,0,0,1154,1154
3220001,3230000,1,L06-4,2,0,0,0,416,416
3240001,3250000,0,L06-4,2,1,0,0,0,3092
3270001,3280000,2,L06-4,2,0,0,0,2995,2995
3280001,3290000,1,L06-4,2,1,0,0,1892,3427
3290001,3300000,1,L06-4,2,1,0,0,653,2211
3300001,3310000,2,L06-4,2,0,0,0,1606,1606
3310001,3320000,3,L06-4,2,0,0,0,4599,4599
3360001,3370000,0,L06-4,2,0,1,1,0,0
3370001,3380000,1,L06-4,2,0,0,0,376,376
3380001,3390000,0,L06-4,2,1,0,0,0,3091
3390001,3400000,0,L06-4,2,1,0,0,0,1315
3400001,3410000,0,L06-4,2,1,0,0,0,1778
3420001,3430000,2,L06-4,2,0,0,0,4159,4159
3430001,3440000,3,L06-4,2,0,0,0,3357,3357
3440001,3450000,5,L06-4,2,0,0,0,3970,3970
3450001,3460000,4,L06-4,2,0,0,0,2389,2389
3480001,3490000,3,L06-4,2,0,0,0,1887,1887
3500001,3510000,3,L06-4,2,1,0,0,2634,5726
3510001,3520000,2,L06-4,2,0,0,0,1819,1819
3520001,3530000,0,L06-4,2,1,0,0,0,3093
3530001,3540000,3,L06-4,2,0,0,0,1132,1132
3540001,3550000,8,L06-4,2,0,0,0,5124,5124
3550001,3560000,21,L06-4,2,0,0,0,8594,8594
3560001,3570000,3,L06-4,2,0,0,0,3027,3027
3600001,3610000,1,L06-4,2,0,0,0,1004,1004
3610001,3620000,1,L06-4,2,0,0,0,2135,2135
3660001,3670000,1,L06-4,2,0,0,0,1103,1103
3680001,3690000,4,L06-4,2,0,0,0,3922,3922
3690001,3700000,1,L06-4,2,0,0,0,144,144
3710001,3720000,0,L06-4,2,1,0,0,0,3093
3720001,3730000,0,L06-4,2,1,0,0,0,3093
3760001,3770000,0,L06-4,2,1,0,0,0,3093
3770001,3780000,1,L06-4,2,0,1,0,1043,1043
3780001,3790000,2,L06-4,2,0,0,0,1937,1937
3830001,3840000,1,L06-4,2,0,0,0,1019,1019
3850001,3860000,3,L06-4,2,0,0,0,1942,1942
3860001,3870000,3,L06-4,2,1,0,0,1705,4797
3870001,3880000,2,L06-4,2,0,0,0,2731,2731
3920001,3930000,1,L06-4,2,0,0,0,905,905
20001,30000,1,L07-1,1,0,0,0,75,75
30001,40000,0,L07-1,1,1,0,0,0,3092
40001,50000,1,L07-1,1,0,0,0,1259,1259
50001,60000,2,L07-1,1,0,0,0,152,152
60001,70000,3,L07-1,1,0,0,0,1754,1754
110001,120000,1,L07-1,1,0,0,0,545,545
120001,130000,2,L07-1,1,0,0,0,3382,3382
160001,170000,0,L07-1,1,0,1,1,0,0
190001,200000,1,L07-1,1,0,0,0,279,279
200001,210000,2,L07-1,1,0,0,0,2877,2877
240001,250000,2,L07-1,1,0,0,0,1467,1467
250001,260000,10,L07-1,1,0,0,0,5691,5691
260001,270000,2,L07-1,1,0,0,0,6829,6829
330001,340000,3,L07-1,1,0,0,0,3903,3903
340001,350000,1,L07-1,1,0,0,0,1414,1414
350001,360000,1,L07-1,1,0,0,0,536,536
440001,450000,2,L07-1,1,0,0,0,1939,1939
450001,460000,1,L07-1,1,0,0,0,566,566
460001,470000,3,L07-1,1,0,0,0,2565,2565
470001,480000,1,L07-1,1,0,0,0,461,461
500001,510000,1,L07-1,1,0,0,0,227,227
520001,530000,1,L07-1,1,0,0,0,530,530
550001,560000,1,L07-1,1,0,0,0,1823,1823
560001,570000,3,L07-1,1,0,0,0,3214,3214
580001,590000,2,L07-1,1,0,0,0,1276,1276
640001,650000,5,L07-1,1,0,0,0,6020,6020
660001,670000,1,L07-1,1,0,0,0,479,479
670001,680000,1,L07-1,1,0,0,0,2354,2354
710001,720000,9,L07-1,1,0,0,0,9797,9797
720001,730000,7,L07-1,1,0,0,0,8631,8631
730001,740000,2,L07-1,1,0,0,0,700,700
760001,770000,1,L07-1,1,0,0,0,662,662
770001,780000,1,L07-1,1,0,0,0,479,479
780001,790000,2,L07-1,1,0,0,0,1487,1487
790001,800000,2,L07-1,1,0,0,0,960,960
800001,810000,9,L07-1,1,0,0,0,6739,6739
810001,820000,7,L07-1,1,0,0,0,8619,8619
820001,830000,3,L07-1,1,0,0,0,4047,4047
830001,840000,1,L07-1,1,0,0,0,1717,1717
850001,860000,0,L07-1,1,1,0,0,0,3093
930001,940000,1,L07-1,1,0,0,0,974,974
960001,970000,6,L07-1,1,0,0,0,5458,5458
970001,980000,3,L07-1,1,0,0,0,3090,3090
1010001,1020000,1,L07-1,1,0,0,0,113,113
1020001,1030000,1,L07-1,1,0,0,0,1929,1929
1030001,1040000,2,L07-1,1,0,0,0,1606,1606
1070001,1080000,0,L07-1,1,1,0,0,0,3092
1080001,1090000,3,L07-1,1,0,0,0,2973,2973
1090001,1100000,1,L07-1,1,0,0,0,76,76
1160001,1170000,2,L07-1,1,0,0,0,2216,2216
1170001,1180000,5,L07-1,1,0,0,0,5632,5632
1190001,1200000,2,L07-1,1,0,0,0,1622,1622
1200001,1210000,1,L07-1,1,0,0,0,1664,1664
1210001,1220000,1,L07-1,1,0,0,0,530,530
1280001,1290000,0,L07-1,1,1,0,0,0,3094
1300001,1310000,0,L07-1,1,1,1,0,0,3092
1420001,1430000,1,L07-1,1,0,0,0,218,218
1430001,1440000,3,L07-1,1,0,0,0,5895,5895
1460001,1470000,4,L07-1,1,0,0,0,4439,4439
1470001,1480000,4,L07-1,1,0,0,0,7171,7171
1480001,1490000,1,L07-1,1,0,1,1,1400,1400
1510001,1520000,1,L07-1,1,0,0,0,518,518
1530001,1540000,1,L07-1,1,0,0,0,87,87
1600001,1610000,2,L07-1,1,0,0,0,2619,2619
1610001,1620000,5,L07-1,1,0,0,0,4320,4320
1620001,1630000,2,L07-1,1,0,0,0,1642,1642
1640001,1650000,3,L07-1,1,0,0,0,3137,3137
1660001,1670000,1,L07-1,1,0,0,0,1105,1105
1690001,1700000,1,L07-1,1,0,0,0,285,285
1700001,1710000,8,L07-1,1,0,0,0,5941,5941
1710001,1720000,1,L07-1,1,0,0,0,804,804
1770001,1780000,2,L07-1,1,0,0,0,3187,3187
1790001,1800000,1,L07-1,1,0,0,0,788,788
1850001,1860000,0,L07-1,1,1,0,0,0,3093
2010001,2020000,1,L07-1,1,0,0,0,1274,1274
2040001,2050000,1,L07-1,1,0,0,0,641,641
2090001,2100000,4,L07-1,1,0,0,0,3939,3939
2100001,2110000,2,L07-1,1,0,0,0,2257,2257
2110001,2120000,0,L07-1,1,1,1,0,0,1782
2120001,2130000,1,L07-1,1,1,1,0,827,2139
2140001,2150000,0,L07-1,1,1,1,0,0,3093
2160001,2170000,1,L07-1,1,0,0,0,995,995
2190001,2200000,1,L07-1,1,0,0,0,695,695
2250001,2260000,1,L07-1,1,0,0,0,1771,1771
2260001,2270000,1,L07-1,1,0,0,0,1733,1733
2270001,2280000,3,L07-1,1,0,0,0,212,212
2280001,2290000,1,L07-1,1,0,0,0,495,495
2340001,2350000,0,L07-1,1,1,1,0,0,3093
2390001,2400000,1,L07-1,1,0,0,0,2033,2033
2430001,2440000,0,L07-1,1,1,0,0,0,3091
2440001,2450000,1,L07-1,1,0,0,0,668,668
2480001,2490000,1,L07-1,1,0,0,0,990,990
2490001,2500000,1,L07-1,1,0,0,0,770,770
2530001,2540000,1,L07-1,1,0,0,0,2360,2360
2540001,2550000,3,L07-1,1,0,0,0,3682,3682
2630001,2640000,2,L07-1,1,0,0,0,2182,2182
2640001,2650000,1,L07-1,1,0,0,0,1220,1220
2700001,2710000,1,L07-1,1,0,0,0,1415,1415
2710001,2720000,2,L07-1,1,0,0,0,3000,3000
2760001,2770000,1,L07-1,1,0,0,0,1127,1127
2770001,2780000,1,L07-1,1,0,0,0,878,878
2790001,2800000,1,L07-1,1,0,0,0,746,746
2810001,2820000,3,L07-1,1,0,0,0,3864,3864
2830001,2840000,1,L07-1,1,0,0,0,469,469
2840001,2850000,1,L07-1,1,0,0,0,334,334
2870001,2880000,2,L07-1,1,0,0,0,1285,1285
2880001,2890000,1,L07-1,1,0,0,0,974,974
2890001,2900000,1,L07-1,1,0,0,0,1188,1188
2900001,2910000,1,L07-1,1,0,0,0,167,167
2910001,2920000,1,L07-1,1,0,0,0,737,737
2920001,2930000,6,L07-1,1,0,0,0,4194,4194
2950001,2960000,2,L07-1,1,0,0,0,139,139
2960001,2970000,2,L07-1,1,0,0,0,2767,2767
2980001,2990000,0,L07-1,1,1,0,0,0,3092
3010001,3020000,3,L07-1,1,1,0,0,1499,2158
3020001,3030000,0,L07-1,1,1,0,0,0,2434
3040001,3050000,2,L07-1,1,0,0,0,2935,2935
3090001,3100000,1,L07-1,1,0,0,0,119,119
3100001,3110000,1,L07-1,1,0,0,0,756,756
3160001,3170000,1,L07-1,1,0,0,0,1098,1098
3200001,3210000,2,L07-1,1,0,0,0,2242,2242
3210001,3220000,1,L07-1,1,0,0,0,1154,1154
3220001,3230000,1,L07-1,1,0,0,0,416,416
3260001,3270000,2,L07-1,1,0,0,0,2604,2604
3270001,3280000,2,L07-1,1,0,0,0,2283,2283
3280001,3290000,1,L07-1,1,0,0,0,653,653
3290001,3300000,1,L07-1,1,0,0,0,613,613
3300001,3310000,4,L07-1,1,0,0,0,3403,3403
3310001,3320000,2,L07-1,1,0,0,0,2188,2188
3350001,3360000,0,L07-1,1,0,1,1,0,0
3360001,3370000,1,L07-1,1,0,0,0,375,375
3410001,3420000,3,L07-1,1,0,0,0,4245,4245
3420001,3430000,3,L07-1,1,0,0,0,4443,4443
3430001,3440000,5,L07-1,1,0,0,0,3040,3040
3440001,3450000,4,L07-1,1,0,0,0,2147,2147
3460001,3470000,1,L07-1,1,0,0,0,181,181
3470001,3480000,3,L07-1,1,0,0,0,1706,1706
3490001,3500000,5,L07-1,1,0,0,0,4453,4453
3520001,3530000,3,L07-1,1,0,0,0,2027,2027
3530001,3540000,16,L07-1,1,0,0,0,7844,7844
3540001,3550000,14,L07-1,1,0,0,0,7476,7476
3550001,3560000,2,L07-1,1,0,0,0,529,529
3570001,3580000,0,L07-1,1,1,0,0,0,3093
3590001,3600000,1,L07-1,1,0,0,0,1004,1004
3600001,3610000,1,L07-1,1,0,0,0,2134,2134
3650001,3660000,1,L07-1,1,0,0,0,1103,1103
3670001,3680000,4,L07-1,1,0,0,0,4065,4065
3780001,3790000,2,L07-1,1,0,0,0,2962,2962
3790001,3800000,1,L07-1,1,1,0,0,18,2305
3800001,3810000,0,L07-1,1,1,0,0,0,805
3840001,3850000,1,L07-1,1,0,0,0,1019,1019
3860001,3870000,2,L07-1,1,0,0,0,1756,1756
3870001,3880000,3,L07-1,1,0,0,0,1892,1892
3880001,3890000,2,L07-1,1,0,0,0,2731,2731
3930001,3940000,1,L07-1,1,0,0,0,2414,2414
3940001,3950000,5,L07-1,1,0,0,0,4648,4648
3970001,3980000,2,L07-1,1,0,0,0,3199,3199
20001,30000,1,L07-1,2,0,0,0,75,75
30001,40000,0,L07-1,2,1,0,0,0,3093
40001,50000,1,L07-1,2,0,0,0,1259,1259
50001,60000,2,L07-1,2,0,0,0,152,152
60001,70000,3,L07-1,2,0,0,0,1754,1754
110001,120000,1,L07-1,2,0,0,0,545,545
120001,130000,2,L07-1,2,0,0,0,3382,3382
160001,170000,0,L07-1,2,1,0,0,0,3092
200001,210000,2,L07-1,2,0,0,0,3156,3156
240001,250000,1,L07-1,2,0,0,0,857,857
250001,260000,7,L07-1,2,0,0,0,4017,4017
260001,270000,4,L07-1,2,0,0,0,9100,9100
270001,280000,1,L07-1,2,0,0,0,13,13
330001,340000,3,L07-1,2,0,0,0,3903,3903
340001,350000,1,L07-1,2,0,0,0,1415,1415
350001,360000,1,L07-1,2,0,0,0,536,536
450001,460000,3,L07-1,2,0,0,0,2505,2505
460001,470000,1,L07-1,2,0,0,0,283,283
470001,480000,4,L07-1,2,0,0,0,2743,2743
500001,510000,1,L07-1,2,0,0,0,227,227
520001,530000,1,L07-1,2,0,0,0,530,530
560001,570000,3,L07-1,2,0,0,0,5037,5037
580001,590000,2,L07-1,2,0,0,0,1276,1276
640001,650000,4,L07-1,2,0,0,0,5201,5201
650001,660000,1,L07-1,2,0,0,0,821,821
670001,680000,2,L07-1,2,0,0,0,2833,2833
710001,720000,6,L07-1,2,0,0,0,6725,6725
720001,730000,9,L07-1,2,0,0,0,8638,8638
730001,740000,3,L07-1,2,0,0,0,3765,3765
760001,770000,1,L07-1,2,0,0,0,661,661
770001,780000,1,L07-1,2,0,0,0,479,479
780001,790000,1,L07-1,2,0,0,0,93,93
790001,800000,2,L07-1,2,0,0,0,1531,1531
800001,810000,7,L07-1,2,0,0,0,4650,4650
810001,820000,9,L07-1,2,0,0,0,9039,9039
820001,830000,4,L07-1,2,0,0,0,6540,6540
830001,840000,1,L07-1,2,0,0,0,1718,1718
850001,860000,0,L07-1,2,1,0,0,0,3094
930001,940000,1,L07-1,2,0,0,0,974,974
960001,970000,2,L07-1,2,0,0,0,2818,2818
970001,980000,6,L07-1,2,0,0,0,5730,5730
1010001,1020000,1,L07-1,2,0,0,0,113,113
1020001,1030000,1,L07-1,2,0,0,0,1066,1066
1030001,1040000,3,L07-1,2,0,0,0,2470,2470
1070001,1080000,0,L07-1,2,1,0,0,0,3093
1080001,1090000,3,L07-1,2,0,0,0,2578,2578
1090001,1100000,2,L07-1,2,0,0,0,471,471
1170001,1180000,6,L07-1,2,0,0,0,7352,7352
1180001,1190000,1,L07-1,2,0,0,0,496,496
1190001,1200000,1,L07-1,2,0,0,0,1538,1538
1200001,1210000,1,L07-1,2,0,0,0,84,84
1210001,1220000,2,L07-1,2,0,0,0,2194,2194
1280001,1290000,0,L07-1,2,1,0,0,0,3093
1290001,1300000,0,L07-1,2,0,1,0,0,0
1300001,1310000,0,L07-1,2,1,0,0,0,3092
1420001,1430000,1,L07-1,2,0,0,0,218,218
1430001,1440000,2,L07-1,2,0,0,0,4603,4603
1440001,1450000,1,L07-1,2,0,0,0,1292,1292
1460001,1470000,2,L07-1,2,0,0,0,3348,3348
1470001,1480000,6,L07-1,2,0,0,0,5771,5771
1480001,1490000,1,L07-1,2,1,0,0,2490,3685
1490001,1500000,1,L07-1,2,1,0,0,1400,3298
1520001,1530000,1,L07-1,2,0,0,0,518,518
1530001,1540000,1,L07-1,2,0,0,0,87,87
1610001,1620000,3,L07-1,2,0,0,0,5040,5040
1620001,1630000,5,L07-1,2,0,0,0,3339,3339
1630001,1640000,1,L07-1,2,0,0,0,202,202
1640001,1650000,1,L07-1,2,0,0,0,1136,1136
1650001,1660000,3,L07-1,2,0,0,0,2001,2001
1660001,1670000,1,L07-1,2,0,0,0,1106,1106
1700001,1710000,3,L07-1,2,0,0,0,2014,2014
1710001,1720000,6,L07-1,2,0,0,0,5016,5016
1770001,1780000,1,L07-1,2,0,0,0,2597,2597
1780001,1790000,1,L07-1,2,0,0,0,590,590
1790001,1800000,1,L07-1,2,0,0,0,788,788
1860001,1870000,0,L07-1,2,1,0,0,0,3093
2020001,2030000,1,L07-1,2,0,0,0,1274,1274
2040001,2050000,1,L07-1,2,0,0,0,641,641
2100001,2110000,5,L07-1,2,0,0,0,6196,6196
2120001,2130000,1,L07-1,2,1,0,0,827,3921
2150001,2160000,0,L07-1,2,1,0,0,0,3094
2170001,2180000,1,L07-1,2,0,0,0,995,995
2190001,2200000,1,L07-1,2,0,0,0,695,695
2250001,2260000,1,L07-1,2,0,0,0,1772,1772
2260001,2270000,1,L07-1,2,0,0,0,1733,1733
2280001,2290000,3,L07-1,2,0,0,0,707,707
2340001,2350000,0,L07-1,2,1,0,0,0,1253
2350001,2360000,0,L07-1,2,1,0,0,0,1840
2390001,2400000,1,L07-1,2,0,0,0,2033,2033
2430001,2440000,0,L07-1,2,1,0,0,0,3093
2440001,2450000,1,L07-1,2,0,0,0,325,325
2450001,2460000,1,L07-1,2,0,0,0,343,343
2490001,2500000,1,L07-1,2,0,0,0,1760,1760
2530001,2540000,1,L07-1,2,0,0,0,301,301
2540001,2550000,2,L07-1,2,0,0,0,4555,4555
2550001,2560000,2,L07-1,2,0,0,0,1186,1186
2630001,2640000,2,L07-1,2,0,0,0,2182,2182
2640001,2650000,1,L07-1,2,0,0,0,1220,1220
2700001,2710000,1,L07-1,2,0,0,0,1415,1415
2710001,2720000,2,L07-1,2,0,0,0,3000,3000
2760001,2770000,1,L07-1,2,0,0,0,244,244
2770001,2780000,2,L07-1,2,0,0,0,1761,1761
2790001,2800000,1,L07-1,2,0,0,0,746,746
2810001,2820000,3,L07-1,2,0,0,0,3864,3864
2840001,2850000,1,L07-1,2,0,0,0,803,803
2870001,2880000,1,L07-1,2,0,0,0,380,380
2880001,2890000,2,L07-1,2,0,0,0,1879,1879
2900001,2910000,1,L07-1,2,0,0,0,1355,1355
2910001,2920000,1,L07-1,2,0,0,0,737,737
2920001,2930000,6,L07-1,2,0,0,0,4195,4195
2930001,2940000,0,L07-1,2,0,1,0,0,0
2960001,2970000,3,L07-1,2,0,0,0,2906,2906
2980001,2990000,0,L07-1,2,1,0,0,0,3092
3010001,3020000,3,L07-1,2,0,0,0,1500,1500
3020001,3030000,0,L07-1,2,1,0,0,0,3093
3040001,3050000,2,L07-1,2,0,0,0,2935,2935
3100001,3110000,1,L07-1,2,0,0,0,875,875
3160001,3170000,1,L07-1,2,0,0,0,1098,1098
3200001,3210000,2,L07-1,2,0,0,0,2242,2242
3210001,3220000,1,L07-1,2,0,0,0,411,411
3220001,3230000,2,L07-1,2,0,0,0,1159,1159
3260001,3270000,1,L07-1,2,0,0,0,737,737
3270001,3280000,2,L07-1,2,0,0,0,2283,2283
3280001,3290000,1,L07-1,2,0,0,0,1867,1867
3290001,3300000,1,L07-1,2,0,0,0,653,653
3300001,3310000,3,L07-1,2,0,0,0,2522,2522
3310001,3320000,3,L07-1,2,0,0,0,3682,3682
3350001,3360000,0,L07-1,2,1,0,0,0,3094
3370001,3380000,1,L07-1,2,0,0,0,375,375
3410001,3420000,2,L07-1,2,0,0,0,3984,3984
3420001,3430000,4,L07-1,2,0,0,0,3533,3533
3430001,3440000,5,L07-1,2,0,0,0,3970,3970
3440001,3450000,4,L07-1,2,0,0,0,2389,2389
3470001,3480000,3,L07-1,2,0,0,0,1460,1460
3480001,3490000,1,L07-1,2,0,0,0,427,427
3490001,3500000,3,L07-1,2,0,0,0,2635,2635
3500001,3510000,2,L07-1,2,0,0,0,1819,1819
3520001,3530000,1,L07-1,2,0,0,0,571,571
3530001,3540000,8,L07-1,2,0,0,0,4272,4272
3540001,3550000,21,L07-1,2,0,0,0,9614,9614
3550001,3560000,5,L07-1,2,0,0,0,3417,3417
3580001,3590000,0,L07-1,2,1,0,0,0,3093
3590001,3600000,1,L07-1,2,0,0,0,1004,1004
3610001,3620000,1,L07-1,2,0,0,0,2134,2134
3650001,3660000,1,L07-1,2,0,0,0,1103,1103
3680001,3690000,4,L07-1,2,0,0,0,4066,4066
3790001,3800000,2,L07-1,2,0,0,0,2980,2980
3800001,3810000,0,L07-1,2,1,0,0,0,3093
3840001,3850000,1,L07-1,2,0,0,0,1019,1019
3870001,3880000,5,L07-1,2,0,0,0,3647,3647
3880001,3890000,2,L07-1,2,0,0,0,2731,2731
3940001,3950000,6,L07-1,2,0,0,0,5726,5726
3950001,3960000,1,L07-1,2,0,0,0,1336,1336
3970001,3980000,2,L07-1,2,0,0,0,3199,3199
20001,30000,1,L07-2,1,0,0,0,75,75
30001,40000,0,L07-2,1,1,0,0,0,3092
40001,50000,1,L07-2,1,0,0,0,1259,1259
50001,60000,2,L07-2,1,0,0,0,152,152
60001,70000,3,L07-2,1,0,0,0,1754,1754
110001,120000,1,L07-2,1,0,0,0,545,545
120001,130000,2,L07-2,1,0,0,0,3382,3382
190001,200000,1,L07-2,1,0,0,0,279,279
200001,210000,2,L07-2,1,0,0,0,2877,2877
240001,250000,2,L07-2,1,0,0,0,1467,1467
250001,260000,10,L07-2,1,0,0,0,5691,5691
260001,270000,2,L07-2,1,0,0,0,6829,6829
330001,340000,3,L07-2,1,0,0,0,3903,3903
340001,350000,1,L07-2,1,0,0,0,1414,1414
350001,360000,1,L07-2,1,0,0,0,536,536
440001,450000,2,L07-2,1,0,0,0,1939,1939
450001,460000,1,L07-2,1,0,0,0,566,566
460001,470000,3,L07-2,1,0,0,0,2565,2565
470001,480000,1,L07-2,1,0,0,0,461,461
500001,510000,1,L07-2,1,0,0,0,227,227
520001,530000,1,L07-2,1,0,0,0,530,530
550001,560000,1,L07-2,1,0,0,0,1823,1823
560001,570000,3,L07-2,1,0,0,0,3214,3214
580001,590000,2,L07-2,1,0,0,0,1276,1276
640001,650000,5,L07-2,1,0,0,0,6020,6020
660001,670000,1,L07-2,1,0,0,0,479,479
670001,680000,1,L07-2,1,0,0,0,2354,2354
710001,720000,9,L07-2,1,0,0,0,9797,9797
720001,730000,7,L07-2,1,0,0,0,8631,8631
730001,740000,2,L07-2,1,0,0,0,700,700
760001,770000,1,L07-2,1,0,0,0,662,662
770001,780000,1,L07-2,1,0,0,0,479,479
780001,790000,2,L07-2,1,0,0,0,1487,1487
790001,800000,2,L07-2,1,0,0,0,960,960
800001,810000,9,L07-2,1,0,0,0,6739,6739
810001,820000,7,L07-2,1,0,0,0,8619,8619
820001,830000,3,L07-2,1,0,0,0,4047,4047
830001,840000,1,L07-2,1,0,0,0,1717,1717
850001,860000,0,L07-2,1,1,0,0,0,3093
930001,940000,1,L07-2,1,0,0,0,974,974
960001,970000,6,L07-2,1,0,0,0,5458,5458
970001,980000,3,L07-2,1,0,0,0,3090,3090
1010001,1020000,1,L07-2,1,0,0,0,113,113
1020001,1030000,1,L07-2,1,0,0,0,1929,1929
1030001,1040000,2,L07-2,1,0,0,0,1606,1606
1070001,1080000,0,L07-2,1,1,1,0,0,3092
1080001,1090000,3,L07-2,1,0,0,0,2973,2973
1090001,1100000,1,L07-2,1,0,0,0,76,76
1160001,1170000,2,L07-2,1,0,0,0,2216,2216
1170001,1180000,5,L07-2,1,0,0,0,5632,5632
1190001,1200000,2,L07-2,1,0,0,0,1622,1622
1200001,1210000,1,L07-2,1,0,0,0,1664,1664
1210001,1220000,1,L07-2,1,0,0,0,530,530
1280001,1290000,0,L07-2,1,1,0,0,0,3094
1300001,1310000,0,L07-2,1,1,0,0,0,3092
1420001,1430000,1,L07-2,1,0,0,0,218,218
1430001,1440000,3,L07-2,1,0,0,0,5895,5895
1460001,1470000,4,L07-2,1,0,0,0,4439,4439
1470001,1480000,4,L07-2,1,0,0,0,7171,7171
1480001,1490000,1,L07-2,1,0,1,1,1400,1400
1510001,1520000,1,L07-2,1,0,0,0,518,518
1530001,1540000,1,L07-2,1,0,0,0,87,87
1600001,1610000,2,L07-2,1,0,0,0,2619,2619
1610001,1620000,5,L07-2,1,0,0,0,4320,4320
1620001,1630000,2,L07-2,1,0,0,0,1642,1642
1640001,1650000,3,L07-2,1,0,0,0,3137,3137
1660001,1670000,1,L07-2,1,0,0,0,1105,1105
1690001,1700000,1,L07-2,1,0,0,0,285,285
1700001,1710000,8,L07-2,1,0,0,0,5941,5941
1710001,1720000,1,L07-2,1,0,0,0,804,804
1770001,1780000,2,L07-2,1,0,0,0,3187,3187
1790001,1800000,1,L07-2,1,0,0,0,788,788
1850001,1860000,0,L07-2,1,1,0,0,0,3093
1920001,1930000,0,L07-2,1,0,1,1,0,0
2010001,2020000,1,L07-2,1,0,0,0,1274,1274
2040001,2050000,1,L07-2,1,0,0,0,641,641
2090001,2100000,4,L07-2,1,0,0,0,3939,3939
2100001,2110000,2,L07-2,1,0,0,0,2257,2257
2110001,2120000,0,L07-2,1,1,0,0,0,1782
2120001,2130000,1,L07-2,1,1,1,0,827,2139
2140001,2150000,0,L07-2,1,1,0,0,0,3093
2160001,2170000,1,L07-2,1,0,0,0,995,995
2190001,2200000,1,L07-2,1,0,0,0,695,695
2250001,2260000,1,L07-2,1,0,0,0,1771,1771
2260001,2270000,1,L07-2,1,0,0,0,1733,1733
2270001,2280000,3,L07-2,1,0,0,0,212,212
2280001,2290000,1,L07-2,1,0,0,0,495,495
2340001,2350000,0,L07-2,1,1,0,0,0,3093
2350001,2360000,0,L07-2,1,0,1,0,0,0
2390001,2400000,1,L07-2,1,0,0,0,2033,2033
2430001,2440000,0,L07-2,1,1,0,0,0,3091
2440001,2450000,1,L07-2,1,0,0,0,668,668
2480001,2490000,1,L07-2,1,0,0,0,990,990
2490001,2500000,1,L07-2,1,0,0,0,770,770
2530001,2540000,1,L07-2,1,0,0,0,2360,2360
2540001,2550000,3,L07-2,1,0,0,0,3682,3682
2630001,2640000,2,L07-2,1,0,0,0,2182,2182
2640001,2650000,1,L07-2,1,0,0,0,1220,1220
2700001,2710000,1,L07-2,1,0,0,0,1415,1415
2710001,2720000,2,L07-2,1,0,0,0,3000,3000
2760001,2770000,1,L07-2,1,0,0,0,1127,1127
2770001,2780000,1,L07-2,1,0,0,0,878,878
2790001,2800000,1,L07-2,1,0,0,0,746,746
2810001,2820000,3,L07-2,1,0,0,0,3864,3864
2830001,2840000,1,L07-2,1,0,0,0,469,469
2840001,2850000,1,L07-2,1,0,0,0,334,334
2870001,2880000,2,L07-2,1,0,0,0,1285,1285
2880001,2890000,1,L07-2,1,0,0,0,974,974
2890001,2900000,1,L07-2,1,0,0,0,1188,1188
2900001,2910000,1,L07-2,1,0,0,0,167,167
2910001,2920000,1,L07-2,1,0,0,0,737,737
2920001,2930000,6,L07-2,1,0,0,0,4194,4194
2950001,2960000,2,L07-2,1,0,0,0,139,139
2960001,2970000,2,L07-2,1,0,0,0,2767,2767
2980001,2990000,0,L07-2,1,1,0,0,0,3092
3010001,3020000,3,L07-2,1,1,0,0,1499,2158
3020001,3030000,0,L07-2,1,1,0,0,0,2434
3040001,3050000,2,L07-2,1,0,0,0,2935,2935
3090001,3100000,1,L07-2,1,0,0,0,119,119
3100001,3110000,1,L07-2,1,0,0,0,756,756
3160001,3170000,1,L07-2,1,0,0,0,1098,1098
3200001,3210000,2,L07-2,1,0,0,0,2242,2242
3210001,3220000,1,L07-2,1,0,0,0,1154,1154
3220001,3230000,1,L07-2,1,0,0,0,416,416
3260001,3270000,2,L07-2,1,0,0,0,2604,2604
3270001,3280000,2,L07-2,1,0,0,0,2283,2283
3280001,3290000,1,L07-2,1,0,0,0,653,653
3290001,3300000,1,L07-2,1,0,0,0,613,613
3300001,3310000,4,L07-2,1,0,0,0,3403,3403
3310001,3320000,2,L07-2,1,0,0,0,2188,2188
3360001,3370000,1,L07-2,1,0,0,0,375,375
3410001,3420000,3,L07-2,1,0,0,0,4245,4245
3420001,3430000,3,L07-2,1,0,0,0,4443,4443
3430001,3440000,5,L07-2,1,0,0,0,3040,3040
3440001,3450000,4,L07-2,1,0,0,0,2147,2147
3460001,3470000,1,L07-2,1,0,0,0,181,181
3470001,3480000,3,L07-2,1,0,0,0,1706,1706
3490001,3500000,5,L07-2,1,0,0,0,4453,4453
3520001,3530000,3,L07-2,1,0,0,0,2027,2027
3530001,3540000,16,L07-2,1,0,0,0,7844,7844
3540001,3550000,14,L07-2,1,0,0,0,7476,7476
3550001,3560000,2,L07-2,1,0,0,0,529,529
3570001,3580000,0,L07-2,1,1,0,0,0,3093
3590001,3600000,1,L07-2,1,0,0,0,1004,1004
3600001,3610000,1,L07-2,1,0,0,0,2134,2134
3650001,3660000,1,L07-2,1,0,0,0,1103,1103
3670001,3680000,4,L07-2,1,0,0,0,4065,4065
3780001,3790000,2,L07-2,1,0,0,0,2962,2962
3790001,3800000,1,L07-2,1,1,0,0,18,2305
3800001,3810000,0,L07-2,1,1,0,0,0,805
3840001,3850000,1,L07-2,1,0,0,0,1019,1019
3860001,3870000,2,L07-2,1,0,0,0,1756,1756
3870001,3880000,3,L07-2,1,0,0,0,1892,1892
3880001,3890000,2,L07-2,1,0,0,0,2731,2731
3930001,3940000,1,L07-2,1,0,0,0,2414,2414
3940001,3950000,5,L07-2,1,0,0,0,4648,4648
3970001,3980000,2,L07-2,1,0,0,0,3199,3199
20001,30000,1,L07-2,2,0,0,0,75,75
30001,40000,0,L07-2,2,1,0,0,0,3093
40001,50000,1,L07-2,2,0,0,0,1259,1259
50001,60000,2,L07-2,2,0,0,0,152,152
60001,70000,3,L07-2,2,0,0,0,1754,1754
110001,120000,1,L07-2,2,0,0,0,545,545
120001,130000,2,L07-2,2,0,0,0,3382,3382
190001,200000,1,L07-2,2,0,0,0,262,262
200001,210000,2,L07-2,2,0,0,0,2895,2895
240001,250000,2,L07-2,2,0,0,0,1441,1441
250001,260000,10,L07-2,2,0,0,0,5691,5691
260001,270000,2,L07-2,2,0,0,0,6855,6855
330001,340000,3,L07-2,2,0,0,0,3903,3903
340001,350000,1,L07-2,2,0,0,0,1415,1415
350001,360000,1,L07-2,2,0,0,0,536,536
440001,450000,2,L07-2,2,0,0,0,1939,1939
450001,460000,1,L07-2,2,0,0,0,566,566
460001,470000,3,L07-2,2,0,0,0,2565,2565
470001,480000,1,L07-2,2,0,0,0,461,461
500001,510000,1,L07-2,2,0,0,0,227,227
520001,530000,1,L07-2,2,0,0,0,530,530
550001,560000,1,L07-2,2,0,0,0,1775,1775
560001,570000,3,L07-2,2,0,0,0,3262,3262
580001,590000,2,L07-2,2,0,0,0,1276,1276
640001,650000,5,L07-2,2,0,0,0,6021,6021
660001,670000,1,L07-2,2,0,0,0,479,479
670001,680000,1,L07-2,2,0,0,0,2354,2354
710001,720000,9,L07-2,2,0,0,0,9743,9743
720001,730000,7,L07-2,2,0,0,0,8632,8632
730001,740000,2,L07-2,2,0,0,0,754,754
760001,770000,1,L07-2,2,0,0,0,662,662
770001,780000,1,L07-2,2,0,0,0,479,479
780001,790000,2,L07-2,2,0,0,0,1436,1436
790001,800000,2,L07-2,2,0,0,0,1012,1012
800001,810000,9,L07-2,2,0,0,0,6686,6686
810001,820000,7,L07-2,2,0,0,0,8620,8620
820001,830000,3,L07-2,2,0,0,0,4099,4099
830001,840000,1,L07-2,2,0,0,0,1718,1718
850001,860000,0,L07-2,2,1,0,0,0,3094
930001,940000,1,L07-2,2,0,0,0,974,974
960001,970000,6,L07-2,2,0,0,0,5400,5400
970001,980000,3,L07-2,2,0,0,0,3148,3148
1010001,1020000,1,L07-2,2,0,0,0,113,113
1020001,1030000,1,L07-2,2,0,0,0,1931,1931
1030001,1040000,2,L07-2,2,0,0,0,1606,1606
1070001,1080000,0,L07-2,2,1,0,0,0,3093
1080001,1090000,3,L07-2,2,0,0,0,2973,2973
1090001,1100000,1,L07-2,2,0,0,0,76,76
1160001,1170000,2,L07-2,2,0,0,0,3013,3013
1170001,1180000,4,L07-2,2,0,0,0,4835,4835
1180001,1190000,1,L07-2,2,0,0,0,886,886
1190001,1200000,2,L07-2,2,0,0,0,736,736
1200001,1210000,1,L07-2,2,0,0,0,1664,1664
1210001,1220000,1,L07-2,2,0,0,0,530,530
1270001,1280000,0,L07-2,2,1,0,0,0,1194
1280001,1290000,0,L07-2,2,1,0,0,0,1900
1300001,1310000,0,L07-2,2,1,0,0,0,3094
1420001,1430000,1,L07-2,2,0,0,0,218,218
1430001,1440000,3,L07-2,2,0,0,0,5895,5895
1450001,1460000,1,L07-2,2,0,0,0,504,504
1460001,1470000,4,L07-2,2,0,0,0,4647,4647
1470001,1480000,3,L07-2,2,0,0,0,6459,6459
1480001,1490000,1,L07-2,2,1,0,0,1400,4494
1510001,1520000,1,L07-2,2,0,0,0,518,518
1530001,1540000,1,L07-2,2,0,0,0,87,87
1600001,1610000,1,L07-2,2,0,0,0,1333,1333
1610001,1620000,5,L07-2,2,0,0,0,4729,4729
1620001,1630000,4,L07-2,2,0,0,0,2519,2519
1640001,1650000,3,L07-2,2,0,0,0,3137,3137
1660001,1670000,1,L07-2,2,0,0,0,1106,1106
1700001,1710000,7,L07-2,2,0,0,0,5961,5961
1710001,1720000,2,L07-2,2,0,0,0,1069,1069
1770001,1780000,1,L07-2,2,0,0,0,2597,2597
1780001,1790000,1,L07-2,2,0,0,0,590,590
1790001,1800000,1,L07-2,2,0,0,0,788,788
1850001,1860000,0,L07-2,2,1,0,0,0,3094
1860001,1870000,0,L07-2,2,0,1,0,0,0
1920001,1930000,0,L07-2,2,1,0,0,0,3092
2020001,2030000,1,L07-2,2,0,0,0,1274,1274
2040001,2050000,1,L07-2,2,0,0,0,641,641
2090001,2100000,1,L07-2,2,0,0,0,121,121
2100001,2110000,5,L07-2,2,0,0,0,6075,6075
2120001,2130000,1,L07-2,2,1,0,0,827,3921
2150001,2160000,0,L07-2,2,1,0,0,0,3093
2160001,2170000,0,L07-2,2,0,1,1,0,0
2170001,2180000,1,L07-2,2,0,0,0,995,995
2190001,2200000,1,L07-2,2,0,0,0,695,695
2250001,2260000,1,L07-2,2,0,0,0,1772,1772
2260001,2270000,1,L07-2,2,0,0,0,1650,1650
2270001,2280000,1,L07-2,2,0,0,0,83,83
2280001,2290000,3,L07-2,2,0,0,0,707,707
2340001,2350000,0,L07-2,2,1,0,0,0,961
2350001,2360000,0,L07-2,2,1,0,0,0,2133
2390001,2400000,1,L07-2,2,0,0,0,2033,2033
2430001,2440000,0,L07-2,2,1,0,0,0,3093
2440001,2450000,1,L07-2,2,0,0,0,668,668
2480001,2490000,1,L07-2,2,0,0,0,390,390
2490001,2500000,1,L07-2,2,0,0,0,1370,1370
2530001,2540000,1,L07-2,2,0,0,0,1755,1755
2540001,2550000,3,L07-2,2,0,0,0,4287,4287
2630001,2640000,2,L07-2,2,0,0,0,2182,2182
2640001,2650000,1,L07-2,2,0,0,0,1220,1220
2700001,2710000,1,L07-2,2,0,0,0,1415,1415
2710001,2720000,2,L07-2,2,0,0,0,3001,3001
2760001,2770000,1,L07-2,2,0,0,0,1127,1127
2770001,2780000,1,L07-2,2,0,0,0,878,878
2790001,2800000,1,L07-2,2,0,0,0,746,746
2810001,2820000,3,L07-2,2,0,0,0,3865,3865
2840001,2850000,1,L07-2,2,0,0,0,803,803
2870001,2880000,2,L07-2,2,0,0,0,1204,1204
2880001,2890000,2,L07-2,2,0,0,0,1055,1055
2890001,2900000,1,L07-2,2,0,0,0,578,578
2900001,2910000,1,L07-2,2,0,0,0,777,777
2910001,2920000,1,L07-2,2,0,0,0,737,737
2920001,2930000,6,L07-2,2,0,0,0,4194,4194
2960001,2970000,3,L07-2,2,0,0,0,2907,2907
2980001,2990000,0,L07-2,2,1,0,0,0,3094
3010001,3020000,3,L07-2,2,1,0,0,1500,1544
3020001,3030000,0,L07-2,2,1,0,0,0,3050
3040001,3050000,2,L07-2,2,0,0,0,2935,2935
3100001,3110000,1,L07-2,2,0,0,0,875,875
3160001,3170000,1,L07-2,2,0,0,0,1098,1098
3200001,3210000,2,L07-2,2,0,0,0,2242,2242
3210001,3220000,1,L07-2,2,0,0,0,1154,1154
3220001,3230000,1,L07-2,2,0,0,0,416,416
3260001,3270000,2,L07-2,2,0,0,0,1982,1982
3270001,3280000,2,L07-2,2,0,0,0,2469,2469
3280001,3290000,2,L07-2,2,0,0,0,1089,1089
3290001,3300000,1,L07-2,2,0,0,0,0,0
3300001,3310000,4,L07-2,2,0,0,0,3389,3389
3310001,3320000,2,L07-2,2,0,0,0,2815,2815
3360001,3370000,1,L07-2,2,0,0,0,375,375
3410001,3420000,2,L07-2,2,0,0,0,4159,4159
3420001,3430000,4,L07-2,2,0,0,0,4529,4529
3430001,3440000,4,L07-2,2,0,0,0,2798,2798
3440001,3450000,4,L07-2,2,0,0,0,2389,2389
3470001,3480000,3,L07-2,2,0,0,0,1887,1887
3490001,3500000,5,L07-2,2,0,0,0,4453,4453
3520001,3530000,3,L07-2,2,0,0,0,2027,2027
3530001,3540000,14,L07-2,2,0,0,0,7237,7237
3540001,3550000,15,L07-2,2,0,0,0,7480,7480
3550001,3560000,3,L07-2,2,0,0,0,1132,1132
3560001,3570000,0,L07-2,2,0,1,0,0,0
3570001,3580000,0,L07-2,2,1,0,0,0,3093
3590001,3600000,1,L07-2,2,0,0,0,1004,1004
3600001,3610000,1,L07-2,2,0,0,0,2135,2135
3650001,3660000,1,L07-2,2,0,0,0,1103,1103
3670001,3680000,4,L07-2,2,0,0,0,3928,3928
3680001,3690000,1,L07-2,2,0,0,0,137,137
3700001,3710000,0,L07-2,2,0,1,1,0,0
3780001,3790000,2,L07-2,2,0,0,0,2323,2323
3790001,3800000,1,L07-2,2,1,1,0,657,2304
3800001,3810000,0,L07-2,2,1,0,0,0,1446
3840001,3850000,1,L07-2,2,0,0,0,1019,1019
3860001,3870000,2,L07-2,2,0,0,0,1273,1273
3870001,3880000,5,L07-2,2,0,0,0,2374,2374
3880001,3890000,2,L07-2,2,0,0,0,2731,2731
3930001,3940000,1,L07-2,2,0,0,0,2195,2195
3940001,3950000,6,L07-2,2,0,0,0,4867,4867
20001,30000,1,L07-3,1,0,0,0,75,75
30001,40000,0,L07-3,1,1,0,0,0,3092
40001,50000,1,L07-3,1,0,0,0,1259,1259
50001,60000,2,L07-3,1,0,0,0,152,152
60001,70000,3,L07-3,1,0,0,0,1754,1754
110001,120000,1,L07-3,1,0,0,0,545,545
120001,130000,2,L07-3,1,0,0,0,3382,3382
190001,200000,1,L07-3,1,0,0,0,279,279
200001,210000,2,L07-3,1,0,0,0,2877,2877
240001,250000,2,L07-3,1,0,0,0,1467,1467
250001,260000,10,L07-3,1,0,0,0,5691,5691
260001,270000,2,L07-3,1,0,0,0,6829,6829
330001,340000,3,L07-3,1,0,0,0,3903,3903
340001,350000,1,L07-3,1,0,0,0,1414,1414
350001,360000,1,L07-3,1,0,0,0,536,536
440001,450000,2,L07-3,1,0,0,0,1939,1939
450001,460000,1,L07-3,1,0,0,0,566,566
460001,470000,3,L07-3,1,0,0,0,2565,2565
470001,480000,1,L07-3,1,0,0,0,461,461
500001,510000,1,L07-3,1,0,0,0,227,227
520001,530000,1,L07-3,1,0,0,0,530,530
550001,560000,1,L07-3,1,0,0,0,1823,1823
560001,570000,3,L07-3,1,0,0,0,3214,3214
580001,590000,2,L07-3,1,0,0,0,1276,1276
640001,650000,5,L07-3,1,0,0,0,6020,6020
660001,670000,1,L07-3,1,0,0,0,479,479
670001,680000,1,L07-3,1,0,0,0,2354,2354
710001,720000,9,L07-3,1,0,0,0,9797,9797
720001,730000,7,L07-3,1,0,0,0,8631,8631
730001,740000,2,L07-3,1,0,0,0,700,700
760001,770000,1,L07-3,1,0,0,0,662,662
770001,780000,1,L07-3,1,0,0,0,479,479
780001,790000,2,L07-3,1,0,0,0,1487,1487
790001,800000,2,L07-3,1,0,0,0,960,960
800001,810000,9,L07-3,1,0,0,0,6739,6739
810001,820000,7,L07-3,1,0,0,0,8619,8619
820001,830000,3,L07-3,1,0,0,0,4047,4047
830001,840000,1,L07-3,1,0,0,0,1717,1717
850001,860000,0,L07-3,1,1,0,0,0,3093
930001,940000,1,L07-3,1,0,0,0,974,974
960001,970000,6,L07-3,1,0,0,0,5458,5458
970001,980000,3,L07-3,1,0,0,0,3090,3090
1010001,1020000,1,L07-3,1,0,0,0,113,113
1020001,1030000,1,L07-3,1,0,0,0,1929,1929
1030001,1040000,2,L07-3,1,0,0,0,1606,1606
1070001,1080000,0,L07-3,1,1,0,0,0,3092
1080001,1090000,3,L07-3,1,0,0,0,2973,2973
1090001,1100000,1,L07-3,1,0,0,0,76,76
1160001,1170000,2,L07-3,1,0,0,0,2216,2216
1170001,1180000,5,L07-3,1,0,0,0,5632,5632
1190001,1200000,2,L07-3,1,0,0,0,1622,1622
1200001,1210000,1,L07-3,1,0,0,0,1664,1664
1210001,1220000,1,L07-3,1,0,0,0,530,530
1280001,1290000,0,L07-3,1,1,0,0,0,3094
1300001,1310000,0,L07-3,1,1,1,0,0,3092
1420001,1430000,1,L07-3,1,0,0,0,218,218
1430001,1440000,3,L07-3,1,0,0,0,5895,5895
1460001,1470000,4,L07-3,1,0,0,0,4439,4439
1470001,1480000,4,L07-3,1,0,0,0,7171,7171
1480001,1490000,1,L07-3,1,0,1,0,1400,1400
1510001,1520000,1,L07-3,1,0,0,0,518,518
1530001,1540000,1,L07-3,1,0,0,0,87,87
1540001,1550000,0,L07-3,1,0,1,1,0,0
1600001,1610000,2,L07-3,1,0,0,0,2619,2619
1610001,1620000,5,L07-3,1,0,0,0,4320,4320
1620001,1630000,2,L07-3,1,0,0,0,1642,1642
1640001,1650000,3,L07-3,1,0,0,0,3137,3137
1660001,1670000,1,L07-3,1,0,0,0,1105,1105
1690001,1700000,1,L07-3,1,0,0,0,285,285
1700001,1710000,8,L07-3,1,0,0,0,5941,5941
1710001,1720000,1,L07-3,1,0,0,0,804,804
1770001,1780000,2,L07-3,1,0,0,0,3187,3187
1790001,1800000,1,L07-3,1,0,0,0,788,788
1850001,1860000,0,L07-3,1,1,0,0,0,3093
2010001,2020000,1,L07-3,1,0,0,0,1274,1274
2040001,2050000,1,L07-3,1,0,0,0,641,641
2090001,2100000,4,L07-3,1,0,0,0,3939,3939
2100001,2110000,2,L07-3,1,0,0,0,2257,2257
2110001,2120000,0,L07-3,1,1,0,0,0,1782
2120001,2130000,1,L07-3,1,1,1,0,827,2139
2140001,2150000,0,L07-3,1,1,0,0,0,3093
2160001,2170000,1,L07-3,1,0,0,0,995,995
2190001,2200000,1,L07-3,1,0,0,0,695,695
2250001,2260000,1,L07-3,1,0,0,0,1771,1771
2260001,2270000,1,L07-3,1,0,0,0,1733,1733
2270001,2280000,3,L07-3,1,0,0,0,212,212
2280001,2290000,1,L07-3,1,0,0,0,495,495
2340001,2350000,0,L07-3,1,1,1,0,0,3093
2390001,2400000,1,L07-3,1,0,0,0,2033,2033
2430001,2440000,0,L07-3,1,1,0,0,0,3091
2440001,2450000,1,L07-3,1,0,0,0,668,668
2480001,2490000,1,L07-3,1,0,0,0,990,990
2490001,2500000,1,L07-3,1,0,0,0,770,770
2530001,2540000,1,L07-3,1,0,0,0,2360,2360
2540001,2550000,3,L07-3,1,0,0,0,3682,3682
2630001,2640000,2,L07-3,1,0,0,0,2182,2182
2640001,2650000,1,L07-3,1,0,0,0,1220,1220
2700001,2710000,1,L07-3,1,0,0,0,1415,1415
2710001,2720000,2,L07-3,1,0,0,0,3000,3000
2760001,2770000,1,L07-3,1,0,0,0,1127,1127
2770001,2780000,1,L07-3,1,0,0,0,878,878
2790001,2800000,1,L07-3,1,0,0,0,746,746
2810001,2820000,3,L07-3,1,0,0,0,3864,3864
2830001,2840000,1,L07-3,1,0,0,0,469,469
2840001,2850000,1,L07-3,1,0,0,0,334,334
2870001,2880000,2,L07-3,1,0,0,0,1285,1285
2880001,2890000,1,L07-3,1,0,0,0,974,974
2890001,2900000,1,L07-3,1,0,0,0,1188,1188
2900001,2910000,1,L07-3,1,0,0,0,167,167
2910001,2920000,1,L07-3,1,0,0,0,737,737
2920001,2930000,6,L07-3,1,0,0,0,4194,4194
2950001,2960000,2,L07-3,1,0,0,0,139,139
2960001,2970000,2,L07-3,1,0,0,0,2767,2767
2980001,2990000,0,L07-3,1,1,0,0,0,3092
3010001,3020000,3,L07-3,1,1,1,0,1499,2158
3020001,3030000,0,L07-3,1,1,0,0,0,2434
3040001,3050000,2,L07-3,1,0,0,0,2935,2935
3090001,3100000,1,L07-3,1,0,0,0,119,119
3100001,3110000,1,L07-3,1,0,0,0,756,756
3160001,3170000,1,L07-3,1,0,0,0,1098,1098
3200001,3210000,2,L07-3,1,0,0,0,2242,2242
3210001,3220000,1,L07-3,1,0,0,0,1154,1154
3220001,3230000,1,L07-3,1,0,0,0,416,416
3260001,3270000,2,L07-3,1,0,0,0,2604,2604
3270001,3280000,2,L07-3,1,0,0,0,2283,2283
3280001,3290000,1,L07-3,1,0,0,0,653,653
3290001,3300000,1,L07-3,1,0,0,0,613,613
3300001,3310000,4,L07-3,1,0,0,0,3403,3403
3310001,3320000,2,L07-3,1,0,0,0,2188,2188
3360001,3370000,1,L07-3,1,0,0,0,375,375
3410001,3420000,3,L07-3,1,0,0,0,4245,4245
3420001,3430000,3,L07-3,1,0,0,0,4443,4443
3430001,3440000,5,L07-3,1,0,0,0,3040,3040
3440001,3450000,4,L07-3,1,0,0,0,2147,2147
3460001,3470000,1,L07-3,1,0,0,0,181,181
3470001,3480000,3,L07-3,1,0,0,0,1706,1706
3490001,3500000,5,L07-3,1,0,0,0,4453,4453
3520001,3530000,3,L07-3,1,0,0,0,2027,2027
3530001,3540000,16,L07-3,1,0,0,0,7844,7844
3540001,3550000,14,L07-3,1,0,0,0,7476,7476
3550001,3560000,2,L07-3,1,0,0,0,529,529
3570001,3580000,0,L07-3,1,1,0,0,0,3093
3590001,3600000,1,L07-3,1,0,0,0,1004,1004
3600001,3610000,1,L07-3,1,0,0,0,2134,2134
3650001,3660000,1,L07-3,1,0,0,0,1103,1103
3670001,3680000,4,L07-3,1,0,0,0,4065,4065
3700001,3710000,0,L07-3,1,0,1,0,0,0
3720001,3730000,0,L07-3,1,0,1,0,0,0
3780001,3790000,2,L07-3,1,0,0,0,2962,2962
3790001,3800000,1,L07-3,1,1,0,0,18,2305
3800001,3810000,0,L07-3,1,1,0,0,0,805
3840001,3850000,1,L07-3,1,0,0,0,1019,1019
3860001,3870000,2,L07-3,1,0,0,0,1756,1756
3870001,3880000,3,L07-3,1,0,0,0,1892,1892
3880001,3890000,2,L07-3,1,0,0,0,2731,2731
3930001,3940000,1,L07-3,1,0,0,0,2414,2414
3940001,3950000,5,L07-3,1,0,0,0,4648,4648
20001,30000,1,L07-3,2,0,0,0,75,75
30001,40000,0,L07-3,2,1,0,0,0,3094
40001,50000,1,L07-3,2,0,0,0,1259,1259
50001,60000,2,L07-3,2,0,0,0,152,152
60001,70000,3,L07-3,2,0,1,1,1754,1754
110001,120000,1,L07-3,2,0,0,0,545,545
120001,130000,2,L07-3,2,0,0,0,3382,3382
190001,200000,1,L07-3,2,0,0,0,268,268
200001,210000,2,L07-3,2,0,0,0,2889,2889
240001,250000,2,L07-3,2,0,0,0,1450,1450
250001,260000,10,L07-3,2,0,0,0,5691,5691
260001,270000,2,L07-3,2,0,0,0,6847,6847
330001,340000,3,L07-3,2,0,0,0,3903,3903
340001,350000,1,L07-3,2,0,0,0,1415,1415
350001,360000,1,L07-3,2,0,0,0,536,536
440001,450000,2,L07-3,2,0,0,0,1939,1939
450001,460000,1,L07-3,2,0,0,0,566,566
460001,470000,3,L07-3,2,0,0,0,2565,2565
470001,480000,1,L07-3,2,0,0,0,461,461
500001,510000,1,L07-3,2,0,0,0,227,227
520001,530000,1,L07-3,2,0,0,0,530,530
550001,560000,1,L07-3,2,0,0,0,1785,1785
560001,570000,3,L07-3,2,0,0,0,3252,3252
580001,590000,2,L07-3,2,0,0,0,1276,1276
640001,650000,5,L07-3,2,0,0,0,6022,6022
660001,670000,1,L07-3,2,0,0,0,479,479
670001,680000,1,L07-3,2,0,0,0,2354,2354
710001,720000,9,L07-3,2,0,0,0,9751,9751
720001,730000,7,L07-3,2,0,0,0,8632,8632
730001,740000,2,L07-3,2,0,0,0,745,745
760001,770000,1,L07-3,2,0,0,0,662,662
770001,780000,1,L07-3,2,0,0,0,479,479
780001,790000,2,L07-3,2,0,0,0,1446,1446
790001,800000,2,L07-3,2,0,0,0,1002,1002
800001,810000,9,L07-3,2,0,0,0,6698,6698
810001,820000,7,L07-3,2,0,0,0,8620,8620
820001,830000,3,L07-3,2,0,0,0,4087,4087
830001,840000,1,L07-3,2,0,0,0,1718,1718
850001,860000,0,L07-3,2,1,0,0,0,3094
930001,940000,1,L07-3,2,0,0,0,974,974
960001,970000,6,L07-3,2,0,0,0,5410,5410
970001,980000,3,L07-3,2,0,0,0,3138,3138
1010001,1020000,1,L07-3,2,0,0,0,113,113
1020001,1030000,1,L07-3,2,0,0,0,1930,1930
1030001,1040000,2,L07-3,2,0,0,0,1606,1606
1070001,1080000,0,L07-3,2,1,0,0,0,3091
1080001,1090000,3,L07-3,2,0,0,0,2972,2972
1090001,1100000,1,L07-3,2,0,0,0,76,76
1160001,1170000,2,L07-3,2,0,0,0,2165,2165
1170001,1180000,5,L07-3,2,0,0,0,5682,5682
1190001,1200000,2,L07-3,2,0,0,0,1622,1622
1200001,1210000,1,L07-3,2,0,0,0,1664,1664
1210001,1220000,1,L07-3,2,0,0,0,530,530
1280001,1290000,0,L07-3,2,1,0,0,0,3092
1300001,1310000,0,L07-3,2,1,0,0,0,3093
1310001,1320000,3,L07-3,2,0,0,0,6459,6459
1320001,1330000,4,L07-3,2,0,0,0,5145,5145
1330001,1340000,1,L07-3,2,0,0,0,5,5
1350001,1360000,3,L07-3,2,0,0,0,5895,5895
1360001,1370000,1,L07-3,2,0,0,0,218,218
1480001,1490000,1,L07-3,2,1,0,0,1248,4341
1490001,1500000,1,L07-3,2,0,0,0,152,152
1510001,1520000,1,L07-3,2,0,0,0,518,518
1530001,1540000,1,L07-3,2,0,0,0,87,87
1540001,1550000,0,L07-3,2,1,0,0,0,3094
1610001,1620000,3,L07-3,2,0,0,0,5040,5040
1620001,1630000,5,L07-3,2,0,0,0,3541,3541
1640001,1650000,2,L07-3,2,0,0,0,1670,1670
1650001,1660000,2,L07-3,2,0,0,0,1467,1467
1660001,1670000,1,L07-3,2,0,0,0,1106,1106
1700001,1710000,4,L07-3,2,0,0,0,2547,2547
1710001,1720000,5,L07-3,2,0,0,0,4483,4483
1770001,1780000,1,L07-3,2,0,0,0,2597,2597
1780001,1790000,1,L07-3,2,0,0,0,590,590
1790001,1800000,1,L07-3,2,0,0,0,788,788
1860001,1870000,0,L07-3,2,1,0,0,0,3093
2020001,2030000,1,L07-3,2,0,0,0,1274,1274
2040001,2050000,1,L07-3,2,0,0,0,641,641
2100001,2110000,5,L07-3,2,0,0,0,6196,6196
2120001,2130000,1,L07-3,2,1,0,0,377,3471
2130001,2140000,1,L07-3,2,0,0,0,450,450
2150001,2160000,0,L07-3,2,1,0,0,0,3093
2170001,2180000,1,L07-3,2,0,0,0,995,995
2190001,2200000,1,L07-3,2,0,0,0,601,601
2200001,2210000,1,L07-3,2,0,0,0,94,94
2250001,2260000,1,L07-3,2,0,0,0,1772,1772
2260001,2270000,1,L07-3,2,0,0,0,1112,1112
2270001,2280000,1,L07-3,2,0,0,0,621,621
2280001,2290000,3,L07-3,2,0,0,0,707,707
2340001,2350000,0,L07-3,2,1,0,0,0,427
2350001,2360000,0,L07-3,2,1,0,0,0,2666
2400001,2410000,1,L07-3,2,0,0,0,2033,2033
2430001,2440000,0,L07-3,2,1,0,0,0,3094
2450001,2460000,1,L07-3,2,0,0,0,668,668
2490001,2500000,1,L07-3,2,0,0,0,1761,1761
2540001,2550000,2,L07-3,2,0,0,0,2674,2674
2550001,2560000,2,L07-3,2,0,0,0,3368,3368
2610001,2620000,0,L07-3,2,0,1,1,0,0
2630001,2640000,2,L07-3,2,0,0,0,2182,2182
2640001,2650000,1,L07-3,2,0,0,0,1220,1220
2700001,2710000,1,L07-3,2,0,0,0,1415,1415
2710001,2720000,2,L07-3,2,0,0,0,3001,3001
2770001,2780000,2,L07-3,2,0,0,0,1914,1914
2780001,2790000,1,L07-3,2,0,0,0,91,91
2790001,2800000,1,L07-3,2,0,0,0,746,746
2810001,2820000,2,L07-3,2,0,0,0,1844,1844
2820001,2830000,2,L07-3,2,0,0,0,2020,2020
2840001,2850000,1,L07-3,2,0,0,0,803,803
2880001,2890000,3,L07-3,2,0,0,0,2259,2259
2900001,2910000,1,L07-3,2,0,0,0,1355,1355
2910001,2920000,1,L07-3,2,0,0,0,737,737
2920001,2930000,4,L07-3,2,0,0,0,2723,2723
2930001,2940000,2,L07-3,2,0,0,0,1471,1471
2960001,2970000,3,L07-3,2,0,0,0,2907,2907
2980001,2990000,0,L07-3,2,1,0,0,0,1016
2990001,3000000,0,L07-3,2,1,0,0,0,2077
3010001,3020000,3,L07-3,2,0,0,0,1353,1353
3020001,3030000,1,L07-3,2,1,0,0,147,3240
3040001,3050000,2,L07-3,2,0,0,0,2935,2935
3100001,3110000,1,L07-3,2,0,0,0,875,875
3160001,3170000,1,L07-3,2,0,0,0,193,193
3170001,3180000,1,L07-3,2,0,0,0,905,905
3200001,3210000,2,L07-3,2,0,0,0,2242,2242
3220001,3230000,2,L07-3,2,0,0,0,1570,1570
3270001,3280000,2,L07-3,2,0,0,0,2995,2995
3280001,3290000,1,L07-3,2,0,0,0,1892,1892
3290001,3300000,1,L07-3,2,0,0,0,653,653
3300001,3310000,2,L07-3,2,0,0,0,1606,1606
3310001,3320000,3,L07-3,2,0,0,0,4599,4599
3370001,3380000,1,L07-3,2,0,0,0,375,375
3410001,3420000,2,L07-3,2,0,0,0,4159,4159
3420001,3430000,3,L07-3,2,0,0,0,3357,3357
3430001,3440000,5,L07-3,2,0,0,0,3969,3969
3440001,3450000,4,L07-3,2,0,0,0,2389,2389
3470001,3480000,3,L07-3,2,0,0,0,1887,1887
3490001,3500000,3,L07-3,2,0,0,0,2634,2634
3500001,3510000,2,L07-3,2,0,0,0,1819,1819
3520001,3530000,3,L07-3,2,0,0,0,1080,1080
3530001,3540000,9,L07-3,2,0,0,0,5113,5113
3540001,3550000,21,L07-3,2,0,0,0,8656,8656
3550001,3560000,3,L07-3,2,0,0,0,3027,3027
3570001,3580000,0,L07-3,2,1,0,0,0,723
3580001,3590000,0,L07-3,2,1,0,0,0,2371
3590001,3600000,1,L07-3,2,0,0,0,1004,1004
3600001,3610000,1,L07-3,2,0,0,0,561,561
3610001,3620000,1,L07-3,2,0,0,0,1574,1574
3650001,3660000,1,L07-3,2,0,0,0,1103,1103
3670001,3680000,1,L07-3,2,0,0,0,854,854
3680001,3690000,3,L07-3,2,0,0,0,3211,3211
3700001,3710000,0,L07-3,2,1,0,0,0,2615
3710001,3720000,0,L07-3,2,1,1,0,0,478
3770001,3780000,2,L07-3,2,0,0,0,2980,2980
3780001,3790000,0,L07-3,2,1,0,0,0,3093
3820001,3830000,1,L07-3,2,0,0,0,1019,1019
3850001,3860000,5,L07-3,2,0,0,0,3541,3541
3860001,3870000,3,L07-3,2,0,0,0,2692,2692
3870001,3880000,1,L07-3,2,0,0,0,145,145
3920001,3930000,4,L07-3,2,0,0,0,4943,4943
3930001,3940000,3,L07-3,2,0,0,0,2120,2120
3950001,3960000,2,L07-3,2,0,0,0,2361,2361
3960001,3970000,1,L07-3,2,0,0,0,838,838
20001,30000,1,L07-4,1,0,0,0,75,75
30001,40000,0,L07-4,1,1,0,0,0,3092
40001,50000,1,L07-4,1,0,0,0,1259,1259
50001,60000,2,L07-4,1,0,0,0,152,152
60001,70000,3,L07-4,1,0,0,0,1754,1754
110001,120000,1,L07-4,1,0,0,0,545,545
120001,130000,2,L07-4,1,0,0,0,3382,3382
190001,200000,1,L07-4,1,0,0,0,279,279
200001,210000,2,L07-4,1,0,0,0,2877,2877
240001,250000,2,L07-4,1,0,0,0,1467,1467
250001,260000,10,L07-4,1,0,0,0,5691,5691
260001,270000,2,L07-4,1,0,0,0,6829,6829
330001,340000,3,L07-4,1,0,0,0,3903,3903
340001,350000,1,L07-4,1,0,0,0,1414,1414
350001,360000,1,L07-4,1,0,0,0,536,536
440001,450000,2,L07-4,1,0,0,0,1939,1939
450001,460000,1,L07-4,1,0,0,0,566,566
460001,470000,3,L07-4,1,0,0,0,2565,2565
470001,480000,1,L07-4,1,0,0,0,461,461
500001,510000,1,L07-4,1,0,0,0,227,227
520001,530000,1,L07-4,1,0,0,0,530,530
550001,560000,1,L07-4,1,0,0,0,1823,1823
560001,570000,3,L07-4,1,0,0,0,3214,3214
580001,590000,2,L07-4,1,0,0,0,1276,1276
640001,650000,5,L07-4,1,0,0,0,6020,6020
660001,670000,1,L07-4,1,0,0,0,479,479
670001,680000,1,L07-4,1,0,0,0,2354,2354
710001,720000,9,L07-4,1,0,0,0,9797,9797
720001,730000,7,L07-4,1,0,0,0,8631,8631
730001,740000,2,L07-4,1,0,0,0,700,700
760001,770000,1,L07-4,1,0,0,0,662,662
770001,780000,1,L07-4,1,0,0,0,479,479
780001,790000,2,L07-4,1,0,0,0,1487,1487
790001,800000,2,L07-4,1,0,0,0,960,960
800001,810000,9,L07-4,1,0,0,0,6739,6739
810001,820000,7,L07-4,1,0,0,0,8619,8619
820001,830000,3,L07-4,1,0,0,0,4047,4047
830001,840000,1,L07-4,1,0,0,0,1717,1717
840001,850000,0,L07-4,1,0,1,0,0,0
850001,860000,0,L07-4,1,1,0,0,0,3093
930001,940000,1,L07-4,1,0,0,0,974,974
960001,970000,4,L07-4,1,0,0,0,4115,4115
970001,980000,5,L07-4,1,0,0,0,4433,4433
1010001,1020000,1,L07-4,1,0,0,0,113,113
1020001,1030000,1,L07-4,1,0,0,0,1929,1929
1030001,1040000,2,L07-4,1,0,0,0,1606,1606
1070001,1080000,0,L07-4,1,1,0,0,0,3092
1080001,1090000,3,L07-4,1,0,0,0,2973,2973
1090001,1100000,1,L07-4,1,0,0,0,76,76
1160001,1170000,1,L07-4,1,0,0,0,778,778
1170001,1180000,6,L07-4,1,0,0,0,7070,7070
1190001,1200000,2,L07-4,1,0,0,0,1622,1622
1200001,1210000,1,L07-4,1,0,0,0,1076,1076
1210001,1220000,2,L07-4,1,0,0,0,1118,1118
1280001,1290000,0,L07-4,1,1,0,0,0,3094
1300001,1310000,0,L07-4,1,1,0,0,0,3092
1420001,1430000,1,L07-4,1,0,0,0,218,218
1430001,1440000,3,L07-4,1,0,0,0,4620,4620
1440001,1450000,1,L07-4,1,0,0,0,1275,1275
1460001,1470000,3,L07-4,1,0,0,0,4404,4404
1470001,1480000,4,L07-4,1,0,0,0,5865,5865
1480001,1490000,2,L07-4,1,0,0,0,2741,2741
1510001,1520000,1,L07-4,1,0,0,0,518,518
1530001,1540000,1,L07-4,1,0,0,0,87,87
1600001,1610000,1,L07-4,1,0,0,0,1395,1395
1610001,1620000,5,L07-4,1,0,0,0,4730,4730
1620001,1630000,4,L07-4,1,0,0,0,2456,2456
1640001,1650000,3,L07-4,1,0,0,0,3137,3137
1660001,1670000,1,L07-4,1,0,0,0,1105,1105
1700001,1710000,7,L07-4,1,0,0,0,6023,6023
1710001,1720000,2,L07-4,1,0,0,0,1007,1007
1770001,1780000,1,L07-4,1,0,0,0,2597,2597
1780001,1790000,1,L07-4,1,0,0,0,590,590
1790001,1800000,1,L07-4,1,0,0,0,788,788
1850001,1860000,0,L07-4,1,1,0,0,0,3093
2010001,2020000,1,L07-4,1,0,0,0,1274,1274
2040001,2050000,1,L07-4,1,0,0,0,641,641
2090001,2100000,2,L07-4,1,0,0,0,3295,3295
2100001,2110000,4,L07-4,1,0,0,0,2901,2901
2110001,2120000,0,L07-4,1,1,1,0,0,341
2120001,2130000,1,L07-4,1,1,0,0,827,3580
2140001,2150000,0,L07-4,1,1,0,0,0,1770
2150001,2160000,0,L07-4,1,1,0,0,0,1323
2170001,2180000,1,L07-4,1,0,0,0,995,995
2190001,2200000,1,L07-4,1,0,0,0,695,695
2250001,2260000,1,L07-4,1,0,0,0,1771,1771
2260001,2270000,1,L07-4,1,0,0,0,1733,1733
2280001,2290000,3,L07-4,1,0,0,0,707,707
2340001,2350000,0,L07-4,1,1,0,0,0,3093
2390001,2400000,1,L07-4,1,0,0,0,2033,2033
2430001,2440000,0,L07-4,1,1,0,0,0,3091
2440001,2450000,1,L07-4,1,0,0,0,668,668
2490001,2500000,1,L07-4,1,0,0,0,1760,1760
2530001,2540000,1,L07-4,1,0,0,0,919,919
2540001,2550000,3,L07-4,1,0,0,0,4320,4320
2550001,2560000,1,L07-4,1,0,0,0,803,803
2630001,2640000,2,L07-4,1,0,0,0,2182,2182
2640001,2650000,1,L07-4,1,0,0,0,1220,1220
2700001,2710000,1,L07-4,1,0,0,0,1415,1415
2710001,2720000,2,L07-4,1,0,0,0,3000,3000
2760001,2770000,1,L07-4,1,0,0,0,866,866
2770001,2780000,2,L07-4,1,0,0,0,1139,1139
2790001,2800000,1,L07-4,1,0,0,0,746,746
2810001,2820000,3,L07-4,1,0,0,0,3864,3864
2840001,2850000,1,L07-4,1,0,0,0,803,803
2870001,2880000,2,L07-4,1,0,0,0,380,380
2880001,2890000,2,L07-4,1,0,0,0,1879,1879
2900001,2910000,1,L07-4,1,0,0,0,1355,1355
2910001,2920000,1,L07-4,1,0,0,0,737,737
2920001,2930000,6,L07-4,1,0,0,0,4194,4194
2960001,2970000,3,L07-4,1,0,0,0,2906,2906
2980001,2990000,0,L07-4,1,1,0,0,0,3092
3010001,3020000,3,L07-4,1,0,0,0,1499,1499
3020001,3030000,0,L07-4,1,0,1,0,0,0
3030001,3040000,0,L07-4,1,1,0,0,0,3093
3050001,3060000,2,L07-4,1,0,0,0,2935,2935
3110001,3120000,1,L07-4,1,0,0,0,875,875
3170001,3180000,1,L07-4,1,0,0,0,1076,1076
3180001,3190000,1,L07-4,1,0,0,0,22,22
3210001,3220000,2,L07-4,1,0,0,0,2242,2242
3230001,3240000,2,L07-4,1,0,0,0,1570,1570
3280001,3290000,2,L07-4,1,0,0,0,2995,2995
3290001,3300000,1,L07-4,1,0,0,0,1892,1892
3300001,3310000,1,L07-4,1,0,0,0,653,653
3310001,3320000,3,L07-4,1,0,0,0,1677,1677
3320001,3330000,3,L07-4,1,0,0,0,4527,4527
3380001,3390000,1,L07-4,1,0,0,0,375,375
3420001,3430000,2,L07-4,1,0,0,0,4159,4159
3430001,3440000,3,L07-4,1,0,0,0,3357,3357
3440001,3450000,5,L07-4,1,0,0,0,3970,3970
3450001,3460000,4,L07-4,1,0,0,0,2389,2389
3480001,3490000,3,L07-4,1,0,0,0,1887,1887
3500001,3510000,3,L07-4,1,0,0,0,2634,2634
3510001,3520000,2,L07-4,1,0,0,0,1819,1819
3530001,3540000,3,L07-4,1,0,0,0,1965,1965
3540001,3550000,10,L07-4,1,0,0,0,5116,5116
3550001,3560000,19,L07-4,1,0,0,0,7768,7768
3560001,3570000,3,L07-4,1,0,0,0,3027,3027
3580001,3590000,0,L07-4,1,1,0,0,0,1614
3590001,3600000,0,L07-4,1,1,0,0,0,1479
3600001,3610000,1,L07-4,1,0,0,0,1004,1004
3610001,3620000,1,L07-4,1,0,0,0,1451,1451
3620001,3630000,1,L07-4,1,0,0,0,683,683
3630001,3640000,0,L07-4,1,0,1,1,0,0
3660001,3670000,1,L07-4,1,0,0,0,1103,1103
3680001,3690000,2,L07-4,1,0,0,0,1661,1661
3690001,3700000,3,L07-4,1,0,0,0,2404,2404
3790001,3800000,1,L07-4,1,0,0,0,69,69
3800001,3810000,2,L07-4,1,0,0,0,2911,2911
3810001,3820000,0,L07-4,1,1,0,0,0,3092
3850001,3860000,1,L07-4,1,0,0,0,1019,1019
3880001,3890000,5,L07-4,1,0,0,0,3648,3648
3890001,3900000,2,L07-4,1,0,0,0,2731,2731
3950001,3960000,6,L07-4,1,0,0,0,7062,7062
3980001,3990000,2,L07-4,1,0,0,0,3199,3199
20001,30000,1,L07-4,2,0,0,0,75,75
30001,40000,0,L07-4,2,1,0,0,0,3094
40001,50000,1,L07-4,2,0,0,0,1259,1259
50001,60000,2,L07-4,2,0,0,0,152,152
60001,70000,3,L07-4,2,0,0,0,1754,1754
110001,120000,1,L07-4,2,0,0,0,545,545
120001,130000,2,L07-4,2,0,0,0,3382,3382
190001,200000,1,L07-4,2,0,0,0,263,263
200001,210000,2,L07-4,2,0,0,0,2894,2894
240001,250000,2,L07-4,2,0,0,0,1443,1443
250001,260000,10,L07-4,2,0,0,0,5691,5691
260001,270000,2,L07-4,2,0,0,0,6853,6853
330001,340000,3,L07-4,2,0,0,0,3903,3903
340001,350000,1,L07-4,2,0,0,0,1415,1415
350001,360000,1,L07-4,2,0,0,0,536,536
440001,450000,2,L07-4,2,0,0,0,1939,1939
450001,460000,1,L07-4,2,0,0,0,566,566
460001,470000,3,L07-4,2,0,0,0,2565,2565
470001,480000,1,L07-4,2,0,0,0,461,461
500001,510000,1,L07-4,2,0,0,0,227,227
520001,530000,1,L07-4,2,0,0,0,530,530
550001,560000,1,L07-4,2,0,0,0,1776,1776
560001,570000,3,L07-4,2,0,0,0,3261,3261
580001,590000,2,L07-4,2,0,0,0,1276,1276
640001,650000,5,L07-4,2,0,0,0,6022,6022
660001,670000,1,L07-4,2,0,0,0,479,479
670001,680000,1,L07-4,2,0,0,0,2354,2354
700001,710000,0,L07-4,2,0,1,1,0,0
710001,720000,9,L07-4,2,0,0,0,9738,9738
720001,730000,7,L07-4,2,0,0,0,8631,8631
730001,740000,2,L07-4,2,0,0,0,760,760
760001,770000,1,L07-4,2,0,0,0,662,662
770001,780000,1,L07-4,2,0,0,0,479,479
780001,790000,2,L07-4,2,0,0,0,1427,1427
790001,800000,2,L07-4,2,0,0,0,1021,1021
800001,810000,9,L07-4,2,0,0,0,6677,6677
810001,820000,7,L07-4,2,0,0,0,8620,8620
820001,830000,3,L07-4,2,0,0,0,4108,4108
830001,840000,1,L07-4,2,0,0,0,1718,1718
840001,850000,0,L07-4,2,1,0,0,0,200
850001,860000,0,L07-4,2,1,0,0,0,2894
930001,940000,1,L07-4,2,0,0,0,974,974
960001,970000,6,L07-4,2,0,0,0,5787,5787
970001,980000,2,L07-4,2,0,0,0,2761,2761
1000001,1010000,1,L07-4,2,0,0,0,113,113
1020001,1030000,1,L07-4,2,0,0,0,1931,1931
1030001,1040000,2,L07-4,2,0,0,0,1606,1606
1060001,1070000,0,L07-4,2,0,1,0,0,0
1070001,1080000,0,L07-4,2,1,1,0,0,3094
1080001,1090000,3,L07-4,2,0,0,0,2973,2973
1090001,1100000,1,L07-4,2,0,0,0,76,76
1160001,1170000,2,L07-4,2,0,0,0,2985,2985
1170001,1180000,5,L07-4,2,0,0,0,4863,4863
1180001,1190000,1,L07-4,2,0,0,0,31,31
1190001,1200000,2,L07-4,2,0,0,0,1591,1591
1200001,1210000,1,L07-4,2,0,0,0,1664,1664
1210001,1220000,1,L07-4,2,0,0,0,530,530
1270001,1280000,0,L07-4,2,1,0,0,0,336
1280001,1290000,0,L07-4,2,1,0,0,0,2757
1300001,1310000,0,L07-4,2,1,0,0,0,3091
1420001,1430000,1,L07-4,2,0,0,0,218,218
1430001,1440000,3,L07-4,2,0,0,0,5895,5895
1460001,1470000,4,L07-4,2,0,0,0,5150,5150
1470001,1480000,3,L07-4,2,0,0,0,6459,6459
1480001,1490000,1,L07-4,2,0,1,0,1400,1400
1510001,1520000,1,L07-4,2,0,0,0,518,518
1520001,1530000,1,L07-4,2,0,0,0,21,21
1530001,1540000,1,L07-4,2,0,0,0,66,66
1600001,1610000,2,L07-4,2,0,0,0,3360,3360
1610001,1620000,5,L07-4,2,0,1,1,3579,3579
1620001,1630000,2,L07-4,2,0,0,0,1642,1642
1640001,1650000,3,L07-4,2,0,0,0,3137,3137
1650001,1660000,1,L07-4,2,0,0,0,341,341
1660001,1670000,1,L07-4,2,0,0,0,765,765
1690001,1700000,1,L07-4,2,0,0,0,584,584
1700001,1710000,7,L07-4,2,0,0,0,6380,6380
1710001,1720000,1,L07-4,2,0,0,0,66,66
1770001,1780000,2,L07-4,2,0,0,0,3187,3187
1790001,1800000,1,L07-4,2,0,0,0,788,788
1850001,1860000,0,L07-4,2,1,0,0,0,3093
1950001,1960000,0,L07-4,2,0,1,1,0,0
2010001,2020000,1,L07-4,2,0,0,0,1274,1274
2040001,2050000,1,L07-4,2,0,0,0,641,641
2090001,2100000,5,L07-4,2,0,0,0,4638,4638
2100001,2110000,1,L07-4,2,0,0,0,1558,1558
2110001,2120000,0,L07-4,2,1,0,0,0,3094
2120001,2130000,1,L07-4,2,0,0,0,827,827
2140001,2150000,0,L07-4,2,1,0,0,0,3094
2160001,2170000,1,L07-4,2,0,0,0,995,995
2190001,2200000,1,L07-4,2,0,0,0,695,695
2250001,2260000,1,L07-4,2,0,0,0,1772,1772
2260001,2270000,1,L07-4,2,0,0,0,1733,1733
2270001,2280000,3,L07-4,2,0,0,0,707,707
2340001,2350000,0,L07-4,2,1,1,0,0,3094
2390001,2400000,1,L07-4,2,0,0,0,2033,2033
2420001,2430000,0,L07-4,2,1,0,0,0,113
2430001,2440000,0,L07-4,2,1,0,0,0,2980
2440001,2450000,1,L07-4,2,0,0,0,668,668
2480001,2490000,1,L07-4,2,0,0,0,1761,1761
2530001,2540000,1,L07-4,2,0,0,0,2627,2627
2540001,2550000,2,L07-4,2,0,0,0,3415,3415
2600001,2610000,0,L07-4,2,0,1,0,0,0
2620001,2630000,0,L07-4,2,0,1,0,0,0
2630001,2640000,3,L07-4,2,0,0,0,2253,2253
2640001,2650000,1,L07-4,2,0,0,0,1149,1149
2670001,2680000,0,L07-4,2,0,1,1,0,0
2700001,2710000,2,L07-4,2,0,0,0,1666,1666
2710001,2720000,2,L07-4,2,0,0,0,2749,2749
2760001,2770000,1,L07-4,2,0,0,0,1127,1127
2770001,2780000,1,L07-4,2,0,0,0,878,878
2790001,2800000,1,L07-4,2,0,0,0,746,746
2810001,2820000,3,L07-4,2,0,0,0,3864,3864
2830001,2840000,1,L07-4,2,0,0,0,803,803
2870001,2880000,3,L07-4,2,0,0,0,2154,2154
2880001,2890000,1,L07-4,2,0,0,0,105,105
2890001,2900000,1,L07-4,2,0,0,0,1355,1355
2910001,2920000,3,L07-4,2,0,0,0,1716,1716
2920001,2930000,5,L07-4,2,0,0,0,3215,3215
2950001,2960000,3,L07-4,2,0,0,0,1193,1193
2960001,2970000,1,L07-4,2,0,0,0,1713,1713
2980001,2990000,0,L07-4,2,1,0,0,0,3094
3010001,3020000,3,L07-4,2,0,1,0,1500,1500
3020001,3030000,0,L07-4,2,1,0,0,0,3094
3040001,3050000,2,L07-4,2,0,0,0,2075,2075
3050001,3060000,1,L07-4,2,0,0,0,860,860
3100001,3110000,1,L07-4,2,0,0,0,875,875
3170001,3180000,1,L07-4,2,0,0,0,1098,1098
3200001,3210000,2,L07-4,2,0,0,0,2242,2242
3220001,3230000,1,L07-4,2,0,0,0,1154,1154
3230001,3240000,1,L07-4,2,0,0,0,416,416
3270001,3280000,2,L07-4,2,0,0,0,2995,2995
3280001,3290000,1,L07-4,2,0,0,0,1892,1892
3290001,3300000,1,L07-4,2,0,0,0,653,653
3300001,3310000,2,L07-4,2,0,0,0,1606,1606
3310001,3320000,3,L07-4,2,0,0,0,4599,4599
3370001,3380000,1,L07-4,2,0,0,0,375,375
3410001,3420000,1,L07-4,2,0,0,0,2672,2672
3420001,3430000,5,L07-4,2,0,0,0,3928,3928
3430001,3440000,6,L07-4,2,0,0,0,4411,4411
3440001,3450000,5,L07-4,2,0,0,0,2864,2864
3470001,3480000,2,L07-4,2,0,0,0,820,820
3480001,3490000,1,L07-4,2,0,0,0,1067,1067
3490001,3500000,3,L07-4,2,0,0,0,2634,2634
3500001,3510000,2,L07-4,2,0,0,0,1819,1819
3520001,3530000,1,L07-4,2,0,0,0,572,572
3530001,3540000,5,L07-4,2,0,0,0,3277,3277
3540001,3550000,22,L07-4,2,0,0,0,9279,9279
3550001,3560000,7,L07-4,2,0,0,0,4749,4749
3580001,3590000,0,L07-4,2,1,0,0,0,3092
3590001,3600000,1,L07-4,2,0,0,0,1004,1004
3610001,3620000,1,L07-4,2,0,0,0,2135,2135
3620001,3630000,0,L07-4,2,1,0,0,0,3093
3660001,3670000,1,L07-4,2,0,0,0,1103,1103
3680001,3690000,4,L07-4,2,0,0,0,4065,4065
3710001,3720000,0,L07-4,2,0,1,0,0,0
3740001,3750000,0,L07-4,2,0,1,0,0,0
3790001,3800000,2,L07-4,2,0,0,0,2980,2980
3800001,3810000,0,L07-4,2,1,0,0,0,2677
3810001,3820000,0,L07-4,2,1,0,0,0,417
3850001,3860000,1,L07-4,2,0,0,0,1019,1019
3870001,3880000,2,L07-4,2,0,0,0,1756,1756
3880001,3890000,3,L07-4,2,0,0,0,1891,1891
3890001,3900000,2,L07-4,2,0,0,0,2731,2731
3940001,3950000,1,L07-4,2,0,0,0,2414,2414
20001,30000,1,L08-1,1,0,0,0,75,75
30001,40000,0,L08-1,1,1,0,0,0,3092
40001,50000,1,L08-1,1,0,0,0,1259,1259
50001,60000,2,L08-1,1,0,0,0,152,152
60001,70000,3,L08-1,1,1,0,0,1754,2267
70001,80000,0,L08-1,1,1,0,0,0,2581
110001,120000,1,L08-1,1,0,0,0,545,545
120001,130000,1,L08-1,1,0,0,0,2581,2581
130001,140000,2,L08-1,1,0,0,0,801,801
200001,210000,2,L08-1,1,0,0,0,3156,3156
240001,250000,1,L08-1,1,0,0,0,857,857
250001,260000,7,L08-1,1,0,0,0,4017,4017
260001,270000,4,L08-1,1,0,0,0,9103,9103
270001,280000,1,L08-1,1,0,0,0,10,10
330001,340000,3,L08-1,1,0,0,0,3903,3903
340001,350000,1,L08-1,1,0,0,0,1414,1414
350001,360000,1,L08-1,1,0,0,0,536,536
450001,460000,3,L08-1,1,0,0,0,2505,2505
460001,470000,1,L08-1,1,0,0,0,304,304
470001,480000,4,L08-1,1,0,0,0,2722,2722
500001,510000,1,L08-1,1,0,0,0,227,227
510001,520000,0,L08-1,1,0,1,1,0,0
520001,530000,1,L08-1,1,0,0,0,530,530
560001,570000,3,L08-1,1,0,0,0,5037,5037
580001,590000,2,L08-1,1,0,0,0,1276,1276
640001,650000,4,L08-1,1,0,0,0,5200,5200
650001,660000,1,L08-1,1,0,0,0,820,820
670001,680000,2,L08-1,1,0,0,0,2833,2833
710001,720000,6,L08-1,1,0,0,0,6747,6747
720001,730000,9,L08-1,1,0,0,0,8639,8639
730001,740000,3,L08-1,1,0,0,0,3742,3742
760001,770000,1,L08-1,1,0,0,0,662,662
770001,780000,1,L08-1,1,0,0,0,479,479
780001,790000,1,L08-1,1,0,0,0,113,113
790001,800000,2,L08-1,1,0,0,0,1510,1510
800001,810000,7,L08-1,1,0,0,0,4669,4669
810001,820000,9,L08-1,1,0,0,0,9039,9039
820001,830000,4,L08-1,1,0,0,0,6521,6521
830001,840000,1,L08-1,1,0,0,0,1717,1717
850001,860000,0,L08-1,1,1,2,0,0,3093
930001,940000,1,L08-1,1,0,0,0,974,974
960001,970000,2,L08-1,1,0,0,0,2818,2818
970001,980000,6,L08-1,1,0,0,0,5730,5730
1010001,1020000,1,L08-1,1,0,0,0,113,113
1030001,1040000,3,L08-1,1,0,0,0,3535,3535
1070001,1080000,0,L08-1,1,1,0,0,0,3092
1080001,1090000,2,L08-1,1,0,0,0,2038,2038
1090001,1100000,3,L08-1,1,0,0,0,1011,1011
1170001,1180000,6,L08-1,1,0,0,0,5943,5943
1180001,1190000,1,L08-1,1,0,0,0,1905,1905
1190001,1200000,1,L08-1,1,0,0,0,1538,1538
1200001,1210000,1,L08-1,1,0,0,0,84,84
1210001,1220000,2,L08-1,1,0,0,0,2194,2194
1280001,1290000,0,L08-1,1,1,0,0,0,3094
1300001,1310000,0,L08-1,1,1,0,0,0,1968
1310001,1320000,0,L08-1,1,1,0,0,0,1124
1420001,1430000,1,L08-1,1,0,0,0,114,114
1430001,1440000,2,L08-1,1,0,0,0,3221,3221
1440001,1450000,3,L08-1,1,0,0,0,2778,2778
1460001,1470000,1,L08-1,1,0,0,0,1673,1673
1470001,1480000,6,L08-1,1,0,0,0,5492,5492
1480001,1490000,2,L08-1,1,0,0,0,4445,4445
1490001,1500000,1,L08-1,1,0,0,0,1400,1400
1510001,1520000,1,L08-1,1,0,0,0,395,395
1520001,1530000,1,L08-1,1,0,0,0,123,123
1530001,1540000,1,L08-1,1,0,0,0,87,87
1610001,1620000,3,L08-1,1,0,0,0,5040,5040
1620001,1630000,5,L08-1,1,0,0,0,3541,3541
1640001,1650000,3,L08-1,1,0,0,0,2296,2296
1650001,1660000,1,L08-1,1,0,0,0,841,841
1660001,1670000,1,L08-1,1,0,0,0,1105,1105
1700001,1710000,4,L08-1,1,0,0,0,3005,3005
1710001,1720000,4,L08-1,1,0,0,0,4025,4025
1770001,1780000,1,L08-1,1,0,0,0,2597,2597
1780001,1790000,1,L08-1,1,0,0,0,590,590
1790001,1800000,1,L08-1,1,0,0,0,788,788
1850001,1860000,0,L08-1,1,1,0,0,0,156
1860001,1870000,0,L08-1,1,1,0,0,0,2937
2020001,2030000,1,L08-1,1,0,0,0,1274,1274
2040001,2050000,1,L08-1,1,0,0,0,641,641
2090001,2100000,1,L08-1,1,0,0,0,206,206
2100001,2110000,5,L08-1,1,0,0,0,5990,5990
2120001,2130000,1,L08-1,1,1,1,0,203,3297
2130001,2140000,1,L08-1,1,0,0,0,624,624
2150001,2160000,0,L08-1,1,1,0,0,0,3093
2170001,2180000,1,L08-1,1,0,0,0,995,995
2190001,2200000,1,L08-1,1,0,0,0,437,437
2200001,2210000,1,L08-1,1,0,0,0,258,258
2250001,2260000,1,L08-1,1,0,0,0,1771,1771
2260001,2270000,1,L08-1,1,0,0,0,950,950
2270001,2280000,1,L08-1,1,0,0,0,783,783
2280001,2290000,3,L08-1,1,0,0,0,707,707
2340001,2350000,0,L08-1,1,1,0,0,0,261
2350001,2360000,0,L08-1,1,1,0,0,0,2832
2370001,2380000,0,L08-1,1,0,1,0,0,0
2400001,2410000,1,L08-1,1,0,0,0,2033,2033
2430001,2440000,0,L08-1,1,1,0,0,0,3091
2450001,2460000,1,L08-1,1,0,0,0,668,668
2490001,2500000,1,L08-1,1,0,0,0,1760,1760
2540001,2550000,1,L08-1,1,0,0,0,2627,2627
2550001,2560000,2,L08-1,1,0,0,0,3415,3415
2630001,2640000,2,L08-1,1,0,0,0,2182,2182
2640001,2650000,1,L08-1,1,0,0,0,1220,1220
2700001,2710000,1,L08-1,1,0,0,0,1415,1415
2710001,2720000,2,L08-1,1,0,0,0,3000,3000
2770001,2780000,2,L08-1,1,0,0,0,1613,1613
2780001,2790000,1,L08-1,1,0,0,0,392,392
2790001,2800000,1,L08-1,1,0,0,0,746,746
2810001,2820000,2,L08-1,1,0,0,0,1540,1540
2820001,2830000,2,L08-1,1,0,0,0,2324,2324
2840001,2850000,1,L08-1,1,0,0,0,803,803
2880001,2890000,3,L08-1,1,0,0,0,2259,2259
2900001,2910000,1,L08-1,1,0,0,0,1355,1355
2910001,2920000,1,L08-1,1,0,0,0,737,737
2920001,2930000,4,L08-1,1,0,0,0,2723,2723
2930001,2940000,2,L08-1,1,0,0,0,1471,1471
2960001,2970000,3,L08-1,1,0,0,0,2906,2906
2980001,2990000,0,L08-1,1,1,0,0,0,706
2990001,3000000,0,L08-1,1,1,0,0,0,2386
3010001,3020000,2,L08-1,1,0,1,0,1065,1065
3020001,3030000,2,L08-1,1,0,1,0,434,434
3030001,3040000,0,L08-1,1,1,0,0,0,3093
3050001,3060000,2,L08-1,1,0,0,0,2541,2541
3060001,3070000,1,L08-1,1,0,0,0,394,394
3110001,3120000,1,L08-1,1,0,0,0,875,875
3180001,3190000,1,L08-1,1,0,0,0,1098,1098
3210001,3220000,2,L08-1,1,0,0,0,2242,2242
3230001,3240000,2,L08-1,1,0,0,0,1526,1526
3240001,3250000,1,L08-1,1,0,0,0,44,44
3280001,3290000,2,L08-1,1,0,0,0,2995,2995
3290001,3300000,1,L08-1,1,0,0,0,1892,1892
3300001,3310000,1,L08-1,1,0,0,0,653,653
3310001,3320000,2,L08-1,1,0,0,0,1606,1606
3320001,3330000,3,L08-1,1,0,0,0,4598,4598
3380001,3390000,1,L08-1,1,0,0,0,375,375
3420001,3430000,2,L08-1,1,0,0,0,3137,3137
3430001,3440000,4,L08-1,1,0,0,0,3949,3949
3440001,3450000,6,L08-1,1,0,0,0,4400,4400
3450001,3460000,5,L08-1,1,0,0,0,2389,2389
3480001,3490000,2,L08-1,1,0,0,0,820,820
3490001,3500000,1,L08-1,1,0,0,0,1067,1067
3500001,3510000,3,L08-1,1,0,0,0,2634,2634
3510001,3520000,2,L08-1,1,0,0,0,1819,1819
3530001,3540000,1,L08-1,1,0,0,0,572,572
3540001,3550000,6,L08-1,1,0,0,0,3733,3733
3550001,3560000,22,L08-1,1,0,0,0,9311,9311
3560001,3570000,6,L08-1,1,0,0,0,4260,4260
3590001,3600000,0,L08-1,1,1,0,0,0,3093
3600001,3610000,1,L08-1,1,0,0,0,1004,1004
3620001,3630000,1,L08-1,1,0,0,0,2134,2134
3660001,3670000,1,L08-1,1,0,0,0,1044,1044
3670001,3680000,1,L08-1,1,0,0,0,59,59
3690001,3700000,4,L08-1,1,0,0,0,4065,4065
3800001,3810000,2,L08-1,1,0,0,0,2980,2980
3810001,3820000,0,L08-1,1,1,0,0,0,3092
3850001,3860000,1,L08-1,1,0,0,0,1019,1019
3880001,3890000,5,L08-1,1,0,0,0,3648,3648
3890001,3900000,2,L08-1,1,0,0,0,2731,2731
20001,30000,1,L08-1,2,0,0,0,75,75
30001,40000,0,L08-1,2,1,0,0,0,3094
40001,50000,1,L08-1,2,0,0,0,1259,1259
50001,60000,2,L08-1,2,0,0,0,152,152
60001,70000,3,L08-1,2,1,0,0,1754,2266
70001,80000,0,L08-1,2,1,0,0,0,2582
110001,120000,1,L08-1,2,0,0,0,545,545
120001,130000,1,L08-1,2,0,0,0,2577,2577
130001,140000,2,L08-1,2,0,0,0,805,805
200001,210000,2,L08-1,2,0,0,0,3157,3157
240001,250000,1,L08-1,2,0,0,0,857,857
250001,260000,7,L08-1,2,0,0,0,4017,4017
260001,270000,4,L08-1,2,0,0,0,9083,9083
270001,280000,1,L08-1,2,0,0,0,30,30
330001,340000,3,L08-1,2,0,0,0,3903,3903
340001,350000,1,L08-1,2,0,0,0,1415,1415
350001,360000,1,L08-1,2,0,0,0,536,536
450001,460000,3,L08-1,2,0,0,0,2505,2505
460001,470000,1,L08-1,2,0,0,0,267,267
470001,480000,4,L08-1,2,0,0,0,2759,2759
500001,510000,1,L08-1,2,0,0,0,227,227
510001,520000,0,L08-1,2,1,0,0,0,3094
530001,540000,1,L08-1,2,0,0,0,530,530
560001,570000,2,L08-1,2,0,0,0,3199,3199
570001,580000,2,L08-1,2,0,0,0,1838,1838
580001,590000,2,L08-1,2,0,0,0,880,880
590001,600000,1,L08-1,2,0,0,0,396,396
640001,650000,2,L08-1,2,0,0,0,3202,3202
650001,660000,4,L08-1,2,0,0,0,2820,2820
670001,680000,1,L08-1,2,0,0,0,479,479
680001,690000,1,L08-1,2,0,0,0,2354,2354
710001,720000,4,L08-1,2,0,0,0,3605,3605
720001,730000,9,L08-1,2,0,0,0,9028,9028
730001,740000,6,L08-1,2,0,0,0,6497,6497
760001,770000,1,L08-1,2,0,0,0,662,662
780001,790000,1,L08-1,2,0,0,0,479,479
790001,800000,2,L08-1,2,0,0,0,1624,1624
800001,810000,3,L08-1,2,0,0,0,2307,2307
810001,820000,9,L08-1,2,0,0,0,8767,8767
820001,830000,6,L08-1,2,0,0,0,7857,7857
830001,840000,2,L08-1,2,0,0,0,3016,3016
850001,860000,0,L08-1,2,1,0,0,0,3093
930001,940000,1,L08-1,2,0,0,0,974,974
960001,970000,2,L08-1,2,0,0,0,2818,2818
970001,980000,6,L08-1,2,0,0,0,5380,5380
980001,990000,1,L08-1,2,0,0,0,350,350
1010001,1020000,1,L08-1,2,0,0,0,113,113
1030001,1040000,3,L08-1,2,0,0,0,3536,3536
1070001,1080000,0,L08-1,2,1,1,0,0,2988
1080001,1090000,2,L08-1,2,1,0,0,1050,1156
1090001,1100000,3,L08-1,2,0,0,0,1999,1999
1170001,1180000,5,L08-1,2,0,0,0,4958,4958
1180001,1190000,2,L08-1,2,0,0,0,2890,2890
1190001,1200000,1,L08-1,2,0,0,0,1538,1538
1200001,1210000,1,L08-1,2,0,0,0,84,84
1210001,1220000,2,L08-1,2,0,0,0,2194,2194
1280001,1290000,0,L08-1,2,1,0,0,0,3093
1400001,1410000,1,L08-1,2,0,0,0,218,218
1410001,1420000,2,L08-1,2,0,0,0,4603,4603
1420001,1430000,1,L08-1,2,0,0,0,1292,1292
1440001,1450000,3,L08-1,2,0,0,0,3441,3441
1450001,1460000,5,L08-1,2,0,0,0,5771,5771
1460001,1470000,2,L08-1,2,0,0,0,3201,3201
1470001,1480000,1,L08-1,2,0,0,0,596,596
1490001,1500000,1,L08-1,2,0,0,0,518,518
1510001,1520000,1,L08-1,2,0,0,0,87,87
1580001,1590000,1,L08-1,2,0,0,0,326,326
1590001,1600000,4,L08-1,2,0,0,0,4742,4742
1600001,1610000,5,L08-1,2,0,0,0,3513,3513
1620001,1630000,3,L08-1,2,0,0,0,3137,3137
1640001,1650000,1,L08-1,2,0,0,0,1106,1106
1680001,1690000,6,L08-1,2,0,0,0,4951,4951
1690001,1700000,3,L08-1,2,0,0,0,2079,2079
1750001,1760000,1,L08-1,2,0,0,0,2597,2597
1760001,1770000,1,L08-1,2,0,0,0,590,590
1770001,1780000,1,L08-1,2,0,0,0,788,788
1830001,1840000,0,L08-1,2,1,0,0,0,2180
1840001,1850000,0,L08-1,2,1,0,0,0,914
1990001,2000000,1,L08-1,2,0,0,0,1274,1274
2020001,2030000,1,L08-1,2,0,0,0,641,641
2070001,2080000,1,L08-1,2,0,0,0,2211,2211
2080001,2090000,5,L08-1,2,0,0,0,3985,3985
2100001,2110000,1,L08-1,2,1,0,0,827,3921
2120001,2130000,0,L08-1,2,1,0,0,0,1457
2130001,2140000,0,L08-1,2,1,0,0,0,1636
2150001,2160000,1,L08-1,2,0,0,0,995,995
2170001,2180000,1,L08-1,2,0,0,0,695,695
2230001,2240000,1,L08-1,2,0,0,0,1772,1772
2240001,2250000,1,L08-1,2,0,0,0,1733,1733
2260001,2270000,3,L08-1,2,0,0,0,707,707
2320001,2330000,0,L08-1,2,1,0,0,0,3042
2330001,2340000,0,L08-1,2,1,0,0,0,52
2350001,2360000,1,L08-1,2,0,1,0,723,723
2360001,2370000,1,L08-1,2,0,0,0,1310,1310
2390001,2400000,0,L08-1,2,1,1,0,0,3093
2410001,2420000,1,L08-1,2,0,0,0,668,668
2450001,2460000,1,L08-1,2,0,0,0,1760,1760
2500001,2510000,2,L08-1,2,0,0,0,3463,3463
2510001,2520000,2,L08-1,2,0,0,0,2579,2579
2590001,2600000,2,L08-1,2,0,0,0,2182,2182
2600001,2610000,1,L08-1,2,0,0,0,1220,1220
2660001,2670000,1,L08-1,2,0,0,0,1416,1416
2670001,2680000,2,L08-1,2,0,0,0,3001,3001
2730001,2740000,2,L08-1,2,0,0,0,2005,2005
2750001,2760000,1,L08-1,2,0,0,0,746,746
2770001,2780000,2,L08-1,2,0,0,0,2625,2625
2780001,2790000,2,L08-1,2,0,0,0,1239,1239
2800001,2810000,1,L08-1,2,0,0,0,803,803
2840001,2850000,3,L08-1,2,0,0,0,2259,2259
2860001,2870000,1,L08-1,2,0,0,0,1355,1355
2870001,2880000,1,L08-1,2,0,0,0,737,737
2880001,2890000,5,L08-1,2,0,0,0,3067,3067
2890001,2900000,2,L08-1,2,0,0,0,1126,1126
2920001,2930000,3,L08-1,2,0,0,0,2906,2906
2940001,2950000,0,L08-1,2,1,0,0,0,1798
2950001,2960000,3,L08-1,2,1,0,0,1500,2795
2960001,2970000,0,L08-1,2,1,0,0,0,3092
2980001,2990000,2,L08-1,2,0,0,0,2935,2935
3040001,3050000,1,L08-1,2,0,0,0,875,875
3110001,3120000,1,L08-1,2,0,0,0,1098,1098
3140001,3150000,2,L08-1,2,0,0,0,2242,2242
3160001,3170000,2,L08-1,2,0,0,0,1570,1570
3210001,3220000,2,L08-1,2,0,0,0,2996,2996
3220001,3230000,1,L08-1,2,0,0,0,1892,1892
3230001,3240000,1,L08-1,2,0,0,0,653,653
3240001,3250000,2,L08-1,2,0,0,0,1606,1606
3250001,3260000,3,L08-1,2,0,0,0,4599,4599
3310001,3320000,1,L08-1,2,0,0,0,375,375
3350001,3360000,2,L08-1,2,0,0,0,3913,3913
3360001,3370000,4,L08-1,2,0,0,0,3603,3603
3370001,3380000,5,L08-1,2,0,0,0,3970,3970
3380001,3390000,4,L08-1,2,0,0,0,2389,2389
3410001,3420000,3,L08-1,2,0,0,0,1385,1385
3420001,3430000,1,L08-1,2,0,0,0,502,502
3430001,3440000,3,L08-1,2,0,0,0,2634,2634
3440001,3450000,2,L08-1,2,0,0,0,1819,1819
3460001,3470000,1,L08-1,2,0,0,0,572,572
3470001,3480000,8,L08-1,2,0,0,0,4195,4195
3480001,3490000,21,L08-1,2,0,0,0,9614,9614
3490001,3500000,5,L08-1,2,0,0,0,3496,3496
3520001,3530000,0,L08-1,2,1,0,0,0,3093
3530001,3540000,1,L08-1,2,0,0,0,1004,1004
3550001,3560000,1,L08-1,2,0,0,0,2135,2135
3590001,3600000,1,L08-1,2,0,0,0,1103,1103
3620001,3630000,4,L08-1,2,0,0,0,4066,4066
3730001,3740000,2,L08-1,2,0,0,0,2980,2980
3740001,3750000,0,L08-1,2,1,0,0,0,3093
3750001,3760000,0,L08-1,2,0,1,0,0,0
3780001,3790000,1,L08-1,2,0,0,0,1019,1019
3810001,3820000,5,L08-1,2,0,0,0,3648,3648
3820001,3830000,2,L08-1,2,0,0,0,2731,2731
3880001,3890000,6,L08-1,2,0,0,0,5642,5642
20001,30000,1,L08-2,1,0,0,0,75,75
30001,40000,0,L08-2,1,1,0,0,0,3092
40001,50000,1,L08-2,1,0,0,0,1259,1259
50001,60000,2,L08-2,1,0,0,0,152,152
60001,70000,3,L08-2,1,1,0,0,1754,2267
70001,80000,0,L08-2,1,1,0,0,0,2581
110001,120000,1,L08-2,1,0,0,0,545,545
120001,130000,1,L08-2,1,0,0,0,2581,2581
130001,140000,2,L08-2,1,0,0,0,801,801
200001,210000,2,L08-2,1,0,0,0,3156,3156
240001,250000,1,L08-2,1,0,0,0,857,857
250001,260000,7,L08-2,1,0,0,0,4017,4017
260001,270000,4,L08-2,1,0,0,0,9103,9103
270001,280000,1,L08-2,1,0,0,0,10,10
330001,340000,3,L08-2,1,0,0,0,3903,3903
340001,350000,1,L08-2,1,0,0,0,1414,1414
350001,360000,1,L08-2,1,0,0,0,536,536
450001,460000,3,L08-2,1,0,0,0,2505,2505
460001,470000,1,L08-2,1,0,0,0,304,304
470001,480000,4,L08-2,1,0,0,0,2722,2722
500001,510000,1,L08-2,1,0,0,0,227,227
520001,530000,1,L08-2,1,0,0,0,530,530
560001,570000,3,L08-2,1,0,0,0,5037,5037
580001,590000,2,L08-2,1,0,0,0,1276,1276
640001,650000,4,L08-2,1,0,0,0,5200,5200
650001,660000,1,L08-2,1,0,0,0,820,820
670001,680000,2,L08-2,1,0,0,0,2833,2833
710001,720000,6,L08-2,1,0,0,0,6747,6747
720001,730000,9,L08-2,1,0,0,0,8639,8639
730001,740000,3,L08-2,1,0,0,0,3742,3742
760001,770000,1,L08-2,1,0,0,0,662,662
770001,780000,1,L08-2,1,0,0,0,479,479
780001,790000,1,L08-2,1,0,0,0,113,113
790001,800000,2,L08-2,1,0,0,0,1510,1510
800001,810000,7,L08-2,1,0,0,0,4669,4669
810001,820000,9,L08-2,1,0,0,0,9039,9039
820001,830000,4,L08-2,1,0,0,0,6521,6521
830001,840000,1,L08-2,1,0,0,0,1717,1717
850001,860000,0,L08-2,1,1,0,0,0,3093
930001,940000,1,L08-2,1,0,0,0,974,974
960001,970000,2,L08-2,1,0,0,0,2818,2818
970001,980000,6,L08-2,1,0,0,0,5730,5730
1010001,1020000,1,L08-2,1,0,0,0,113,113
1030001,1040000,3,L08-2,1,0,0,0,3535,3535
1070001,1080000,0,L08-2,1,1,0,0,0,3092
1080001,1090000,2,L08-2,1,0,0,0,2038,2038
1090001,1100000,3,L08-2,1,0,0,0,1011,1011
1170001,1180000,6,L08-2,1,0,0,0,5943,5943
1180001,1190000,1,L08-2,1,0,0,0,1905,1905
1190001,1200000,1,L08-2,1,0,0,0,1538,1538
1200001,1210000,1,L08-2,1,0,0,0,84,84
1210001,1220000,2,L08-2,1,0,0,0,2194,2194
1280001,1290000,0,L08-2,1,1,0,0,0,3094
1300001,1310000,0,L08-2,1,1,1,0,0,1968
1310001,1320000,0,L08-2,1,1,0,0,0,1124
1420001,1430000,1,L08-2,1,0,0,0,114,114
1430001,1440000,2,L08-2,1,0,0,0,3221,3221
1440001,1450000,3,L08-2,1,0,0,0,2778,2778
1460001,1470000,1,L08-2,1,0,0,0,1673,1673
1470001,1480000,6,L08-2,1,0,0,0,5492,5492
1480001,1490000,2,L08-2,1,0,0,0,4445,4445
1490001,1500000,1,L08-2,1,0,0,0,1400,1400
1510001,1520000,1,L08-2,1,0,0,0,395,395
1520001,1530000,1,L08-2,1,0,0,0,123,123
1530001,1540000,1,L08-2,1,0,0,0,87,87
1610001,1620000,3,L08-2,1,0,0,0,5040,5040
1620001,1630000,5,L08-2,1,0,0,0,3541,3541
1640001,1650000,3,L08-2,1,0,0,0,2296,2296
1650001,1660000,1,L08-2,1,0,0,0,841,841
1660001,1670000,1,L08-2,1,0,0,0,1105,1105
1700001,1710000,4,L08-2,1,0,0,0,3005,3005
1710001,1720000,4,L08-2,1,0,0,0,4025,4025
1770001,1780000,1,L08-2,1,0,0,0,2597,2597
1780001,1790000,1,L08-2,1,0,0,0,590,590
1790001,1800000,1,L08-2,1,0,0,0,788,788
1850001,1860000,0,L08-2,1,1,0,0,0,156
1860001,1870000,0,L08-2,1,1,0,0,0,2937
2020001,2030000,1,L08-2,1,0,0,0,1274,1274
2040001,2050000,1,L08-2,1,0,0,0,641,641
2090001,2100000,1,L08-2,1,0,0,0,206,206
2100001,2110000,5,L08-2,1,0,0,0,5990,5990
2120001,2130000,1,L08-2,1,1,0,0,203,3297
2130001,2140000,1,L08-2,1,0,0,0,624,624
2150001,2160000,0,L08-2,1,1,0,0,0,3093
2170001,2180000,1,L08-2,1,0,0,0,995,995
2190001,2200000,1,L08-2,1,0,0,0,437,437
2200001,2210000,1,L08-2,1,0,0,0,258,258
2250001,2260000,1,L08-2,1,0,0,0,1771,1771
2260001,2270000,1,L08-2,1,0,0,0,950,950
2270001,2280000,1,L08-2,1,0,0,0,783,783
2280001,2290000,3,L08-2,1,0,0,0,707,707
2340001,2350000,0,L08-2,1,1,0,0,0,261
2350001,2360000,0,L08-2,1,1,0,0,0,2832
2390001,2400000,0,L08-2,1,0,1,0,0,0
2400001,2410000,1,L08-2,1,0,0,0,2033,2033
2430001,2440000,0,L08-2,1,1,1,0,0,3091
2450001,2460000,1,L08-2,1,0,0,0,668,668
2490001,2500000,1,L08-2,1,0,0,0,1760,1760
2540001,2550000,1,L08-2,1,0,0,0,2627,2627
2550001,2560000,2,L08-2,1,0,0,0,3415,3415
2630001,2640000,2,L08-2,1,0,0,0,2182,2182
2640001,2650000,1,L08-2,1,0,0,0,1220,1220
2700001,2710000,1,L08-2,1,0,0,0,1415,1415
2710001,2720000,2,L08-2,1,0,0,0,3000,3000
2770001,2780000,2,L08-2,1,0,0,0,1613,1613
2780001,2790000,1,L08-2,1,0,0,0,392,392
2790001,2800000,1,L08-2,1,0,0,0,746,746
2810001,2820000,2,L08-2,1,0,0,0,1540,1540
2820001,2830000,2,L08-2,1,0,0,0,2324,2324
2840001,2850000,1,L08-2,1,0,0,0,803,803
2880001,2890000,3,L08-2,1,0,0,0,2259,2259
2900001,2910000,1,L08-2,1,0,0,0,1355,1355
2910001,2920000,1,L08-2,1,0,0,0,737,737
2920001,2930000,4,L08-2,1,0,0,0,2723,2723
2930001,2940000,2,L08-2,1,0,0,0,1471,1471
2960001,2970000,3,L08-2,1,0,0,0,2906,2906
2980001,2990000,0,L08-2,1,1,0,0,0,706
2990001,3000000,0,L08-2,1,1,0,0,0,2386
3010001,3020000,2,L08-2,1,0,0,0,1065,1065
3020001,3030000,2,L08-2,1,0,0,0,434,434
3030001,3040000,0,L08-2,1,1,0,0,0,3093
3050001,3060000,2,L08-2,1,0,0,0,2541,2541
3060001,3070000,1,L08-2,1,0,0,0,394,394
3110001,3120000,1,L08-2,1,0,0,0,875,875
3180001,3190000,1,L08-2,1,0,0,0,1098,1098
3210001,3220000,2,L08-2,1,0,0,0,2242,2242
3230001,3240000,2,L08-2,1,0,0,0,1526,1526
3240001,3250000,1,L08-2,1,0,0,0,44,44
3280001,3290000,2,L08-2,1,0,0,0,2995,2995
3290001,3300000,1,L08-2,1,0,0,0,1892,1892
3300001,3310000,1,L08-2,1,0,0,0,653,653
3310001,3320000,2,L08-2,1,0,0,0,1606,1606
3320001,3330000,3,L08-2,1,0,0,0,4598,4598
3380001,3390000,1,L08-2,1,0,0,0,375,375
3420001,3430000,2,L08-2,1,0,0,0,3137,3137
3430001,3440000,4,L08-2,1,0,0,0,3949,3949
3440001,3450000,6,L08-2,1,0,0,0,4400,4400
3450001,3460000,5,L08-2,1,0,0,0,2389,2389
3480001,3490000,2,L08-2,1,0,0,0,820,820
3490001,3500000,1,L08-2,1,0,0,0,1067,1067
3500001,3510000,3,L08-2,1,0,0,0,2634,2634
3510001,3520000,2,L08-2,1,0,0,0,1819,1819
3530001,3540000,1,L08-2,1,0,0,0,572,572
3540001,3550000,6,L08-2,1,0,0,0,3733,3733
3550001,3560000,22,L08-2,1,0,0,0,9311,9311
3560001,3570000,6,L08-2,1,0,0,0,4260,4260
3590001,3600000,0,L08-2,1,1,0,0,0,3093
3600001,3610000,1,L08-2,1,0,0,0,1004,1004
3620001,3630000,1,L08-2,1,0,0,0,2134,2134
3660001,3670000,1,L08-2,1,0,0,0,1044,1044
3670001,3680000,1,L08-2,1,0,0,0,59,59
3690001,3700000,4,L08-2,1,0,0,0,4065,4065
3800001,3810000,2,L08-2,1,0,0,0,2980,2980
3810001,3820000,0,L08-2,1,1,0,0,0,3092
3850001,3860000,1,L08-2,1,0,0,0,1019,1019
3880001,3890000,5,L08-2,1,0,0,0,3648,3648
3890001,3900000,2,L08-2,1,0,0,0,2731,2731
20001,30000,1,L08-2,2,0,0,0,75,75
30001,40000,0,L08-2,2,1,0,0,0,3092
40001,50000,1,L08-2,2,0,0,0,1259,1259
50001,60000,2,L08-2,2,0,0,0,152,152
60001,70000,3,L08-2,2,1,0,0,1754,2263
70001,80000,0,L08-2,2,1,0,0,0,2584
110001,120000,1,L08-2,2,0,0,0,545,545
120001,130000,1,L08-2,2,0,0,0,2577,2577
130001,140000,2,L08-2,2,0,0,0,805,805
200001,210000,2,L08-2,2,0,0,0,3157,3157
240001,250000,1,L08-2,2,0,0,0,857,857
250001,260000,7,L08-2,2,0,0,0,4017,4017
260001,270000,4,L08-2,2,0,0,0,9087,9087
270001,280000,1,L08-2,2,0,0,0,26,26
330001,340000,3,L08-2,2,0,0,0,3903,3903
340001,350000,1,L08-2,2,0,0,0,1415,1415
350001,360000,1,L08-2,2,0,0,0,536,536
450001,460000,3,L08-2,2,0,0,0,2505,2505
460001,470000,1,L08-2,2,0,0,0,274,274
470001,480000,4,L08-2,2,0,0,0,2752,2752
500001,510000,1,L08-2,2,0,0,0,227,227
520001,530000,1,L08-2,2,0,0,0,530,530
530001,540000,1,L08-2,2,0,0,0,0,0
560001,570000,3,L08-2,2,0,0,0,5037,5037
580001,590000,2,L08-2,2,0,0,0,1276,1276
640001,650000,4,L08-2,2,0,0,0,5201,5201
650001,660000,1,L08-2,2,0,0,0,821,821
670001,680000,2,L08-2,2,0,0,0,2833,2833
710001,720000,6,L08-2,2,0,0,0,6710,6710
720001,730000,9,L08-2,2,0,0,0,8638,8638
730001,740000,3,L08-2,2,0,0,0,3780,3780
760001,770000,1,L08-2,2,0,0,0,662,662
770001,780000,1,L08-2,2,0,0,0,479,479
780001,790000,1,L08-2,2,0,0,0,73,73
790001,800000,2,L08-2,2,0,0,0,1551,1551
800001,810000,7,L08-2,2,0,0,0,4630,4630
810001,820000,9,L08-2,2,0,0,0,9039,9039
820001,830000,4,L08-2,2,0,0,0,6560,6560
830001,840000,1,L08-2,2,0,0,0,1718,1718
850001,860000,0,L08-2,2,1,0,0,0,3094
900001,910000,0,L08-2,2,0,1,1,0,0
930001,940000,1,L08-2,2,0,0,0,974,974
960001,970000,2,L08-2,2,0,0,0,2818,2818
970001,980000,6,L08-2,2,0,0,0,5730,5730
1010001,1020000,1,L08-2,2,0,0,0,113,113
1030001,1040000,3,L08-2,2,0,0,0,3537,3537
1070001,1080000,0,L08-2,2,1,1,0,0,3094
1080001,1090000,2,L08-2,2,0,0,0,1990,1990
1090001,1100000,3,L08-2,2,0,1,1,1059,1059
1170001,1180000,6,L08-2,2,0,0,0,5884,5884
1180001,1190000,1,L08-2,2,0,0,0,1963,1963
1190001,1200000,1,L08-2,2,0,0,0,1538,1538
1200001,1210000,1,L08-2,2,0,0,0,84,84
1210001,1220000,2,L08-2,2,0,0,0,2194,2194
1220001,1230000,0,L08-2,2,0,1,1,0,0
1280001,1290000,0,L08-2,2,1,0,0,0,3093
1300001,1310000,0,L08-2,2,1,0,0,0,3098
1420001,1430000,1,L08-2,2,0,0,0,218,218
1430001,1440000,2,L08-2,2,0,0,0,4603,4603
1440001,1450000,1,L08-2,2,0,0,0,1292,1292
1460001,1470000,2,L08-2,2,0,0,0,3385,3385
1470001,1480000,6,L08-2,2,0,0,0,5772,5772
1480001,1490000,2,L08-2,2,0,0,0,3201,3201
1490001,1500000,1,L08-2,2,0,0,0,651,651
1510001,1520000,1,L08-2,2,0,0,0,518,518
1530001,1540000,1,L08-2,2,0,0,0,87,87
1600001,1610000,1,L08-2,2,0,0,0,271,271
1610001,1620000,3,L08-2,2,0,0,0,4769,4769
1620001,1630000,5,L08-2,2,0,0,0,3540,3540
1640001,1650000,3,L08-2,2,0,0,0,3137,3137
1660001,1670000,1,L08-2,2,0,0,0,1106,1106
1700001,1710000,6,L08-2,2,0,0,0,4899,4899
1710001,1720000,3,L08-2,2,0,0,0,2131,2131
1770001,1780000,1,L08-2,2,0,0,0,2597,2597
1780001,1790000,1,L08-2,2,0,0,0,590,590
1790001,1800000,1,L08-2,2,0,0,0,788,788
1850001,1860000,0,L08-2,2,1,0,0,0,2128
1860001,1870000,0,L08-2,2,1,0,0,0,966
2010001,2020000,1,L08-2,2,0,0,0,1274,1274
2020001,2030000,0,L08-2,2,0,1,1,0,0
2040001,2050000,1,L08-2,2,0,0,0,641,641
2090001,2100000,1,L08-2,2,0,0,0,2168,2168
2100001,2110000,5,L08-2,2,0,0,0,4028,4028
2120001,2130000,1,L08-2,2,1,1,0,827,3920
2140001,2150000,0,L08-2,2,1,0,0,0,629
2150001,2160000,0,L08-2,2,1,0,0,0,2465
2170001,2180000,1,L08-2,2,0,0,0,995,995
2190001,2200000,1,L08-2,2,0,0,0,695,695
2250001,2260000,1,L08-2,2,0,0,0,1772,1772
2260001,2270000,1,L08-2,2,0,0,0,1733,1733
2280001,2290000,3,L08-2,2,0,0,0,707,707
2340001,2350000,0,L08-2,2,1,0,0,0,2208
2350001,2360000,1,L08-2,2,1,0,0,2033,2915
2380001,2390000,0,L08-2,2,1,0,0,0,2824
2390001,2400000,0,L08-2,2,1,0,0,0,269
2400001,2410000,1,L08-2,2,0,0,0,668,668
2440001,2450000,1,L08-2,2,0,0,0,1760,1760
2490001,2500000,1,L08-2,2,0,0,0,2627,2627
2500001,2510000,2,L08-2,2,0,0,0,3415,3415
2580001,2590000,2,L08-2,2,0,0,0,1429,1429
2590001,2600000,2,L08-2,2,0,0,0,1973,1973
2650001,2660000,1,L08-2,2,0,0,0,1415,1415
2660001,2670000,2,L08-2,2,0,0,0,2896,2896
2670001,2680000,1,L08-2,2,0,0,0,105,105
2720001,2730000,1,L08-2,2,0,0,0,1127,1127
2730001,2740000,1,L08-2,2,0,0,0,878,878
2750001,2760000,1,L08-2,2,0,0,0,747,747
2760001,2770000,1,L08-2,2,0,0,0,1472,1472
2770001,2780000,2,L08-2,2,0,0,0,2392,2392
2790001,2800000,1,L08-2,2,0,0,0,803,803
2830001,2840000,3,L08-2,2,0,0,0,2259,2259
2850001,2860000,1,L08-2,2,0,0,0,1355,1355
2860001,2870000,1,L08-2,2,0,0,0,737,737
2870001,2880000,4,L08-2,2,0,0,0,2723,2723
2880001,2890000,2,L08-2,2,0,0,0,1471,1471
2910001,2920000,3,L08-2,2,0,0,0,2906,2906
2920001,2930000,0,L08-2,2,0,1,1,0,0
2940001,2950000,0,L08-2,2,1,0,0,0,3092
2960001,2970000,0,L08-2,2,0,1,0,0,0
2970001,2980000,3,L08-2,2,0,0,0,1499,1499
2980001,2990000,0,L08-2,2,1,1,0,0,3094
3000001,3010000,1,L08-2,2,0,0,0,1181,1181
3010001,3020000,2,L08-2,2,0,0,0,1754,1754
3060001,3070000,1,L08-2,2,0,0,0,875,875
3070001,3080000,0,L08-2,2,0,1,1,0,0
3090001,3100000,0,L08-2,2,0,1,1,0,0
3130001,3140000,1,L08-2,2,0,0,0,1098,1098
3160001,3170000,2,L08-2,2,0,0,0,1330,1330
3170001,3180000,1,L08-2,2,0,0,0,912,912
3180001,3190000,1,L08-2,2,0,0,0,1154,1154
3190001,3200000,1,L08-2,2,0,0,0,416,416
3230001,3240000,2,L08-2,2,0,0,0,2995,2995
3240001,3250000,1,L08-2,2,0,0,0,1892,1892
3250001,3260000,1,L08-2,2,0,0,0,653,653
3260001,3270000,2,L08-2,2,0,0,0,1606,1606
3270001,3280000,3,L08-2,2,0,0,0,4599,4599
3330001,3340000,1,L08-2,2,0,0,0,375,375
3370001,3380000,1,L08-2,2,0,0,0,1701,1701
3380001,3390000,5,L08-2,2,0,0,0,3923,3923
3390001,3400000,5,L08-2,2,0,0,0,4603,4603
3400001,3410000,5,L08-2,2,0,0,0,3648,3648
3430001,3440000,2,L08-2,2,0,0,0,820,820
3440001,3450000,1,L08-2,2,0,0,0,1067,1067
3450001,3460000,3,L08-2,2,0,0,0,2075,2075
3460001,3470000,3,L08-2,2,0,0,0,2378,2378
3480001,3490000,0,L08-2,2,0,1,1,0,0
3490001,3500000,5,L08-2,2,0,0,0,2900,2900
3500001,3510000,22,L08-2,2,0,0,0,9285,9285
3510001,3520000,9,L08-2,2,0,0,0,5692,5692
3540001,3550000,0,L08-2,2,1,0,0,0,3094
3550001,3560000,1,L08-2,2,0,0,0,720,720
3560001,3570000,1,L08-2,2,0,0,0,284,284
3570001,3580000,1,L08-2,2,0,0,0,2135,2135
3620001,3630000,1,L08-2,2,0,0,0,1103,1103
3640001,3650000,4,L08-2,2,0,0,0,4064,4064
3750001,3760000,2,L08-2,2,0,0,0,2980,2980
3760001,3770000,0,L08-2,2,1,0,0,0,3093
3800001,3810000,1,L08-2,2,0,0,0,332,332
3810001,3820000,1,L08-2,2,0,0,0,687,687
3830001,3840000,4,L08-2,2,0,0,0,2239,2239
3840001,3850000,4,L08-2,2,0,0,0,2692,2692
3850001,3860000,1,L08-2,2,0,0,0,1447,1447
3900001,3910000,3,L08-2,2,0,0,0,4250,4250
3910001,3920000,4,L08-2,2,0,0,0,2812,2812
3930001,3940000,1,L08-2,2,0,0,0,1224,1224
3940001,3950000,2,L08-2,2,0,0,0,1975,1975
20001,30000,1,L08-3,1,0,0,0,75,75
30001,40000,0,L08-3,1,1,0,0,0,3092
40001,50000,1,L08-3,1,0,0,0,1259,1259
50001,60000,2,L08-3,1,0,0,0,152,152
60001,70000,3,L08-3,1,1,0,0,1754,2267
70001,80000,0,L08-3,1,1,0,0,0,2581
110001,120000,1,L08-3,1,0,0,0,545,545
120001,130000,1,L08-3,1,0,0,0,2581,2581
130001,140000,2,L08-3,1,0,0,0,801,801
200001,210000,2,L08-3,1,0,0,0,3156,3156
240001,250000,1,L08-3,1,0,0,0,857,857
250001,260000,7,L08-3,1,0,0,0,4017,4017
260001,270000,4,L08-3,1,0,0,0,9103,9103
270001,280000,1,L08-3,1,0,0,0,10,10
330001,340000,3,L08-3,1,0,0,0,3903,3903
340001,350000,1,L08-3,1,0,0,0,1414,1414
350001,360000,1,L08-3,1,0,0,0,536,536
450001,460000,3,L08-3,1,0,0,0,2505,2505
460001,470000,1,L08-3,1,0,0,0,304,304
470001,480000,4,L08-3,1,0,0,0,2722,2722
500001,510000,1,L08-3,1,0,0,0,227,227
520001,530000,1,L08-3,1,0,0,0,530,530
560001,570000,3,L08-3,1,0,0,0,5037,5037
580001,590000,2,L08-3,1,0,0,0,1276,1276
640001,650000,4,L08-3,1,0,0,0,5200,5200
650001,660000,1,L08-3,1,0,0,0,820,820
670001,680000,2,L08-3,1,0,0,0,2833,2833
710001,720000,6,L08-3,1,0,0,0,6747,6747
720001,730000,9,L08-3,1,0,0,0,8639,8639
730001,740000,3,L08-3,1,0,0,0,3742,3742
760001,770000,1,L08-3,1,0,0,0,662,662
770001,780000,1,L08-3,1,0,0,0,479,479
780001,790000,1,L08-3,1,0,0,0,113,113
790001,800000,2,L08-3,1,0,0,0,1510,1510
800001,810000,7,L08-3,1,0,0,0,4669,4669
810001,820000,9,L08-3,1,0,0,0,9039,9039
820001,830000,4,L08-3,1,0,0,0,6521,6521
830001,840000,1,L08-3,1,0,0,0,1717,1717
850001,860000,0,L08-3,1,1,0,0,0,3093
930001,940000,1,L08-3,1,0,0,0,974,974
960001,970000,2,L08-3,1,0,0,0,2818,2818
970001,980000,6,L08-3,1,0,0,0,5730,5730
1010001,1020000,1,L08-3,1,0,0,0,113,113
1030001,1040000,3,L08-3,1,0,0,0,3535,3535
1070001,1080000,0,L08-3,1,1,0,0,0,3092
1080001,1090000,2,L08-3,1,0,0,0,2038,2038
1090001,1100000,3,L08-3,1,0,0,0,1011,1011
1170001,1180000,6,L08-3,1,0,0,0,5943,5943
1180001,1190000,1,L08-3,1,0,0,0,1905,1905
1190001,1200000,1,L08-3,1,0,0,0,1538,1538
1200001,1210000,1,L08-3,1,0,0,0,84,84
1210001,1220000,2,L08-3,1,0,0,0,2194,2194
1280001,1290000,0,L08-3,1,1,0,0,0,3094
1300001,1310000,0,L08-3,1,1,0,0,0,1968
1310001,1320000,0,L08-3,1,1,0,0,0,1124
1420001,1430000,1,L08-3,1,0,0,0,114,114
1430001,1440000,2,L08-3,1,0,0,0,3221,3221
1440001,1450000,3,L08-3,1,0,0,0,2778,2778
1460001,1470000,1,L08-3,1,0,0,0,1673,1673
1470001,1480000,6,L08-3,1,0,0,0,5492,5492
1480001,1490000,2,L08-3,1,0,0,0,4445,4445
1490001,1500000,1,L08-3,1,0,0,0,1400,1400
1510001,1520000,1,L08-3,1,0,0,0,395,395
1520001,1530000,1,L08-3,1,0,0,0,123,123
1530001,1540000,1,L08-3,1,0,0,0,87,87
1610001,1620000,3,L08-3,1,0,0,0,5040,5040
1620001,1630000,5,L08-3,1,0,0,0,3541,3541
1640001,1650000,3,L08-3,1,0,0,0,2296,2296
1650001,1660000,1,L08-3,1,0,0,0,841,841
1660001,1670000,1,L08-3,1,0,0,0,1105,1105
1700001,1710000,4,L08-3,1,0,0,0,3005,3005
1710001,1720000,4,L08-3,1,0,0,0,4025,4025
1770001,1780000,1,L08-3,1,0,0,0,2597,2597
1780001,1790000,1,L08-3,1,0,0,0,590,590
1790001,1800000,1,L08-3,1,0,0,0,788,788
1850001,1860000,0,L08-3,1,1,0,0,0,156
1860001,1870000,0,L08-3,1,1,0,0,0,2937
2020001,2030000,1,L08-3,1,0,0,0,1274,1274
2040001,2050000,1,L08-3,1,0,0,0,641,641
2090001,2100000,1,L08-3,1,0,0,0,206,206
2100001,2110000,5,L08-3,1,0,0,0,5990,5990
2120001,2130000,1,L08-3,1,1,1,0,203,3297
2130001,2140000,1,L08-3,1,0,0,0,624,624
2150001,2160000,0,L08-3,1,1,0,0,0,3093
2170001,2180000,1,L08-3,1,0,0,0,995,995
2190001,2200000,1,L08-3,1,0,0,0,437,437
2200001,2210000,1,L08-3,1,0,0,0,258,258
2250001,2260000,1,L08-3,1,0,0,0,1771,1771
2260001,2270000,1,L08-3,1,0,0,0,950,950
2270001,2280000,1,L08-3,1,0,0,0,783,783
2280001,2290000,3,L08-3,1,0,0,0,707,707
2340001,2350000,0,L08-3,1,1,0,0,0,261
2350001,2360000,0,L08-3,1,1,0,0,0,2832
2380001,2390000,0,L08-3,1,0,1,0,0,0
2400001,2410000,1,L08-3,1,0,0,0,2033,2033
2430001,2440000,0,L08-3,1,1,0,0,0,3091
2450001,2460000,1,L08-3,1,0,0,0,668,668
2490001,2500000,1,L08-3,1,0,0,0,1760,1760
2540001,2550000,1,L08-3,1,0,0,0,2627,2627
2550001,2560000,2,L08-3,1,0,0,0,3415,3415
2630001,2640000,2,L08-3,1,0,0,0,2182,2182
2640001,2650000,1,L08-3,1,0,0,0,1220,1220
2700001,2710000,1,L08-3,1,0,0,0,1415,1415
2710001,2720000,2,L08-3,1,0,0,0,3000,3000
2720001,2730000,0,L08-3,1,0,1,0,0,0
2770001,2780000,2,L08-3,1,0,0,0,1613,1613
2780001,2790000,1,L08-3,1,0,0,0,392,392
2790001,2800000,1,L08-3,1,0,0,0,746,746
2810001,2820000,2,L08-3,1,0,0,0,1540,1540
2820001,2830000,2,L08-3,1,0,0,0,2324,2324
2840001,2850000,1,L08-3,1,0,0,0,803,803
2880001,2890000,3,L08-3,1,0,0,0,2259,2259
2900001,2910000,1,L08-3,1,0,0,0,1355,1355
2910001,2920000,1,L08-3,1,0,0,0,737,737
2920001,2930000,4,L08-3,1,0,0,0,2723,2723
2930001,2940000,2,L08-3,1,0,0,0,1471,1471
2960001,2970000,3,L08-3,1,0,0,0,2906,2906
2980001,2990000,0,L08-3,1,1,0,0,0,706
2990001,3000000,0,L08-3,1,1,0,0,0,2386
3010001,3020000,2,L08-3,1,0,1,0,1065,1065
3020001,3030000,2,L08-3,1,0,0,0,434,434
3030001,3040000,0,L08-3,1,1,0,0,0,3093
3050001,3060000,2,L08-3,1,0,0,0,2541,2541
3060001,3070000,1,L08-3,1,0,0,0,394,394
3110001,3120000,1,L08-3,1,0,0,0,875,875
3180001,3190000,1,L08-3,1,0,0,0,1098,1098
3210001,3220000,2,L08-3,1,0,0,0,2242,2242
3230001,3240000,2,L08-3,1,0,0,0,1526,1526
3240001,3250000,1,L08-3,1,0,0,0,44,44
3280001,3290000,2,L08-3,1,0,0,0,2995,2995
3290001,3300000,1,L08-3,1,0,0,0,1892,1892
3300001,3310000,1,L08-3,1,0,0,0,653,653
3310001,3320000,2,L08-3,1,0,0,0,1606,1606
3320001,3330000,3,L08-3,1,0,0,0,4598,4598
3380001,3390000,1,L08-3,1,0,0,0,375,375
3420001,3430000,2,L08-3,1,0,0,0,3137,3137
3430001,3440000,4,L08-3,1,0,0,0,3949,3949
3440001,3450000,6,L08-3,1,0,0,0,4400,4400
3450001,3460000,5,L08-3,1,0,0,0,2389,2389
3480001,3490000,2,L08-3,1,0,0,0,820,820
3490001,3500000,1,L08-3,1,0,0,0,1067,1067
3500001,3510000,3,L08-3,1,0,0,0,2634,2634
3510001,3520000,2,L08-3,1,0,0,0,1819,1819
3530001,3540000,1,L08-3,1,0,0,0,572,572
3540001,3550000,6,L08-3,1,0,0,0,3733,3733
3550001,3560000,22,L08-3,1,0,0,0,9311,9311
3560001,3570000,6,L08-3,1,0,0,0,4260,4260
3590001,3600000,0,L08-3,1,1,0,0,0,3093
3600001,3610000,1,L08-3,1,0,0,0,1004,1004
3620001,3630000,1,L08-3,1,0,0,0,2134,2134
3660001,3670000,1,L08-3,1,0,0,0,1044,1044
3670001,3680000,1,L08-3,1,0,0,0,59,59
3690001,3700000,4,L08-3,1,0,0,0,4065,4065
3800001,3810000,2,L08-3,1,0,0,0,2980,2980
3810001,3820000,0,L08-3,1,1,0,0,0,3092
3850001,3860000,1,L08-3,1,0,0,0,1019,1019
3880001,3890000,5,L08-3,1,0,0,0,3648,3648
3890001,3900000,2,L08-3,1,0,0,0,2731,2731
3950001,3960000,5,L08-3,1,0,0,0,5106,5106
3960001,3970000,2,L08-3,1,0,0,0,1956,1956
3980001,3990000,2,L08-3,1,0,0,0,2541,2541
3990001,4000000,1,L08-3,1,0,0,0,658,658
20001,30000,1,L08-3,2,0,0,0,75,75
30001,40000,0,L08-3,2,1,0,0,0,3094
40001,50000,1,L08-3,2,0,0,0,1259,1259
50001,60000,2,L08-3,2,0,0,0,152,152
60001,70000,3,L08-3,2,1,0,0,1755,2261
70001,80000,0,L08-3,2,1,0,0,0,2586
110001,120000,1,L08-3,2,0,0,0,545,545
120001,130000,1,L08-3,2,0,0,0,2575,2575
130001,140000,2,L08-3,2,0,0,0,807,807
200001,210000,2,L08-3,2,0,0,0,3157,3157
240001,250000,1,L08-3,2,0,0,0,857,857
250001,260000,7,L08-3,2,0,0,0,4017,4017
260001,270000,4,L08-3,2,0,0,0,9085,9085
270001,280000,1,L08-3,2,0,0,0,28,28
330001,340000,3,L08-3,2,0,0,0,3903,3903
340001,350000,1,L08-3,2,0,0,0,1415,1415
350001,360000,1,L08-3,2,0,0,0,536,536
450001,460000,3,L08-3,2,0,0,0,2505,2505
460001,470000,1,L08-3,2,0,0,0,269,269
470001,480000,4,L08-3,2,0,0,0,2757,2757
500001,510000,1,L08-3,2,0,0,0,227,227
520001,530000,1,L08-3,2,0,0,0,530,530
530001,540000,1,L08-3,2,0,0,0,0,0
560001,570000,3,L08-3,2,0,0,0,5037,5037
580001,590000,2,L08-3,2,0,0,0,1276,1276
640001,650000,4,L08-3,2,0,0,0,5201,5201
650001,660000,1,L08-3,2,0,0,0,821,821
670001,680000,2,L08-3,2,0,0,0,2833,2833
710001,720000,6,L08-3,2,0,0,0,6704,6704
720001,730000,9,L08-3,2,0,0,0,8639,8639
730001,740000,3,L08-3,2,0,0,0,3786,3786
760001,770000,1,L08-3,2,0,0,0,662,662
770001,780000,1,L08-3,2,0,0,0,479,479
780001,790000,1,L08-3,2,0,0,0,67,67
790001,800000,2,L08-3,2,0,0,0,1557,1557
800001,810000,7,L08-3,2,0,0,0,4626,4626
810001,820000,9,L08-3,2,0,0,0,9039,9039
820001,830000,4,L08-3,2,0,0,0,6564,6564
830001,840000,1,L08-3,2,0,0,0,1718,1718
850001,860000,0,L08-3,2,1,0,0,0,3093
930001,940000,1,L08-3,2,0,0,0,974,974
960001,970000,2,L08-3,2,0,0,0,2818,2818
970001,980000,6,L08-3,2,0,0,0,5730,5730
1010001,1020000,1,L08-3,2,0,0,0,113,113
1030001,1040000,3,L08-3,2,0,0,0,3537,3537
1070001,1080000,0,L08-3,2,1,0,0,0,3093
1080001,1090000,2,L08-3,2,0,0,0,1990,1990
1090001,1100000,3,L08-3,2,0,0,0,1059,1059
1170001,1180000,6,L08-3,2,0,0,0,5884,5884
1180001,1190000,1,L08-3,2,0,0,0,1964,1964
1190001,1200000,1,L08-3,2,0,0,0,1538,1538
1200001,1210000,1,L08-3,2,0,0,0,84,84
1210001,1220000,2,L08-3,2,0,0,0,2194,2194
1280001,1290000,0,L08-3,2,1,0,0,0,3093
1300001,1310000,0,L08-3,2,1,0,0,0,1911
1310001,1320000,0,L08-3,2,1,0,0,0,1182
1420001,1430000,1,L08-3,2,0,0,0,47,47
1430001,1440000,2,L08-3,2,0,0,0,3220,3220
1440001,1450000,3,L08-3,2,0,0,0,2846,2846
1460001,1470000,1,L08-3,2,0,0,0,1673,1673
1470001,1480000,5,L08-3,2,0,0,0,5424,5424
1480001,1490000,2,L08-3,2,0,0,0,4512,4512
1490001,1500000,1,L08-3,2,0,0,0,1400,1400
1510001,1520000,1,L08-3,2,0,0,0,326,326
1520001,1530000,1,L08-3,2,0,0,0,192,192
1530001,1540000,1,L08-3,2,0,0,0,87,87
1610001,1620000,3,L08-3,2,0,0,0,5040,5040
1620001,1630000,5,L08-3,2,0,0,0,3541,3541
1640001,1650000,3,L08-3,2,0,0,0,2218,2218
1650001,1660000,1,L08-3,2,0,0,0,919,919
1660001,1670000,1,L08-3,2,0,0,0,1106,1106
1700001,1710000,4,L08-3,2,0,0,0,3005,3005
1710001,1720000,4,L08-3,2,0,0,0,4025,4025
1770001,1780000,1,L08-3,2,0,0,0,2597,2597
1780001,1790000,1,L08-3,2,0,1,1,590,590
1790001,1800000,1,L08-3,2,0,0,0,788,788
1850001,1860000,0,L08-3,2,1,0,0,0,64
1860001,1870000,0,L08-3,2,1,0,0,0,3029
2020001,2030000,1,L08-3,2,0,0,0,1274,1274
2040001,2050000,1,L08-3,2,0,0,0,641,641
2090001,2100000,1,L08-3,2,0,0,0,97,97
2100001,2110000,5,L08-3,2,0,0,0,6099,6099
2120001,2130000,1,L08-3,2,1,0,0,827,3920
2150001,2160000,0,L08-3,2,1,0,0,0,3093
2170001,2180000,1,L08-3,2,0,0,0,995,995
2190001,2200000,1,L08-3,2,0,0,0,695,695
2250001,2260000,1,L08-3,2,0,0,0,1772,1772
2260001,2270000,1,L08-3,2,0,0,0,1733,1733
2280001,2290000,3,L08-3,2,0,0,0,707,707
2330001,2340000,0,L08-3,2,0,1,0,0,0
2340001,2350000,0,L08-3,2,1,0,0,0,1117
2350001,2360000,0,L08-3,2,1,0,0,0,1976
2370001,2380000,1,L08-3,2,0,0,0,2033,2033
2400001,2410000,0,L08-3,2,1,0,0,0,2445
2410001,2420000,0,L08-3,2,1,0,0,0,649
2690001,2700000,0,L08-3,2,1,0,0,0,2390
2700001,2710000,0,L08-3,2,1,0,0,0,703
3030001,3040000,1,L08-3,2,0,0,0,1127,1127
3040001,3050000,1,L08-3,2,0,0,0,878,878
3060001,3070000,1,L08-3,2,0,0,0,746,746
3070001,3080000,1,L08-3,2,0,0,0,1472,1472
3080001,3090000,2,L08-3,2,0,0,0,2392,2392
3100001,3110000,1,L08-3,2,0,0,0,803,803
3140001,3150000,3,L08-3,2,0,0,0,2259,2259
3160001,3170000,1,L08-3,2,0,0,0,1355,1355
3170001,3180000,1,L08-3,2,0,0,0,738,738
3180001,3190000,4,L08-3,2,0,0,0,2420,2420
3190001,3200000,3,L08-3,2,0,0,0,1774,1774
3220001,3230000,3,L08-3,2,0,0,0,2906,2906
3250001,3260000,3,L08-3,2,1,0,0,1500,4593
3270001,3280000,0,L08-3,2,1,0,0,0,3093
3290001,3300000,2,L08-3,2,0,0,0,2935,2935
3350001,3360000,1,L08-3,2,0,0,0,875,875
3410001,3420000,1,L08-3,2,0,0,0,1098,1098
3450001,3460000,2,L08-3,2,0,0,0,2242,2242
3460001,3470000,1,L08-3,2,0,0,0,737,737
3470001,3480000,2,L08-3,2,0,0,0,833,833
3510001,3520000,2,L08-3,2,0,0,0,878,878
3520001,3530000,2,L08-3,2,0,0,0,2468,2468
3530001,3540000,2,L08-3,2,0,0,0,1583,1583
3540001,3550000,1,L08-3,2,0,0,0,612,612
3550001,3560000,3,L08-3,2,0,0,0,2619,2619
3560001,3570000,2,L08-3,2,0,0,0,3586,3586
3610001,3620000,1,L08-3,2,0,0,0,376,376
3660001,3670000,2,L08-3,2,0,0,0,4159,4159
3670001,3680000,4,L08-3,2,0,0,0,3547,3547
3680001,3690000,5,L08-3,2,0,0,0,3780,3780
3690001,3700000,4,L08-3,2,0,0,0,2389,2389
3720001,3730000,3,L08-3,2,0,0,0,1887,1887
3740001,3750000,5,L08-3,2,0,0,0,3442,3442
3750001,3760000,1,L08-3,2,0,0,0,1011,1011
3770001,3780000,3,L08-3,2,0,0,0,2028,2028
3780001,3790000,12,L08-3,2,0,0,0,6172,6172
3790001,3800000,17,L08-3,2,0,0,0,7431,7431
3800001,3810000,3,L08-3,2,0,0,0,2246,2246
3820001,3830000,0,L08-3,2,1,0,0,0,2774
3830001,3840000,0,L08-3,2,1,0,0,0,319
3840001,3850000,1,L08-3,2,0,0,0,1004,1004
3850001,3860000,1,L08-3,2,0,0,0,2135,2135
3900001,3910000,1,L08-3,2,0,0,0,1103,1103
3920001,3930000,4,L08-3,2,0,0,0,2812,2812
3930001,3940000,1,L08-3,2,0,0,0,1252,1252
4030001,4040000,1,L08-3,2,0,0,0,1219,1219
4040001,4050000,2,L08-3,2,1,0,0,1761,2295
4050001,4060000,0,L08-3,2,1,0,0,0,2559
4090001,4100000,1,L08-3,2,0,0,0,1019,1019
4110001,4120000,1,L08-3,2,0,0,0,161,161
4120001,4130000,5,L08-3,2,0,0,0,3486,3486
4130001,4140000,2,L08-3,2,0,0,0,2731,2731
4180001,4190000,1,L08-3,2,0,0,0,1081,1081
4190001,4200000,6,L08-3,2,0,0,0,5981,5981
4220001,4230000,2,L08-3,2,0,0,0,3199,3199
20001,30000,1,L08-4,1,0,0,0,75,75
30001,40000,0,L08-4,1,1,0,0,0,3092
40001,50000,1,L08-4,1,0,0,0,1259,1259
50001,60000,2,L08-4,1,0,0,0,152,152
60001,70000,3,L08-4,1,1,0,0,1754,2267
70001,80000,0,L08-4,1,1,0,0,0,2581
110001,120000,1,L08-4,1,0,0,0,545,545
120001,130000,1,L08-4,1,0,0,0,2581,2581
130001,140000,2,L08-4,1,0,0,0,801,801
200001,210000,2,L08-4,1,0,0,0,3156,3156
240001,250000,1,L08-4,1,0,0,0,857,857
250001,260000,7,L08-4,1,0,0,0,4017,4017
260001,270000,4,L08-4,1,0,0,0,9103,9103
270001,280000,1,L08-4,1,0,0,0,10,10
330001,340000,3,L08-4,1,0,0,0,3903,3903
340001,350000,1,L08-4,1,0,0,0,1414,1414
350001,360000,1,L08-4,1,0,0,0,536,536
450001,460000,3,L08-4,1,0,0,0,2505,2505
460001,470000,1,L08-4,1,0,0,0,304,304
470001,480000,4,L08-4,1,0,0,0,2722,2722
500001,510000,1,L08-4,1,0,0,0,227,227
520001,530000,1,L08-4,1,0,0,0,530,530
560001,570000,3,L08-4,1,0,0,0,5037,5037
580001,590000,2,L08-4,1,0,0,0,1276,1276
640001,650000,4,L08-4,1,0,0,0,5200,5200
650001,660000,1,L08-4,1,0,0,0,820,820
670001,680000,2,L08-4,1,0,0,0,2833,2833
710001,720000,6,L08-4,1,0,0,0,6747,6747
720001,730000,9,L08-4,1,0,0,0,8639,8639
730001,740000,3,L08-4,1,0,0,0,3742,3742
760001,770000,1,L08-4,1,0,0,0,662,662
770001,780000,1,L08-4,1,0,0,0,479,479
780001,790000,1,L08-4,1,0,0,0,113,113
790001,800000,2,L08-4,1,0,0,0,1510,1510
800001,810000,7,L08-4,1,0,0,0,4669,4669
810001,820000,9,L08-4,1,0,0,0,9039,9039
820001,830000,4,L08-4,1,0,0,0,6521,6521
830001,840000,1,L08-4,1,0,0,0,1717,1717
850001,860000,0,L08-4,1,1,1,0,0,3093
930001,940000,1,L08-4,1,0,0,0,974,974
960001,970000,2,L08-4,1,0,0,0,2818,2818
970001,980000,6,L08-4,1,0,0,0,5730,5730
1010001,1020000,1,L08-4,1,0,0,0,113,113
1030001,1040000,3,L08-4,1,0,0,0,3535,3535
1070001,1080000,0,L08-4,1,1,0,0,0,3092
1080001,1090000,2,L08-4,1,0,0,0,2038,2038
1090001,1100000,3,L08-4,1,0,0,0,1011,1011
1170001,1180000,6,L08-4,1,0,0,0,5943,5943
1180001,1190000,1,L08-4,1,0,0,0,1905,1905
1190001,1200000,1,L08-4,1,0,0,0,1538,1538
1200001,1210000,1,L08-4,1,0,0,0,84,84
1210001,1220000,2,L08-4,1,0,0,0,2194,2194
1280001,1290000,0,L08-4,1,1,0,0,0,3094
1300001,1310000,0,L08-4,1,1,0,0,0,1968
1310001,1320000,0,L08-4,1,1,0,0,0,1124
1420001,1430000,1,L08-4,1,0,0,0,114,114
1430001,1440000,2,L08-4,1,0,0,0,3221,3221
1440001,1450000,3,L08-4,1,0,0,0,2778,2778
1460001,1470000,1,L08-4,1,0,0,0,1673,1673
1470001,1480000,6,L08-4,1,0,0,0,5492,5492
1480001,1490000,2,L08-4,1,0,0,0,4445,4445
1490001,1500000,1,L08-4,1,0,0,0,1400,1400
1510001,1520000,1,L08-4,1,0,0,0,395,395
1520001,1530000,1,L08-4,1,0,0,0,123,123
1530001,1540000,1,L08-4,1,0,0,0,87,87
1610001,1620000,3,L08-4,1,0,0,0,5040,5040
1620001,1630000,5,L08-4,1,0,0,0,3541,3541
1640001,1650000,3,L08-4,1,0,0,0,2296,2296
1650001,1660000,1,L08-4,1,0,0,0,841,841
1660001,1670000,1,L08-4,1,0,0,0,1105,1105
1700001,1710000,4,L08-4,1,0,0,0,3005,3005
1710001,1720000,4,L08-4,1,0,0,0,4025,4025
1770001,1780000,1,L08-4,1,0,0,0,2597,2597
1780001,1790000,1,L08-4,1,0,0,0,590,590
1790001,1800000,1,L08-4,1,0,0,0,788,788
1850001,1860000,0,L08-4,1,1,0,0,0,156
1860001,1870000,0,L08-4,1,1,0,0,0,2937
2020001,2030000,1,L08-4,1,0,0,0,1274,1274
2040001,2050000,1,L08-4,1,0,0,0,641,641
2090001,2100000,1,L08-4,1,0,0,0,206,206
2100001,2110000,5,L08-4,1,0,0,0,5990,5990
2120001,2130000,1,L08-4,1,1,1,0,203,3297
2130001,2140000,1,L08-4,1,0,0,0,624,624
2150001,2160000,0,L08-4,1,1,0,0,0,3093
2170001,2180000,1,L08-4,1,0,0,0,995,995
2190001,2200000,1,L08-4,1,0,0,0,437,437
2200001,2210000,1,L08-4,1,0,0,0,258,258
2250001,2260000,1,L08-4,1,0,0,0,1771,1771
2260001,2270000,1,L08-4,1,0,0,0,950,950
2270001,2280000,1,L08-4,1,0,0,0,783,783
2280001,2290000,3,L08-4,1,0,0,0,707,707
2340001,2350000,0,L08-4,1,1,0,0,0,261
2350001,2360000,0,L08-4,1,1,0,0,0,2832
2400001,2410000,1,L08-4,1,0,0,0,2033,2033
2430001,2440000,0,L08-4,1,1,0,0,0,3091
2450001,2460000,1,L08-4,1,0,0,0,668,668
2490001,2500000,1,L08-4,1,0,0,0,1760,1760
2540001,2550000,1,L08-4,1,0,0,0,2627,2627
2550001,2560000,2,L08-4,1,0,0,0,3415,3415
2630001,2640000,2,L08-4,1,0,0,0,2182,2182
2640001,2650000,1,L08-4,1,0,0,0,1220,1220
2700001,2710000,1,L08-4,1,0,0,0,1415,1415
2710001,2720000,2,L08-4,1,0,0,0,3000,3000
2770001,2780000,2,L08-4,1,0,0,0,1613,1613
2780001,2790000,1,L08-4,1,0,0,0,392,392
2790001,2800000,1,L08-4,1,0,0,0,746,746
2810001,2820000,2,L08-4,1,0,0,0,1540,1540
2820001,2830000,2,L08-4,1,0,0,0,2324,2324
2840001,2850000,1,L08-4,1,0,0,0,803,803
2880001,2890000,3,L08-4,1,0,0,0,2259,2259
2900001,2910000,1,L08-4,1,0,0,0,1355,1355
2910001,2920000,1,L08-4,1,0,0,0,737,737
2920001,2930000,4,L08-4,1,0,0,0,2723,2723
2930001,2940000,2,L08-4,1,0,0,0,1471,1471
2960001,2970000,3,L08-4,1,0,0,0,2906,2906
2980001,2990000,0,L08-4,1,1,0,0,0,706
2990001,3000000,0,L08-4,1,1,0,0,0,2386
3010001,3020000,2,L08-4,1,0,0,0,1065,1065
3020001,3030000,2,L08-4,1,0,0,0,434,434
3030001,3040000,0,L08-4,1,1,1,0,0,3093
3050001,3060000,2,L08-4,1,0,0,0,2541,2541
3060001,3070000,1,L08-4,1,0,0,0,394,394
3110001,3120000,1,L08-4,1,0,0,0,875,875
3180001,3190000,1,L08-4,1,0,0,0,1098,1098
3210001,3220000,2,L08-4,1,0,0,0,2242,2242
3230001,3240000,2,L08-4,1,0,0,0,1526,1526
3240001,3250000,1,L08-4,1,0,0,0,44,44
3280001,3290000,2,L08-4,1,0,0,0,2995,2995
3290001,3300000,1,L08-4,1,0,0,0,1892,1892
3300001,3310000,1,L08-4,1,0,0,0,653,653
3310001,3320000,2,L08-4,1,0,0,0,1606,1606
3320001,3330000,3,L08-4,1,0,0,0,4598,4598
3380001,3390000,1,L08-4,1,0,0,0,375,375
3420001,3430000,2,L08-4,1,0,0,0,3137,3137
3430001,3440000,4,L08-4,1,0,0,0,3949,3949
3440001,3450000,6,L08-4,1,0,0,0,4400,4400
3450001,3460000,5,L08-4,1,0,0,0,2389,2389
3480001,3490000,2,L08-4,1,0,0,0,820,820
3490001,3500000,1,L08-4,1,0,0,0,1067,1067
3500001,3510000,3,L08-4,1,0,0,0,2634,2634
3510001,3520000,2,L08-4,1,0,0,0,1819,1819
3530001,3540000,1,L08-4,1,0,0,0,572,572
3540001,3550000,6,L08-4,1,0,0,0,3733,3733
3550001,3560000,22,L08-4,1,0,0,0,9311,9311
3560001,3570000,6,L08-4,1,0,0,0,4260,4260
3590001,3600000,0,L08-4,1,1,0,0,0,3093
3600001,3610000,1,L08-4,1,0,0,0,1004,1004
3620001,3630000,1,L08-4,1,0,0,0,2134,2134
3630001,3640000,0,L08-4,1,0,1,1,0,0
3660001,3670000,1,L08-4,1,0,0,0,1044,1044
3670001,3680000,1,L08-4,1,0,0,0,59,59
3690001,3700000,4,L08-4,1,0,0,0,4065,4065
3800001,3810000,2,L08-4,1,0,0,0,2980,2980
3810001,3820000,0,L08-4,1,1,0,0,0,3092
3850001,3860000,1,L08-4,1,0,0,0,1019,1019
3880001,3890000,5,L08-4,1,0,0,0,3648,3648
3890001,3900000,2,L08-4,1,0,0,0,2731,2731
3950001,3960000,5,L08-4,1,0,0,0,5106,5106
3960001,3970000,2,L08-4,1,0,0,0,1956,1956
3980001,3990000,2,L08-4,1,0,0,0,2541,2541
20001,30000,1,L08-4,2,0,0,0,75,75
30001,40000,0,L08-4,2,1,0,0,0,3094
40001,50000,1,L08-4,2,0,0,0,1259,1259
50001,60000,2,L08-4,2,0,0,0,152,152
60001,70000,3,L08-4,2,1,0,0,1754,2261
70001,80000,0,L08-4,2,1,0,0,0,2586
110001,120000,1,L08-4,2,0,0,0,545,545
120001,130000,1,L08-4,2,0,0,0,2575,2575
130001,140000,2,L08-4,2,0,0,0,807,807
200001,210000,2,L08-4,2,0,0,0,3157,3157
240001,250000,1,L08-4,2,0,0,0,857,857
250001,260000,7,L08-4,2,0,0,0,4017,4017
260001,270000,4,L08-4,2,0,0,0,9087,9087
270001,280000,1,L08-4,2,0,0,0,26,26
330001,340000,3,L08-4,2,0,0,0,3903,3903
340001,350000,1,L08-4,2,0,0,0,1415,1415
350001,360000,1,L08-4,2,0,0,0,536,536
450001,460000,3,L08-4,2,0,0,0,2505,2505
460001,470000,1,L08-4,2,0,0,0,271,271
470001,480000,4,L08-4,2,0,0,0,2755,2755
500001,510000,1,L08-4,2,0,0,0,227,227
510001,520000,0,L08-4,2,0,1,1,0,0
520001,530000,1,L08-4,2,0,0,0,530,530
530001,540000,1,L08-4,2,0,0,0,0,0
560001,570000,3,L08-4,2,0,0,0,5037,5037
580001,590000,2,L08-4,2,0,0,0,1276,1276
640001,650000,4,L08-4,2,0,0,0,5201,5201
650001,660000,1,L08-4,2,0,0,0,821,821
670001,680000,2,L08-4,2,0,0,0,2833,2833
710001,720000,6,L08-4,2,0,0,0,6708,6708
720001,730000,9,L08-4,2,0,0,0,8638,8638
730001,740000,3,L08-4,2,0,0,0,3782,3782
760001,770000,1,L08-4,2,0,0,0,662,662
770001,780000,1,L08-4,2,0,0,0,479,479
780001,790000,1,L08-4,2,0,0,0,75,75
790001,800000,2,L08-4,2,0,0,0,1549,1549
800001,810000,7,L08-4,2,0,0,0,4633,4633
810001,820000,9,L08-4,2,0,0,0,9039,9039
820001,830000,4,L08-4,2,0,0,0,6557,6557
830001,840000,1,L08-4,2,0,0,0,1718,1718
850001,860000,0,L08-4,2,1,0,0,0,3093
930001,940000,1,L08-4,2,0,0,0,974,974
960001,970000,3,L08-4,2,0,0,0,3349,3349
970001,980000,6,L08-4,2,0,0,0,5199,5199
1010001,1020000,1,L08-4,2,0,0,0,113,113
1020001,1030000,1,L08-4,2,0,0,0,1894,1894
1030001,1040000,3,L08-4,2,0,0,0,1643,1643
1070001,1080000,0,L08-4,2,1,0,0,0,3093
1080001,1090000,3,L08-4,2,0,0,0,2974,2974
1090001,1100000,1,L08-4,2,0,0,0,76,76
1170001,1180000,6,L08-4,2,0,0,0,7848,7848
1190001,1200000,1,L08-4,2,0,0,0,1538,1538
1200001,1210000,2,L08-4,2,0,0,0,291,291
1210001,1220000,2,L08-4,2,0,0,0,1987,1987
1280001,1290000,0,L08-4,2,1,0,0,0,3094
1300001,1310000,0,L08-4,2,1,0,0,0,3094
1420001,1430000,1,L08-4,2,0,0,0,218,218
1430001,1440000,2,L08-4,2,0,0,0,4603,4603
1440001,1450000,1,L08-4,2,0,0,0,1292,1292
1460001,1470000,3,L08-4,2,0,0,0,3624,3624
1470001,1480000,5,L08-4,2,0,0,0,5771,5771
1480001,1490000,2,L08-4,2,0,0,0,3202,3202
1490001,1500000,1,L08-4,2,0,0,0,412,412
1510001,1520000,1,L08-4,2,0,0,0,518,518
1530001,1540000,1,L08-4,2,0,0,0,87,87
1600001,1610000,1,L08-4,2,0,0,0,508,508
1610001,1620000,4,L08-4,2,0,0,0,4742,4742
1620001,1630000,5,L08-4,2,0,0,0,3331,3331
1640001,1650000,3,L08-4,2,0,0,0,3137,3137
1660001,1670000,1,L08-4,2,0,0,0,1106,1106
1700001,1710000,6,L08-4,2,0,0,0,5136,5136
1710001,1720000,3,L08-4,2,0,0,0,1894,1894
1770001,1780000,1,L08-4,2,0,0,0,2597,2597
1780001,1790000,1,L08-4,2,0,0,0,590,590
1790001,1800000,1,L08-4,2,0,0,0,788,788
1850001,1860000,0,L08-4,2,1,0,0,0,2364
1860001,1870000,0,L08-4,2,1,0,0,0,729
2010001,2020000,1,L08-4,2,0,0,0,1274,1274
2040001,2050000,1,L08-4,2,0,0,0,641,641
2090001,2100000,2,L08-4,2,0,0,0,2387,2387
2100001,2110000,5,L08-4,2,0,0,0,3809,3809
2110001,2120000,0,L08-4,2,1,0,0,0,61
2120001,2130000,1,L08-4,2,1,0,0,827,3859
2140001,2150000,0,L08-4,2,1,0,0,0,1493
2150001,2160000,0,L08-4,2,1,0,0,0,1599
2170001,2180000,1,L08-4,2,0,0,0,995,995
2190001,2200000,1,L08-4,2,0,0,0,695,695
2250001,2260000,1,L08-4,2,0,0,0,1772,1772
2260001,2270000,1,L08-4,2,0,0,0,1733,1733
2280001,2290000,3,L08-4,2,0,0,0,707,707
2320001,2330000,0,L08-4,2,0,1,1,0,0
2340001,2350000,0,L08-4,2,1,0,0,0,3081
2350001,2360000,0,L08-4,2,1,0,0,0,11
2390001,2400000,1,L08-4,2,0,0,0,2033,2033
2430001,2440000,0,L08-4,2,1,0,0,0,3094
2440001,2450000,1,L08-4,2,0,0,0,652,652
2450001,2460000,1,L08-4,2,0,0,0,16,16
2490001,2500000,1,L08-4,2,0,0,0,1761,1761
2530001,2540000,1,L08-4,2,0,0,0,630,630
2540001,2550000,3,L08-4,2,0,0,0,4320,4320
2550001,2560000,1,L08-4,2,0,0,0,1092,1092
2630001,2640000,2,L08-4,2,0,0,0,2182,2182
2640001,2650000,1,L08-4,2,0,0,0,1220,1220
2700001,2710000,1,L08-4,2,0,0,0,1415,1415
2710001,2720000,2,L08-4,2,0,0,0,3001,3001
2760001,2770000,1,L08-4,2,0,0,0,565,565
2770001,2780000,2,L08-4,2,0,0,0,1440,1440
2790001,2800000,1,L08-4,2,0,0,0,746,746
2810001,2820000,3,L08-4,2,0,0,0,3864,3864
2840001,2850000,1,L08-4,2,0,0,0,803,803
2870001,2880000,1,L08-4,2,0,0,0,380,380
2880001,2890000,2,L08-4,2,0,0,0,1879,1879
2900001,2910000,1,L08-4,2,0,0,0,1355,1355
2910001,2920000,1,L08-4,2,0,0,0,737,737
2920001,2930000,6,L08-4,2,0,0,0,4194,4194
2960001,2970000,3,L08-4,2,0,0,0,2906,2906
2980001,2990000,0,L08-4,2,1,0,0,0,3092
3010001,3020000,3,L08-4,2,0,0,0,1500,1500
3020001,3030000,0,L08-4,2,1,0,0,0,1172
3030001,3040000,0,L08-4,2,1,0,0,0,1922
3050001,3060000,2,L08-4,2,0,0,0,2935,2935
3100001,3110000,1,L08-4,2,0,0,0,631,631
3110001,3120000,1,L08-4,2,0,0,0,244,244
3170001,3180000,1,L08-4,2,0,0,0,1098,1098
3210001,3220000,2,L08-4,2,0,0,0,2242,2242
3220001,3230000,1,L08-4,2,0,0,0,1154,1154
3230001,3240000,1,L08-4,2,0,0,0,416,416
3270001,3280000,2,L08-4,2,0,0,0,2995,2995
3280001,3290000,1,L08-4,2,0,0,0,1892,1892
3290001,3300000,1,L08-4,2,0,0,0,653,653
3300001,3310000,1,L08-4,2,0,0,0,1109,1109
3310001,3320000,4,L08-4,2,0,0,0,3255,3255
3320001,3330000,1,L08-4,2,0,0,0,1841,1841
3370001,3380000,1,L08-4,2,0,0,0,375,375
3420001,3430000,4,L08-4,2,0,0,0,4517,4517
3430001,3440000,4,L08-4,2,0,0,0,4315,4315
3440001,3450000,6,L08-4,2,0,0,0,3389,3389
3450001,3460000,3,L08-4,2,0,0,0,1654,1654
3470001,3480000,2,L08-4,2,0,0,0,660,660
3480001,3490000,2,L08-4,2,0,0,0,1227,1227
3490001,3500000,1,L08-4,2,0,0,0,106,106
3500001,3510000,5,L08-4,2,0,0,0,4347,4347
3530001,3540000,3,L08-4,2,0,0,0,2028,2028
3540001,3550000,17,L08-4,2,0,0,0,8170,8170
3550001,3560000,14,L08-4,2,0,0,0,7546,7546
3560001,3570000,1,L08-4,2,0,0,0,133,133
3580001,3590000,0,L08-4,2,1,0,0,0,3093
3590001,3600000,0,L08-4,2,0,1,0,0,0
3600001,3610000,1,L08-4,2,0,0,0,1004,1004
3610001,3620000,1,L08-4,2,0,0,0,2135,2135
3620001,3630000,0,L08-4,2,1,0,0,0,1385
3630001,3640000,0,L08-4,2,1,0,0,0,1709
3660001,3670000,1,L08-4,2,0,0,0,1103,1103
3680001,3690000,3,L08-4,2,0,0,0,1951,1951
3690001,3700000,2,L08-4,2,0,0,0,2114,2114
3790001,3800000,1,L08-4,2,0,0,0,354,354
3800001,3810000,2,L08-4,2,0,0,0,2626,2626
3810001,3820000,0,L08-4,2,1,0,0,0,3093
3850001,3860000,1,L08-4,2,0,0,0,1019,1019
3880001,3890000,5,L08-4,2,0,0,0,3647,3647
3890001,3900000,2,L08-4,2,0,0,0,2731,2731
3940001,3950000,1,L08-4,2,0,0,0,215,215
3950001,3960000,6,L08-4,2,0,0,0,6847,6847
3980001,3990000,2,L08-4,2,0,0,0,3199,3199
20001,30000,1,L09-1,1,0,0,0,75,75
40001,50000,1,L09-1,1,0,1,1,1259,1259
50001,60000,3,L09-1,1,0,0,0,228,228
60001,70000,2,L09-1,1,0,0,0,1678,1678
100001,110000,1,L09-1,1,0,0,0,545,545
120001,130000,2,L09-1,1,0,0,0,3382,3382
190001,200000,2,L09-1,1,0,0,0,2110,2110
200001,210000,1,L09-1,1,0,0,0,1046,1046
230001,240000,1,L09-1,1,0,0,0,338,338
240001,250000,6,L09-1,1,0,0,0,3608,3608
250001,260000,6,L09-1,1,0,0,0,6234,6234
260001,270000,1,L09-1,1,0,0,0,3807,3807
320001,330000,2,L09-1,1,0,0,0,2600,2600
330001,340000,3,L09-1,1,0,0,0,2717,2717
340001,350000,1,L09-1,1,0,0,0,536,536
390001,400000,0,L09-1,1,1,0,0,0,4089
440001,450000,2,L09-1,1,0,0,0,1062,1062
450001,460000,2,L09-1,1,0,0,0,1443,1443
460001,470000,3,L09-1,1,0,0,0,2210,2210
470001,480000,2,L09-1,1,0,0,0,816,816
500001,510000,1,L09-1,1,0,0,0,227,227
520001,530000,1,L09-1,1,0,0,0,530,530
550001,560000,1,L09-1,1,0,0,0,932,932
560001,570000,3,L09-1,1,0,0,0,4105,4105
580001,590000,2,L09-1,1,0,0,0,1276,1276
640001,650000,5,L09-1,1,0,0,0,6021,6021
660001,670000,1,L09-1,1,0,0,0,185,185
670001,680000,2,L09-1,1,0,0,0,2648,2648
710001,720000,8,L09-1,1,0,0,0,8960,8960
720001,730000,8,L09-1,1,0,0,0,8576,8576
730001,740000,2,L09-1,1,0,0,0,1593,1593
760001,770000,1,L09-1,1,1,0,0,661,3147
770001,780000,0,L09-1,1,1,0,0,0,608
780001,790000,1,L09-1,1,0,0,0,479,479
790001,800000,2,L09-1,1,0,0,0,1624,1624
800001,810000,5,L09-1,1,0,0,0,3920,3920
810001,820000,9,L09-1,1,0,0,0,8895,8895
820001,830000,5,L09-1,1,0,0,0,6606,6606
830001,840000,2,L09-1,1,0,0,0,2525,2525
930001,940000,1,L09-1,1,0,0,0,974,974
960001,970000,3,L09-1,1,0,0,0,3313,3313
970001,980000,6,L09-1,1,0,0,0,5235,5235
1010001,1020000,1,L09-1,1,0,0,0,113,113
1020001,1030000,1,L09-1,1,0,0,0,1862,1862
1030001,1040000,3,L09-1,1,0,0,0,1673,1673
1080001,1090000,3,L09-1,1,1,0,0,2973,6066
1090001,1100000,1,L09-1,1,0,0,0,76,76
1170001,1180000,6,L09-1,1,0,0,0,7848,7848
1190001,1200000,1,L09-1,1,0,0,0,1538,1538
1200001,1210000,2,L09-1,1,0,0,0,285,285
1210001,1220000,2,L09-1,1,0,0,0,1994,1994
1280001,1290000,0,L09-1,1,1,0,0,0,3092
1420001,1430000,1,L09-1,1,0,0,0,218,218
1430001,1440000,3,L09-1,1,0,0,0,5895,5895
1460001,1470000,4,L09-1,1,0,0,0,5150,5150
1470001,1480000,3,L09-1,1,0,0,0,6459,6459
1480001,1490000,1,L09-1,1,0,0,0,1400,1400
1510001,1520000,1,L09-1,1,0,0,0,518,518
1520001,1530000,1,L09-1,1,0,0,0,65,65
1530001,1540000,1,L09-1,1,0,0,0,22,22
1600001,1610000,2,L09-1,1,0,0,0,3411,3411
1610001,1620000,5,L09-1,1,0,0,0,3528,3528
1620001,1630000,2,L09-1,1,0,0,0,1642,1642
1640001,1650000,3,L09-1,1,0,0,0,3137,3137
1650001,1660000,1,L09-1,1,0,0,0,396,396
1660001,1670000,1,L09-1,1,0,0,0,710,710
1690001,1700000,0,L09-1,1,1,0,0,0,2335
1700001,1710000,5,L09-1,1,1,0,0,4204,5959
1710001,1720000,4,L09-1,1,0,0,0,2826,2826
1750001,1760000,0,L09-1,1,1,0,0,0,4088
1770001,1780000,1,L09-1,1,0,0,0,969,969
1780001,1790000,2,L09-1,1,0,0,0,2217,2217
1790001,1800000,1,L09-1,1,0,0,0,788,788
2040001,2050000,1,L09-1,1,0,0,0,1274,1274
2060001,2070000,1,L09-1,1,0,0,0,641,641
2120001,2130000,5,L09-1,1,0,0,0,6196,6196
2140001,2150000,1,L09-1,1,0,0,0,827,827
2180001,2190000,1,L09-1,1,0,0,0,995,995
2210001,2220000,1,L09-1,1,0,0,0,695,695
2260001,2270000,0,L09-1,1,1,0,0,0,4090
2270001,2280000,1,L09-1,1,0,0,0,1772,1772
2280001,2290000,1,L09-1,1,0,0,0,1733,1733
2300001,2310000,3,L09-1,1,0,1,1,707,707
2320001,2330000,0,L09-1,1,1,0,0,0,3094
2410001,2420000,1,L09-1,1,0,0,0,1115,1115
2420001,2430000,1,L09-1,1,0,0,0,918,918
2460001,2470000,1,L09-1,1,0,0,0,668,668
2500001,2510000,1,L09-1,1,0,0,0,1044,1044
2510001,2520000,1,L09-1,1,0,0,0,716,716
2550001,2560000,1,L09-1,1,0,0,0,2527,2527
2560001,2570000,3,L09-1,1,0,0,0,3515,3515
2650001,2660000,2,L09-1,1,0,0,0,2182,2182
2660001,2670000,1,L09-1,1,0,0,0,1220,1220
2720001,2730000,1,L09-1,1,0,0,0,1415,1415
2730001,2740000,2,L09-1,1,0,0,0,3000,3000
2780001,2790000,1,L09-1,1,0,0,0,1126,1126
2790001,2800000,1,L09-1,1,0,0,0,878,878
2810001,2820000,1,L09-1,1,0,0,0,746,746
2830001,2840000,3,L09-1,1,0,0,0,3864,3864
2850001,2860000,1,L09-1,1,0,0,0,636,636
2860001,2870000,1,L09-1,1,0,0,0,167,167
2890001,2900000,2,L09-1,1,0,0,0,1285,1285
2900001,2910000,1,L09-1,1,0,0,0,974,974
2910001,2920000,1,L09-1,1,0,0,0,1355,1355
2920001,2930000,1,L09-1,1,0,0,0,0,0
2930001,2940000,1,L09-1,1,0,0,0,737,737
2940001,2950000,6,L09-1,1,0,0,0,4193,4193
2970001,2980000,2,L09-1,1,0,0,0,277,277
2980001,2990000,1,L09-1,1,0,0,0,2629,2629
3030001,3040000,3,L09-1,1,0,0,0,1499,1499
3060001,3070000,2,L09-1,1,0,0,0,2935,2935
3120001,3130000,1,L09-1,1,0,0,0,875,875
3150001,3160000,0,L09-1,1,1,0,0,0,3093
3190001,3200000,1,L09-1,1,0,0,0,1098,1098
3220001,3230000,2,L09-1,1,0,0,0,1476,1476
3230001,3240000,1,L09-1,1,0,0,0,766,766
3240001,3250000,1,L09-1,1,0,0,0,1154,1154
3250001,3260000,1,L09-1,1,0,0,0,416,416
3290001,3300000,2,L09-1,1,0,0,0,2995,2995
3300001,3310000,1,L09-1,1,0,0,0,1892,1892
3310001,3320000,1,L09-1,1,0,0,0,653,653
3320001,3330000,2,L09-1,1,0,0,0,1606,1606
3330001,3340000,3,L09-1,1,0,0,0,4598,4598
3390001,3400000,1,L09-1,1,0,0,0,374,374
3430001,3440000,1,L09-1,1,0,0,0,1857,1857
3440001,3450000,5,L09-1,1,0,0,0,3923,3923
3450001,3460000,5,L09-1,1,0,0,0,4447,4447
3460001,3470000,5,L09-1,1,0,0,0,3648,3648
3490001,3500000,2,L09-1,1,1,0,0,820,2302
3500001,3510000,1,L09-1,1,1,0,0,1067,2678
3520001,3530000,5,L09-1,1,0,0,0,4453,4453
3550001,3560000,3,L09-1,1,0,0,0,2027,2027
3560001,3570000,15,L09-1,1,0,0,0,7444,7444
3570001,3580000,13,L09-1,1,1,0,0,5378,9136
3580001,3590000,3,L09-1,1,1,0,0,3027,3359
3620001,3630000,1,L09-1,1,0,0,0,1004,1004
3630001,3640000,1,L09-1,1,0,0,0,2135,2135
3680001,3690000,1,L09-1,1,0,0,0,1103,1103
3700001,3710000,4,L09-1,1,0,0,0,3151,3151
3710001,3720000,1,L09-1,1,0,0,0,915,915
3730001,3740000,0,L09-1,1,1,0,0,0,3092
3790001,3800000,2,L09-1,1,0,0,0,2980,2980
3840001,3850000,1,L09-1,1,0,0,0,1019,1019
3870001,3880000,5,L09-1,1,0,0,0,3647,3647
3880001,3890000,2,L09-1,1,0,0,0,2731,2731
3940001,3950000,6,L09-1,1,0,0,0,6355,6355
3950001,3960000,1,L09-1,1,0,0,0,707,707
3960001,3970000,0,L09-1,1,0,1,0,0,0
3970001,3980000,2,L09-1,1,0,1,0,3199,3199
20001,30000,1,L09-1,2,0,0,0,75,75
40001,50000,1,L09-1,2,1,0,0,1259,5349
60001,70000,5,L09-1,2,0,0,0,1906,1906
110001,120000,1,L09-1,2,0,0,0,545,545
120001,130000,2,L09-1,2,0,0,0,3382,3382
200001,210000,2,L09-1,2,0,0,0,3156,3156
240001,250000,1,L09-1,2,0,0,0,857,857
250001,260000,10,L09-1,2,0,0,0,5281,5281
260001,270000,2,L09-1,2,0,0,0,7849,7849
330001,340000,3,L09-1,2,0,0,0,3903,3903
340001,350000,1,L09-1,2,0,0,0,1415,1415
350001,360000,1,L09-1,2,0,0,0,536,536
390001,400000,0,L09-1,2,1,1,0,0,4089
450001,460000,3,L09-1,2,0,0,0,2505,2505
470001,480000,4,L09-1,2,0,0,0,3026,3026
500001,510000,1,L09-1,2,0,0,0,227,227
530001,540000,1,L09-1,2,0,0,0,530,530
560001,570000,3,L09-1,2,0,0,0,4415,4415
570001,580000,1,L09-1,2,0,0,0,622,622
580001,590000,2,L09-1,2,0,0,0,1276,1276
640001,650000,3,L09-1,2,0,0,0,4251,4251
650001,660000,2,L09-1,2,0,0,0,1771,1771
670001,680000,2,L09-1,2,0,0,0,1593,1593
680001,690000,1,L09-1,2,0,0,0,1240,1240
710001,720000,4,L09-1,2,0,0,0,4823,4823
720001,730000,9,L09-1,2,0,0,0,8967,8967
730001,740000,5,L09-1,2,0,0,0,5339,5339
760001,770000,1,L09-1,2,0,0,0,662,662
770001,780000,0,L09-1,2,1,0,0,0,3093
780001,790000,1,L09-1,2,0,0,0,479,479
790001,800000,2,L09-1,2,0,0,0,1624,1624
800001,810000,1,L09-1,2,0,0,0,824,824
810001,820000,10,L09-1,2,0,0,0,8574,8574
820001,830000,7,L09-1,2,0,0,0,8637,8637
830001,840000,3,L09-1,2,0,0,0,3822,3822
840001,850000,1,L09-1,2,0,0,0,90,90
930001,940000,1,L09-1,2,0,0,0,974,974
960001,970000,2,L09-1,2,0,0,0,2149,2149
970001,980000,6,L09-1,2,0,0,0,5131,5131
980001,990000,2,L09-1,2,0,0,0,1268,1268
1010001,1020000,1,L09-1,2,0,0,0,113,113
1030001,1040000,3,L09-1,2,0,0,0,3535,3535
1080001,1090000,2,L09-1,2,1,0,0,2107,3189
1090001,1100000,1,L09-1,2,1,0,0,866,2878
1100001,1110000,1,L09-1,2,0,0,0,76,76
1170001,1180000,4,L09-1,2,0,0,0,4040,4040
1180001,1190000,3,L09-1,2,0,0,0,3808,3808
1190001,1200000,1,L09-1,2,0,0,0,1538,1538
1200001,1210000,1,L09-1,2,0,0,0,84,84
1210001,1220000,2,L09-1,2,0,0,0,2194,2194
1280001,1290000,0,L09-1,2,1,0,0,0,3094
1290001,1300000,0,L09-1,2,1,0,0,0,0
1420001,1430000,1,L09-1,2,0,0,0,218,218
1430001,1440000,2,L09-1,2,0,0,0,4140,4140
1440001,1450000,2,L09-1,2,0,0,0,1755,1755
1460001,1470000,2,L09-1,2,0,0,0,2571,2571
1470001,1480000,6,L09-1,2,0,0,0,5771,5771
1480001,1490000,1,L09-1,2,0,0,0,3267,3267
1490001,1500000,1,L09-1,2,0,0,0,1400,1400
1510001,1520000,1,L09-1,2,0,0,0,518,518
1530001,1540000,1,L09-1,2,0,0,0,87,87
1610001,1620000,3,L09-1,2,0,0,0,5040,5040
1620001,1630000,5,L09-1,2,0,0,0,3541,3541
1640001,1650000,3,L09-1,2,0,0,0,3137,3137
1660001,1670000,1,L09-1,2,0,0,0,1106,1106
1690001,1700000,0,L09-1,2,0,1,0,0,0
1700001,1710000,1,L09-1,2,1,0,0,584,4674
1710001,1720000,7,L09-1,2,0,0,0,6446,6446
1750001,1760000,0,L09-1,2,1,0,0,0,2974
1760001,1770000,0,L09-1,2,1,0,0,0,1114
1780001,1790000,1,L09-1,2,0,0,0,2597,2597
1790001,1800000,1,L09-1,2,0,0,0,590,590
1800001,1810000,1,L09-1,2,0,0,0,788,788
2040001,2050000,1,L09-1,2,0,0,0,1274,1274
2070001,2080000,1,L09-1,2,0,0,0,641,641
2120001,2130000,4,L09-1,2,0,0,0,4126,4126
2130001,2140000,2,L09-1,2,0,0,0,2070,2070
2150001,2160000,1,L09-1,2,0,0,0,827,827
2190001,2200000,1,L09-1,2,0,0,0,995,995
2210001,2220000,1,L09-1,2,0,0,0,695,695
2260001,2270000,0,L09-1,2,1,0,0,0,4089
2280001,2290000,1,L09-1,2,0,0,0,1772,1772
2290001,2300000,1,L09-1,2,0,0,0,1733,1733
2300001,2310000,3,L09-1,2,0,0,0,707,707
2310001,2320000,0,L09-1,2,1,0,0,0,3093
2330001,2340000,0,L09-1,2,1,0,0,0,3093
2420001,2430000,1,L09-1,2,0,0,0,2033,2033
2470001,2480000,1,L09-1,2,0,0,0,668,668
2480001,2490000,0,L09-1,2,0,1,1,0,0
2510001,2520000,1,L09-1,2,0,0,0,1762,1762
2560001,2570000,1,L09-1,2,0,0,0,2627,2627
2570001,2580000,2,L09-1,2,0,0,0,3415,3415
2650001,2660000,1,L09-1,2,0,0,0,323,323
2660001,2670000,3,L09-1,2,0,0,0,3079,3079
2720001,2730000,1,L09-1,2,0,0,0,696,696
2730001,2740000,2,L09-1,2,0,0,0,2511,2511
2740001,2750000,2,L09-1,2,0,0,0,1209,1209
2790001,2800000,1,L09-1,2,0,0,0,1127,1127
2800001,2810000,1,L09-1,2,0,0,0,878,878
2820001,2830000,1,L09-1,2,0,0,0,746,746
2830001,2840000,1,L09-1,2,0,0,0,865,865
2840001,2850000,3,L09-1,2,0,0,0,2999,2999
2860001,2870000,1,L09-1,2,0,0,0,803,803
2900001,2910000,3,L09-1,2,0,0,0,2259,2259
2920001,2930000,1,L09-1,2,0,0,0,1355,1355
2930001,2940000,1,L09-1,2,0,0,0,605,605
2940001,2950000,5,L09-1,2,0,0,0,1811,1811
2950001,2960000,3,L09-1,2,0,0,0,2514,2514
2970001,2980000,0,L09-1,2,0,2,0,0,0
2980001,2990000,3,L09-1,2,0,0,0,2742,2742
2990001,3000000,1,L09-1,2,0,0,0,164,164
3030001,3040000,3,L09-1,2,0,0,0,1499,1499
3070001,3080000,2,L09-1,2,0,0,0,2935,2935
3130001,3140000,1,L09-1,2,0,0,0,875,875
3160001,3170000,0,L09-1,2,1,0,0,0,3092
3200001,3210000,1,L09-1,2,0,0,0,1098,1098
3230001,3240000,2,L09-1,2,0,0,0,2242,2242
3250001,3260000,2,L09-1,2,0,0,0,1570,1570
3300001,3310000,2,L09-1,2,0,0,0,2995,2995
3310001,3320000,1,L09-1,2,0,0,0,1892,1892
3320001,3330000,1,L09-1,2,0,0,0,653,653
3330001,3340000,2,L09-1,2,0,0,0,1606,1606
3340001,3350000,3,L09-1,2,0,0,0,4599,4599
3400001,3410000,1,L09-1,2,0,0,0,375,375
3440001,3450000,2,L09-1,2,0,0,0,4159,4159
3450001,3460000,3,L09-1,2,0,0,0,3357,3357
3460001,3470000,5,L09-1,2,0,0,0,3970,3970
3470001,3480000,4,L09-1,2,0,0,0,2389,2389
3500001,3510000,2,L09-1,2,1,0,0,820,3913
3510001,3520000,1,L09-1,2,0,0,0,1067,1067
3520001,3530000,3,L09-1,2,0,0,0,1780,1780
3530001,3540000,3,L09-1,2,0,0,0,2673,2673
3560001,3570000,5,L09-1,2,0,0,0,2603,2603
3570001,3580000,21,L09-1,2,0,0,0,9303,9303
3580001,3590000,8,L09-1,2,1,1,0,3604,7693
3590001,3600000,3,L09-1,2,0,0,0,2367,2367
3630001,3640000,1,L09-1,2,0,0,0,1004,1004
3640001,3650000,1,L09-1,2,0,0,0,2135,2135
3690001,3700000,1,L09-1,2,0,0,0,1103,1103
3710001,3720000,4,L09-1,2,0,0,0,4066,4066
3740001,3750000,0,L09-1,2,1,0,0,0,3094
3800001,3810000,2,L09-1,2,0,0,0,2980,2980
3850001,3860000,1,L09-1,2,0,0,0,1019,1019
3870001,3880000,1,L09-1,2,0,0,0,20,20
3880001,3890000,5,L09-1,2,0,0,0,3627,3627
3890001,3900000,2,L09-1,2,0,0,0,2731,2731
3940001,3950000,1,L09-1,2,0,0,0,940,940
3950001,3960000,6,L09-1,2,0,1,0,6122,6122
3970001,3980000,0,L09-1,2,1,1,0,0,4088
20001,30000,1,L09-2,1,0,0,0,75,75
40001,50000,1,L09-2,1,0,0,0,1259,1259
50001,60000,3,L09-2,1,0,0,0,228,228
60001,70000,2,L09-2,1,0,0,0,1678,1678
100001,110000,1,L09-2,1,0,0,0,545,545
120001,130000,2,L09-2,1,0,0,0,3382,3382
190001,200000,2,L09-2,1,0,0,0,2110,2110
200001,210000,1,L09-2,1,0,0,0,1046,1046
230001,240000,1,L09-2,1,0,0,0,338,338
240001,250000,6,L09-2,1,0,0,0,3608,3608
250001,260000,6,L09-2,1,0,0,0,6234,6234
260001,270000,1,L09-2,1,0,0,0,3807,3807
320001,330000,2,L09-2,1,0,0,0,2600,2600
330001,340000,3,L09-2,1,0,0,0,2717,2717
340001,350000,1,L09-2,1,0,0,0,536,536
390001,400000,0,L09-2,1,1,0,0,0,4089
440001,450000,2,L09-2,1,0,0,0,1062,1062
450001,460000,2,L09-2,1,0,0,0,1443,1443
460001,470000,3,L09-2,1,0,0,0,2210,2210
470001,480000,2,L09-2,1,0,0,0,816,816
500001,510000,1,L09-2,1,0,0,0,227,227
520001,530000,1,L09-2,1,0,0,0,530,530
550001,560000,1,L09-2,1,0,0,0,932,932
560001,570000,3,L09-2,1,0,0,0,4105,4105
580001,590000,2,L09-2,1,0,0,0,1276,1276
640001,650000,5,L09-2,1,0,0,0,6021,6021
660001,670000,1,L09-2,1,0,0,0,185,185
670001,680000,2,L09-2,1,0,0,0,2648,2648
710001,720000,8,L09-2,1,0,0,0,8960,8960
720001,730000,8,L09-2,1,0,0,0,8576,8576
730001,740000,2,L09-2,1,0,0,0,1593,1593
760001,770000,1,L09-2,1,1,0,0,661,3147
770001,780000,0,L09-2,1,1,0,0,0,608
780001,790000,1,L09-2,1,0,0,0,479,479
790001,800000,2,L09-2,1,0,0,0,1624,1624
800001,810000,5,L09-2,1,0,0,0,3920,3920
810001,820000,9,L09-2,1,0,0,0,8895,8895
820001,830000,5,L09-2,1,0,0,0,6606,6606
830001,840000,2,L09-2,1,0,0,0,2525,2525
930001,940000,1,L09-2,1,0,0,0,974,974
960001,970000,3,L09-2,1,0,0,0,3313,3313
970001,980000,6,L09-2,1,0,0,0,5235,5235
1010001,1020000,1,L09-2,1,0,0,0,113,113
1020001,1030000,1,L09-2,1,0,0,0,1862,1862
1030001,1040000,3,L09-2,1,0,0,0,1673,1673
1080001,1090000,3,L09-2,1,1,0,0,2973,6066
1090001,1100000,1,L09-2,1,0,0,0,76,76
1170001,1180000,6,L09-2,1,0,0,0,7848,7848
1190001,1200000,1,L09-2,1,0,0,0,1538,1538
1200001,1210000,2,L09-2,1,0,0,0,285,285
1210001,1220000,2,L09-2,1,0,0,0,1994,1994
1280001,1290000,0,L09-2,1,1,0,0,0,3092
1410001,1420000,0,L09-2,1,0,1,1,0,0
1420001,1430000,1,L09-2,1,0,0,0,218,218
1430001,1440000,3,L09-2,1,0,0,0,5895,5895
1460001,1470000,4,L09-2,1,0,0,0,5150,5150
1470001,1480000,3,L09-2,1,0,0,0,6459,6459
1480001,1490000,1,L09-2,1,0,0,0,1400,1400
1510001,1520000,1,L09-2,1,0,0,0,518,518
1520001,1530000,1,L09-2,1,0,0,0,65,65
1530001,1540000,1,L09-2,1,0,0,0,22,22
1600001,1610000,2,L09-2,1,0,0,0,3411,3411
1610001,1620000,5,L09-2,1,0,0,0,3528,3528
1620001,1630000,2,L09-2,1,0,0,0,1642,1642
1640001,1650000,3,L09-2,1,0,0,0,3137,3137
1650001,1660000,1,L09-2,1,0,0,0,396,396
1660001,1670000,1,L09-2,1,0,0,0,710,710
1680001,1690000,0,L09-2,1,0,1,0,0,0
1690001,1700000,0,L09-2,1,1,0,0,0,2335
1700001,1710000,5,L09-2,1,1,0,0,4204,5959
1710001,1720000,4,L09-2,1,0,0,0,2826,2826
1770001,1780000,1,L09-2,1,0,0,0,2596,2596
1780001,1790000,1,L09-2,1,0,0,0,590,590
1790001,1800000,1,L09-2,1,0,0,0,788,788
2030001,2040000,1,L09-2,1,0,0,0,1274,1274
2060001,2070000,1,L09-2,1,0,0,0,641,641
2110001,2120000,2,L09-2,1,0,0,0,3222,3222
2120001,2130000,4,L09-2,1,0,0,0,2974,2974
2140001,2150000,1,L09-2,1,0,0,0,827,827
2180001,2190000,1,L09-2,1,0,0,0,995,995
2210001,2220000,1,L09-2,1,0,0,0,695,695
2250001,2260000,0,L09-2,1,1,1,0,0,3725
2260001,2270000,0,L09-2,1,1,0,0,0,365
2270001,2280000,1,L09-2,1,0,0,0,1772,1772
2280001,2290000,1,L09-2,1,0,0,0,1733,1733
2290001,2300000,3,L09-2,1,0,0,0,707,707
2320001,2330000,0,L09-2,1,1,0,0,0,3094
2410001,2420000,1,L09-2,1,0,0,0,2033,2033
2460001,2470000,1,L09-2,1,0,0,0,668,668
2500001,2510000,1,L09-2,1,0,0,0,1760,1760
2550001,2560000,1,L09-2,1,0,0,0,2627,2627
2560001,2570000,2,L09-2,1,0,0,0,3415,3415
2640001,2650000,2,L09-2,1,0,0,0,1677,1677
2650001,2660000,2,L09-2,1,0,0,0,1725,1725
2710001,2720000,1,L09-2,1,0,0,0,1415,1415
2720001,2730000,2,L09-2,1,0,0,0,3000,3000
2780001,2790000,1,L09-2,1,0,0,0,1126,1126
2790001,2800000,1,L09-2,1,0,0,0,878,878
2800001,2810000,1,L09-2,1,0,0,0,101,101
2810001,2820000,1,L09-2,1,0,0,0,645,645
2820001,2830000,1,L09-2,1,0,0,0,1472,1472
2830001,2840000,2,L09-2,1,0,0,0,2392,2392
2850001,2860000,1,L09-2,1,0,0,0,803,803
2890001,2900000,3,L09-2,1,0,0,0,2259,2259
2910001,2920000,1,L09-2,1,0,0,0,1355,1355
2920001,2930000,1,L09-2,1,0,0,0,737,737
2930001,2940000,4,L09-2,1,0,0,0,2722,2722
2940001,2950000,2,L09-2,1,0,0,0,1471,1471
2970001,2980000,3,L09-2,1,0,0,0,2906,2906
3020001,3030000,3,L09-2,1,0,0,0,1499,1499
3060001,3070000,2,L09-2,1,0,0,0,2935,2935
3120001,3130000,1,L09-2,1,0,0,0,875,875
3140001,3150000,0,L09-2,1,1,0,0,0,1368
3150001,3160000,0,L09-2,1,1,0,0,0,1725
3180001,3190000,1,L09-2,1,0,0,0,765,765
3190001,3200000,1,L09-2,1,0,0,0,333,333
3220001,3230000,2,L09-2,1,0,0,0,2242,2242
3240001,3250000,2,L09-2,1,0,0,0,1570,1570
3290001,3300000,2,L09-2,1,0,0,0,2995,2995
3300001,3310000,1,L09-2,1,0,0,0,1892,1892
3310001,3320000,1,L09-2,1,0,0,0,653,653
3320001,3330000,2,L09-2,1,0,0,0,1606,1606
3330001,3340000,3,L09-2,1,0,0,0,4598,4598
3390001,3400000,1,L09-2,1,0,0,0,374,374
3430001,3440000,2,L09-2,1,0,0,0,4159,4159
3440001,3450000,3,L09-2,1,0,0,0,3357,3357
3450001,3460000,5,L09-2,1,0,0,0,3970,3970
3460001,3470000,4,L09-2,1,0,0,0,2389,2389
3490001,3500000,2,L09-2,1,1,0,0,820,3913
3500001,3510000,1,L09-2,1,0,0,0,1067,1067
3510001,3520000,3,L09-2,1,0,0,0,2634,2634
3520001,3530000,2,L09-2,1,0,0,0,1819,1819
3540001,3550000,1,L09-2,1,0,0,0,571,571
3550001,3560000,5,L09-2,1,0,0,0,3448,3448
3560001,3570000,23,L09-2,1,0,0,0,9292,9292
3570001,3580000,5,L09-2,1,1,0,0,3652,7742
3580001,3590000,3,L09-2,1,0,0,0,913,913
3610001,3620000,1,L09-2,1,0,0,0,883,883
3620001,3630000,1,L09-2,1,0,0,0,121,121
3630001,3640000,1,L09-2,1,0,0,0,2135,2135
3680001,3690000,1,L09-2,1,0,0,0,1103,1103
3700001,3710000,4,L09-2,1,0,0,0,4066,4066
3730001,3740000,0,L09-2,1,1,0,0,0,3092
3790001,3800000,2,L09-2,1,0,0,0,2980,2980
3840001,3850000,1,L09-2,1,0,0,0,1019,1019
3860001,3870000,2,L09-2,1,0,0,0,1476,1476
3870001,3880000,4,L09-2,1,0,0,0,2171,2171
3880001,3890000,2,L09-2,1,0,0,0,2731,2731
3900001,3910000,0,L09-2,1,0,1,0,0,0
3920001,3930000,0,L09-2,1,0,1,0,0,0
3930001,3940000,1,L09-2,1,0,0,0,2407,2407
3940001,3950000,6,L09-2,1,0,0,0,4655,4655
20001,30000,1,L09-2,2,0,0,0,75,75
40001,50000,1,L09-2,2,0,0,0,1259,1259
50001,60000,3,L09-2,2,0,0,0,228,228
60001,70000,2,L09-2,2,0,0,0,1678,1678
100001,110000,1,L09-2,2,0,0,0,545,545
120001,130000,2,L09-2,2,0,0,0,3382,3382
190001,200000,2,L09-2,2,0,0,0,2095,2095
200001,210000,1,L09-2,2,0,0,0,1062,1062
230001,240000,1,L09-2,2,0,0,0,320,320
240001,250000,6,L09-2,2,0,0,0,3626,3626
250001,260000,7,L09-2,2,0,0,0,6216,6216
260001,270000,1,L09-2,2,0,0,0,3825,3825
320001,330000,2,L09-2,2,0,0,0,2578,2578
330001,340000,3,L09-2,2,0,0,0,2740,2740
340001,350000,1,L09-2,2,0,0,0,536,536
440001,450000,3,L09-2,2,0,0,0,2102,2102
450001,460000,1,L09-2,2,0,0,0,403,403
460001,470000,4,L09-2,2,0,0,0,2957,2957
470001,480000,1,L09-2,2,0,0,0,69,69
490001,500000,1,L09-2,2,0,0,0,140,140
500001,510000,1,L09-2,2,0,0,0,87,87
520001,530000,1,L09-2,2,0,0,0,530,530
550001,560000,1,L09-2,2,0,0,0,2855,2855
560001,570000,2,L09-2,2,0,0,0,2182,2182
570001,580000,1,L09-2,2,0,0,0,303,303
580001,590000,2,L09-2,2,0,0,0,973,973
630001,640000,2,L09-2,2,0,0,0,2619,2619
640001,650000,4,L09-2,2,0,0,0,3403,3403
660001,670000,1,L09-2,2,0,0,0,479,479
670001,680000,1,L09-2,2,0,0,0,2354,2354
700001,710000,3,L09-2,2,0,0,0,3025,3025
710001,720000,9,L09-2,2,0,0,0,9028,9028
720001,730000,6,L09-2,2,0,0,0,7076,7076
750001,760000,1,L09-2,2,0,0,0,662,662
760001,770000,0,L09-2,2,1,0,0,0,3094
770001,780000,1,L09-2,2,0,0,0,479,479
780001,790000,2,L09-2,2,0,0,0,1553,1553
790001,800000,2,L09-2,2,0,0,0,895,895
800001,810000,9,L09-2,2,0,0,0,6802,6802
810001,820000,7,L09-2,2,0,0,0,8620,8620
820001,830000,3,L09-2,2,0,0,0,3983,3983
830001,840000,1,L09-2,2,0,0,0,1718,1718
930001,940000,1,L09-2,2,0,0,0,974,974
950001,960000,1,L09-2,2,0,0,0,354,354
960001,970000,6,L09-2,2,0,0,0,5433,5433
970001,980000,2,L09-2,2,0,0,0,2761,2761
1000001,1010000,1,L09-2,2,0,0,0,113,113
1020001,1030000,2,L09-2,2,0,0,0,2574,2574
1030001,1040000,1,L09-2,2,0,0,0,962,962
1060001,1070000,0,L09-2,2,0,1,1,0,0
1070001,1080000,2,L09-2,2,0,0,0,1405,1405
1080001,1090000,2,L09-2,2,1,0,0,1568,4662
1090001,1100000,1,L09-2,2,0,0,0,76,76
1160001,1170000,2,L09-2,2,0,0,0,3013,3013
1170001,1180000,4,L09-2,2,0,0,0,4835,4835
1180001,1190000,1,L09-2,2,0,0,0,988,988
1190001,1200000,2,L09-2,2,0,0,0,634,634
1200001,1210000,1,L09-2,2,0,0,0,1664,1664
1210001,1220000,1,L09-2,2,0,0,0,530,530
1270001,1280000,0,L09-2,2,1,0,0,0,1294
1280001,1290000,0,L09-2,2,1,0,0,0,1800
1400001,1410000,0,L09-2,2,1,0,0,0,733
1410001,1420000,0,L09-2,2,1,0,0,0,2361
1420001,1430000,1,L09-2,2,0,0,0,218,218
1430001,1440000,3,L09-2,2,0,0,0,5895,5895
1450001,1460000,1,L09-2,2,0,0,0,605,605
1460001,1470000,4,L09-2,2,0,0,0,4545,4545
1470001,1480000,3,L09-2,2,0,0,0,6459,6459
1480001,1490000,1,L09-2,2,0,0,0,1400,1400
1510001,1520000,1,L09-2,2,0,0,0,518,518
1520001,1530000,1,L09-2,2,0,0,0,87,87
1600001,1610000,2,L09-2,2,0,0,0,4321,4321
1610001,1620000,5,L09-2,2,0,0,0,2618,2618
1620001,1630000,2,L09-2,2,0,0,0,1642,1642
1630001,1640000,0,L09-2,2,0,1,0,0,0
1640001,1650000,3,L09-2,2,0,0,0,3137,3137
1650001,1660000,1,L09-2,2,0,0,0,1106,1106
1680001,1690000,0,L09-2,2,1,0,0,0,4090
1690001,1700000,7,L09-2,2,0,0,0,6176,6176
1700001,1710000,1,L09-2,2,0,0,0,854,854
1760001,1770000,2,L09-2,2,0,0,0,2715,2715
1770001,1780000,1,L09-2,2,0,0,0,472,472
1780001,1790000,1,L09-2,2,0,0,0,788,788
2020001,2030000,1,L09-2,2,0,0,0,1274,1274
2050001,2060000,1,L09-2,2,0,0,0,640,640
2100001,2110000,5,L09-2,2,0,0,0,4977,4977
2110001,2120000,1,L09-2,2,0,0,0,1219,1219
2130001,2140000,1,L09-2,2,0,0,0,827,827
2170001,2180000,1,L09-2,2,0,0,0,995,995
2190001,2200000,1,L09-2,2,0,0,0,695,695
2220001,2230000,0,L09-2,2,0,1,0,0,0
2240001,2250000,0,L09-2,2,1,0,0,0,4089
2250001,2260000,1,L09-2,2,0,0,0,735,735
2260001,2270000,1,L09-2,2,0,0,0,1037,1037
2270001,2280000,1,L09-2,2,0,0,0,1733,1733
2280001,2290000,3,L09-2,2,0,0,0,707,707
2300001,2310000,0,L09-2,2,1,0,0,0,1736
2310001,2320000,0,L09-2,2,1,0,0,0,1358
2400001,2410000,1,L09-2,2,0,0,0,2033,2033
2450001,2460000,1,L09-2,2,0,0,0,668,668
2490001,2500000,1,L09-2,2,0,0,0,1761,1761
2540001,2550000,2,L09-2,2,0,0,0,4045,4045
2550001,2560000,2,L09-2,2,0,0,0,1997,1997
2630001,2640000,2,L09-2,2,0,0,0,2182,2182
2640001,2650000,1,L09-2,2,0,0,0,1220,1220
2700001,2710000,1,L09-2,2,0,0,0,1415,1415
2710001,2720000,2,L09-2,2,0,0,0,3001,3001
2770001,2780000,2,L09-2,2,0,0,0,2005,2005
2790001,2800000,1,L09-2,2,0,0,0,746,746
2810001,2820000,3,L09-2,2,0,0,0,3095,3095
2820001,2830000,1,L09-2,2,0,0,0,769,769
2840001,2850000,1,L09-2,2,0,0,0,803,803
2870001,2880000,1,L09-2,2,0,0,0,380,380
2880001,2890000,2,L09-2,2,0,0,0,1879,1879
2900001,2910000,1,L09-2,2,0,0,0,1355,1355
2910001,2920000,1,L09-2,2,0,0,0,737,737
2920001,2930000,6,L09-2,2,0,0,0,3524,3524
2930001,2940000,1,L09-2,2,0,0,0,670,670
2960001,2970000,3,L09-2,2,0,0,0,2907,2907
3010001,3020000,3,L09-2,2,0,0,0,1500,1500
3040001,3050000,1,L09-2,2,0,0,0,495,495
3050001,3060000,2,L09-2,2,0,0,0,2440,2440
3100001,3110000,1,L09-2,2,0,0,0,875,875
3130001,3140000,0,L09-2,2,1,0,0,0,3094
3170001,3180000,1,L09-2,2,0,0,0,1098,1098
3210001,3220000,2,L09-2,2,0,0,0,2242,2242
3220001,3230000,1,L09-2,2,0,0,0,1154,1154
3230001,3240000,1,L09-2,2,0,0,0,416,416
3270001,3280000,2,L09-2,2,0,0,0,2227,2227
3280001,3290000,2,L09-2,2,0,0,0,2469,2469
3290001,3300000,2,L09-2,2,0,0,0,845,845
3300001,3310000,1,L09-2,2,0,0,0,229,229
3310001,3320000,4,L09-2,2,0,0,0,3403,3403
3320001,3330000,2,L09-2,2,0,0,0,2573,2573
3370001,3380000,1,L09-2,2,0,0,0,375,375
3420001,3430000,3,L09-2,2,0,0,0,4210,4210
3430001,3440000,4,L09-2,2,0,0,0,4478,4478
3440001,3450000,4,L09-2,2,0,0,0,2798,2798
3450001,3460000,4,L09-2,2,0,0,0,2389,2389
3480001,3490000,3,L09-2,2,1,0,0,1887,4981
3500001,3510000,3,L09-2,2,0,0,0,2634,2634
3510001,3520000,2,L09-2,2,0,0,0,1819,1819
3530001,3540000,3,L09-2,2,0,0,0,1373,1373
3540001,3550000,8,L09-2,2,0,0,0,5124,5124
3550001,3560000,21,L09-2,2,1,1,0,8352,9026
3560001,3570000,3,L09-2,2,1,1,0,3027,6442
3600001,3610000,1,L09-2,2,0,0,0,1004,1004
3620001,3630000,1,L09-2,2,0,0,0,2135,2135
3660001,3670000,1,L09-2,2,0,0,0,1103,1103
3680001,3690000,1,L09-2,2,0,0,0,317,317
3690001,3700000,4,L09-2,2,0,0,0,3749,3749
3710001,3720000,0,L09-2,2,1,0,0,0,1224
3720001,3730000,0,L09-2,2,1,0,0,0,1869
3740001,3750000,2,L09-2,2,0,0,0,2731,2731
3750001,3760000,5,L09-2,2,0,0,0,3647,3647
3780001,3790000,1,L09-2,2,0,0,0,1019,1019
3830001,3840000,2,L09-2,2,0,0,0,2980,2980
3890001,3900000,0,L09-2,2,1,0,0,0,3092
3910001,3920000,6,L09-2,2,0,0,0,7062,7062
20001,30000,1,L09-3,1,0,0,0,75,75
40001,50000,1,L09-3,1,0,0,0,1259,1259
50001,60000,3,L09-3,1,0,0,0,228,228
60001,70000,2,L09-3,1,0,0,0,1678,1678
100001,110000,1,L09-3,1,0,0,0,545,545
120001,130000,2,L09-3,1,0,0,0,3382,3382
150001,160000,0,L09-3,1,0,1,1,0,0
190001,200000,2,L09-3,1,0,0,0,2110,2110
200001,210000,1,L09-3,1,0,0,0,1046,1046
230001,240000,1,L09-3,1,0,0,0,338,338
240001,250000,6,L09-3,1,0,0,0,3608,3608
250001,260000,6,L09-3,1,0,0,0,6234,6234
260001,270000,1,L09-3,1,0,0,0,3807,3807
320001,330000,2,L09-3,1,0,0,0,2600,2600
330001,340000,3,L09-3,1,0,0,0,2717,2717
340001,350000,1,L09-3,1,0,0,0,536,536
370001,380000,0,L09-3,1,0,1,1,0,0
390001,400000,0,L09-3,1,1,0,0,0,4089
440001,450000,2,L09-3,1,0,0,0,1062,1062
450001,460000,2,L09-3,1,0,0,0,1443,1443
460001,470000,3,L09-3,1,0,0,0,2210,2210
470001,480000,2,L09-3,1,0,0,0,816,816
500001,510000,1,L09-3,1,0,0,0,227,227
520001,530000,1,L09-3,1,0,0,0,530,530
550001,560000,1,L09-3,1,0,0,0,932,932
560001,570000,3,L09-3,1,0,0,0,4105,4105
580001,590000,2,L09-3,1,0,0,0,1276,1276
640001,650000,5,L09-3,1,0,0,0,6021,6021
660001,670000,1,L09-3,1,0,0,0,185,185
670001,680000,2,L09-3,1,0,0,0,2648,2648
710001,720000,8,L09-3,1,0,0,0,8960,8960
720001,730000,8,L09-3,1,0,0,0,8576,8576
730001,740000,2,L09-3,1,0,0,0,1593,1593
760001,770000,1,L09-3,1,1,0,0,661,3147
770001,780000,0,L09-3,1,1,0,0,0,608
780001,790000,1,L09-3,1,0,0,0,479,479
790001,800000,2,L09-3,1,0,0,0,1624,1624
800001,810000,5,L09-3,1,0,0,0,3920,3920
810001,820000,9,L09-3,1,0,0,0,8895,8895
820001,830000,5,L09-3,1,0,0,0,6606,6606
830001,840000,2,L09-3,1,0,0,0,2525,2525
930001,940000,1,L09-3,1,0,0,0,974,974
960001,970000,3,L09-3,1,0,0,0,3313,3313
970001,980000,6,L09-3,1,0,0,0,5235,5235
1010001,1020000,1,L09-3,1,0,0,0,113,113
1020001,1030000,1,L09-3,1,0,0,0,1862,1862
1030001,1040000,3,L09-3,1,0,0,0,1673,1673
1080001,1090000,3,L09-3,1,1,0,0,2973,6066
1090001,1100000,1,L09-3,1,0,0,0,76,76
1170001,1180000,6,L09-3,1,0,0,0,7848,7848
1190001,1200000,1,L09-3,1,0,0,0,1538,1538
1200001,1210000,2,L09-3,1,0,0,0,285,285
1210001,1220000,2,L09-3,1,0,0,0,1994,1994
1280001,1290000,0,L09-3,1,1,0,0,0,3092
1420001,1430000,1,L09-3,1,0,0,0,218,218
1430001,1440000,3,L09-3,1,0,0,0,5895,5895
1460001,1470000,4,L09-3,1,0,0,0,5150,5150
1470001,1480000,3,L09-3,1,0,0,0,6459,6459
1480001,1490000,1,L09-3,1,0,0,0,1400,1400
1510001,1520000,1,L09-3,1,0,0,0,518,518
1520001,1530000,1,L09-3,1,0,0,0,65,65
1530001,1540000,1,L09-3,1,0,0,0,22,22
1600001,1610000,2,L09-3,1,0,0,0,3411,3411
1610001,1620000,5,L09-3,1,0,0,0,3528,3528
1620001,1630000,2,L09-3,1,0,0,0,1642,1642
1630001,1640000,0,L09-3,1,0,1,1,0,0
1640001,1650000,3,L09-3,1,0,0,0,3137,3137
1650001,1660000,1,L09-3,1,0,0,0,396,396
1660001,1670000,1,L09-3,1,0,0,0,710,710
1680001,1690000,0,L09-3,1,0,1,0,0,0
1690001,1700000,0,L09-3,1,1,0,0,0,2335
1700001,1710000,5,L09-3,1,1,0,0,4204,5959
1710001,1720000,4,L09-3,1,0,0,0,2826,2826
1750001,1760000,0,L09-3,1,1,0,0,0,4088
1770001,1780000,1,L09-3,1,0,0,0,969,969
1780001,1790000,2,L09-3,1,0,0,0,2217,2217
1790001,1800000,1,L09-3,1,0,0,0,788,788
1920001,1930000,0,L09-3,1,0,1,1,0,0
2040001,2050000,1,L09-3,1,0,0,0,1274,1274
2060001,2070000,1,L09-3,1,0,0,0,641,641
2120001,2130000,5,L09-3,1,0,0,0,6196,6196
2140001,2150000,1,L09-3,1,0,0,0,827,827
2170001,2180000,0,L09-3,1,0,2,0,0,0
2180001,2190000,1,L09-3,1,0,0,0,995,995
2210001,2220000,1,L09-3,1,0,0,0,695,695
2260001,2270000,0,L09-3,1,1,0,0,0,4090
2270001,2280000,1,L09-3,1,0,0,0,1772,1772
2280001,2290000,1,L09-3,1,0,0,0,1733,1733
2300001,2310000,3,L09-3,1,0,0,0,707,707
2320001,2330000,0,L09-3,1,1,0,0,0,3094
2410001,2420000,1,L09-3,1,0,0,0,1115,1115
2420001,2430000,1,L09-3,1,0,0,0,918,918
2460001,2470000,1,L09-3,1,0,0,0,668,668
2500001,2510000,1,L09-3,1,0,0,0,1044,1044
2510001,2520000,1,L09-3,1,0,0,0,716,716
2550001,2560000,1,L09-3,1,0,0,0,2527,2527
2560001,2570000,3,L09-3,1,0,0,0,3515,3515
2650001,2660000,2,L09-3,1,0,0,0,2182,2182
2660001,2670000,1,L09-3,1,0,0,0,1220,1220
2720001,2730000,1,L09-3,1,0,0,0,1415,1415
2730001,2740000,2,L09-3,1,0,0,0,3000,3000
2780001,2790000,1,L09-3,1,0,0,0,1126,1126
2790001,2800000,1,L09-3,1,0,0,0,878,878
2810001,2820000,1,L09-3,1,0,0,0,746,746
2830001,2840000,3,L09-3,1,0,0,0,3864,3864
2850001,2860000,1,L09-3,1,0,0,0,636,636
2860001,2870000,1,L09-3,1,0,0,0,167,167
2890001,2900000,2,L09-3,1,0,0,0,1285,1285
2900001,2910000,1,L09-3,1,0,0,0,974,974
2910001,2920000,1,L09-3,1,0,0,0,1355,1355
2920001,2930000,1,L09-3,1,0,0,0,0,0
2930001,2940000,1,L09-3,1,0,0,0,737,737
2940001,2950000,6,L09-3,1,0,0,0,4193,4193
2970001,2980000,2,L09-3,1,0,0,0,277,277
2980001,2990000,1,L09-3,1,0,0,0,2629,2629
3030001,3040000,3,L09-3,1,0,0,0,1499,1499
3060001,3070000,2,L09-3,1,0,0,0,2935,2935
3120001,3130000,1,L09-3,1,0,0,0,875,875
3150001,3160000,0,L09-3,1,1,0,0,0,3093
3190001,3200000,1,L09-3,1,0,0,0,1098,1098
3220001,3230000,2,L09-3,1,0,0,0,1476,1476
3230001,3240000,1,L09-3,1,0,0,0,766,766
3240001,3250000,1,L09-3,1,0,0,0,1154,1154
3250001,3260000,1,L09-3,1,0,0,0,416,416
3290001,3300000,2,L09-3,1,0,0,0,2995,2995
3300001,3310000,1,L09-3,1,0,0,0,1892,1892
3310001,3320000,1,L09-3,1,0,0,0,653,653
3320001,3330000,2,L09-3,1,0,0,0,1606,1606
3330001,3340000,3,L09-3,1,0,0,0,4598,4598
3390001,3400000,1,L09-3,1,0,0,0,374,374
3430001,3440000,1,L09-3,1,0,0,0,1857,1857
3440001,3450000,5,L09-3,1,0,0,0,3923,3923
3450001,3460000,5,L09-3,1,0,0,0,4447,4447
3460001,3470000,5,L09-3,1,0,0,0,3648,3648
3490001,3500000,2,L09-3,1,1,0,0,820,2302
3500001,3510000,1,L09-3,1,1,0,0,1067,2678
3520001,3530000,5,L09-3,1,0,0,0,4453,4453
3550001,3560000,3,L09-3,1,0,0,0,2027,2027
3560001,3570000,15,L09-3,1,0,0,0,7444,7444
3570001,3580000,13,L09-3,1,1,0,0,5378,9136
3580001,3590000,3,L09-3,1,1,1,0,3027,3359
3620001,3630000,1,L09-3,1,0,0,0,1004,1004
3630001,3640000,1,L09-3,1,0,0,0,2135,2135
3680001,3690000,1,L09-3,1,0,0,0,1103,1103
3700001,3710000,4,L09-3,1,0,0,0,3151,3151
3710001,3720000,1,L09-3,1,0,0,0,915,915
3730001,3740000,0,L09-3,1,1,0,0,0,3092
3790001,3800000,2,L09-3,1,0,0,0,2980,2980
3840001,3850000,1,L09-3,1,0,0,0,1019,1019
3870001,3880000,5,L09-3,1,0,0,0,3647,3647
3880001,3890000,2,L09-3,1,0,0,0,2731,2731
3940001,3950000,6,L09-3,1,0,0,0,6355,6355
3950001,3960000,1,L09-3,1,0,0,0,707,707
3970001,3980000,2,L09-3,1,0,0,0,3199,3199
20001,30000,1,L09-3,2,0,0,0,75,75
40001,50000,1,L09-3,2,0,0,0,1259,1259
50001,60000,3,L09-3,2,0,0,0,228,228
60001,70000,2,L09-3,2,0,0,0,1678,1678
100001,110000,1,L09-3,2,0,0,0,545,545
120001,130000,2,L09-3,2,0,0,0,3382,3382
150001,160000,0,L09-3,2,1,0,0,0,2959
160001,170000,0,L09-3,2,1,1,0,0,1131
200001,210000,2,L09-3,2,0,0,0,3157,3157
240001,250000,1,L09-3,2,0,0,0,857,857
250001,260000,10,L09-3,2,0,0,0,5291,5291
260001,270000,2,L09-3,2,0,0,0,7839,7839
330001,340000,3,L09-3,2,0,0,0,3903,3903
340001,350000,1,L09-3,2,0,0,0,1415,1415
350001,360000,1,L09-3,2,0,0,0,536,536
370001,380000,0,L09-3,2,1,0,0,0,4090
390001,400000,0,L09-3,2,1,0,0,0,1182
400001,410000,0,L09-3,2,1,0,0,0,2908
450001,460000,2,L09-3,2,0,0,0,1939,1939
460001,470000,1,L09-3,2,0,0,0,566,566
470001,480000,3,L09-3,2,0,0,0,2565,2565
480001,490000,1,L09-3,2,0,0,0,461,461
510001,520000,1,L09-3,2,0,0,0,227,227
530001,540000,1,L09-3,2,0,0,0,530,530
560001,570000,1,L09-3,2,0,0,0,2724,2724
570001,580000,3,L09-3,2,0,0,0,2313,2313
590001,600000,2,L09-3,2,0,0,0,1276,1276
640001,650000,1,L09-3,2,0,0,0,390,390
650001,660000,5,L09-3,2,0,0,0,5630,5630
670001,680000,1,L09-3,2,0,0,0,479,479
680001,690000,1,L09-3,2,0,0,0,2354,2354
710001,720000,2,L09-3,2,0,0,0,752,752
720001,730000,8,L09-3,2,0,0,0,9943,9943
730001,740000,7,L09-3,2,0,0,0,7814,7814
740001,750000,1,L09-3,2,0,0,0,620,620
770001,780000,1,L09-3,2,1,0,0,662,3754
780001,790000,1,L09-3,2,0,0,0,479,479
790001,800000,1,L09-3,2,0,0,0,1010,1010
800001,810000,2,L09-3,2,0,0,0,614,614
810001,820000,7,L09-3,2,0,0,0,5565,5565
820001,830000,9,L09-3,2,0,0,0,8925,8925
830001,840000,3,L09-3,2,0,0,0,5739,5739
840001,850000,1,L09-3,2,0,0,0,1718,1718
940001,950000,1,L09-3,2,0,0,0,974,974
970001,980000,6,L09-3,2,0,0,0,4916,4916
980001,990000,3,L09-3,2,0,0,0,3632,3632
1020001,1030000,1,L09-3,2,0,0,0,113,113
1030001,1040000,1,L09-3,2,0,0,0,1930,1930
1040001,1050000,2,L09-3,2,0,0,0,1606,1606
1090001,1100000,3,L09-3,2,1,0,0,2972,6064
1100001,1110000,1,L09-3,2,0,0,0,76,76
1170001,1180000,2,L09-3,2,0,0,0,1691,1691
1180001,1190000,5,L09-3,2,0,0,0,6157,6157
1200001,1210000,2,L09-3,2,0,0,0,1622,1622
1210001,1220000,1,L09-3,2,0,0,0,1664,1664
1220001,1230000,1,L09-3,2,0,0,0,530,530
1290001,1300000,0,L09-3,2,1,0,0,0,3093
1430001,1440000,2,L09-3,2,0,0,0,455,455
1440001,1450000,3,L09-3,2,0,0,0,5658,5658
1460001,1470000,1,L09-3,2,0,0,0,1465,1465
1470001,1480000,4,L09-3,2,0,0,0,3685,3685
1480001,1490000,3,L09-3,2,0,0,0,6459,6459
1490001,1500000,1,L09-3,2,0,0,0,1400,1400
1520001,1530000,1,L09-3,2,0,0,0,518,518
1530001,1540000,1,L09-3,2,0,0,0,87,87
1590001,1600000,0,L09-3,2,0,1,1,0,0
1610001,1620000,3,L09-3,2,0,0,0,5040,5040
1620001,1630000,4,L09-3,2,0,0,0,1899,1899
1630001,1640000,2,L09-3,2,0,0,0,1641,1641
1640001,1650000,0,L09-3,2,1,0,0,0,4086
1650001,1660000,3,L09-3,2,0,0,0,3137,3137
1670001,1680000,1,L09-3,2,0,0,0,1106,1106
1700001,1710000,3,L09-3,2,1,0,0,1894,5983
1710001,1720000,6,L09-3,2,0,0,0,5142,5142
1750001,1760000,0,L09-3,2,1,1,0,0,4089
1760001,1770000,0,L09-3,2,0,1,0,0,0
1780001,1790000,2,L09-3,2,0,0,0,3187,3187
1800001,1810000,1,L09-3,2,0,0,0,788,788
1890001,1900000,0,L09-3,2,0,1,1,0,0
1920001,1930000,0,L09-3,2,1,1,0,0,3094
1930001,1940000,0,L09-3,2,0,1,0,0,0
2040001,2050000,1,L09-3,2,0,0,0,1274,1274
2070001,2080000,1,L09-3,2,0,0,0,641,641
2120001,2130000,2,L09-3,2,0,0,0,3370,3370
2130001,2140000,3,L09-3,2,0,0,0,2826,2826
2150001,2160000,1,L09-3,2,0,0,0,827,827
2180001,2190000,0,L09-3,2,1,0,0,0,4090
2190001,2200000,1,L09-3,2,0,0,0,995,995
2200001,2210000,0,L09-3,2,0,1,1,0,0
2220001,2230000,1,L09-3,2,0,0,0,695,695
2260001,2270000,0,L09-3,2,1,0,0,0,1569
2270001,2280000,0,L09-3,2,1,0,0,0,2519
2280001,2290000,1,L09-3,2,0,0,0,1772,1772
2290001,2300000,1,L09-3,2,0,0,0,1733,1733
2310001,2320000,3,L09-3,2,0,0,0,707,707
2330001,2340000,0,L09-3,2,1,0,0,0,3094
2420001,2430000,1,L09-3,2,0,0,0,2033,2033
2470001,2480000,1,L09-3,2,0,0,0,668,668
2510001,2520000,1,L09-3,2,0,0,0,1760,1760
2560001,2570000,1,L09-3,2,0,0,0,2627,2627
2570001,2580000,2,L09-3,2,0,0,0,3415,3415
2630001,2640000,0,L09-3,2,0,1,1,0,0
2660001,2670000,3,L09-3,2,0,0,0,3049,3049
2670001,2680000,1,L09-3,2,0,0,0,353,353
2730001,2740000,2,L09-3,2,0,0,0,2457,2457
2740001,2750000,2,L09-3,2,0,0,0,1959,1959
2790001,2800000,1,L09-3,2,0,0,0,1127,1127
2800001,2810000,1,L09-3,2,0,0,0,878,878
2820001,2830000,1,L09-3,2,0,0,0,746,746
2830001,2840000,1,L09-3,2,0,0,0,115,115
2840001,2850000,3,L09-3,2,0,0,0,3749,3749
2860001,2870000,1,L09-3,2,0,0,0,803,803
2900001,2910000,3,L09-3,2,0,0,0,2259,2259
2920001,2930000,1,L09-3,2,0,0,0,1355,1355
2940001,2950000,4,L09-3,2,0,0,0,1917,1917
2950001,2960000,4,L09-3,2,0,0,0,3014,3014
2980001,2990000,3,L09-3,2,0,0,0,1990,1990
2990001,3000000,1,L09-3,2,0,0,0,916,916
3030001,3040000,2,L09-3,2,0,0,0,797,797
3040001,3050000,2,L09-3,2,0,0,0,703,703
3060001,3070000,0,L09-3,2,0,2,0,0,0
3070001,3080000,2,L09-3,2,0,0,0,2935,2935
3130001,3140000,1,L09-3,2,0,0,0,875,875
3160001,3170000,0,L09-3,2,1,0,0,0,3093
3200001,3210000,1,L09-3,2,0,0,0,1098,1098
3230001,3240000,2,L09-3,2,0,0,0,2242,2242
3250001,3260000,2,L09-3,2,0,0,0,1570,1570
3300001,3310000,2,L09-3,2,0,0,0,2995,2995
3310001,3320000,1,L09-3,2,0,1,1,1892,1892
3320001,3330000,1,L09-3,2,0,0,0,653,653
3330001,3340000,2,L09-3,2,0,0,0,1606,1606
3340001,3350000,3,L09-3,2,0,0,0,4599,4599
3400001,3410000,1,L09-3,2,0,0,0,376,376
3440001,3450000,2,L09-3,2,0,0,0,3726,3726
3450001,3460000,4,L09-3,2,0,0,0,3789,3789
3460001,3470000,5,L09-3,2,0,0,0,3970,3970
3470001,3480000,4,L09-3,2,0,0,0,2389,2389
3500001,3510000,2,L09-3,2,1,0,0,820,3914
3510001,3520000,1,L09-3,2,0,0,0,1067,1067
3520001,3530000,2,L09-3,2,0,0,0,1093,1093
3530001,3540000,4,L09-3,2,0,0,0,3360,3360
3560001,3570000,3,L09-3,2,0,0,0,2028,2028
3570001,3580000,20,L09-3,2,0,0,0,9143,9143
3580001,3590000,9,L09-3,2,1,0,0,3814,7903
3590001,3600000,3,L09-3,2,0,0,0,2891,2891
3630001,3640000,1,L09-3,2,0,0,0,1004,1004
3640001,3650000,1,L09-3,2,0,0,0,2135,2135
3690001,3700000,1,L09-3,2,0,0,0,1103,1103
3710001,3720000,4,L09-3,2,0,0,0,4064,4064
3740001,3750000,0,L09-3,2,1,0,0,0,3094
3800001,3810000,2,L09-3,2,0,0,0,2980,2980
3850001,3860000,1,L09-3,2,0,0,0,1019,1019
3880001,3890000,5,L09-3,2,0,0,0,3647,3647
3890001,3900000,2,L09-3,2,0,0,0,2731,2731
3940001,3950000,1,L09-3,2,0,0,0,430,430
3950001,3960000,6,L09-3,2,0,0,0,6631,6631
3980001,3990000,2,L09-3,2,0,0,0,3199,3199
20001,30000,1,L09-4,1,0,0,0,75,75
40001,50000,1,L09-4,1,0,0,0,1259,1259
50001,60000,3,L09-4,1,0,0,0,228,228
60001,70000,2,L09-4,1,0,0,0,1678,1678
100001,110000,1,L09-4,1,0,0,0,545,545
120001,130000,2,L09-4,1,0,0,0,3382,3382
150001,160000,0,L09-4,1,0,1,0,0,0
160001,170000,0,L09-4,1,0,1,0,0,0
190001,200000,2,L09-4,1,0,0,0,2110,2110
200001,210000,1,L09-4,1,0,0,0,1046,1046
230001,240000,1,L09-4,1,0,0,0,338,338
240001,250000,6,L09-4,1,0,0,0,3608,3608
250001,260000,6,L09-4,1,0,0,0,6234,6234
260001,270000,1,L09-4,1,0,0,0,3807,3807
320001,330000,2,L09-4,1,0,0,0,2600,2600
330001,340000,3,L09-4,1,0,0,0,2717,2717
340001,350000,1,L09-4,1,0,0,0,536,536
390001,400000,0,L09-4,1,1,0,0,0,4089
440001,450000,2,L09-4,1,0,0,0,1062,1062
450001,460000,2,L09-4,1,0,0,0,1443,1443
460001,470000,3,L09-4,1,0,0,0,2210,2210
470001,480000,2,L09-4,1,0,0,0,816,816
500001,510000,1,L09-4,1,0,0,0,227,227
520001,530000,1,L09-4,1,0,0,0,530,530
550001,560000,1,L09-4,1,0,0,0,932,932
560001,570000,3,L09-4,1,0,0,0,4105,4105
580001,590000,2,L09-4,1,0,0,0,1276,1276
640001,650000,5,L09-4,1,0,0,0,6021,6021
660001,670000,1,L09-4,1,0,0,0,185,185
670001,680000,2,L09-4,1,0,0,0,2648,2648
710001,720000,8,L09-4,1,0,0,0,8960,8960
720001,730000,8,L09-4,1,0,0,0,8576,8576
730001,740000,2,L09-4,1,0,0,0,1593,1593
760001,770000,1,L09-4,1,1,0,0,661,3147
770001,780000,0,L09-4,1,1,0,0,0,608
780001,790000,1,L09-4,1,0,0,0,479,479
790001,800000,2,L09-4,1,0,0,0,1624,1624
800001,810000,5,L09-4,1,0,0,0,3920,3920
810001,820000,9,L09-4,1,0,0,0,8895,8895
820001,830000,5,L09-4,1,0,0,0,6606,6606
830001,840000,2,L09-4,1,0,0,0,2525,2525
930001,940000,1,L09-4,1,0,0,0,974,974
960001,970000,3,L09-4,1,0,0,0,3313,3313
970001,980000,6,L09-4,1,0,0,0,5235,5235
1010001,1020000,1,L09-4,1,0,0,0,113,113
1020001,1030000,1,L09-4,1,0,0,0,1862,1862
1030001,1040000,3,L09-4,1,0,0,0,1673,1673
1080001,1090000,3,L09-4,1,1,0,0,2973,6066
1090001,1100000,1,L09-4,1,0,0,0,76,76
1170001,1180000,6,L09-4,1,0,0,0,7848,7848
1190001,1200000,1,L09-4,1,0,0,0,1538,1538
1200001,1210000,2,L09-4,1,0,0,0,285,285
1210001,1220000,2,L09-4,1,0,0,0,1994,1994
1280001,1290000,0,L09-4,1,1,0,0,0,3092
1420001,1430000,1,L09-4,1,0,0,0,218,218
1430001,1440000,3,L09-4,1,0,0,0,5895,5895
1460001,1470000,4,L09-4,1,0,0,0,5150,5150
1470001,1480000,3,L09-4,1,0,0,0,6459,6459
1480001,1490000,1,L09-4,1,0,0,0,1400,1400
1510001,1520000,1,L09-4,1,0,0,0,518,518
1520001,1530000,1,L09-4,1,0,0,0,65,65
1530001,1540000,1,L09-4,1,0,0,0,22,22
1600001,1610000,2,L09-4,1,0,0,0,3411,3411
1610001,1620000,5,L09-4,1,0,0,0,3528,3528
1620001,1630000,2,L09-4,1,0,0,0,1642,1642
1640001,1650000,3,L09-4,1,0,0,0,3137,3137
1650001,1660000,1,L09-4,1,0,0,0,396,396
1660001,1670000,1,L09-4,1,0,0,0,710,710
1690001,1700000,0,L09-4,1,1,0,0,0,2335
1700001,1710000,5,L09-4,1,1,0,0,4204,5959
1710001,1720000,4,L09-4,1,0,0,0,2826,2826
1770001,1780000,1,L09-4,1,0,0,0,2596,2596
1780001,1790000,1,L09-4,1,0,0,0,590,590
1790001,1800000,1,L09-4,1,0,0,0,788,788
2030001,2040000,1,L09-4,1,0,0,0,1274,1274
2060001,2070000,1,L09-4,1,0,0,0,641,641
2110001,2120000,2,L09-4,1,0,0,0,3222,3222
2120001,2130000,4,L09-4,1,0,0,0,2974,2974
2140001,2150000,1,L09-4,1,0,0,0,827,827
2180001,2190000,1,L09-4,1,0,0,0,995,995
2210001,2220000,1,L09-4,1,0,0,0,695,695
2250001,2260000,0,L09-4,1,1,1,0,0,3725
2260001,2270000,0,L09-4,1,1,0,0,0,365
2270001,2280000,1,L09-4,1,0,0,0,1772,1772
2280001,2290000,1,L09-4,1,0,0,0,1733,1733
2290001,2300000,3,L09-4,1,0,0,0,707,707
2320001,2330000,0,L09-4,1,1,0,0,0,3094
2410001,2420000,1,L09-4,1,0,0,0,2033,2033
2460001,2470000,1,L09-4,1,0,0,0,668,668
2500001,2510000,1,L09-4,1,0,0,0,1760,1760
2550001,2560000,1,L09-4,1,0,0,0,2627,2627
2560001,2570000,2,L09-4,1,0,0,0,3415,3415
2640001,2650000,2,L09-4,1,0,0,0,1677,1677
2650001,2660000,2,L09-4,1,0,0,0,1725,1725
2710001,2720000,1,L09-4,1,0,0,0,1415,1415
2720001,2730000,2,L09-4,1,0,0,0,3000,3000
2780001,2790000,1,L09-4,1,0,0,0,1126,1126
2790001,2800000,1,L09-4,1,0,0,0,878,878
2800001,2810000,1,L09-4,1,0,0,0,101,101
2810001,2820000,1,L09-4,1,0,0,0,645,645
2820001,2830000,1,L09-4,1,0,0,0,1472,1472
2830001,2840000,2,L09-4,1,0,0,0,2392,2392
2850001,2860000,1,L09-4,1,0,0,0,803,803
2890001,2900000,3,L09-4,1,0,0,0,2259,2259
2910001,2920000,1,L09-4,1,0,0,0,1355,1355
2920001,2930000,1,L09-4,1,0,0,0,737,737
2930001,2940000,4,L09-4,1,0,0,0,2722,2722
2940001,2950000,2,L09-4,1,0,0,0,1471,1471
2970001,2980000,3,L09-4,1,0,0,0,2906,2906
3020001,3030000,3,L09-4,1,0,0,0,1499,1499
3060001,3070000,2,L09-4,1,0,0,0,2935,2935
3120001,3130000,1,L09-4,1,0,0,0,875,875
3140001,3150000,0,L09-4,1,1,0,0,0,1368
3150001,3160000,0,L09-4,1,1,0,0,0,1725
3180001,3190000,1,L09-4,1,0,0,0,765,765
3190001,3200000,1,L09-4,1,0,0,0,333,333
3220001,3230000,2,L09-4,1,0,0,0,2242,2242
3240001,3250000,2,L09-4,1,0,0,0,1570,1570
3290001,3300000,2,L09-4,1,0,0,0,2995,2995
3300001,3310000,1,L09-4,1,0,0,0,1892,1892
3310001,3320000,1,L09-4,1,0,0,0,653,653
3320001,3330000,2,L09-4,1,0,0,0,1606,1606
3330001,3340000,3,L09-4,1,0,0,0,4598,4598
3390001,3400000,1,L09-4,1,0,0,0,374,374
3430001,3440000,2,L09-4,1,0,0,0,4159,4159
3440001,3450000,3,L09-4,1,0,0,0,3357,3357
3450001,3460000,5,L09-4,1,0,0,0,3970,3970
3460001,3470000,4,L09-4,1,0,0,0,2389,2389
3490001,3500000,2,L09-4,1,1,0,0,820,3913
3500001,3510000,1,L09-4,1,0,0,0,1067,1067
3510001,3520000,3,L09-4,1,0,0,0,2634,2634
3520001,3530000,2,L09-4,1,0,0,0,1819,1819
3540001,3550000,1,L09-4,1,0,0,0,571,571
3550001,3560000,5,L09-4,1,0,0,0,3448,3448
3560001,3570000,23,L09-4,1,0,0,0,9292,9292
3570001,3580000,5,L09-4,1,1,0,0,3652,7742
3580001,3590000,3,L09-4,1,0,0,0,913,913
3610001,3620000,1,L09-4,1,0,0,0,883,883
3620001,3630000,1,L09-4,1,0,0,0,121,121
3630001,3640000,1,L09-4,1,0,0,0,2135,2135
3680001,3690000,1,L09-4,1,0,0,0,1103,1103
3700001,3710000,4,L09-4,1,0,0,0,4066,4066
3730001,3740000,0,L09-4,1,1,0,0,0,3092
3790001,3800000,2,L09-4,1,0,0,0,2980,2980
3840001,3850000,1,L09-4,1,0,0,0,1019,1019
3850001,3860000,0,L09-4,1,0,2,0,0,0
3860001,3870000,2,L09-4,1,0,0,0,1476,1476
3870001,3880000,4,L09-4,1,0,0,0,2171,2171
3880001,3890000,2,L09-4,1,0,0,0,2731,2731
3930001,3940000,1,L09-4,1,0,0,0,2407,2407
3940001,3950000,6,L09-4,1,0,0,0,4655,4655
3970001,3980000,2,L09-4,1,0,0,0,3199,3199
20001,30000,1,L09-4,2,0,0,0,75,75
40001,50000,1,L09-4,2,0,0,0,1259,1259
50001,60000,3,L09-4,2,0,0,0,228,228
60001,70000,2,L09-4,2,0,0,0,1678,1678
100001,110000,1,L09-4,2,0,0,0,545,545
120001,130000,2,L09-4,2,0,0,0,3382,3382
150001,160000,0,L09-4,2,1,0,0,0,4089
190001,200000,2,L09-4,2,0,0,0,3157,3157
230001,240000,1,L09-4,2,0,0,0,857,857
240001,250000,8,L09-4,2,0,0,0,4163,4163
250001,260000,4,L09-4,2,0,0,0,8967,8967
320001,330000,3,L09-4,2,0,0,0,3904,3904
330001,340000,1,L09-4,2,0,0,0,1415,1415
340001,350000,1,L09-4,2,0,0,0,536,536
380001,390000,0,L09-4,2,1,0,0,0,3761
390001,400000,0,L09-4,2,1,0,0,0,327
440001,450000,3,L09-4,2,0,0,0,2401,2401
450001,460000,1,L09-4,2,0,0,0,104,104
460001,470000,4,L09-4,2,0,0,0,3026,3026
490001,500000,1,L09-4,2,0,0,0,227,227
520001,530000,1,L09-4,2,0,0,0,530,530
550001,560000,2,L09-4,2,0,0,0,2916,2916
560001,570000,2,L09-4,2,0,0,0,2121,2121
570001,580000,1,L09-4,2,0,0,0,600,600
580001,590000,2,L09-4,2,0,0,0,676,676
630001,640000,2,L09-4,2,0,0,0,2916,2916
640001,650000,4,L09-4,2,0,0,0,3106,3106
660001,670000,1,L09-4,2,0,0,0,479,479
670001,680000,1,L09-4,2,0,0,0,2354,2354
700001,710000,3,L09-4,2,0,0,0,3322,3322
710001,720000,9,L09-4,2,0,0,0,9028,9028
720001,730000,6,L09-4,2,0,0,0,6779,6779
750001,760000,1,L09-4,2,0,0,0,662,662
760001,770000,0,L09-4,2,1,0,0,0,3093
770001,780000,1,L09-4,2,0,0,0,479,479
780001,790000,2,L09-4,2,0,0,0,1624,1624
790001,800000,1,L09-4,2,0,0,0,824,824
800001,810000,9,L09-4,2,0,0,0,7106,7106
810001,820000,7,L09-4,2,0,0,0,8620,8620
820001,830000,4,L09-4,2,0,0,0,3808,3808
830001,840000,1,L09-4,2,0,0,0,1589,1589
930001,940000,1,L09-4,2,0,0,0,974,974
950001,960000,1,L09-4,2,0,0,0,659,659
960001,970000,7,L09-4,2,0,0,0,5128,5128
970001,980000,2,L09-4,2,0,0,0,2761,2761
1000001,1010000,1,L09-4,2,0,0,0,113,113
1020001,1030000,3,L09-4,2,0,0,0,2831,2831
1030001,1040000,1,L09-4,2,0,0,0,706,706
1070001,1080000,2,L09-4,2,0,0,0,1709,1709
1080001,1090000,2,L09-4,2,1,0,0,1264,4357
1090001,1100000,1,L09-4,2,0,0,0,76,76
1160001,1170000,2,L09-4,2,0,0,0,3013,3013
1170001,1180000,4,L09-4,2,0,0,0,4835,4835
1180001,1190000,1,L09-4,2,0,0,0,1301,1301
1190001,1200000,2,L09-4,2,0,0,0,321,321
1200001,1210000,1,L09-4,2,0,0,0,1664,1664
1210001,1220000,1,L09-4,2,0,0,0,530,530
1270001,1280000,0,L09-4,2,1,0,0,0,1610
1280001,1290000,0,L09-4,2,1,0,0,0,1482
1420001,1430000,2,L09-4,2,0,0,0,3025,3025
1430001,1440000,3,L09-4,2,0,0,0,3088,3088
1450001,1460000,1,L09-4,2,0,0,0,1673,1673
1460001,1470000,5,L09-4,2,0,0,0,5181,5181
1470001,1480000,2,L09-4,2,0,0,0,4755,4755
1480001,1490000,1,L09-4,2,0,0,0,1400,1400
1500001,1510000,1,L09-4,2,0,0,0,80,80
1510001,1520000,1,L09-4,2,0,0,0,438,438
1520001,1530000,1,L09-4,2,0,0,0,87,87
1600001,1610000,3,L09-4,2,0,0,0,5040,5040
1610001,1620000,5,L09-4,2,0,0,0,3541,3541
1630001,1640000,3,L09-4,2,0,0,0,1972,1972
1640001,1650000,1,L09-4,2,0,0,0,1166,1166
1650001,1660000,1,L09-4,2,0,0,0,1106,1106
1690001,1700000,1,L09-4,2,1,0,0,584,4674
1700001,1710000,7,L09-4,2,0,0,0,6446,6446
1770001,1780000,2,L09-4,2,0,0,0,3187,3187
1780001,1790000,1,L09-4,2,0,0,0,197,197
1790001,1800000,1,L09-4,2,0,0,0,591,591
2030001,2040000,1,L09-4,2,0,0,0,1275,1275
2050001,2060000,1,L09-4,2,0,0,0,507,507
2060001,2070000,1,L09-4,2,0,1,1,134,134
2110001,2120000,5,L09-4,2,0,0,0,6196,6196
2130001,2140000,1,L09-4,2,0,0,0,660,660
2140001,2150000,1,L09-4,2,0,0,0,167,167
2170001,2180000,1,L09-4,2,0,0,0,349,349
2180001,2190000,1,L09-4,2,0,0,0,646,646
2200001,2210000,1,L09-4,2,0,0,0,695,695
2250001,2260000,0,L09-4,2,1,0,0,0,4090
2260001,2270000,1,L09-4,2,0,0,0,1772,1772
2270001,2280000,1,L09-4,2,0,0,0,1140,1140
2280001,2290000,1,L09-4,2,0,0,0,593,593
2290001,2300000,3,L09-4,2,0,0,0,707,707
2310001,2320000,0,L09-4,2,1,0,0,0,3092
2410001,2420000,1,L09-4,2,0,0,0,2033,2033
2450001,2460000,1,L09-4,2,0,0,0,668,668
2500001,2510000,1,L09-4,2,0,0,0,1760,1760
2540001,2550000,1,L09-4,2,0,0,0,1214,1214
2550001,2560000,3,L09-4,2,0,0,0,4321,4321
2560001,2570000,1,L09-4,2,0,0,0,507,507
2640001,2650000,2,L09-4,2,0,0,0,2182,2182
2650001,2660000,1,L09-4,2,0,0,0,1220,1220
2710001,2720000,1,L09-4,2,0,0,0,1415,1415
2720001,2730000,2,L09-4,2,0,0,0,3001,3001
2770001,2780000,1,L09-4,2,0,0,0,1127,1127
2780001,2790000,1,L09-4,2,0,0,0,878,878
2800001,2810000,1,L09-4,2,0,0,0,746,746
2820001,2830000,3,L09-4,2,0,0,0,3864,3864
2850001,2860000,1,L09-4,2,0,0,0,803,803
2880001,2890000,2,L09-4,2,0,0,0,665,665
2890001,2900000,2,L09-4,2,0,0,0,1594,1594
2900001,2910000,1,L09-4,2,0,0,0,39,39
2910001,2920000,1,L09-4,2,0,0,0,1316,1316
2920001,2930000,1,L09-4,2,0,0,0,737,737
2930001,2940000,6,L09-4,2,0,0,0,4193,4193
2970001,2980000,3,L09-4,2,0,0,0,2907,2907
3020001,3030000,3,L09-4,2,0,0,0,1500,1500
3050001,3060000,2,L09-4,2,0,0,0,2139,2139
3060001,3070000,1,L09-4,2,0,0,0,796,796
3110001,3120000,1,L09-4,2,0,0,0,875,875
3140001,3150000,0,L09-4,2,1,0,0,0,3094
3180001,3190000,1,L09-4,2,0,0,0,1098,1098
3210001,3220000,1,L09-4,2,0,0,0,356,356
3220001,3230000,2,L09-4,2,0,0,0,1886,1886
3230001,3240000,1,L09-4,2,0,0,0,1154,1154
3240001,3250000,1,L09-4,2,0,0,0,416,416
3280001,3290000,2,L09-4,2,0,0,0,2995,2995
3290001,3300000,1,L09-4,2,0,0,0,1892,1892
3300001,3310000,1,L09-4,2,0,0,0,653,653
3310001,3320000,1,L09-4,2,0,0,0,1238,1238
3320001,3330000,4,L09-4,2,0,0,0,3923,3923
3330001,3340000,1,L09-4,2,0,0,0,1044,1044
3380001,3390000,1,L09-4,2,0,0,0,375,375
3420001,3430000,1,L09-4,2,0,0,0,513,513
3430001,3440000,4,L09-4,2,0,0,0,4856,4856
3440001,3450000,6,L09-4,2,0,0,0,4035,4035
3450001,3460000,5,L09-4,2,0,0,0,3666,3666
3460001,3470000,2,L09-4,2,0,0,0,804,804
3480001,3490000,2,L09-4,2,1,0,0,820,957
3490001,3500000,1,L09-4,2,1,0,0,1067,4023
3510001,3520000,5,L09-4,2,0,0,0,3431,3431
3520001,3530000,1,L09-4,2,0,0,0,1022,1022
3540001,3550000,3,L09-4,2,0,0,0,2027,2027
3550001,3560000,12,L09-4,2,0,0,0,6164,6164
3560001,3570000,16,L09-4,2,1,0,0,6657,9072
3570001,3580000,3,L09-4,2,1,0,0,3027,4702
3610001,3620000,1,L09-4,2,0,0,0,1004,1004
3620001,3630000,1,L09-4,2,0,0,0,1606,1606
3630001,3640000,1,L09-4,2,0,0,0,529,529
3670001,3680000,1,L09-4,2,0,0,0,1102,1102
3690001,3700000,2,L09-4,2,0,0,0,1815,1815
3700001,3710000,3,L09-4,2,0,0,0,2250,2250
3720001,3730000,0,L09-4,2,1,0,0,0,2967
3730001,3740000,0,L09-4,2,1,0,0,0,127
3780001,3790000,2,L09-4,2,0,0,0,2980,2980
3830001,3840000,1,L09-4,2,0,0,0,1019,1019
3840001,3850000,0,L09-4,2,1,0,0,0,1246
3850001,3860000,0,L09-4,2,1,0,0,0,2841
3860001,3870000,2,L09-4,2,0,0,0,1755,1755
3870001,3880000,3,L09-4,2,0,0,0,1891,1891
3880001,3890000,2,L09-4,2,0,0,0,2731,2731
3930001,3940000,1,L09-4,2,0,0,0,2414,2414
3940001,3950000,5,L09-4,2,0,0,0,4648,4648
3970001,3980000,2,L09-4,2,0,0,0,3199,3199
20001,30000,1,L10-1,1,0,0,0,75,75
40001,50000,1,L10-1,1,0,0,0,1259,1259
50001,60000,3,L10-1,1,0,0,0,228,228
60001,70000,2,L10-1,1,0,0,0,1678,1678
100001,110000,1,L10-1,1,0,0,0,545,545
120001,130000,2,L10-1,1,1,0,0,3383,6476
190001,200000,1,L10-1,1,0,0,0,280,280
200001,210000,2,L10-1,1,0,0,0,2877,2877
240001,250000,2,L10-1,1,0,0,0,1464,1464
250001,260000,10,L10-1,1,0,0,0,5692,5692
260001,270000,2,L10-1,1,0,0,0,6833,6833
330001,340000,3,L10-1,1,0,0,0,3903,3903
340001,350000,1,L10-1,1,0,0,0,1415,1415
350001,360000,1,L10-1,1,0,0,0,536,536
440001,450000,2,L10-1,1,0,0,0,1939,1939
450001,460000,1,L10-1,1,0,0,0,566,566
460001,470000,3,L10-1,1,0,0,0,2565,2565
470001,480000,1,L10-1,1,0,0,0,461,461
500001,510000,1,L10-1,1,0,0,0,227,227
520001,530000,1,L10-1,1,0,0,0,530,530
550001,560000,1,L10-1,1,0,0,0,1815,1815
560001,570000,3,L10-1,1,0,0,0,3222,3222
580001,590000,2,L10-1,1,0,0,0,1276,1276
640001,650000,5,L10-1,1,0,0,0,6022,6022
660001,670000,1,L10-1,1,0,0,0,479,479
670001,680000,1,L10-1,1,0,0,0,2354,2354
710001,720000,9,L10-1,1,0,0,0,9793,9793
720001,730000,7,L10-1,1,0,0,0,8630,8630
730001,740000,2,L10-1,1,0,0,0,706,706
760001,770000,1,L10-1,1,0,0,0,662,662
770001,780000,1,L10-1,1,0,0,0,479,479
780001,790000,2,L10-1,1,0,0,0,1487,1487
790001,800000,2,L10-1,1,0,0,0,961,961
800001,810000,9,L10-1,1,0,0,0,6738,6738
810001,820000,7,L10-1,1,0,0,0,8620,8620
820001,830000,3,L10-1,1,0,0,0,4048,4048
830001,840000,1,L10-1,1,0,0,0,1718,1718
850001,860000,0,L10-1,1,0,2,0,0,0
930001,940000,1,L10-1,1,0,0,0,974,974
950001,960000,1,L10-1,1,0,0,0,295,295
960001,970000,6,L10-1,1,0,0,0,5492,5492
970001,980000,2,L10-1,1,0,0,0,2761,2761
1000001,1010000,1,L10-1,1,0,0,0,113,113
1020001,1030000,2,L10-1,1,0,0,0,2574,2574
1030001,1040000,1,L10-1,1,0,0,0,962,962
1070001,1080000,2,L10-1,1,0,0,0,1348,1348
1080001,1090000,3,L10-1,1,0,0,0,1701,1701
1160001,1170000,6,L10-1,1,0,0,0,5264,5264
1170001,1180000,2,L10-1,1,0,0,0,2584,2584
1180001,1190000,1,L10-1,1,0,0,0,1538,1538
1190001,1200000,1,L10-1,1,0,0,0,84,84
1200001,1210000,2,L10-1,1,0,0,0,2194,2194
1270001,1280000,0,L10-1,1,1,0,0,0,3093
1410001,1420000,1,L10-1,1,0,0,0,218,218
1420001,1430000,2,L10-1,1,0,0,0,4603,4603
1430001,1440000,1,L10-1,1,0,0,0,1292,1292
1450001,1460000,3,L10-1,1,0,0,0,3811,3811
1460001,1470000,5,L10-1,1,0,0,0,5771,5771
1470001,1480000,2,L10-1,1,0,0,0,3201,3201
1480001,1490000,1,L10-1,1,0,0,0,226,226
1500001,1510000,1,L10-1,1,0,0,0,518,518
1520001,1530000,1,L10-1,1,0,0,0,87,87
1590001,1600000,1,L10-1,1,0,0,0,700,700
1600001,1610000,4,L10-1,1,0,0,0,4743,4743
1610001,1620000,5,L10-1,1,0,0,0,3138,3138
1630001,1640000,3,L10-1,1,0,0,0,3138,3138
1650001,1660000,1,L10-1,1,0,0,0,1105,1105
1690001,1700000,7,L10-1,1,0,0,0,5329,5329
1700001,1710000,3,L10-1,1,0,0,0,1701,1701
1760001,1770000,1,L10-1,1,0,0,0,2597,2597
1770001,1780000,1,L10-1,1,0,0,0,590,590
1780001,1790000,1,L10-1,1,0,0,0,788,788
1910001,1920000,0,L10-1,1,1,0,0,0,2750
1920001,1930000,0,L10-1,1,1,0,0,0,344
2020001,2030000,1,L10-1,1,1,0,0,346,3439
2030001,2040000,1,L10-1,1,0,0,0,928,928
2050001,2060000,1,L10-1,1,0,0,0,641,641
2080001,2090000,0,L10-1,1,1,0,0,0,2971
2090001,2100000,0,L10-1,1,1,0,0,0,122
2110001,2120000,5,L10-1,1,0,0,0,6194,6194
2130001,2140000,1,L10-1,1,0,0,0,827,827
2170001,2180000,1,L10-1,1,0,0,0,930,930
2180001,2190000,1,L10-1,1,0,0,0,65,65
2200001,2210000,1,L10-1,1,0,0,0,695,695
2260001,2270000,1,L10-1,1,0,0,0,1772,1772
2270001,2280000,1,L10-1,1,0,0,0,1733,1733
2280001,2290000,2,L10-1,1,0,0,0,86,86
2290001,2300000,3,L10-1,1,0,0,0,621,621
2400001,2410000,1,L10-1,1,0,0,0,2033,2033
2450001,2460000,1,L10-1,1,0,0,0,668,668
2480001,2490000,0,L10-1,1,0,1,1,0,0
2490001,2500000,1,L10-1,1,0,0,0,1760,1760
2520001,2530000,0,L10-1,1,1,0,0,0,3092
2540001,2550000,1,L10-1,1,0,0,0,2627,2627
2550001,2560000,2,L10-1,1,0,0,0,3415,3415
2630001,2640000,1,L10-1,1,0,0,0,177,177
2640001,2650000,3,L10-1,1,0,0,0,3225,3225
2700001,2710000,1,L10-1,1,0,0,0,553,553
2710001,2720000,2,L10-1,1,0,0,0,2511,2511
2720001,2730000,2,L10-1,1,0,0,0,1353,1353
2760001,2770000,0,L10-1,1,1,0,0,0,3095
2770001,2780000,1,L10-1,1,0,0,0,1127,1127
2780001,2790000,1,L10-1,1,0,0,0,878,878
2800001,2810000,1,L10-1,1,0,0,0,746,746
2820001,2830000,3,L10-1,1,0,0,0,3864,3864
2840001,2850000,1,L10-1,1,0,0,0,68,68
2850001,2860000,1,L10-1,1,0,0,0,735,735
2880001,2890000,2,L10-1,1,0,0,0,1285,1285
2890001,2900000,1,L10-1,1,0,0,0,974,974
2900001,2910000,1,L10-1,1,0,0,0,785,785
2910001,2920000,1,L10-1,1,0,0,0,570,570
2920001,2930000,1,L10-1,1,0,0,0,737,737
2930001,2940000,6,L10-1,1,0,0,0,4194,4194
2960001,2970000,1,L10-1,1,0,0,0,54,54
2970001,2980000,3,L10-1,1,0,0,0,2852,2852
3020001,3030000,3,L10-1,1,0,0,0,1500,1500
3050001,3060000,2,L10-1,1,0,0,0,2888,2888
3060001,3070000,1,L10-1,1,0,0,0,47,47
3110001,3120000,1,L10-1,1,0,0,0,875,875
3180001,3190000,1,L10-1,1,0,0,0,1098,1098
3210001,3220000,2,L10-1,1,0,0,0,2242,2242
3230001,3240000,2,L10-1,1,0,0,0,1570,1570
3280001,3290000,2,L10-1,1,0,0,0,2994,2994
3290001,3300000,1,L10-1,1,0,0,0,1892,1892
3300001,3310000,1,L10-1,1,0,0,0,653,653
3310001,3320000,2,L10-1,1,0,0,0,1606,1606
3320001,3330000,3,L10-1,1,0,0,0,4598,4598
3380001,3390000,1,L10-1,1,0,0,0,375,375
3420001,3430000,2,L10-1,1,0,0,0,3503,3503
3430001,3440000,4,L10-1,1,0,0,0,3949,3949
3440001,3450000,6,L10-1,1,0,0,0,4034,4034
3450001,3460000,4,L10-1,1,0,0,0,2389,2389
3480001,3490000,3,L10-1,1,0,0,0,979,979
3490001,3500000,1,L10-1,1,0,0,0,908,908
3500001,3510000,3,L10-1,1,0,0,0,2634,2634
3510001,3520000,2,L10-1,1,0,0,0,1817,1817
3530001,3540000,1,L10-1,1,0,0,0,571,571
3540001,3550000,7,L10-1,1,0,0,0,4088,4088
3550001,3560000,22,L10-1,1,0,0,0,9319,9319
3560001,3570000,5,L10-1,1,0,0,0,3897,3897
3570001,3580000,0,L10-1,1,1,0,0,0,851
3580001,3590000,0,L10-1,1,1,0,0,0,2243
3600001,3610000,1,L10-1,1,0,0,0,1004,1004
3620001,3630000,1,L10-1,1,0,0,0,2135,2135
3660001,3670000,1,L10-1,1,0,0,0,1103,1103
3690001,3700000,4,L10-1,1,0,0,0,4065,4065
3710001,3720000,0,L10-1,1,1,0,0,0,4221
3720001,3730000,0,L10-1,1,1,0,0,0,1974
3780001,3790000,2,L10-1,1,0,0,0,2980,2980
3830001,3840000,1,L10-1,1,0,0,0,1019,1019
3860001,3870000,5,L10-1,1,0,0,0,3647,3647
3870001,3880000,2,L10-1,1,0,0,0,2731,2731
3890001,3900000,0,L10-1,1,0,1,1,0,0
3930001,3940000,6,L10-1,1,0,0,0,6778,6778
3940001,3950000,1,L10-1,1,0,0,0,284,284
3950001,3960000,0,L10-1,1,1,0,0,0,3092
3960001,3970000,1,L10-1,1,0,0,0,1501,1501
3970001,3980000,2,L10-1,1,0,0,0,1698,1698
20001,30000,1,L10-1,2,0,0,0,75,75
40001,50000,1,L10-1,2,0,0,0,1259,1259
50001,60000,3,L10-1,2,0,0,0,228,228
60001,70000,2,L10-1,2,0,0,0,1678,1678
100001,110000,1,L10-1,2,0,0,0,545,545
120001,130000,2,L10-1,2,1,0,0,3382,6475
190001,200000,1,L10-1,2,0,0,0,267,267
200001,210000,2,L10-1,2,0,0,0,2890,2890
240001,250000,2,L10-1,2,0,0,0,1447,1447
250001,260000,10,L10-1,2,0,0,0,5691,5691
260001,270000,2,L10-1,2,0,0,0,6849,6849
330001,340000,3,L10-1,2,0,0,0,3903,3903
340001,350000,1,L10-1,2,0,0,0,1415,1415
350001,360000,1,L10-1,2,0,0,0,536,536
440001,450000,2,L10-1,2,0,0,0,1939,1939
450001,460000,1,L10-1,2,0,0,0,566,566
460001,470000,3,L10-1,2,0,0,0,2565,2565
470001,480000,1,L10-1,2,0,0,0,461,461
500001,510000,1,L10-1,2,0,0,0,227,227
520001,530000,1,L10-1,2,0,0,0,530,530
550001,560000,1,L10-1,2,0,0,0,1784,1784
560001,570000,3,L10-1,2,0,0,0,3253,3253
580001,590000,2,L10-1,2,0,0,0,1276,1276
640001,650000,5,L10-1,2,0,0,0,6022,6022
660001,670000,1,L10-1,2,0,0,0,479,479
670001,680000,1,L10-1,2,0,0,0,2354,2354
710001,720000,9,L10-1,2,0,0,0,9751,9751
720001,730000,7,L10-1,2,0,0,0,8630,8630
730001,740000,2,L10-1,2,0,0,0,748,748
760001,770000,1,L10-1,2,0,0,0,662,662
770001,780000,1,L10-1,2,0,0,0,479,479
780001,790000,2,L10-1,2,0,0,0,1440,1440
790001,800000,2,L10-1,2,0,0,0,1008,1008
800001,810000,9,L10-1,2,0,0,0,6691,6691
810001,820000,7,L10-1,2,0,0,0,8620,8620
820001,830000,3,L10-1,2,0,0,0,4094,4094
830001,840000,1,L10-1,2,0,0,0,1718,1718
850001,860000,0,L10-1,2,1,0,0,0,3094
930001,940000,1,L10-1,2,0,0,0,974,974
960001,970000,6,L10-1,2,0,0,0,5787,5787
970001,980000,2,L10-1,2,0,0,0,2761,2761
1000001,1010000,1,L10-1,2,0,0,0,113,113
1020001,1030000,1,L10-1,2,0,0,0,1930,1930
1030001,1040000,2,L10-1,2,0,0,0,1606,1606
1070001,1080000,1,L10-1,2,0,0,0,722,722
1080001,1090000,2,L10-1,2,0,0,0,2251,2251
1090001,1100000,1,L10-1,2,0,0,0,76,76
1130001,1140000,0,L10-1,2,0,2,0,0,0
1160001,1170000,4,L10-1,2,0,0,0,4178,4178
1170001,1180000,3,L10-1,2,0,0,0,3670,3670
1180001,1190000,1,L10-1,2,0,0,0,1538,1538
1190001,1200000,1,L10-1,2,0,0,0,84,84
1200001,1210000,2,L10-1,2,0,0,0,2194,2194
1270001,1280000,0,L10-1,2,1,0,0,0,3094
1280001,1290000,0,L10-1,2,0,1,0,0,0
1300001,1310000,0,L10-1,2,0,1,1,0,0
1410001,1420000,1,L10-1,2,0,0,0,218,218
1420001,1430000,2,L10-1,2,0,0,0,4272,4272
1430001,1440000,2,L10-1,2,0,0,0,1623,1623
1450001,1460000,2,L10-1,2,0,0,0,2704,2704
1460001,1470000,6,L10-1,2,0,0,0,5771,5771
1470001,1480000,2,L10-1,2,0,0,0,3201,3201
1480001,1490000,1,L10-1,2,0,0,0,1333,1333
1500001,1510000,1,L10-1,2,0,0,0,518,518
1520001,1530000,1,L10-1,2,0,0,0,87,87
1600001,1610000,3,L10-1,2,0,0,0,5040,5040
1610001,1620000,5,L10-1,2,0,0,0,3541,3541
1630001,1640000,3,L10-1,2,0,0,0,3137,3137
1650001,1660000,1,L10-1,2,0,0,0,1106,1106
1690001,1700000,5,L10-1,2,0,0,0,4254,4254
1700001,1710000,4,L10-1,2,0,0,0,2776,2776
1730001,1740000,0,L10-1,2,0,1,1,0,0
1760001,1770000,1,L10-1,2,0,0,0,2597,2597
1770001,1780000,1,L10-1,2,0,0,0,590,590
1780001,1790000,1,L10-1,2,0,0,0,788,788
1910001,1920000,0,L10-1,2,1,0,0,0,1613
1920001,1930000,0,L10-1,2,1,0,0,0,1481
2020001,2030000,0,L10-1,2,1,0,0,0,3093
2030001,2040000,1,L10-1,2,0,0,0,1274,1274
2050001,2060000,1,L10-1,2,0,0,0,641,641
2080001,2090000,0,L10-1,2,1,0,0,0,1828
2090001,2100000,0,L10-1,2,1,0,0,0,1266
2110001,2120000,5,L10-1,2,0,0,0,6174,6174
2120001,2130000,1,L10-1,2,0,0,0,22,22
2130001,2140000,1,L10-1,2,0,0,0,90,90
2140001,2150000,1,L10-1,2,0,0,0,737,737
2180001,2190000,1,L10-1,2,0,0,0,995,995
2200001,2210000,1,L10-1,2,0,0,0,695,695
2260001,2270000,1,L10-1,2,0,0,0,1772,1772
2270001,2280000,1,L10-1,2,0,0,0,1733,1733
2290001,2300000,3,L10-1,2,0,0,0,707,707
2400001,2410000,1,L10-1,2,0,0,0,2033,2033
2450001,2460000,1,L10-1,2,0,0,0,668,668
2490001,2500000,1,L10-1,2,1,0,0,1760,4853
2520001,2530000,0,L10-1,2,1,0,0,0,252
2530001,2540000,0,L10-1,2,1,1,0,0,2841
2540001,2550000,1,L10-1,2,0,0,0,776,776
2550001,2560000,3,L10-1,2,0,0,0,4321,4321
2560001,2570000,1,L10-1,2,0,0,0,945,945
2640001,2650000,2,L10-1,2,0,0,0,2182,2182
2650001,2660000,1,L10-1,2,0,0,0,1220,1220
2710001,2720000,1,L10-1,2,0,0,0,1415,1415
2720001,2730000,2,L10-1,2,0,0,0,3000,3000
2740001,2750000,0,L10-1,2,0,1,0,0,0
2760001,2770000,0,L10-1,2,1,0,0,0,1351
2770001,2780000,0,L10-1,2,1,0,0,0,1741
2780001,2790000,2,L10-1,2,0,0,0,1466,1466
2790001,2800000,1,L10-1,2,0,0,0,539,539
2800001,2810000,1,L10-1,2,0,0,0,746,746
2820001,2830000,1,L10-1,2,0,0,0,1472,1472
2830001,2840000,2,L10-1,2,0,0,0,2392,2392
2850001,2860000,1,L10-1,2,0,0,0,803,803
2890001,2900000,3,L10-1,2,0,0,0,2259,2259
2910001,2920000,1,L10-1,2,0,0,0,1355,1355
2920001,2930000,1,L10-1,2,0,0,0,737,737
2930001,2940000,4,L10-1,2,0,0,0,2723,2723
2940001,2950000,2,L10-1,2,0,0,0,1471,1471
2970001,2980000,3,L10-1,2,0,0,0,2906,2906
3020001,3030000,3,L10-1,2,0,0,0,1500,1500
3060001,3070000,2,L10-1,2,0,0,0,2935,2935
3110001,3120000,1,L10-1,2,0,0,0,167,167
3120001,3130000,1,L10-1,2,0,0,0,708,708
3180001,3190000,1,L10-1,2,0,0,0,1098,1098
3220001,3230000,2,L10-1,2,0,0,0,2242,2242
3230001,3240000,1,L10-1,2,0,0,0,1154,1154
3240001,3250000,1,L10-1,2,0,0,0,416,416
3280001,3290000,2,L10-1,2,0,0,0,2642,2642
3290001,3300000,2,L10-1,2,0,0,0,2245,2245
3300001,3310000,1,L10-1,2,0,0,0,653,653
3310001,3320000,1,L10-1,2,0,0,0,645,645
3320001,3330000,4,L10-1,2,0,0,0,3403,3403
3330001,3340000,2,L10-1,2,0,0,0,2157,2157
3380001,3390000,1,L10-1,2,0,0,0,375,375
3430001,3440000,3,L10-1,2,0,0,0,4245,4245
3440001,3450000,3,L10-1,2,0,0,0,4443,4443
3450001,3460000,5,L10-1,2,0,0,0,3067,3067
3460001,3470000,4,L10-1,2,0,0,0,2120,2120
3480001,3490000,1,L10-1,2,0,0,0,210,210
3490001,3500000,3,L10-1,2,0,0,0,1677,1677
3510001,3520000,5,L10-1,2,0,0,0,4453,4453
3540001,3550000,3,L10-1,2,0,0,0,2027,2027
3550001,3560000,16,L10-1,2,0,0,0,7870,7870
3560001,3570000,14,L10-1,2,0,0,0,7478,7478
3570001,3580000,2,L10-1,2,0,0,0,501,501
3580001,3590000,0,L10-1,2,1,0,0,0,3093
3610001,3620000,1,L10-1,2,0,0,0,1004,1004
3620001,3630000,1,L10-1,2,0,0,0,2135,2135
3670001,3680000,1,L10-1,2,0,0,0,1103,1103
3690001,3700000,4,L10-1,2,0,0,0,4065,4065
3720001,3730000,0,L10-1,2,1,0,0,0,8605
3790001,3800000,2,L10-1,2,0,0,0,2980,2980
3840001,3850000,1,L10-1,2,0,0,0,1019,1019
3860001,3870000,1,L10-1,2,0,0,0,1063,1063
3870001,3880000,5,L10-1,2,0,0,0,2584,2584
3880001,3890000,2,L10-1,2,0,0,0,2731,2731
3890001,3900000,0,L10-1,2,1,0,0,0,2145
3900001,3910000,0,L10-1,2,1,0,0,0,949
3920001,3930000,0,L10-1,2,0,1,1,0,0
3940001,3950000,6,L10-1,2,0,0,0,6924,6924
3950001,3960000,1,L10-1,2,0,1,0,138,138
20001,30000,1,L10-2,1,0,0,0,75,75
40001,50000,1,L10-2,1,0,0,0,1259,1259
50001,60000,3,L10-2,1,0,0,0,228,228
60001,70000,2,L10-2,1,0,0,0,1678,1678
100001,110000,1,L10-2,1,0,0,0,545,545
120001,130000,2,L10-2,1,1,1,1,3383,6476
130001,140000,0,L10-2,1,0,2,1,0,0
170001,180000,0,L10-2,1,0,1,1,0,0
190001,200000,1,L10-2,1,0,0,0,280,280
200001,210000,2,L10-2,1,0,0,0,2877,2877
210001,220000,0,L10-2,1,0,1,1,0,0
240001,250000,2,L10-2,1,0,0,0,1464,1464
250001,260000,10,L10-2,1,0,0,0,5692,5692
260001,270000,2,L10-2,1,0,0,0,6833,6833
330001,340000,3,L10-2,1,0,0,0,3903,3903
340001,350000,1,L10-2,1,0,0,0,1415,1415
350001,360000,1,L10-2,1,0,0,0,536,536
440001,450000,2,L10-2,1,0,0,0,1939,1939
450001,460000,1,L10-2,1,0,0,0,566,566
460001,470000,3,L10-2,1,0,0,0,2565,2565
470001,480000,1,L10-2,1,0,0,0,461,461
500001,510000,1,L10-2,1,0,0,0,227,227
520001,530000,1,L10-2,1,0,0,0,530,530
550001,560000,1,L10-2,1,0,0,0,1815,1815
560001,570000,3,L10-2,1,0,0,0,3222,3222
580001,590000,2,L10-2,1,0,0,0,1276,1276
640001,650000,5,L10-2,1,0,0,0,6022,6022
660001,670000,1,L10-2,1,0,1,1,479,479
670001,680000,1,L10-2,1,0,0,0,2354,2354
710001,720000,9,L10-2,1,0,0,0,9793,9793
720001,730000,7,L10-2,1,0,0,0,8630,8630
730001,740000,2,L10-2,1,0,0,0,706,706
760001,770000,1,L10-2,1,0,0,0,662,662
770001,780000,1,L10-2,1,0,0,0,479,479
780001,790000,2,L10-2,1,0,0,0,1487,1487
790001,800000,2,L10-2,1,0,0,0,961,961
800001,810000,9,L10-2,1,0,0,0,6738,6738
810001,820000,7,L10-2,1,0,0,0,8620,8620
820001,830000,3,L10-2,1,0,0,0,4048,4048
830001,840000,1,L10-2,1,0,0,0,1718,1718
930001,940000,1,L10-2,1,0,0,0,974,974
950001,960000,1,L10-2,1,0,0,0,295,295
960001,970000,6,L10-2,1,0,0,0,5492,5492
970001,980000,2,L10-2,1,0,0,0,2761,2761
1000001,1010000,1,L10-2,1,0,0,0,113,113
1020001,1030000,2,L10-2,1,0,0,0,2574,2574
1030001,1040000,1,L10-2,1,0,0,0,962,962
1070001,1080000,2,L10-2,1,0,0,0,1348,1348
1080001,1090000,3,L10-2,1,0,0,0,1701,1701
1160001,1170000,6,L10-2,1,0,0,0,5264,5264
1170001,1180000,2,L10-2,1,0,0,0,2584,2584
1180001,1190000,1,L10-2,1,0,0,0,1538,1538
1190001,1200000,1,L10-2,1,0,0,0,84,84
1200001,1210000,2,L10-2,1,0,0,0,2194,2194
1270001,1280000,0,L10-2,1,1,0,0,0,3093
1290001,1300000,0,L10-2,1,0,1,1,0,0
1410001,1420000,1,L10-2,1,0,0,0,218,218
1420001,1430000,2,L10-2,1,0,0,0,4603,4603
1430001,1440000,1,L10-2,1,0,0,0,1292,1292
1450001,1460000,3,L10-2,1,0,0,0,3811,3811
1460001,1470000,5,L10-2,1,0,0,0,5771,5771
1470001,1480000,2,L10-2,1,0,0,0,3201,3201
1480001,1490000,1,L10-2,1,0,0,0,226,226
1500001,1510000,1,L10-2,1,0,0,0,518,518
1520001,1530000,1,L10-2,1,0,0,0,87,87
1590001,1600000,1,L10-2,1,0,0,0,700,700
1600001,1610000,4,L10-2,1,0,0,0,4743,4743
1610001,1620000,5,L10-2,1,0,0,0,3138,3138
1630001,1640000,3,L10-2,1,0,0,0,3138,3138
1650001,1660000,1,L10-2,1,0,0,0,1105,1105
1690001,1700000,7,L10-2,1,0,0,0,5329,5329
1700001,1710000,3,L10-2,1,0,0,0,1701,1701
1760001,1770000,1,L10-2,1,0,0,0,2597,2597
1770001,1780000,1,L10-2,1,0,0,0,590,590
1780001,1790000,1,L10-2,1,0,0,0,788,788
1900001,1910000,0,L10-2,1,0,1,0,0,0
1910001,1920000,0,L10-2,1,1,0,0,0,2750
1920001,1930000,0,L10-2,1,1,1,0,0,344
2020001,2030000,1,L10-2,1,1,0,0,346,3439
2030001,2040000,1,L10-2,1,0,0,0,928,928
2050001,2060000,1,L10-2,1,0,0,0,641,641
2080001,2090000,0,L10-2,1,1,0,0,0,2971
2090001,2100000,0,L10-2,1,1,0,0,0,122
2110001,2120000,5,L10-2,1,0,0,0,6194,6194
2130001,2140000,1,L10-2,1,0,0,0,827,827
2170001,2180000,1,L10-2,1,0,0,0,930,930
2180001,2190000,1,L10-2,1,0,0,0,65,65
2200001,2210000,1,L10-2,1,0,0,0,695,695
2260001,2270000,1,L10-2,1,0,0,0,1772,1772
2270001,2280000,1,L10-2,1,0,0,0,1733,1733
2280001,2290000,2,L10-2,1,0,0,0,86,86
2290001,2300000,3,L10-2,1,0,0,0,621,621
2400001,2410000,1,L10-2,1,0,0,0,2033,2033
2450001,2460000,1,L10-2,1,0,0,0,668,668
2490001,2500000,1,L10-2,1,0,0,0,1760,1760
2510001,2520000,0,L10-2,1,0,1,1,0,0
2520001,2530000,0,L10-2,1,1,0,0,0,3092
2540001,2550000,1,L10-2,1,0,0,0,2627,2627
2550001,2560000,2,L10-2,1,0,0,0,3415,3415
2570001,2580000,0,L10-2,1,0,1,1,0,0
2630001,2640000,1,L10-2,1,0,0,0,177,177
2640001,2650000,3,L10-2,1,0,0,0,3225,3225
2700001,2710000,1,L10-2,1,0,0,0,553,553
2710001,2720000,2,L10-2,1,0,0,0,2511,2511
2720001,2730000,2,L10-2,1,0,0,0,1353,1353
2760001,2770000,0,L10-2,1,1,0,0,0,3095
2770001,2780000,1,L10-2,1,0,0,0,1127,1127
2780001,2790000,1,L10-2,1,0,0,0,878,878
2800001,2810000,1,L10-2,1,0,0,0,746,746
2820001,2830000,3,L10-2,1,0,0,0,3864,3864
2840001,2850000,1,L10-2,1,0,0,0,68,68
2850001,2860000,1,L10-2,1,0,0,0,735,735
2880001,2890000,2,L10-2,1,0,0,0,1285,1285
2890001,2900000,1,L10-2,1,0,0,0,974,974
2900001,2910000,1,L10-2,1,0,0,0,785,785
2910001,2920000,1,L10-2,1,0,0,0,570,570
2920001,2930000,1,L10-2,1,0,0,0,737,737
2930001,2940000,6,L10-2,1,0,0,0,4194,4194
2960001,2970000,1,L10-2,1,0,0,0,54,54
2970001,2980000,3,L10-2,1,0,0,0,2852,2852
3020001,3030000,3,L10-2,1,0,0,0,1500,1500
3050001,3060000,2,L10-2,1,0,0,0,2888,2888
3060001,3070000,1,L10-2,1,0,2,0,47,47
3110001,3120000,1,L10-2,1,0,0,0,875,875
3180001,3190000,1,L10-2,1,0,0,0,1098,1098
3210001,3220000,2,L10-2,1,0,0,0,2242,2242
3230001,3240000,2,L10-2,1,0,0,0,1570,1570
3280001,3290000,2,L10-2,1,0,0,0,2994,2994
3290001,3300000,1,L10-2,1,0,0,0,1892,1892
3300001,3310000,1,L10-2,1,0,0,0,653,653
3310001,3320000,2,L10-2,1,0,0,0,1606,1606
3320001,3330000,3,L10-2,1,0,0,0,4598,4598
3380001,3390000,1,L10-2,1,0,0,0,375,375
3420001,3430000,2,L10-2,1,0,0,0,3503,3503
3430001,3440000,4,L10-2,1,0,0,0,3949,3949
3440001,3450000,6,L10-2,1,0,0,0,4034,4034
3450001,3460000,4,L10-2,1,0,0,0,2389,2389
3480001,3490000,3,L10-2,1,0,1,1,979,979
3490001,3500000,1,L10-2,1,0,0,0,908,908
3500001,3510000,3,L10-2,1,0,0,0,2634,2634
3510001,3520000,2,L10-2,1,0,0,0,1817,1817
3530001,3540000,1,L10-2,1,0,0,0,571,571
3540001,3550000,7,L10-2,1,0,0,0,4088,4088
3550001,3560000,22,L10-2,1,0,0,0,9319,9319
3560001,3570000,5,L10-2,1,0,0,0,3897,3897
3570001,3580000,0,L10-2,1,1,0,0,0,851
3580001,3590000,0,L10-2,1,1,0,0,0,2243
3600001,3610000,1,L10-2,1,0,0,0,1004,1004
3620001,3630000,1,L10-2,1,0,0,0,2135,2135
3660001,3670000,1,L10-2,1,0,0,0,1103,1103
3690001,3700000,4,L10-2,1,0,0,0,4065,4065
3710001,3720000,0,L10-2,1,1,0,0,0,4221
3720001,3730000,0,L10-2,1,1,0,0,0,1974
3780001,3790000,2,L10-2,1,0,0,0,2980,2980
3830001,3840000,1,L10-2,1,0,0,0,1019,1019
3860001,3870000,5,L10-2,1,0,0,0,3647,3647
3870001,3880000,2,L10-2,1,0,0,0,2731,2731
3930001,3940000,6,L10-2,1,0,0,0,6778,6778
3940001,3950000,1,L10-2,1,0,1,0,284,284
3950001,3960000,0,L10-2,1,1,0,0,0,3092
3960001,3970000,1,L10-2,1,0,0,0,1501,1501
3970001,3980000,2,L10-2,1,0,0,0,1698,1698
20001,30000,1,L10-2,2,0,0,0,75,75
40001,50000,1,L10-2,2,0,0,0,1259,1259
50001,60000,3,L10-2,2,0,0,0,228,228
60001,70000,2,L10-2,2,0,0,0,1678,1678
100001,110000,1,L10-2,2,0,0,0,545,545
110001,120000,0,L10-2,2,0,1,0,0,0
120001,130000,0,L10-2,2,1,0,0,0,3094
130001,140000,0,L10-2,2,1,0,0,0,702
140001,150000,0,L10-2,2,2,0,0,0,5172
150001,160000,0,L10-2,2,1,0,0,0,3417
160001,170000,0,L10-2,2,1,0,0,0,3093
200001,210000,0,L10-2,2,1,0,0,0,3094
230001,240000,2,L10-2,2,0,0,0,3157,3157
240001,250000,0,L10-2,2,1,0,0,0,3787
270001,280000,1,L10-2,2,0,0,0,857,857
280001,290000,6,L10-2,2,0,0,0,3422,3422
290001,300000,6,L10-2,2,0,0,0,7826,7826
300001,310000,1,L10-2,2,0,0,0,1882,1882
360001,370000,3,L10-2,2,0,0,0,3873,3873
370001,380000,2,L10-2,2,0,0,0,1445,1445
380001,390000,1,L10-2,2,0,0,0,536,536
480001,490000,3,L10-2,2,0,0,0,2505,2505
500001,510000,4,L10-2,2,0,0,0,3026,3026
530001,540000,1,L10-2,2,0,0,0,227,227
560001,570000,1,L10-2,2,0,0,0,530,530
590001,600000,3,L10-2,2,0,0,0,4445,4445
600001,610000,1,L10-2,2,0,0,0,592,592
610001,620000,2,L10-2,2,0,0,0,1276,1276
670001,680000,3,L10-2,2,0,0,0,4251,4251
680001,690000,2,L10-2,2,0,0,0,1770,1770
690001,700000,0,L10-2,2,1,0,0,0,372
700001,710000,1,L10-2,2,1,0,0,479,3201
710001,720000,1,L10-2,2,0,0,0,2354,2354
740001,750000,2,L10-2,2,0,0,0,1744,1744
750001,760000,8,L10-2,2,0,0,0,9392,9392
760001,770000,7,L10-2,2,0,0,0,7566,7566
770001,780000,1,L10-2,2,0,0,0,428,428
790001,800000,1,L10-2,2,0,0,0,662,662
810001,820000,1,L10-2,2,0,0,0,479,479
820001,830000,2,L10-2,2,0,0,0,1624,1624
830001,840000,2,L10-2,2,0,0,0,824,824
840001,850000,10,L10-2,2,0,0,0,8593,8593
850001,860000,7,L10-2,2,0,0,0,8637,8637
860001,870000,3,L10-2,2,0,0,0,3821,3821
870001,880000,1,L10-2,2,0,0,0,71,71
960001,970000,1,L10-2,2,0,0,0,974,974
990001,1000000,2,L10-2,2,0,0,0,2157,2157
1000001,1010000,6,L10-2,2,0,0,0,5131,5131
1010001,1020000,2,L10-2,2,0,0,0,1260,1260
1040001,1050000,1,L10-2,2,0,0,0,113,113
1060001,1070000,3,L10-2,2,0,0,0,3537,3537
1110001,1120000,3,L10-2,2,0,0,0,2338,2338
1120001,1130000,2,L10-2,2,0,0,0,710,710
1200001,1210000,6,L10-2,2,0,0,0,7114,7114
1210001,1220000,1,L10-2,2,0,0,0,735,735
1220001,1230000,1,L10-2,2,0,0,0,1538,1538
1230001,1240000,1,L10-2,2,0,0,0,84,84
1240001,1250000,2,L10-2,2,0,0,0,2194,2194
1310001,1320000,0,L10-2,2,1,0,0,0,3094
1330001,1340000,0,L10-2,2,1,0,0,0,3094
1450001,1460000,1,L10-2,2,0,0,0,218,218
1460001,1470000,2,L10-2,2,0,0,0,4121,4121
1470001,1480000,2,L10-2,2,0,0,0,1774,1774
1490001,1500000,2,L10-2,2,0,0,0,2552,2552
1500001,1510000,6,L10-2,2,0,0,0,5771,5771
1510001,1520000,1,L10-2,2,0,0,0,3286,3286
1520001,1530000,1,L10-2,2,0,0,0,1400,1400
1540001,1550000,1,L10-2,2,0,0,0,518,518
1560001,1570000,1,L10-2,2,0,0,0,87,87
1640001,1650000,3,L10-2,2,0,0,0,5040,5040
1650001,1660000,5,L10-2,2,0,0,0,3541,3541
1670001,1680000,3,L10-2,2,0,0,0,3137,3137
1690001,1700000,1,L10-2,2,0,0,0,1106,1106
1730001,1740000,5,L10-2,2,0,0,0,4107,4107
1740001,1750000,4,L10-2,2,0,0,0,2923,2923
1800001,1810000,1,L10-2,2,0,0,0,2597,2597
1810001,1820000,1,L10-2,2,0,0,0,590,590
1820001,1830000,1,L10-2,2,0,0,0,788,788
1940001,1950000,0,L10-2,2,1,0,0,0,878
1950001,1960000,0,L10-2,2,1,0,0,0,2215
2050001,2060000,1,L10-2,2,1,0,0,1274,4367
2080001,2090000,1,L10-2,2,0,0,0,641,641
2110001,2120000,0,L10-2,2,1,0,0,0,3093
2140001,2150000,5,L10-2,2,0,0,0,6196,6196
2160001,2170000,1,L10-2,2,0,0,0,827,827
2200001,2210000,1,L10-2,2,0,0,0,995,995
2230001,2240000,1,L10-2,2,0,0,0,695,695
2290001,2300000,1,L10-2,2,0,0,0,1772,1772
2300001,2310000,1,L10-2,2,0,0,0,1733,1733
2310001,2320000,3,L10-2,2,0,0,0,707,707
2430001,2440000,1,L10-2,2,0,0,0,2033,2033
2480001,2490000,1,L10-2,2,0,0,0,668,668
2520001,2530000,1,L10-2,2,0,0,0,1760,1760
2540001,2550000,0,L10-2,2,1,0,0,0,2557
2550001,2560000,0,L10-2,2,2,0,0,0,2943
2560001,2570000,0,L10-2,2,1,0,0,0,1380
2570001,2580000,1,L10-2,2,0,0,0,2236,2236
2580001,2590000,3,L10-2,2,0,0,0,3805,3805
2600001,2610000,0,L10-2,2,1,0,0,0,3093
2670001,2680000,2,L10-2,2,0,0,0,2182,2182
2680001,2690000,1,L10-2,2,0,0,0,1220,1220
2740001,2750000,1,L10-2,2,0,0,0,1415,1415
2750001,2760000,2,L10-2,2,0,1,0,3001,3001
2800001,2810000,0,L10-2,2,1,0,0,0,3093
2810001,2820000,1,L10-2,2,0,0,0,1127,1127
2820001,2830000,1,L10-2,2,0,0,0,878,878
2840001,2850000,1,L10-2,2,0,0,0,746,746
2850001,2860000,1,L10-2,2,0,0,0,1472,1472
2860001,2870000,2,L10-2,2,0,0,0,2392,2392
2880001,2890000,1,L10-2,2,0,0,0,803,803
2920001,2930000,3,L10-2,2,0,0,0,2259,2259
2940001,2950000,1,L10-2,2,0,0,0,1355,1355
2950001,2960000,1,L10-2,2,0,0,0,737,737
2960001,2970000,4,L10-2,2,0,0,0,2507,2507
2970001,2980000,3,L10-2,2,0,0,0,1687,1687
3000001,3010000,3,L10-2,2,0,0,0,2907,2907
3050001,3060000,3,L10-2,2,0,0,0,1499,1499
3090001,3100000,2,L10-2,2,0,0,0,2935,2935
3100001,3110000,0,L10-2,2,1,0,0,0,3787
3110001,3120000,0,L10-2,2,1,0,0,0,3094
3160001,3170000,1,L10-2,2,0,0,0,875,875
3220001,3230000,1,L10-2,2,0,0,0,1059,1059
3230001,3240000,1,L10-2,2,0,0,0,39,39
3260001,3270000,2,L10-2,2,0,0,0,2242,2242
3280001,3290000,2,L10-2,2,0,0,0,1570,1570
3330001,3340000,2,L10-2,2,0,0,0,2995,2995
3340001,3350000,1,L10-2,2,0,0,0,1892,1892
3350001,3360000,1,L10-2,2,0,0,0,653,653
3360001,3370000,3,L10-2,2,0,0,0,1650,1650
3370001,3380000,3,L10-2,2,0,0,0,4555,4555
3430001,3440000,1,L10-2,2,0,0,0,376,376
3470001,3480000,2,L10-2,2,0,0,0,4159,4159
3480001,3490000,3,L10-2,2,0,0,0,3357,3357
3490001,3500000,5,L10-2,2,0,0,0,3970,3970
3500001,3510000,4,L10-2,2,0,0,0,2389,2389
3520001,3530000,0,L10-2,2,1,0,0,0,357
3530001,3540000,2,L10-2,2,1,0,0,820,4250
3540001,3550000,1,L10-2,2,0,0,0,1067,1067
3550001,3560000,3,L10-2,2,0,0,0,2634,2634
3560001,3570000,2,L10-2,2,0,0,0,1819,1819
3580001,3590000,1,L10-2,2,0,0,0,422,422
3590001,3600000,6,L10-2,2,0,0,0,3188,3188
3600001,3610000,21,L10-2,2,0,0,0,9297,9297
3610001,3620000,8,L10-2,2,0,0,0,4970,4970
3630001,3640000,0,L10-2,2,1,0,0,0,3094
3650001,3660000,1,L10-2,2,0,0,0,1004,1004
3670001,3680000,1,L10-2,2,0,0,0,2135,2135
3710001,3720000,1,L10-2,2,0,0,0,315,315
3720001,3730000,1,L10-2,2,0,0,0,789,789
3740001,3750000,4,L10-2,2,0,0,0,4066,4066
3760001,3770000,0,L10-2,2,1,0,0,0,3120
3770001,3780000,0,L10-2,2,1,0,0,0,10000
3780001,3790000,0,L10-2,2,1,0,0,0,299
3840001,3850000,2,L10-2,2,0,0,0,2981,2981
3890001,3900000,1,L10-2,2,0,0,0,1019,1019
3920001,3930000,5,L10-2,2,0,0,0,3647,3647
3930001,3940000,2,L10-2,2,0,0,0,2731,2731
3980001,3990000,1,L10-2,2,0,0,0,408,408
20001,30000,1,L10-3,1,0,0,0,75,75
40001,50000,1,L10-3,1,0,0,0,1259,1259
50001,60000,3,L10-3,1,0,0,0,228,228
60001,70000,2,L10-3,1,0,0,0,1678,1678
100001,110000,1,L10-3,1,0,0,0,545,545
110001,120000,0,L10-3,1,0,1,0,0,0
120001,130000,2,L10-3,1,1,1,0,3383,6476
190001,200000,1,L10-3,1,0,0,0,280,280
200001,210000,2,L10-3,1,0,0,0,2877,2877
240001,250000,2,L10-3,1,0,0,0,1464,1464
250001,260000,10,L10-3,1,0,0,0,5692,5692
260001,270000,2,L10-3,1,0,0,0,6833,6833
330001,340000,3,L10-3,1,0,0,0,3903,3903
340001,350000,1,L10-3,1,0,0,0,1415,1415
350001,360000,1,L10-3,1,0,0,0,536,536
370001,380000,0,L10-3,1,0,1,1,0,0
440001,450000,2,L10-3,1,0,0,0,1939,1939
450001,460000,1,L10-3,1,0,0,0,566,566
460001,470000,3,L10-3,1,0,0,0,2565,2565
470001,480000,1,L10-3,1,0,0,0,461,461
500001,510000,1,L10-3,1,0,0,0,227,227
520001,530000,1,L10-3,1,0,0,0,530,530
550001,560000,1,L10-3,1,0,0,0,1815,1815
560001,570000,3,L10-3,1,0,0,0,3222,3222
580001,590000,2,L10-3,1,0,0,0,1276,1276
640001,650000,5,L10-3,1,0,0,0,6022,6022
660001,670000,1,L10-3,1,0,0,0,479,479
670001,680000,1,L10-3,1,0,0,0,2354,2354
710001,720000,9,L10-3,1,0,0,0,9793,9793
720001,730000,7,L10-3,1,0,0,0,8630,8630
730001,740000,2,L10-3,1,0,0,0,706,706
760001,770000,1,L10-3,1,0,0,0,662,662
770001,780000,1,L10-3,1,0,0,0,479,479
780001,790000,2,L10-3,1,0,0,0,1487,1487
790001,800000,2,L10-3,1,0,0,0,961,961
800001,810000,9,L10-3,1,0,0,0,6738,6738
810001,820000,7,L10-3,1,0,0,0,8620,8620
820001,830000,3,L10-3,1,0,0,0,4048,4048
830001,840000,1,L10-3,1,0,0,0,1718,1718
930001,940000,1,L10-3,1,0,0,0,974,974
950001,960000,1,L10-3,1,0,0,0,295,295
960001,970000,6,L10-3,1,0,0,0,5492,5492
970001,980000,2,L10-3,1,0,0,0,2761,2761
1000001,1010000,1,L10-3,1,0,0,0,113,113
1020001,1030000,2,L10-3,1,0,0,0,2574,2574
1030001,1040000,1,L10-3,1,0,0,0,962,962
1070001,1080000,2,L10-3,1,0,0,0,1348,1348
1080001,1090000,3,L10-3,1,0,0,0,1701,1701
1160001,1170000,6,L10-3,1,0,0,0,5264,5264
1170001,1180000,2,L10-3,1,0,0,0,2584,2584
1180001,1190000,1,L10-3,1,0,0,0,1538,1538
1190001,1200000,1,L10-3,1,0,0,0,84,84
1200001,1210000,2,L10-3,1,0,0,0,2194,2194
1270001,1280000,0,L10-3,1,1,0,0,0,3093
1380001,1390000,0,L10-3,1,0,1,0,0,0
1400001,1410000,0,L10-3,1,0,1,0,0,0
1410001,1420000,1,L10-3,1,0,0,0,218,218
1420001,1430000,2,L10-3,1,0,0,0,4603,4603
1430001,1440000,1,L10-3,1,0,0,0,1292,1292
1450001,1460000,3,L10-3,1,0,0,0,3811,3811
1460001,1470000,5,L10-3,1,0,0,0,5771,5771
1470001,1480000,2,L10-3,1,0,0,0,3201,3201
1480001,1490000,1,L10-3,1,0,0,0,226,226
1500001,1510000,1,L10-3,1,0,0,0,518,518
1520001,1530000,1,L10-3,1,0,0,0,87,87
1590001,1600000,1,L10-3,1,0,0,0,700,700
1600001,1610000,4,L10-3,1,0,0,0,4743,4743
1610001,1620000,5,L10-3,1,0,0,0,3138,3138
1630001,1640000,3,L10-3,1,0,0,0,3138,3138
1650001,1660000,1,L10-3,1,0,0,0,1105,1105
1690001,1700000,7,L10-3,1,0,0,0,5329,5329
1700001,1710000,3,L10-3,1,0,0,0,1701,1701
1760001,1770000,1,L10-3,1,0,0,0,2597,2597
1770001,1780000,1,L10-3,1,0,0,0,590,590
1780001,1790000,1,L10-3,1,0,0,0,788,788
1910001,1920000,0,L10-3,1,1,0,0,0,2750
1920001,1930000,0,L10-3,1,1,0,0,0,344
2020001,2030000,1,L10-3,1,1,0,0,346,3439
2030001,2040000,1,L10-3,1,0,0,0,928,928
2050001,2060000,1,L10-3,1,0,0,0,641,641
2080001,2090000,0,L10-3,1,1,1,0,0,2971
2090001,2100000,0,L10-3,1,1,0,0,0,122
2110001,2120000,5,L10-3,1,0,0,0,6194,6194
2130001,2140000,1,L10-3,1,0,0,0,827,827
2170001,2180000,1,L10-3,1,0,0,0,930,930
2180001,2190000,1,L10-3,1,0,0,0,65,65
2200001,2210000,1,L10-3,1,0,0,0,695,695
2260001,2270000,1,L10-3,1,0,0,0,1772,1772
2270001,2280000,1,L10-3,1,0,0,0,1733,1733
2280001,2290000,2,L10-3,1,0,0,0,86,86
2290001,2300000,3,L10-3,1,0,0,0,621,621
2310001,2320000,0,L10-3,1,0,1,1,0,0
2400001,2410000,1,L10-3,1,0,0,0,2033,2033
2450001,2460000,1,L10-3,1,0,0,0,668,668
2490001,2500000,1,L10-3,1,0,0,0,1760,1760
2520001,2530000,0,L10-3,1,1,0,0,0,3092
2540001,2550000,1,L10-3,1,0,0,0,2627,2627
2550001,2560000,2,L10-3,1,0,0,0,3415,3415
2630001,2640000,1,L10-3,1,0,0,0,177,177
2640001,2650000,3,L10-3,1,0,0,0,3225,3225
2700001,2710000,1,L10-3,1,0,0,0,553,553
2710001,2720000,2,L10-3,1,0,0,0,2511,2511
2720001,2730000,2,L10-3,1,0,0,0,1353,1353
2760001,2770000,0,L10-3,1,1,0,0,0,3095
2770001,2780000,1,L10-3,1,0,0,0,1127,1127
2780001,2790000,1,L10-3,1,0,0,0,878,878
2800001,2810000,1,L10-3,1,0,0,0,746,746
2820001,2830000,3,L10-3,1,0,0,0,3864,3864
2840001,2850000,1,L10-3,1,0,0,0,68,68
2850001,2860000,1,L10-3,1,0,0,0,735,735
2880001,2890000,2,L10-3,1,0,0,0,1285,1285
2890001,2900000,1,L10-3,1,0,0,0,974,974
2900001,2910000,1,L10-3,1,0,0,0,785,785
2910001,2920000,1,L10-3,1,0,0,0,570,570
2920001,2930000,1,L10-3,1,0,0,0,737,737
2930001,2940000,6,L10-3,1,0,0,0,4194,4194
2960001,2970000,1,L10-3,1,0,0,0,54,54
2970001,2980000,3,L10-3,1,0,0,0,2852,2852
3020001,3030000,3,L10-3,1,0,0,0,1500,1500
3050001,3060000,2,L10-3,1,0,0,0,2888,2888
3060001,3070000,1,L10-3,1,0,0,0,47,47
3110001,3120000,1,L10-3,1,0,0,0,875,875
3180001,3190000,1,L10-3,1,0,0,0,1098,1098
3210001,3220000,2,L10-3,1,0,0,0,2242,2242
3230001,3240000,2,L10-3,1,0,0,0,1570,1570
3280001,3290000,2,L10-3,1,0,0,0,2994,2994
3290001,3300000,1,L10-3,1,0,0,0,1892,1892
3300001,3310000,1,L10-3,1,0,0,0,653,653
3310001,3320000,2,L10-3,1,0,0,0,1606,1606
3320001,3330000,3,L10-3,1,0,0,0,4598,4598
3380001,3390000,1,L10-3,1,0,0,0,375,375
3420001,3430000,2,L10-3,1,0,0,0,3503,3503
3430001,3440000,4,L10-3,1,0,0,0,3949,3949
3440001,3450000,6,L10-3,1,0,0,0,4034,4034
3450001,3460000,4,L10-3,1,0,0,0,2389,2389
3480001,3490000,3,L10-3,1,0,0,0,979,979
3490001,3500000,1,L10-3,1,0,0,0,908,908
3500001,3510000,3,L10-3,1,0,0,0,2634,2634
3510001,3520000,2,L10-3,1,0,0,0,1817,1817
3530001,3540000,1,L10-3,1,0,0,0,571,571
3540001,3550000,7,L10-3,1,0,0,0,4088,4088
3550001,3560000,22,L10-3,1,0,0,0,9319,9319
3560001,3570000,5,L10-3,1,0,0,0,3897,3897
3570001,3580000,0,L10-3,1,1,0,0,0,851
3580001,3590000,0,L10-3,1,1,0,0,0,2243
3600001,3610000,1,L10-3,1,0,0,0,1004,1004
3620001,3630000,1,L10-3,1,0,0,0,2135,2135
3660001,3670000,1,L10-3,1,0,0,0,1103,1103
3690001,3700000,4,L10-3,1,0,0,0,4065,4065
3710001,3720000,0,L10-3,1,1,0,0,0,4221
3720001,3730000,0,L10-3,1,1,0,0,0,1974
3780001,3790000,2,L10-3,1,0,0,0,2980,2980
3830001,3840000,1,L10-3,1,0,0,0,1019,1019
3860001,3870000,5,L10-3,1,0,0,0,3647,3647
3870001,3880000,2,L10-3,1,0,0,0,2731,2731
3930001,3940000,6,L10-3,1,0,0,0,6778,6778
3940001,3950000,1,L10-3,1,0,0,0,284,284
3950001,3960000,0,L10-3,1,1,1,0,0,3092
3960001,3970000,1,L10-3,1,0,0,0,1501,1501
3970001,3980000,2,L10-3,1,0,0,0,1698,1698
20001,30000,1,L10-3,2,0,0,0,75,75
40001,50000,1,L10-3,2,0,0,0,1259,1259
50001,60000,3,L10-3,2,0,0,0,228,228
60001,70000,2,L10-3,2,0,0,0,1678,1678
100001,110000,1,L10-3,2,0,0,0,545,545
110001,120000,0,L10-3,2,1,0,0,0,2024
120001,130000,1,L10-3,2,2,0,0,2786,6948
130001,140000,1,L10-3,2,0,0,0,596,596
200001,210000,2,L10-3,2,0,0,0,3157,3157
240001,250000,1,L10-3,2,0,0,0,857,857
250001,260000,7,L10-3,2,0,0,0,4017,4017
260001,270000,4,L10-3,2,0,0,0,9113,9113
330001,340000,3,L10-3,2,0,0,0,3903,3903
340001,350000,1,L10-3,2,0,0,0,1415,1415
350001,360000,1,L10-3,2,0,0,0,536,536
380001,390000,0,L10-3,2,1,0,0,0,5411
450001,460000,2,L10-3,2,0,1,1,1939,1939
460001,470000,1,L10-3,2,0,0,0,566,566
470001,480000,3,L10-3,2,0,0,0,2565,2565
480001,490000,1,L10-3,2,0,0,0,461,461
510001,520000,1,L10-3,2,0,0,0,227,227
530001,540000,1,L10-3,2,0,0,0,530,530
560001,570000,1,L10-3,2,0,0,0,2855,2855
570001,580000,2,L10-3,2,0,0,0,2182,2182
590001,600000,2,L10-3,2,0,0,0,1276,1276
640001,650000,2,L10-3,2,0,0,0,1266,1266
650001,660000,4,L10-3,2,0,0,0,4756,4756
670001,680000,1,L10-3,2,0,0,0,479,479
680001,690000,1,L10-3,2,0,0,0,2354,2354
710001,720000,2,L10-3,2,0,0,0,1670,1670
720001,730000,8,L10-3,2,0,0,0,9465,9465
730001,740000,7,L10-3,2,0,0,0,7493,7493
740001,750000,1,L10-3,2,0,0,0,501,501
760001,770000,1,L10-3,2,0,0,0,662,662
780001,790000,1,L10-3,2,0,0,0,479,479
790001,800000,2,L10-3,2,0,0,0,1624,1624
800001,810000,1,L10-3,2,0,0,0,824,824
810001,820000,10,L10-3,2,0,0,0,8521,8521
820001,830000,7,L10-3,2,0,0,0,8637,8637
830001,840000,3,L10-3,2,0,0,0,3822,3822
840001,850000,1,L10-3,2,0,0,0,143,143
930001,940000,1,L10-3,2,0,0,0,974,974
960001,970000,2,L10-3,2,0,0,0,2090,2090
970001,980000,6,L10-3,2,0,0,0,5131,5131
980001,990000,2,L10-3,2,0,0,0,1327,1327
1010001,1020000,1,L10-3,2,0,0,0,113,113
1020001,1030000,0,L10-3,2,0,2,0,0,0
1030001,1040000,3,L10-3,2,0,0,0,3537,3537
1080001,1090000,3,L10-3,2,0,0,0,2270,2270
1090001,1100000,2,L10-3,2,0,0,0,779,779
1170001,1180000,6,L10-3,2,0,0,0,7045,7045
1180001,1190000,1,L10-3,2,0,0,0,803,803
1190001,1200000,1,L10-3,2,0,0,0,1538,1538
1200001,1210000,1,L10-3,2,0,0,0,84,84
1210001,1220000,2,L10-3,2,0,0,0,2194,2194
1280001,1290000,0,L10-3,2,1,0,0,0,3093
1390001,1400000,0,L10-3,2,1,1,0,0,3144
1400001,1410000,0,L10-3,2,1,1,0,0,3050
1410001,1420000,1,L10-3,2,0,0,0,218,218
1420001,1430000,3,L10-3,2,0,0,0,5895,5895
1450001,1460000,4,L10-3,2,0,0,0,5150,5150
1460001,1470000,3,L10-3,2,0,0,0,6459,6459
1470001,1480000,1,L10-3,2,0,0,0,1400,1400
1500001,1510000,1,L10-3,2,0,0,0,518,518
1510001,1520000,1,L10-3,2,0,0,0,72,72
1520001,1530000,1,L10-3,2,0,0,0,15,15
1590001,1600000,2,L10-3,2,0,0,0,3415,3415
1600001,1610000,5,L10-3,2,0,0,0,3524,3524
1610001,1620000,2,L10-3,2,0,0,0,1642,1642
1630001,1640000,3,L10-3,2,0,0,0,3137,3137
1640001,1650000,1,L10-3,2,0,0,0,395,395
1650001,1660000,1,L10-3,2,0,0,0,711,711
1680001,1690000,1,L10-3,2,0,0,0,584,584
1690001,1700000,7,L10-3,2,0,0,0,6434,6434
1700001,1710000,1,L10-3,2,0,0,0,12,12
1760001,1770000,2,L10-3,2,0,0,0,3187,3187
1780001,1790000,1,L10-3,2,0,0,0,788,788
1910001,1920000,0,L10-3,2,1,0,0,0,3093
1950001,1960000,0,L10-3,2,0,1,0,0,0
1980001,1990000,0,L10-3,2,0,1,0,0,0
2020001,2030000,1,L10-3,2,1,0,0,1274,4368
2050001,2060000,1,L10-3,2,0,0,0,641,641
2080001,2090000,0,L10-3,2,1,0,0,0,3093
2100001,2110000,1,L10-3,2,0,0,0,2307,2307
2110001,2120000,5,L10-3,2,0,0,0,3889,3889
2130001,2140000,1,L10-3,2,0,0,0,827,827
2170001,2180000,1,L10-3,2,0,0,0,995,995
2200001,2210000,1,L10-3,2,0,0,0,695,695
2210001,2220000,0,L10-3,2,0,1,1,0,0
2250001,2260000,1,L10-3,2,0,0,0,557,557
2260001,2270000,1,L10-3,2,0,0,0,1215,1215
2270001,2280000,1,L10-3,2,0,0,0,1733,1733
2280001,2290000,3,L10-3,2,0,0,0,707,707
2300001,2310000,0,L10-3,2,1,0,0,0,421
2310001,2320000,0,L10-3,2,1,0,0,0,6557
2400001,2410000,1,L10-3,2,0,0,0,2033,2033
2450001,2460000,1,L10-3,2,0,0,0,668,668
2490001,2500000,1,L10-3,2,0,0,0,1760,1760
2520001,2530000,0,L10-3,2,1,0,0,0,1686
2530001,2540000,0,L10-3,2,1,0,0,0,1408
2540001,2550000,1,L10-3,2,0,0,0,2209,2209
2550001,2560000,3,L10-3,2,0,0,0,3833,3833
2640001,2650000,2,L10-3,2,0,0,0,2182,2182
2650001,2660000,1,L10-3,2,0,0,0,1220,1220
2710001,2720000,1,L10-3,2,0,0,0,1415,1415
2720001,2730000,2,L10-3,2,0,0,0,3000,3000
2760001,2770000,0,L10-3,2,1,0,0,0,2781
2770001,2780000,0,L10-3,2,1,0,0,0,312
2780001,2790000,2,L10-3,2,0,0,0,2005,2005
2800001,2810000,1,L10-3,2,0,0,0,746,746
2820001,2830000,2,L10-3,2,0,0,0,2746,2746
2830001,2840000,1,L10-3,2,0,0,0,1118,1118
2850001,2860000,1,L10-3,2,0,0,0,803,803
2880001,2890000,1,L10-3,2,0,0,0,38,38
2890001,2900000,3,L10-3,2,0,0,0,2221,2221
2910001,2920000,1,L10-3,2,0,0,0,1355,1355
2920001,2930000,1,L10-3,2,0,0,0,737,737
2930001,2940000,5,L10-3,2,0,0,0,3265,3265
2940001,2950000,2,L10-3,2,0,0,0,929,929
2970001,2980000,3,L10-3,2,0,0,0,2907,2907
3020001,3030000,3,L10-3,2,0,0,0,1500,1500
3050001,3060000,1,L10-3,2,0,0,0,113,113
3060001,3070000,2,L10-3,2,0,0,0,2822,2822
3110001,3120000,1,L10-3,2,0,0,0,875,875
3180001,3190000,1,L10-3,2,0,0,0,1098,1098
3210001,3220000,1,L10-3,2,0,0,0,470,470
3220001,3230000,2,L10-3,2,0,0,0,1772,1772
3230001,3240000,1,L10-3,2,0,0,0,1154,1154
3240001,3250000,1,L10-3,2,0,0,0,416,416
3280001,3290000,2,L10-3,2,0,0,0,2995,2995
3290001,3300000,1,L10-3,2,0,0,0,1892,1892
3300001,3310000,1,L10-3,2,0,0,0,653,653
3310001,3320000,1,L10-3,2,0,0,0,1238,1238
3320001,3330000,4,L10-3,2,0,0,0,4043,4043
3330001,3340000,1,L10-3,2,0,0,0,924,924
3380001,3390000,1,L10-3,2,0,0,0,376,376
3420001,3430000,1,L10-3,2,0,0,0,627,627
3430001,3440000,4,L10-3,2,0,0,0,4854,4854
3440001,3450000,6,L10-3,2,0,0,0,4035,4035
3450001,3460000,6,L10-3,2,0,0,0,3660,3660
3460001,3470000,1,L10-3,2,0,0,0,699,699
3470001,3480000,0,L10-3,2,0,1,0,0,0
3480001,3490000,2,L10-3,2,0,0,0,820,820
3490001,3500000,1,L10-3,2,0,0,0,1067,1067
3500001,3510000,2,L10-3,2,0,0,0,1065,1065
3510001,3520000,4,L10-3,2,0,1,1,3388,3388
3540001,3550000,3,L10-3,2,0,0,0,2028,2028
3550001,3560000,20,L10-3,2,0,0,0,9115,9115
3560001,3570000,11,L10-3,2,0,0,0,6734,6734
3580001,3590000,0,L10-3,2,1,0,0,0,3093
3610001,3620000,1,L10-3,2,0,0,0,1004,1004
3620001,3630000,1,L10-3,2,0,1,1,2135,2135
3670001,3680000,1,L10-3,2,0,0,0,1103,1103
3690001,3700000,4,L10-3,2,0,0,0,4066,4066
3710001,3720000,0,L10-3,2,1,0,0,0,1304
3720001,3730000,0,L10-3,2,1,0,0,0,7991
3740001,3750000,0,L10-3,2,0,1,1,0,0
3790001,3800000,2,L10-3,2,0,0,0,2980,2980
3840001,3850000,1,L10-3,2,0,0,0,1019,1019
3860001,3870000,2,L10-3,2,0,0,0,1756,1756
3870001,3880000,3,L10-3,2,0,0,0,1891,1891
3880001,3890000,2,L10-3,2,0,0,0,2731,2731
3930001,3940000,1,L10-3,2,0,0,0,2414,2414
3940001,3950000,5,L10-3,2,0,1,0,4648,4648
3960001,3970000,0,L10-3,2,1,0,0,0,3094
3970001,3980000,2,L10-3,2,0,0,0,3199,3199
20001,30000,1,L10-4,1,0,0,0,75,75
40001,50000,1,L10-4,1,0,0,0,1259,1259
50001,60000,3,L10-4,1,0,0,0,228,228
60001,70000,2,L10-4,1,0,0,0,1678,1678
100001,110000,1,L10-4,1,0,0,0,545,545
110001,120000,0,L10-4,1,0,1,0,0,0
120001,130000,2,L10-4,1,1,1,0,3383,6476
190001,200000,1,L10-4,1,0,0,0,280,280
200001,210000,2,L10-4,1,0,0,0,2877,2877
240001,250000,2,L10-4,1,0,0,0,1464,1464
250001,260000,10,L10-4,1,0,0,0,5692,5692
260001,270000,2,L10-4,1,0,0,0,6833,6833
330001,340000,3,L10-4,1,0,0,0,3903,3903
340001,350000,1,L10-4,1,0,0,0,1415,1415
350001,360000,1,L10-4,1,0,0,0,536,536
440001,450000,2,L10-4,1,0,0,0,1939,1939
450001,460000,1,L10-4,1,0,0,0,566,566
460001,470000,3,L10-4,1,0,0,0,2565,2565
470001,480000,1,L10-4,1,0,0,0,461,461
500001,510000,1,L10-4,1,0,0,0,227,227
520001,530000,1,L10-4,1,0,0,0,530,530
550001,560000,1,L10-4,1,0,0,0,1815,1815
560001,570000,3,L10-4,1,0,0,0,3222,3222
580001,590000,2,L10-4,1,0,0,0,1276,1276
640001,650000,5,L10-4,1,0,0,0,6022,6022
660001,670000,1,L10-4,1,0,0,0,479,479
670001,680000,1,L10-4,1,0,0,0,2354,2354
710001,720000,9,L10-4,1,0,0,0,9793,9793
720001,730000,7,L10-4,1,0,0,0,8630,8630
730001,740000,2,L10-4,1,0,0,0,706,706
760001,770000,1,L10-4,1,0,0,0,662,662
770001,780000,1,L10-4,1,0,0,0,479,479
780001,790000,2,L10-4,1,0,0,0,1487,1487
790001,800000,2,L10-4,1,0,0,0,961,961
800001,810000,9,L10-4,1,0,0,0,6738,6738
810001,820000,7,L10-4,1,0,0,0,8620,8620
820001,830000,3,L10-4,1,0,0,0,4048,4048
830001,840000,1,L10-4,1,0,0,0,1718,1718
930001,940000,1,L10-4,1,0,0,0,974,974
950001,960000,1,L10-4,1,0,0,0,295,295
960001,970000,6,L10-4,1,0,0,0,5492,5492
970001,980000,2,L10-4,1,0,0,0,2761,2761
1000001,1010000,1,L10-4,1,0,0,0,113,113
1020001,1030000,2,L10-4,1,0,0,0,2574,2574
1030001,1040000,1,L10-4,1,0,0,0,962,962
1070001,1080000,2,L10-4,1,0,0,0,1348,1348
1080001,1090000,3,L10-4,1,0,0,0,1701,1701
1160001,1170000,6,L10-4,1,0,0,0,5264,5264
1170001,1180000,2,L10-4,1,0,0,0,2584,2584
1180001,1190000,1,L10-4,1,0,0,0,1538,1538
1190001,1200000,1,L10-4,1,0,0,0,84,84
1200001,1210000,2,L10-4,1,0,0,0,2194,2194
1270001,1280000,0,L10-4,1,1,0,0,0,3093
1410001,1420000,1,L10-4,1,0,0,0,218,218
1420001,1430000,2,L10-4,1,0,0,0,4603,4603
1430001,1440000,1,L10-4,1,0,0,0,1292,1292
1440001,1450000,0,L10-4,1,0,1,1,0,0
1450001,1460000,3,L10-4,1,0,0,0,3811,3811
1460001,1470000,5,L10-4,1,0,0,0,5771,5771
1470001,1480000,2,L10-4,1,0,0,0,3201,3201
1480001,1490000,1,L10-4,1,0,0,0,226,226
1500001,1510000,1,L10-4,1,0,0,0,518,518
1520001,1530000,1,L10-4,1,0,0,0,87,87
1590001,1600000,1,L10-4,1,0,0,0,700,700
1600001,1610000,4,L10-4,1,0,0,0,4743,4743
1610001,1620000,5,L10-4,1,0,0,0,3138,3138
1630001,1640000,3,L10-4,1,0,0,0,3138,3138
1650001,1660000,1,L10-4,1,0,0,0,1105,1105
1690001,1700000,7,L10-4,1,0,0,0,5329,5329
1700001,1710000,3,L10-4,1,0,0,0,1701,1701
1720001,1730000,0,L10-4,1,0,1,1,0,0
1760001,1770000,1,L10-4,1,0,0,0,2597,2597
1770001,1780000,1,L10-4,1,0,0,0,590,590
1780001,1790000,1,L10-4,1,0,0,0,788,788
1910001,1920000,0,L10-4,1,1,0,0,0,2750
1920001,1930000,0,L10-4,1,1,0,0,0,344
2020001,2030000,1,L10-4,1,1,0,0,346,3439
2030001,2040000,1,L10-4,1,0,0,0,928,928
2050001,2060000,1,L10-4,1,0,0,0,641,641
2080001,2090000,0,L10-4,1,1,0,0,0,2971
2090001,2100000,0,L10-4,1,1,0,0,0,122
2110001,2120000,5,L10-4,1,0,0,0,6194,6194
2130001,2140000,1,L10-4,1,0,0,0,827,827
2170001,2180000,1,L10-4,1,0,0,0,930,930
2180001,2190000,1,L10-4,1,0,0,0,65,65
2200001,2210000,1,L10-4,1,0,0,0,695,695
2260001,2270000,1,L10-4,1,0,0,0,1772,1772
2270001,2280000,1,L10-4,1,0,0,0,1733,1733
2280001,2290000,2,L10-4,1,0,0,0,86,86
2290001,2300000,3,L10-4,1,0,0,0,621,621
2320001,2330000,0,L10-4,1,0,1,0,0,0
2400001,2410000,1,L10-4,1,0,0,0,2033,2033
2430001,2440000,0,L10-4,1,0,1,0,0,0
2450001,2460000,1,L10-4,1,0,0,0,668,668
2490001,2500000,1,L10-4,1,0,0,0,1760,1760
2520001,2530000,0,L10-4,1,1,0,0,0,3092
2540001,2550000,1,L10-4,1,0,0,0,2627,2627
2550001,2560000,2,L10-4,1,0,0,0,3415,3415
2630001,2640000,1,L10-4,1,0,0,0,177,177
2640001,2650000,3,L10-4,1,0,0,0,3225,3225
2700001,2710000,1,L10-4,1,0,0,0,553,553
2710001,2720000,2,L10-4,1,0,0,0,2511,2511
2720001,2730000,2,L10-4,1,0,0,0,1353,1353
2760001,2770000,0,L10-4,1,1,0,0,0,3095
2770001,2780000,1,L10-4,1,0,0,0,1127,1127
2780001,2790000,1,L10-4,1,0,0,0,878,878
2800001,2810000,1,L10-4,1,0,0,0,746,746
2820001,2830000,3,L10-4,1,0,0,0,3864,3864
2840001,2850000,1,L10-4,1,0,0,0,68,68
2850001,2860000,1,L10-4,1,0,0,0,735,735
2880001,2890000,2,L10-4,1,0,0,0,1285,1285
2890001,2900000,1,L10-4,1,0,0,0,974,974
2900001,2910000,1,L10-4,1,0,0,0,785,785
2910001,2920000,1,L10-4,1,0,0,0,570,570
2920001,2930000,1,L10-4,1,0,0,0,737,737
2930001,2940000,6,L10-4,1,0,0,0,4194,4194
2960001,2970000,1,L10-4,1,0,0,0,54,54
2970001,2980000,3,L10-4,1,0,0,0,2852,2852
3020001,3030000,3,L10-4,1,0,0,0,1500,1500
3050001,3060000,2,L10-4,1,0,0,0,2888,2888
3060001,3070000,1,L10-4,1,0,0,0,47,47
3110001,3120000,1,L10-4,1,0,0,0,875,875
3180001,3190000,1,L10-4,1,0,0,0,1098,1098
3210001,3220000,2,L10-4,1,0,0,0,2242,2242
3230001,3240000,2,L10-4,1,0,0,0,1570,1570
3280001,3290000,2,L10-4,1,0,0,0,2994,2994
3290001,3300000,1,L10-4,1,0,0,0,1892,1892
3300001,3310000,1,L10-4,1,0,0,0,653,653
3310001,3320000,2,L10-4,1,0,0,0,1606,1606
3320001,3330000,3,L10-4,1,0,0,0,4598,4598
3380001,3390000,1,L10-4,1,0,0,0,375,375
3420001,3430000,2,L10-4,1,0,0,0,3503,3503
3430001,3440000,4,L10-4,1,0,0,0,3949,3949
3440001,3450000,6,L10-4,1,0,0,0,4034,4034
3450001,3460000,4,L10-4,1,0,0,0,2389,2389
3480001,3490000,3,L10-4,1,0,0,0,979,979
3490001,3500000,1,L10-4,1,0,0,0,908,908
3500001,3510000,3,L10-4,1,0,0,0,2634,2634
3510001,3520000,2,L10-4,1,0,0,0,1817,1817
3530001,3540000,1,L10-4,1,0,0,0,571,571
3540001,3550000,7,L10-4,1,0,0,0,4088,4088
3550001,3560000,22,L10-4,1,0,0,0,9319,9319
3560001,3570000,5,L10-4,1,0,0,0,3897,3897
3570001,3580000,0,L10-4,1,1,0,0,0,851
3580001,3590000,0,L10-4,1,1,0,0,0,2243
3600001,3610000,1,L10-4,1,0,0,0,1004,1004
3620001,3630000,1,L10-4,1,0,0,0,2135,2135
3660001,3670000,1,L10-4,1,0,0,0,1103,1103
3690001,3700000,4,L10-4,1,0,0,0,4065,4065
3710001,3720000,0,L10-4,1,1,0,0,0,4221
3720001,3730000,0,L10-4,1,1,0,0,0,1974
3780001,3790000,2,L10-4,1,0,0,0,2980,2980
3830001,3840000,1,L10-4,1,0,0,0,1019,1019
3860001,3870000,5,L10-4,1,0,0,0,3647,3647
3870001,3880000,2,L10-4,1,0,0,0,2731,2731
3930001,3940000,6,L10-4,1,0,0,0,6778,6778
3940001,3950000,1,L10-4,1,0,0,0,284,284
3950001,3960000,0,L10-4,1,1,1,0,0,3092
3960001,3970000,1,L10-4,1,0,0,0,1501,1501
3970001,3980000,2,L10-4,1,0,0,0,1698,1698
20001,30000,1,L10-4,2,0,0,0,75,75
40001,50000,1,L10-4,2,0,1,1,1258,1258
50001,60000,3,L10-4,2,0,0,0,228,228
60001,70000,2,L10-4,2,0,0,0,1678,1678
100001,110000,1,L10-4,2,0,0,0,545,545
110001,120000,0,L10-4,2,1,0,0,0,1684
120001,130000,2,L10-4,2,1,0,0,3382,4791
190001,200000,2,L10-4,2,0,0,0,1584,1584
200001,210000,1,L10-4,2,0,0,0,1573,1573
240001,250000,4,L10-4,2,0,0,0,3797,3797
250001,260000,7,L10-4,2,0,0,0,5932,5932
260001,270000,2,L10-4,2,0,0,0,4257,4257
320001,330000,2,L10-4,2,0,0,0,2075,2075
330001,340000,3,L10-4,2,0,0,0,2761,2761
340001,350000,2,L10-4,2,0,0,0,1018,1018
440001,450000,2,L10-4,2,0,0,0,1938,1938
450001,460000,1,L10-4,2,0,0,0,566,566
460001,470000,3,L10-4,2,0,0,0,2565,2565
470001,480000,1,L10-4,2,0,0,0,461,461
500001,510000,1,L10-4,2,0,0,0,227,227
520001,530000,1,L10-4,2,0,0,0,530,530
550001,560000,1,L10-4,2,0,0,0,2855,2855
560001,570000,2,L10-4,2,0,0,0,2182,2182
580001,590000,2,L10-4,2,0,0,0,1276,1276
630001,640000,2,L10-4,2,0,0,0,2004,2004
640001,650000,4,L10-4,2,0,0,0,4018,4018
660001,670000,1,L10-4,2,0,0,0,479,479
670001,680000,1,L10-4,2,0,0,0,2354,2354
700001,710000,3,L10-4,2,0,0,0,2405,2405
710001,720000,8,L10-4,2,0,0,0,9028,9028
720001,730000,7,L10-4,2,0,0,0,7696,7696
750001,760000,1,L10-4,2,0,0,0,662,662
770001,780000,1,L10-4,2,0,0,0,479,479
780001,790000,2,L10-4,2,0,0,0,1624,1624
790001,800000,2,L10-4,2,0,1,1,1485,1485
800001,810000,10,L10-4,2,0,0,0,8602,8602
810001,820000,7,L10-4,2,0,0,0,8637,8637
820001,830000,3,L10-4,2,0,0,0,3222,3222
920001,930000,1,L10-4,2,0,0,0,974,974
950001,960000,2,L10-4,2,0,0,0,2818,2818
960001,970000,7,L10-4,2,0,0,0,5124,5124
970001,980000,1,L10-4,2,0,0,0,606,606
1000001,1010000,1,L10-4,2,0,0,0,113,113
1020001,1030000,3,L10-4,2,0,0,0,3537,3537
1070001,1080000,3,L10-4,2,0,0,0,2973,2973
1080001,1090000,1,L10-4,2,0,0,0,76,76
1160001,1170000,6,L10-4,2,0,0,0,7788,7788
1170001,1180000,1,L10-4,2,0,0,0,60,60
1180001,1190000,1,L10-4,2,0,0,0,1538,1538
1190001,1200000,1,L10-4,2,0,0,0,84,84
1200001,1210000,2,L10-4,2,0,0,0,2194,2194
1270001,1280000,0,L10-4,2,1,1,0,0,3093
1410001,1420000,1,L10-4,2,0,0,0,218,218
1420001,1430000,3,L10-4,2,0,0,0,5895,5895
1430001,1440000,0,L10-4,2,1,0,0,0,1041
1440001,1450000,0,L10-4,2,1,0,0,0,2052
1450001,1460000,2,L10-4,2,0,0,0,3229,3229
1460001,1470000,6,L10-4,2,0,0,0,5772,5772
1470001,1480000,2,L10-4,2,0,0,0,3201,3201
1480001,1490000,1,L10-4,2,0,0,0,807,807
1500001,1510000,1,L10-4,2,0,0,0,518,518
1520001,1530000,1,L10-4,2,0,0,0,87,87
1590001,1600000,1,L10-4,2,0,0,0,116,116
1600001,1610000,3,L10-4,2,0,0,0,4924,4924
1610001,1620000,5,L10-4,2,0,0,0,3541,3541
1630001,1640000,3,L10-4,2,0,0,0,3137,3137
1650001,1660000,1,L10-4,2,0,0,0,1105,1105
1690001,1700000,6,L10-4,2,0,0,0,4744,4744
1700001,1710000,3,L10-4,2,0,0,0,2286,2286
1720001,1730000,0,L10-4,2,1,0,0,0,3040
1730001,1740000,0,L10-4,2,1,0,0,0,52
1760001,1770000,1,L10-4,2,0,0,0,2545,2545
1770001,1780000,2,L10-4,2,0,1,1,642,642
1780001,1790000,1,L10-4,2,0,0,0,788,788
1890001,1900000,0,L10-4,2,0,1,1,0,0
1920001,1930000,0,L10-4,2,1,1,0,0,3093
2020001,2030000,0,L10-4,2,1,0,0,0,2817
2030001,2040000,1,L10-4,2,1,0,0,1274,1550
2050001,2060000,1,L10-4,2,0,0,0,0,0
2060001,2070000,1,L10-4,2,0,0,0,641,641
2090001,2100000,0,L10-4,2,1,0,0,0,3093
2110001,2120000,3,L10-4,2,0,0,0,3726,3726
2120001,2130000,2,L10-4,2,0,0,0,2469,2469
2140001,2150000,1,L10-4,2,0,1,1,827,827
2180001,2190000,1,L10-4,2,0,0,0,995,995
2200001,2210000,1,L10-4,2,0,0,0,695,695
2260001,2270000,1,L10-4,2,0,0,0,1772,1772
2270001,2280000,1,L10-4,2,0,1,1,1361,1361
2280001,2290000,1,L10-4,2,0,0,0,372,372
2290001,2300000,3,L10-4,2,0,0,0,707,707
2300001,2310000,0,L10-4,2,0,1,1,0,0
2330001,2340000,0,L10-4,2,1,0,0,0,3094
2360001,2370000,1,L10-4,2,0,0,0,2033,2033
2440001,2450000,0,L10-4,2,1,0,0,0,3093
2460001,2470000,1,L10-4,2,0,0,0,668,668
2500001,2510000,1,L10-4,2,0,0,0,1760,1760
2530001,2540000,0,L10-4,2,1,0,0,0,3094
2550001,2560000,1,L10-4,2,0,0,0,2627,2627
2560001,2570000,2,L10-4,2,0,0,0,3415,3415
2640001,2650000,1,L10-4,2,0,0,0,230,230
2650001,2660000,3,L10-4,2,0,0,0,3172,3172
2710001,2720000,1,L10-4,2,0,0,0,612,612
2720001,2730000,2,L10-4,2,0,0,0,2511,2511
2730001,2740000,2,L10-4,2,0,0,0,1292,1292
2770001,2780000,0,L10-4,2,1,0,0,0,3094
2780001,2790000,1,L10-4,2,0,0,0,1127,1127
2790001,2800000,1,L10-4,2,0,0,0,878,878
2810001,2820000,1,L10-4,2,0,0,0,746,746
2830001,2840000,3,L10-4,2,0,0,0,3864,3864
2850001,2860000,1,L10-4,2,0,0,0,122,122
2860001,2870000,1,L10-4,2,0,0,0,681,681
2890001,2900000,2,L10-4,2,0,0,0,1285,1285
2900001,2910000,1,L10-4,2,0,0,0,974,974
2910001,2920000,1,L10-4,2,0,0,0,839,839
2920001,2930000,1,L10-4,2,0,0,0,516,516
2930001,2940000,1,L10-4,2,0,0,0,737,737
2940001,2950000,6,L10-4,2,0,0,0,4194,4194
2970001,2980000,1,L10-4,2,0,0,0,92,92
2980001,2990000,3,L10-4,2,0,0,0,2814,2814
3030001,3040000,3,L10-4,2,0,0,0,1500,1500
3060001,3070000,2,L10-4,2,0,0,0,2935,2935
3070001,3080000,1,L10-4,2,0,0,0,0,0
3120001,3130000,1,L10-4,2,0,0,0,875,875
3190001,3200000,1,L10-4,2,0,0,0,1098,1098
3220001,3230000,2,L10-4,2,0,0,0,2242,2242
3240001,3250000,2,L10-4,2,0,0,0,1570,1570
3290001,3300000,2,L10-4,2,0,0,0,2995,2995
3300001,3310000,1,L10-4,2,0,0,0,1892,1892
3310001,3320000,1,L10-4,2,0,1,1,653,653
3320001,3330000,2,L10-4,2,0,0,0,1606,1606
3330001,3340000,3,L10-4,2,0,0,0,4599,4599
3350001,3360000,0,L10-4,2,0,1,1,0,0
3390001,3400000,1,L10-4,2,0,0,0,376,376
3430001,3440000,2,L10-4,2,0,0,0,3522,3522
3440001,3450000,4,L10-4,2,0,0,0,3948,3948
3450001,3460000,6,L10-4,2,0,0,0,4016,4016
3460001,3470000,4,L10-4,2,0,0,0,2389,2389
3490001,3500000,3,L10-4,2,0,0,0,994,994
3500001,3510000,1,L10-4,2,0,0,0,893,893
3510001,3520000,3,L10-4,2,0,0,0,2634,2634
3520001,3530000,2,L10-4,2,0,0,0,1819,1819
3540001,3550000,1,L10-4,2,0,0,0,572,572
3550001,3560000,7,L10-4,2,0,0,0,4104,4104
3560001,3570000,22,L10-4,2,0,0,0,9319,9319
3570001,3580000,5,L10-4,2,0,0,0,3879,3879
3580001,3590000,0,L10-4,2,1,0,0,0,860
3590001,3600000,0,L10-4,2,1,0,0,0,2233
3600001,3610000,0,L10-4,2,0,1,1,0,0
3610001,3620000,1,L10-4,2,0,0,0,1004,1004
3630001,3640000,1,L10-4,2,0,0,0,2134,2134
3670001,3680000,1,L10-4,2,0,0,0,1103,1103
3700001,3710000,4,L10-4,2,0,0,0,4065,4065
3720001,3730000,0,L10-4,2,1,1,0,0,4241
3730001,3740000,0,L10-4,2,1,0,0,0,1953
3790001,3800000,2,L10-4,2,0,0,0,2980,2980
3840001,3850000,1,L10-4,2,0,0,0,1019,1019
3870001,3880000,5,L10-4,2,0,0,0,3647,3647
3880001,3890000,2,L10-4,2,0,0,0,2731,2731
3940001,3950000,6,L10-4,2,0,0,0,6805,6805
3950001,3960000,1,L10-4,2,0,0,0,257,257
3960001,3970000,0,L10-4,2,1,0,0,0,3092
3970001,3980000,1,L10-4,2,0,0,0,1698,1698
3980001,3990000,2,L10-4,2,0,0,0,1501,1501
20001,30000,1,L11-1,1,0,0,0,75,75
40001,50000,1,L11-1,1,0,0,0,1259,1259
50001,60000,3,L11-1,1,0,0,0,228,228
60001,70000,2,L11-1,1,0,0,0,1679,1679
70001,80000,0,L11-1,1,1,0,0,0,3093
110001,120000,1,L11-1,1,0,0,0,545,545
120001,130000,2,L11-1,1,0,0,0,3382,3382
160001,170000,0,L11-1,1,1,0,0,0,3093
190001,200000,0,L11-1,1,0,1,1,0,0
200001,210000,2,L11-1,1,0,0,0,3159,3159
240001,250000,1,L11-1,1,0,0,0,857,857
250001,260000,9,L11-1,1,0,0,0,4574,4574
260001,270000,3,L11-1,1,0,0,0,8559,8559
330001,340000,3,L11-1,1,0,0,0,3902,3902
340001,350000,1,L11-1,1,0,0,0,1415,1415
350001,360000,1,L11-1,1,0,0,0,536,536
380001,390000,0,L11-1,1,1,0,0,0,2744
390001,400000,0,L11-1,1,1,0,0,0,348
450001,460000,3,L11-1,1,0,0,0,2505,2505
470001,480000,4,L11-1,1,0,0,0,3026,3026
500001,510000,1,L11-1,1,0,0,0,227,227
530001,540000,1,L11-1,1,0,0,0,530,530
560001,570000,3,L11-1,1,0,0,0,4249,4249
570001,580000,1,L11-1,1,0,0,0,787,787
580001,590000,2,L11-1,1,0,0,0,1276,1276
640001,650000,3,L11-1,1,0,0,0,4247,4247
650001,660000,3,L11-1,1,0,0,0,1773,1773
670001,680000,2,L11-1,1,0,0,0,1406,1406
680001,690000,1,L11-1,1,0,0,0,1427,1427
710001,720000,4,L11-1,1,0,0,0,4599,4599
720001,730000,9,L11-1,1,0,0,0,8964,8964
730001,740000,5,L11-1,1,0,0,0,5691,5691
760001,770000,1,L11-1,1,0,0,0,662,662
780001,790000,1,L11-1,1,0,0,0,479,479
790001,800000,2,L11-1,1,0,0,0,1624,1624
800001,810000,4,L11-1,1,0,0,0,2915,2915
810001,820000,9,L11-1,1,0,0,0,8618,8618
820001,830000,6,L11-1,1,0,0,0,7397,7397
830001,840000,2,L11-1,1,0,0,0,3016,3016
930001,940000,1,L11-1,1,0,0,0,974,974
960001,970000,2,L11-1,1,0,0,0,2818,2818
970001,980000,6,L11-1,1,0,0,0,5730,5730
990001,1000000,0,L11-1,1,0,1,1,0,0
1010001,1020000,1,L11-1,1,0,0,0,113,113
1020001,1030000,1,L11-1,1,0,0,0,462,462
1030001,1040000,3,L11-1,1,0,0,0,3076,3076
1080001,1090000,3,L11-1,1,0,0,0,2975,2975
1090001,1100000,1,L11-1,1,0,0,0,76,76
1160001,1170000,2,L11-1,1,0,0,0,1565,1565
1170001,1180000,5,L11-1,1,0,0,0,6283,6283
1190001,1200000,2,L11-1,1,0,0,0,1621,1621
1200001,1210000,1,L11-1,1,0,0,0,1664,1664
1210001,1220000,1,L11-1,1,0,0,0,530,530
1280001,1290000,0,L11-1,1,1,0,0,0,3094
1420001,1430000,1,L11-1,1,1,0,0,218,2487
1430001,1440000,3,L11-1,1,1,0,0,5397,6222
1440001,1450000,1,L11-1,1,0,0,0,500,500
1460001,1470000,3,L11-1,1,0,0,0,4403,4403
1470001,1480000,4,L11-1,1,0,0,0,6639,6639
1480001,1490000,2,L11-1,1,0,0,0,1967,1967
1510001,1520000,1,L11-1,1,0,0,0,518,518
1530001,1540000,1,L11-1,1,0,0,0,87,87
1600001,1610000,2,L11-1,1,0,0,0,1916,1916
1610001,1620000,4,L11-1,1,0,1,1,4788,4788
1620001,1630000,3,L11-1,1,0,0,0,1880,1880
1640001,1650000,3,L11-1,1,0,0,0,3137,3137
1660001,1670000,1,L11-1,1,0,0,0,1105,1105
1700001,1710000,7,L11-1,1,0,0,0,6174,6174
1710001,1720000,1,L11-1,1,0,0,0,854,854
1770001,1780000,2,L11-1,1,0,0,0,2704,2704
1780001,1790000,1,L11-1,1,0,0,0,484,484
1790001,1800000,1,L11-1,1,0,0,0,792,792
1860001,1870000,0,L11-1,1,1,0,0,0,3092
2030001,2040000,1,L11-1,1,0,0,0,1276,1276
2060001,2070000,1,L11-1,1,0,0,0,642,642
2110001,2120000,2,L11-1,1,0,0,0,2449,2449
2120001,2130000,4,L11-1,1,0,0,0,3750,3750
2130001,2140000,0,L11-1,1,1,0,0,0,3096
2140001,2150000,1,L11-1,1,0,0,0,828,828
2180001,2190000,0,L11-1,1,1,0,0,0,3091
2190001,2200000,1,L11-1,1,0,0,0,995,995
2210001,2220000,1,L11-1,1,0,0,0,695,695
2270001,2280000,1,L11-1,1,0,0,0,1772,1772
2280001,2290000,1,L11-1,1,0,0,0,1734,1734
2300001,2310000,3,L11-1,1,0,0,0,707,707
2410001,2420000,1,L11-1,1,0,0,0,2033,2033
2450001,2460000,0,L11-1,1,1,0,0,0,3096
2460001,2470000,1,L11-1,1,0,0,0,669,669
2500001,2510000,1,L11-1,1,0,0,0,1760,1760
2510001,2520000,1,L11-1,1,0,0,0,0,0
2550001,2560000,1,L11-1,1,0,0,0,2627,2627
2560001,2570000,2,L11-1,1,0,0,0,3414,3414
2650001,2660000,2,L11-1,1,0,0,0,2182,2182
2660001,2670000,1,L11-1,1,0,0,0,1220,1220
2720001,2730000,1,L11-1,1,0,0,0,1415,1415
2730001,2740000,2,L11-1,1,0,0,0,3000,3000
2780001,2790000,1,L11-1,1,0,0,0,1128,1128
2790001,2800000,1,L11-1,1,0,0,0,878,878
2810001,2820000,1,L11-1,1,0,0,0,746,746
2830001,2840000,3,L11-1,1,0,0,0,3865,3865
2850001,2860000,1,L11-1,1,0,0,0,804,804
2890001,2900000,1,L11-1,1,1,0,0,380,3474
2900001,2910000,2,L11-1,1,0,0,0,1880,1880
2920001,2930000,1,L11-1,1,0,0,0,1354,1354
2930001,2940000,1,L11-1,1,0,0,0,738,738
2940001,2950000,6,L11-1,1,0,0,0,4192,4192
2980001,2990000,3,L11-1,1,0,0,0,2912,2912
3030001,3040000,3,L11-1,1,0,0,0,1499,1499
3060001,3070000,2,L11-1,1,0,0,0,1521,1521
3070001,3080000,1,L11-1,1,0,0,0,1415,1415
3120001,3130000,1,L11-1,1,0,0,0,876,876
3190001,3200000,1,L11-1,1,0,0,0,1098,1098
3220001,3230000,2,L11-1,1,0,0,0,1732,1732
3230001,3240000,1,L11-1,1,0,0,0,511,511
3240001,3250000,1,L11-1,1,0,0,0,1154,1154
3250001,3260000,1,L11-1,1,0,0,0,416,416
3290001,3300000,2,L11-1,1,0,0,0,2995,2995
3300001,3310000,1,L11-1,1,0,0,0,1892,1892
3310001,3320000,1,L11-1,1,0,0,0,653,653
3320001,3330000,2,L11-1,1,0,0,0,1606,1606
3330001,3340000,3,L11-1,1,0,0,0,4599,4599
3390001,3400000,1,L11-1,1,0,0,0,375,375
3430001,3440000,1,L11-1,1,0,0,0,2086,2086
3440001,3450000,5,L11-1,1,0,0,0,3921,3921
3450001,3460000,6,L11-1,1,0,0,0,4412,4412
3460001,3470000,5,L11-1,1,0,0,0,3458,3458
3490001,3500000,2,L11-1,1,0,0,0,820,820
3500001,3510000,1,L11-1,1,0,0,0,1067,1067
3510001,3520000,3,L11-1,1,0,0,0,2453,2453
3520001,3530000,3,L11-1,1,0,0,0,2001,2001
3540001,3550000,1,L11-1,1,0,0,0,59,59
3550001,3560000,5,L11-1,1,0,1,1,3214,3214
3560001,3570000,22,L11-1,1,0,0,0,9270,9270
3570001,3580000,8,L11-1,1,0,0,0,5335,5335
3610001,3620000,1,L11-1,1,0,0,0,1004,1004
3620001,3630000,1,L11-1,1,0,0,0,355,355
3630001,3640000,1,L11-1,1,0,0,0,1779,1779
3660001,3670000,0,L11-1,1,1,0,0,0,3095
3680001,3690000,1,L11-1,1,0,0,0,1102,1102
3700001,3710000,4,L11-1,1,0,0,0,4064,4064
3740001,3750000,0,L11-1,1,0,1,1,0,0
3810001,3820000,2,L11-1,1,0,0,0,2979,2979
3860001,3870000,1,L11-1,1,0,0,0,1020,1020
3890001,3900000,5,L11-1,1,0,0,0,3648,3648
3900001,3910000,2,L11-1,1,0,0,0,2731,2731
3910001,3920000,0,L11-1,1,1,0,0,0,502
3920001,3930000,0,L11-1,1,1,0,0,0,2592
3950001,3960000,2,L11-1,1,0,0,0,2676,2676
3960001,3970000,5,L11-1,1,0,0,0,4387,4387
3990001,4000000,2,L11-1,1,0,0,0,3198,3198
20001,30000,1,L11-1,2,0,0,0,75,75
40001,50000,1,L11-1,2,0,0,0,1259,1259
50001,60000,3,L11-1,2,0,0,0,228,228
60001,70000,2,L11-1,2,0,0,0,1678,1678
70001,80000,0,L11-1,2,1,0,0,0,3094
110001,120000,1,L11-1,2,0,0,0,545,545
120001,130000,2,L11-1,2,0,0,0,3382,3382
160001,170000,0,L11-1,2,1,1,0,0,3094
190001,200000,0,L11-1,2,1,0,0,0,3093
200001,210000,2,L11-1,2,0,0,0,3157,3157
240001,250000,1,L11-1,2,0,0,0,857,857
250001,260000,6,L11-1,2,0,0,0,3269,3269
260001,270000,6,L11-1,2,0,0,0,7826,7826
270001,280000,1,L11-1,2,0,0,0,2035,2035
330001,340000,3,L11-1,2,0,0,0,3718,3718
340001,350000,2,L11-1,2,0,0,0,1600,1600
350001,360000,1,L11-1,2,0,0,0,536,536
390001,400000,0,L11-1,2,1,0,0,0,3094
450001,460000,2,L11-1,2,0,0,0,1939,1939
460001,470000,1,L11-1,2,0,0,0,566,566
470001,480000,3,L11-1,2,0,0,0,2565,2565
480001,490000,1,L11-1,2,0,0,0,461,461
510001,520000,1,L11-1,2,0,0,0,227,227
530001,540000,1,L11-1,2,0,0,0,530,530
560001,570000,1,L11-1,2,0,0,0,2855,2855
570001,580000,2,L11-1,2,0,0,0,2182,2182
590001,600000,2,L11-1,2,0,0,0,1276,1276
640001,650000,2,L11-1,2,0,0,0,1190,1190
650001,660000,4,L11-1,2,0,0,0,4831,4831
670001,680000,1,L11-1,2,0,0,0,479,479
680001,690000,1,L11-1,2,0,0,0,2354,2354
710001,720000,2,L11-1,2,0,0,0,1594,1594
720001,730000,8,L11-1,2,0,0,0,9541,9541
730001,740000,7,L11-1,2,0,0,0,7417,7417
740001,750000,1,L11-1,2,0,0,0,577,577
760001,770000,1,L11-1,2,0,0,0,634,634
770001,780000,1,L11-1,2,0,0,0,28,28
780001,790000,1,L11-1,2,0,0,0,479,479
790001,800000,2,L11-1,2,0,0,0,1624,1624
800001,810000,1,L11-1,2,0,0,0,824,824
810001,820000,10,L11-1,2,0,0,0,8447,8447
820001,830000,6,L11-1,2,0,0,0,8650,8650
830001,840000,4,L11-1,2,0,0,0,3809,3809
840001,850000,1,L11-1,2,0,0,0,216,216
930001,940000,1,L11-1,2,0,0,0,974,974
960001,970000,2,L11-1,2,0,0,0,2022,2022
970001,980000,6,L11-1,2,0,0,0,5131,5131
980001,990000,2,L11-1,2,0,0,0,1395,1395
1000001,1010000,0,L11-1,2,1,0,0,0,3085
1010001,1020000,1,L11-1,2,0,0,0,113,113
1030001,1040000,1,L11-1,2,0,0,0,1931,1931
1040001,1050000,2,L11-1,2,0,0,0,1606,1606
1080001,1090000,1,L11-1,2,0,0,0,660,660
1090001,1100000,3,L11-1,2,0,0,0,2313,2313
1100001,1110000,1,L11-1,2,0,0,0,76,76
1170001,1180000,4,L11-1,2,0,0,0,3899,3899
1180001,1190000,3,L11-1,2,0,0,0,3949,3949
1190001,1200000,1,L11-1,2,0,0,0,1538,1538
1200001,1210000,1,L11-1,2,0,0,0,84,84
1210001,1220000,2,L11-1,2,0,0,0,2194,2194
1220001,1230000,0,L11-1,2,0,1,0,0,0
1240001,1250000,0,L11-1,2,0,1,0,0,0
1280001,1290000,0,L11-1,2,1,0,0,0,2968
1290001,1300000,0,L11-1,2,1,0,0,0,125
1420001,1430000,1,L11-1,2,0,0,0,218,218
1430001,1440000,1,L11-1,2,1,0,0,1051,4145
1440001,1450000,3,L11-1,2,0,0,0,4844,4844
1460001,1470000,1,L11-1,2,0,0,0,1673,1673
1470001,1480000,3,L11-1,2,0,0,0,3477,3477
1480001,1490000,3,L11-1,2,0,0,0,6459,6459
1490001,1500000,1,L11-1,2,0,0,0,1400,1400
1520001,1530000,1,L11-1,2,0,0,0,518,518
1530001,1540000,1,L11-1,2,0,0,0,87,87
1610001,1620000,3,L11-1,2,0,0,0,5040,5040
1620001,1630000,3,L11-1,2,1,0,0,1899,4991
1630001,1640000,2,L11-1,2,0,0,0,1642,1642
1650001,1660000,3,L11-1,2,0,0,0,3137,3137
1670001,1680000,1,L11-1,2,0,0,0,1106,1106
1700001,1710000,1,L11-1,2,0,0,0,561,561
1710001,1720000,8,L11-1,2,0,0,0,5940,5940
1720001,1730000,1,L11-1,2,0,0,0,529,529
1780001,1790000,2,L11-1,2,0,0,0,3187,3187
1800001,1810000,1,L11-1,2,0,0,0,788,788
1870001,1880000,0,L11-1,2,1,0,0,0,3093
2040001,2050000,1,L11-1,2,0,0,0,1274,1274
2070001,2080000,1,L11-1,2,0,0,0,641,641
2120001,2130000,2,L11-1,2,0,0,0,3370,3370
2130001,2140000,3,L11-1,2,1,0,0,2826,3917
2140001,2150000,0,L11-1,2,1,0,0,0,2002
2150001,2160000,1,L11-1,2,0,0,0,827,827
2190001,2200000,1,L11-1,2,1,0,0,267,3361
2200001,2210000,1,L11-1,2,0,0,0,728,728
2220001,2230000,1,L11-1,2,0,0,0,695,695
2280001,2290000,1,L11-1,2,0,0,0,1772,1772
2290001,2300000,1,L11-1,2,0,0,0,1733,1733
2310001,2320000,3,L11-1,2,0,0,0,707,707
2420001,2430000,1,L11-1,2,0,0,0,2033,2033
2460001,2470000,0,L11-1,2,1,0,0,0,3093
2470001,2480000,1,L11-1,2,0,0,0,668,668
2510001,2520000,1,L11-1,2,0,0,0,1760,1760
2560001,2570000,1,L11-1,2,0,0,0,2627,2627
2570001,2580000,2,L11-1,2,0,0,0,3415,3415
2660001,2670000,3,L11-1,2,0,0,0,2980,2980
2670001,2680000,1,L11-1,2,0,0,0,422,422
2730001,2740000,2,L11-1,2,0,0,0,2396,2396
2740001,2750000,2,L11-1,2,0,0,0,2020,2020
2790001,2800000,1,L11-1,2,0,0,0,1127,1127
2800001,2810000,1,L11-1,2,0,0,0,878,878
2820001,2830000,1,L11-1,2,0,0,0,746,746
2830001,2840000,1,L11-1,2,0,0,0,53,53
2840001,2850000,3,L11-1,2,0,0,0,3811,3811
2860001,2870000,1,L11-1,2,0,0,0,803,803
2900001,2910000,2,L11-1,2,1,0,0,1285,4379
2910001,2920000,1,L11-1,2,0,0,0,974,974
2920001,2930000,1,L11-1,2,0,0,0,800,800
2930001,2940000,1,L11-1,2,0,0,0,555,555
2940001,2950000,1,L11-1,2,0,0,0,737,737
2950001,2960000,6,L11-1,2,0,0,0,4194,4194
2960001,2970000,0,L11-1,2,0,1,1,0,0
2980001,2990000,1,L11-1,2,0,0,0,67,67
2990001,3000000,3,L11-1,2,0,0,0,2840,2840
3040001,3050000,3,L11-1,2,0,0,0,1500,1500
3070001,3080000,2,L11-1,2,0,0,0,2897,2897
3080001,3090000,1,L11-1,2,0,0,0,38,38
3130001,3140000,1,L11-1,2,0,0,0,875,875
3200001,3210000,1,L11-1,2,0,0,0,1098,1098
3230001,3240000,2,L11-1,2,0,0,0,2242,2242
3250001,3260000,2,L11-1,2,0,0,0,1570,1570
3300001,3310000,2,L11-1,2,0,0,0,2995,2995
3310001,3320000,1,L11-1,2,0,0,0,1892,1892
3320001,3330000,1,L11-1,2,0,0,0,653,653
3330001,3340000,2,L11-1,2,0,0,0,1606,1606
3340001,3350000,3,L11-1,2,0,0,0,4599,4599
3400001,3410000,1,L11-1,2,0,0,0,375,375
3410001,3420000,0,L11-1,2,0,1,1,0,0
3440001,3450000,2,L11-1,2,0,0,0,3476,3476
3450001,3460000,4,L11-1,2,0,0,0,3948,3948
3460001,3470000,6,L11-1,2,0,0,0,4062,4062
3470001,3480000,4,L11-1,2,0,0,0,2389,2389
3500001,3510000,3,L11-1,2,0,0,0,946,946
3510001,3520000,1,L11-1,2,0,0,0,941,941
3520001,3530000,3,L11-1,2,0,0,0,2634,2634
3530001,3540000,2,L11-1,2,0,0,0,1819,1819
3550001,3560000,1,L11-1,2,1,0,0,572,881
3560001,3570000,2,L11-1,2,1,0,0,1456,4240
3570001,3580000,20,L11-1,2,0,0,0,8891,8891
3580001,3590000,11,L11-1,2,0,0,0,6958,6958
3620001,3630000,1,L11-1,2,0,0,0,1004,1004
3640001,3650000,1,L11-1,2,0,0,0,2135,2135
3670001,3680000,0,L11-1,2,1,0,0,0,3094
3680001,3690000,0,L11-1,2,0,1,0,0,0
3690001,3700000,1,L11-1,2,0,0,0,1103,1103
3710001,3720000,4,L11-1,2,0,0,0,4065,4065
3760001,3770000,0,L11-1,2,1,1,0,0,3093
3820001,3830000,1,L11-1,2,0,0,0,1085,1085
3830001,3840000,2,L11-1,2,0,0,0,1895,1895
3880001,3890000,1,L11-1,2,0,0,0,1019,1019
3900001,3910000,3,L11-1,2,0,0,0,1985,1985
3910001,3920000,4,L11-1,2,0,0,0,1985,1985
3920001,3930000,2,L11-1,2,0,0,0,2408,2408
3930001,3940000,0,L11-1,2,1,0,0,0,3094
3970001,3980000,6,L11-1,2,0,0,0,7062,7062
3980001,3990000,1,L11-1,2,0,0,0,0,0
20001,30000,1,L11-2,1,0,0,0,75,75
40001,50000,1,L11-2,1,0,1,1,1259,1259
50001,60000,3,L11-2,1,0,0,0,228,228
60001,70000,2,L11-2,1,0,0,0,1679,1679
70001,80000,0,L11-2,1,1,0,0,0,3093
110001,120000,1,L11-2,1,0,0,0,545,545
120001,130000,2,L11-2,1,0,0,0,3382,3382
160001,170000,0,L11-2,1,1,0,0,0,3093
200001,210000,2,L11-2,1,0,0,0,3159,3159
240001,250000,1,L11-2,1,0,0,0,857,857
250001,260000,9,L11-2,1,0,0,0,4574,4574
260001,270000,3,L11-2,1,0,0,0,8559,8559
330001,340000,3,L11-2,1,0,0,0,3902,3902
340001,350000,1,L11-2,1,0,0,0,1415,1415
350001,360000,1,L11-2,1,0,0,0,536,536
380001,390000,0,L11-2,1,1,0,0,0,2744
390001,400000,0,L11-2,1,1,0,0,0,348
450001,460000,3,L11-2,1,0,0,0,2505,2505
470001,480000,4,L11-2,1,0,0,0,3026,3026
500001,510000,1,L11-2,1,0,0,0,227,227
530001,540000,1,L11-2,1,0,0,0,530,530
560001,570000,3,L11-2,1,0,0,0,4249,4249
570001,580000,1,L11-2,1,0,0,0,787,787
580001,590000,2,L11-2,1,0,0,0,1276,1276
640001,650000,3,L11-2,1,0,0,0,4247,4247
650001,660000,3,L11-2,1,0,0,0,1773,1773
670001,680000,2,L11-2,1,0,0,0,1406,1406
680001,690000,1,L11-2,1,0,0,0,1427,1427
710001,720000,4,L11-2,1,0,0,0,4599,4599
720001,730000,9,L11-2,1,0,0,0,8964,8964
730001,740000,5,L11-2,1,0,0,0,5691,5691
760001,770000,1,L11-2,1,0,0,0,662,662
780001,790000,1,L11-2,1,0,0,0,479,479
790001,800000,2,L11-2,1,0,0,0,1624,1624
800001,810000,4,L11-2,1,0,0,0,2915,2915
810001,820000,9,L11-2,1,0,0,0,8618,8618
820001,830000,6,L11-2,1,0,0,0,7397,7397
830001,840000,2,L11-2,1,0,0,0,3016,3016
930001,940000,1,L11-2,1,0,0,0,974,974
960001,970000,2,L11-2,1,0,0,0,2818,2818
970001,980000,6,L11-2,1,0,0,0,5730,5730
1010001,1020000,1,L11-2,1,0,0,0,113,113
1020001,1030000,1,L11-2,1,0,0,0,462,462
1030001,1040000,3,L11-2,1,0,0,0,3076,3076
1080001,1090000,3,L11-2,1,0,0,0,2975,2975
1090001,1100000,1,L11-2,1,0,0,0,76,76
1160001,1170000,2,L11-2,1,0,0,0,1565,1565
1170001,1180000,5,L11-2,1,0,0,0,6283,6283
1190001,1200000,2,L11-2,1,0,0,0,1621,1621
1200001,1210000,1,L11-2,1,0,0,0,1664,1664
1210001,1220000,1,L11-2,1,0,0,0,530,530
1280001,1290000,0,L11-2,1,1,0,0,0,3094
1290001,1300000,0,L11-2,1,0,1,1,0,0
1420001,1430000,1,L11-2,1,1,0,0,218,2487
1430001,1440000,3,L11-2,1,1,0,0,5397,6222
1440001,1450000,1,L11-2,1,0,0,0,500,500
1460001,1470000,3,L11-2,1,0,0,0,4403,4403
1470001,1480000,4,L11-2,1,0,0,0,6639,6639
1480001,1490000,2,L11-2,1,0,0,0,1967,1967
1510001,1520000,1,L11-2,1,0,0,0,518,518
1530001,1540000,1,L11-2,1,0,0,0,87,87
1600001,1610000,2,L11-2,1,0,0,0,1916,1916
1610001,1620000,4,L11-2,1,0,0,0,4788,4788
1620001,1630000,3,L11-2,1,0,0,0,1880,1880
1640001,1650000,3,L11-2,1,0,0,0,3137,3137
1660001,1670000,1,L11-2,1,0,0,0,1105,1105
1690001,1700000,0,L11-2,1,0,1,0,0,0
1700001,1710000,7,L11-2,1,0,0,0,6174,6174
1710001,1720000,1,L11-2,1,0,1,1,854,854
1770001,1780000,2,L11-2,1,0,0,0,2704,2704
1780001,1790000,1,L11-2,1,0,0,0,484,484
1790001,1800000,1,L11-2,1,0,0,0,792,792
1860001,1870000,0,L11-2,1,1,0,0,0,3092
2030001,2040000,1,L11-2,1,0,0,0,1276,1276
2060001,2070000,1,L11-2,1,0,0,0,642,642
2090001,2100000,0,L11-2,1,0,2,1,0,0
2110001,2120000,2,L11-2,1,0,0,0,2449,2449
2120001,2130000,4,L11-2,1,0,0,0,3750,3750
2130001,2140000,0,L11-2,1,1,0,0,0,3096
2140001,2150000,1,L11-2,1,0,0,0,828,828
2180001,2190000,0,L11-2,1,1,0,0,0,3091
2190001,2200000,1,L11-2,1,0,0,0,995,995
2210001,2220000,1,L11-2,1,0,0,0,695,695
2250001,2260000,0,L11-2,1,0,1,1,0,0
2270001,2280000,1,L11-2,1,0,0,0,1772,1772
2280001,2290000,1,L11-2,1,0,0,0,1734,1734
2300001,2310000,3,L11-2,1,0,0,0,707,707
2410001,2420000,1,L11-2,1,0,0,0,2033,2033
2450001,2460000,0,L11-2,1,1,0,0,0,3096
2460001,2470000,1,L11-2,1,0,0,0,669,669
2500001,2510000,1,L11-2,1,0,0,0,1760,1760
2510001,2520000,1,L11-2,1,0,0,0,0,0
2550001,2560000,1,L11-2,1,0,0,0,2627,2627
2560001,2570000,2,L11-2,1,0,0,0,3414,3414
2650001,2660000,2,L11-2,1,0,0,0,2182,2182
2660001,2670000,1,L11-2,1,0,0,0,1220,1220
2720001,2730000,1,L11-2,1,0,0,0,1415,1415
2730001,2740000,2,L11-2,1,0,0,0,3000,3000
2780001,2790000,1,L11-2,1,0,0,0,1128,1128
2790001,2800000,1,L11-2,1,0,0,0,878,878
2810001,2820000,1,L11-2,1,0,0,0,746,746
2830001,2840000,3,L11-2,1,0,0,0,3865,3865
2850001,2860000,1,L11-2,1,0,0,0,804,804
2890001,2900000,1,L11-2,1,1,0,0,380,3474
2900001,2910000,2,L11-2,1,0,0,0,1880,1880
2920001,2930000,1,L11-2,1,0,0,0,1354,1354
2930001,2940000,1,L11-2,1,0,0,0,738,738
2940001,2950000,6,L11-2,1,0,0,0,4192,4192
2980001,2990000,3,L11-2,1,0,0,0,2912,2912
3030001,3040000,3,L11-2,1,0,0,0,1499,1499
3060001,3070000,2,L11-2,1,0,0,0,1521,1521
3070001,3080000,1,L11-2,1,0,0,0,1415,1415
3120001,3130000,1,L11-2,1,0,0,0,876,876
3190001,3200000,1,L11-2,1,0,0,0,1098,1098
3220001,3230000,2,L11-2,1,0,0,0,1732,1732
3230001,3240000,1,L11-2,1,0,1,1,511,511
3240001,3250000,1,L11-2,1,0,0,0,1154,1154
3250001,3260000,1,L11-2,1,0,0,0,416,416
3290001,3300000,2,L11-2,1,0,0,0,2995,2995
3300001,3310000,1,L11-2,1,0,0,0,1892,1892
3310001,3320000,1,L11-2,1,0,0,0,653,653
3320001,3330000,2,L11-2,1,0,0,0,1606,1606
3330001,3340000,3,L11-2,1,0,0,0,4599,4599
3390001,3400000,1,L11-2,1,0,0,0,375,375
3430001,3440000,1,L11-2,1,0,0,0,2086,2086
3440001,3450000,5,L11-2,1,0,0,0,3921,3921
3450001,3460000,6,L11-2,1,0,0,0,4412,4412
3460001,3470000,5,L11-2,1,0,0,0,3458,3458
3490001,3500000,2,L11-2,1,0,0,0,820,820
3500001,3510000,1,L11-2,1,0,0,0,1067,1067
3510001,3520000,3,L11-2,1,0,0,0,2453,2453
3520001,3530000,3,L11-2,1,0,0,0,2001,2001
3540001,3550000,1,L11-2,1,0,0,0,59,59
3550001,3560000,5,L11-2,1,0,0,0,3214,3214
3560001,3570000,22,L11-2,1,0,0,0,9270,9270
3570001,3580000,8,L11-2,1,0,0,0,5335,5335
3610001,3620000,1,L11-2,1,0,0,0,1004,1004
3620001,3630000,1,L11-2,1,0,0,0,355,355
3630001,3640000,1,L11-2,1,0,0,0,1779,1779
3660001,3670000,0,L11-2,1,1,0,0,0,3095
3680001,3690000,1,L11-2,1,0,0,0,1102,1102
3700001,3710000,4,L11-2,1,0,0,0,4064,4064
3810001,3820000,2,L11-2,1,0,0,0,2979,2979
3860001,3870000,1,L11-2,1,0,0,0,1020,1020
3890001,3900000,5,L11-2,1,0,0,0,3648,3648
3900001,3910000,2,L11-2,1,0,0,0,2731,2731
3910001,3920000,0,L11-2,1,1,0,0,0,502
3920001,3930000,0,L11-2,1,1,0,0,0,2592
3950001,3960000,2,L11-2,1,0,0,0,2676,2676
3960001,3970000,5,L11-2,1,0,0,0,4387,4387
3990001,4000000,2,L11-2,1,0,0,0,3198,3198
20001,30000,1,L11-2,2,0,0,0,75,75
40001,50000,1,L11-2,2,1,0,0,1259,4353
50001,60000,2,L11-2,2,0,0,0,152,152
60001,70000,3,L11-2,2,0,0,0,1754,1754
70001,80000,0,L11-2,2,1,0,0,0,105
80001,90000,0,L11-2,2,1,0,0,0,2988
110001,120000,1,L11-2,2,0,0,0,545,545
120001,130000,1,L11-2,2,0,0,0,2578,2578
130001,140000,2,L11-2,2,0,0,0,804,804
160001,170000,0,L11-2,2,1,0,0,0,2711
170001,180000,0,L11-2,2,1,0,0,0,382
200001,210000,2,L11-2,2,0,0,0,3157,3157
240001,250000,1,L11-2,2,0,0,0,857,857
250001,260000,6,L11-2,2,0,0,0,3279,3279
260001,270000,6,L11-2,2,0,0,0,7826,7826
270001,280000,1,L11-2,2,0,0,0,2025,2025
330001,340000,3,L11-2,2,0,0,0,3734,3734
340001,350000,2,L11-2,2,0,0,0,1584,1584
350001,360000,1,L11-2,2,0,0,0,536,536
390001,400000,0,L11-2,2,1,0,0,0,3093
440001,450000,0,L11-2,2,0,1,1,0,0
450001,460000,2,L11-2,2,0,0,0,1939,1939
460001,470000,1,L11-2,2,0,0,0,566,566
470001,480000,3,L11-2,2,0,0,0,2564,2564
480001,490000,1,L11-2,2,0,0,0,461,461
510001,520000,1,L11-2,2,0,0,0,227,227
530001,540000,1,L11-2,2,0,0,0,530,530
560001,570000,1,L11-2,2,0,0,0,2855,2855
570001,580000,2,L11-2,2,0,0,0,2182,2182
590001,600000,2,L11-2,2,0,0,0,1276,1276
640001,650000,2,L11-2,2,0,0,0,1213,1213
650001,660000,4,L11-2,2,0,0,0,4809,4809
670001,680000,1,L11-2,2,0,0,0,479,479
680001,690000,1,L11-2,2,0,0,0,2354,2354
710001,720000,2,L11-2,2,0,0,0,1623,1623
720001,730000,8,L11-2,2,0,0,0,9512,9512
730001,740000,7,L11-2,2,0,0,0,7446,7446
740001,750000,1,L11-2,2,0,0,0,548,548
760001,770000,1,L11-2,2,0,0,0,662,662
770001,780000,1,L11-2,2,0,0,0,0,0
780001,790000,1,L11-2,2,0,0,0,479,479
790001,800000,2,L11-2,2,0,0,0,1623,1623
800001,810000,1,L11-2,2,0,0,0,824,824
810001,820000,10,L11-2,2,0,0,0,8479,8479
820001,830000,6,L11-2,2,0,0,0,8650,8650
830001,840000,4,L11-2,2,0,0,0,3809,3809
840001,850000,1,L11-2,2,0,0,0,184,184
930001,940000,1,L11-2,2,0,0,0,974,974
960001,970000,2,L11-2,2,0,0,0,2059,2059
970001,980000,6,L11-2,2,0,0,0,5132,5132
980001,990000,2,L11-2,2,0,0,0,1357,1357
1010001,1020000,1,L11-2,2,0,0,0,113,113
1030001,1040000,3,L11-2,2,0,0,0,3535,3535
1080001,1090000,3,L11-2,2,0,0,0,2242,2242
1090001,1100000,2,L11-2,2,0,0,0,805,805
1170001,1180000,6,L11-2,2,0,0,0,7018,7018
1180001,1190000,1,L11-2,2,0,0,0,830,830
1190001,1200000,1,L11-2,2,0,0,0,1538,1538
1200001,1210000,1,L11-2,2,0,0,0,84,84
1210001,1220000,2,L11-2,2,0,1,0,2194,2194
1280001,1290000,0,L11-2,2,1,0,0,0,3093
1300001,1310000,0,L11-2,2,1,1,0,0,3095
1420001,1430000,1,L11-2,2,0,0,0,218,218
1430001,1440000,1,L11-2,2,1,0,0,1089,4181
1440001,1450000,3,L11-2,2,0,0,0,4807,4807
1460001,1470000,1,L11-2,2,0,0,0,1673,1673
1470001,1480000,4,L11-2,2,0,0,0,3477,3477
1480001,1490000,3,L11-2,2,0,0,0,6459,6459
1490001,1500000,1,L11-2,2,0,0,0,1400,1400
1520001,1530000,1,L11-2,2,0,0,0,518,518
1530001,1540000,1,L11-2,2,0,0,0,87,87
1610001,1620000,3,L11-2,2,0,0,0,5040,5040
1620001,1630000,4,L11-2,2,0,0,0,2453,2453
1630001,1640000,2,L11-2,2,0,0,0,1088,1088
1640001,1650000,1,L11-2,2,0,0,0,251,251
1650001,1660000,3,L11-2,2,0,0,0,2886,2886
1660001,1670000,1,L11-2,2,0,0,0,1106,1106
1700001,1710000,0,L11-2,2,1,0,0,0,3093
1720001,1730000,1,L11-2,2,1,0,0,584,3678
1730001,1740000,7,L11-2,2,0,0,0,6446,6446
1740001,1750000,0,L11-2,2,1,0,0,0,3094
1800001,1810000,2,L11-2,2,0,0,0,2935,2935
1810001,1820000,1,L11-2,2,0,0,0,252,252
1820001,1830000,1,L11-2,2,0,0,0,788,788
1890001,1900000,0,L11-2,2,1,1,0,0,3093
2060001,2070000,1,L11-2,2,0,0,0,1275,1275
2090001,2100000,1,L11-2,2,0,0,0,641,641
2120001,2130000,0,L11-2,2,1,0,0,0,3093
2150001,2160000,0,L11-2,2,0,1,0,0,0
2160001,2170000,0,L11-2,2,1,0,0,0,3093
2200001,2210000,0,L11-2,2,1,0,0,0,3093
2230001,2240000,0,L11-2,2,1,0,0,0,3093
2250001,2260000,1,L11-2,2,0,0,0,827,827
2290001,2300000,1,L11-2,2,0,0,0,995,995
2320001,2330000,1,L11-2,2,0,0,0,695,695
2350001,2360000,0,L11-2,2,1,0,0,0,1515
2360001,2370000,0,L11-2,2,1,0,0,0,1578
2380001,2390000,1,L11-2,2,0,0,0,1772,1772
2390001,2400000,1,L11-2,2,0,0,0,1733,1733
2400001,2410000,3,L11-2,2,0,0,0,707,707
2520001,2530000,1,L11-2,2,0,0,0,2033,2033
2560001,2570000,0,L11-2,2,1,0,0,0,3093
2570001,2580000,1,L11-2,2,0,0,0,668,668
2610001,2620000,1,L11-2,2,0,0,0,1760,1760
2660001,2670000,1,L11-2,2,0,0,0,2627,2627
2670001,2680000,2,L11-2,2,0,0,0,3415,3415
2750001,2760000,2,L11-2,2,0,0,0,2010,2010
2760001,2770000,2,L11-2,2,0,0,0,1392,1392
2820001,2830000,1,L11-2,2,0,0,0,1415,1415
2830001,2840000,2,L11-2,2,0,0,0,3001,3001
2890001,2900000,1,L11-2,2,0,0,0,1127,1127
2900001,2910000,1,L11-2,2,0,0,0,878,878
2910001,2920000,1,L11-2,2,0,0,0,430,430
2920001,2930000,1,L11-2,2,0,0,0,316,316
2930001,2940000,1,L11-2,2,0,0,0,1472,1472
2940001,2950000,2,L11-2,2,0,0,0,2392,2392
2950001,2960000,0,L11-2,2,0,1,1,0,0
2960001,2970000,1,L11-2,2,0,0,0,803,803
3000001,3010000,3,L11-2,2,1,0,0,2259,5352
3020001,3030000,1,L11-2,2,0,0,0,1355,1355
3040001,3050000,4,L11-2,2,0,0,0,2008,2008
3050001,3060000,4,L11-2,2,0,0,0,2923,2923
3080001,3090000,3,L11-2,2,0,0,0,2083,2083
3090001,3100000,1,L11-2,2,0,0,0,823,823
3130001,3140000,2,L11-2,2,0,0,0,890,890
3140001,3150000,2,L11-2,2,0,0,0,611,611
3170001,3180000,2,L11-2,2,0,0,0,2935,2935
3230001,3240000,1,L11-2,2,0,0,0,875,875
3290001,3300000,1,L11-2,2,0,0,0,900,900
3300001,3310000,1,L11-2,2,0,0,0,198,198
3330001,3340000,2,L11-2,2,0,0,0,2242,2242
3340001,3350000,0,L11-2,2,1,0,0,0,3092
3350001,3360000,2,L11-2,2,0,0,0,1348,1348
3360001,3370000,1,L11-2,2,0,0,0,222,222
3400001,3410000,2,L11-2,2,0,0,0,2995,2995
3410001,3420000,1,L11-2,2,0,0,0,1892,1892
3420001,3430000,1,L11-2,2,0,0,0,653,653
3430001,3440000,2,L11-2,2,0,0,0,1606,1606
3440001,3450000,3,L11-2,2,0,0,0,4600,4600
3500001,3510000,1,L11-2,2,0,0,0,374,374
3540001,3550000,2,L11-2,2,0,0,0,2947,2947
3550001,3560000,4,L11-2,2,0,0,0,3947,3947
3560001,3570000,6,L11-2,2,0,0,0,4411,4411
3570001,3580000,5,L11-2,2,0,0,0,2570,2570
3600001,3610000,2,L11-2,2,0,0,0,820,820
3610001,3620000,1,L11-2,2,0,0,0,1067,1067
3620001,3630000,3,L11-2,2,0,0,0,2634,2634
3630001,3640000,2,L11-2,2,0,0,0,1819,1819
3650001,3660000,1,L11-2,2,0,0,0,572,572
3660001,3670000,6,L11-2,2,0,0,0,3538,3538
3670001,3680000,22,L11-2,2,0,0,0,9313,9313
3680001,3690000,6,L11-2,2,0,0,0,4454,4454
3720001,3730000,1,L11-2,2,0,0,0,1004,1004
3730001,3740000,1,L11-2,2,0,0,0,1261,1261
3740001,3750000,1,L11-2,2,0,0,0,874,874
3770001,3780000,0,L11-2,2,1,0,0,0,3092
3780001,3790000,1,L11-2,2,0,1,1,854,854
3790001,3800000,1,L11-2,2,0,0,0,249,249
3810001,3820000,4,L11-2,2,0,0,0,4066,4066
3920001,3930000,2,L11-2,2,0,0,0,2980,2980
3970001,3980000,1,L11-2,2,0,0,0,1019,1019
4000001,4010000,5,L11-2,2,0,0,0,3647,3647
4010001,4020000,2,L11-2,2,0,0,0,2731,2731
4020001,4030000,0,L11-2,2,1,0,0,0,1436
4030001,4040000,0,L11-2,2,1,0,0,0,1658
4060001,4070000,3,L11-2,2,0,0,0,3602,3602
4070001,4080000,4,L11-2,2,0,0,0,3460,3460
20001,30000,1,L11-3,1,0,0,0,75,75
40001,50000,1,L11-3,1,0,0,0,1259,1259
50001,60000,3,L11-3,1,0,0,0,228,228
60001,70000,2,L11-3,1,0,0,0,1679,1679
70001,80000,0,L11-3,1,1,0,0,0,3093
110001,120000,1,L11-3,1,0,0,0,545,545
120001,130000,2,L11-3,1,0,0,0,3382,3382
160001,170000,0,L11-3,1,1,0,0,0,3093
200001,210000,2,L11-3,1,0,0,0,3159,3159
240001,250000,1,L11-3,1,0,0,0,857,857
250001,260000,9,L11-3,1,0,0,0,4574,4574
260001,270000,3,L11-3,1,0,0,0,8559,8559
330001,340000,3,L11-3,1,0,0,0,3902,3902
340001,350000,1,L11-3,1,0,0,0,1415,1415
350001,360000,1,L11-3,1,0,0,0,536,536
380001,390000,0,L11-3,1,1,0,0,0,2744
390001,400000,0,L11-3,1,1,0,0,0,348
450001,460000,3,L11-3,1,0,0,0,2505,2505
470001,480000,4,L11-3,1,0,0,0,3026,3026
500001,510000,1,L11-3,1,0,0,0,227,227
530001,540000,1,L11-3,1,0,0,0,530,530
560001,570000,3,L11-3,1,0,0,0,4249,4249
570001,580000,1,L11-3,1,0,0,0,787,787
580001,590000,2,L11-3,1,0,0,0,1276,1276
640001,650000,3,L11-3,1,0,0,0,4247,4247
650001,660000,3,L11-3,1,0,0,0,1773,1773
670001,680000,2,L11-3,1,0,0,0,1406,1406
680001,690000,1,L11-3,1,0,0,0,1427,1427
710001,720000,4,L11-3,1,0,0,0,4599,4599
720001,730000,9,L11-3,1,0,0,0,8964,8964
730001,740000,5,L11-3,1,0,0,0,5691,5691
760001,770000,1,L11-3,1,0,0,0,662,662
780001,790000,1,L11-3,1,0,0,0,479,479
790001,800000,2,L11-3,1,0,0,0,1624,1624
800001,810000,4,L11-3,1,0,0,0,2915,2915
810001,820000,9,L11-3,1,0,0,0,8618,8618
820001,830000,6,L11-3,1,0,0,0,7397,7397
830001,840000,2,L11-3,1,0,0,0,3016,3016
930001,940000,1,L11-3,1,0,0,0,974,974
960001,970000,2,L11-3,1,0,0,0,2818,2818
970001,980000,6,L11-3,1,0,0,0,5730,5730
1010001,1020000,1,L11-3,1,0,0,0,113,113
1020001,1030000,1,L11-3,1,0,0,0,462,462
1030001,1040000,3,L11-3,1,0,0,0,3076,3076
1080001,1090000,3,L11-3,1,0,0,0,2975,2975
1090001,1100000,1,L11-3,1,0,0,0,76,76
1160001,1170000,2,L11-3,1,0,0,0,1565,1565
1170001,1180000,5,L11-3,1,0,0,0,6283,6283
1190001,1200000,2,L11-3,1,0,0,0,1621,1621
1200001,1210000,1,L11-3,1,0,0,0,1664,1664
1210001,1220000,1,L11-3,1,0,0,0,530,530
1280001,1290000,0,L11-3,1,1,0,0,0,3094
1420001,1430000,1,L11-3,1,1,0,0,218,2487
1430001,1440000,3,L11-3,1,1,0,0,5397,6222
1440001,1450000,1,L11-3,1,0,0,0,500,500
1460001,1470000,3,L11-3,1,0,0,0,4403,4403
1470001,1480000,4,L11-3,1,0,0,0,6639,6639
1480001,1490000,2,L11-3,1,0,0,0,1967,1967
1510001,1520000,1,L11-3,1,0,0,0,518,518
1530001,1540000,1,L11-3,1,0,0,0,87,87
1600001,1610000,2,L11-3,1,0,0,0,1916,1916
1610001,1620000,4,L11-3,1,0,0,0,4788,4788
1620001,1630000,3,L11-3,1,0,0,0,1880,1880
1640001,1650000,3,L11-3,1,0,0,0,3137,3137
1660001,1670000,1,L11-3,1,0,0,0,1105,1105
1700001,1710000,7,L11-3,1,0,0,0,6174,6174
1710001,1720000,1,L11-3,1,0,0,0,854,854
1770001,1780000,2,L11-3,1,0,0,0,2704,2704
1780001,1790000,1,L11-3,1,0,0,0,484,484
1790001,1800000,1,L11-3,1,0,0,0,792,792
1860001,1870000,0,L11-3,1,1,0,0,0,3092
2030001,2040000,1,L11-3,1,0,0,0,1276,1276
2060001,2070000,1,L11-3,1,0,0,0,642,642
2110001,2120000,2,L11-3,1,0,0,0,2449,2449
2120001,2130000,4,L11-3,1,0,0,0,3750,3750
2130001,2140000,0,L11-3,1,1,0,0,0,3096
2140001,2150000,1,L11-3,1,0,0,0,828,828
2180001,2190000,0,L11-3,1,1,0,0,0,3091
2190001,2200000,1,L11-3,1,0,0,0,995,995
2210001,2220000,1,L11-3,1,0,0,0,695,695
2270001,2280000,1,L11-3,1,0,0,0,1772,1772
2280001,2290000,1,L11-3,1,0,0,0,1734,1734
2300001,2310000,3,L11-3,1,0,0,0,707,707
2410001,2420000,1,L11-3,1,0,0,0,2033,2033
2450001,2460000,0,L11-3,1,1,1,0,0,3096
2460001,2470000,1,L11-3,1,0,0,0,669,669
2500001,2510000,1,L11-3,1,0,0,0,1760,1760
2510001,2520000,1,L11-3,1,0,0,0,0,0
2550001,2560000,1,L11-3,1,0,0,0,2627,2627
2560001,2570000,2,L11-3,1,0,0,0,3414,3414
2650001,2660000,2,L11-3,1,0,0,0,2182,2182
2660001,2670000,1,L11-3,1,0,0,0,1220,1220
2720001,2730000,1,L11-3,1,0,0,0,1415,1415
2730001,2740000,2,L11-3,1,0,0,0,3000,3000
2780001,2790000,1,L11-3,1,0,0,0,1128,1128
2790001,2800000,1,L11-3,1,0,0,0,878,878
2810001,2820000,1,L11-3,1,0,0,0,746,746
2830001,2840000,3,L11-3,1,0,0,0,3865,3865
2850001,2860000,1,L11-3,1,0,0,0,804,804
2890001,2900000,1,L11-3,1,1,0,0,380,3474
2900001,2910000,2,L11-3,1,0,0,0,1880,1880
2920001,2930000,1,L11-3,1,0,0,0,1354,1354
2930001,2940000,1,L11-3,1,0,0,0,738,738
2940001,2950000,6,L11-3,1,0,0,0,4192,4192
2980001,2990000,3,L11-3,1,0,0,0,2912,2912
3030001,3040000,3,L11-3,1,0,0,0,1499,1499
3060001,3070000,2,L11-3,1,0,0,0,1521,1521
3070001,3080000,1,L11-3,1,0,0,0,1415,1415
3120001,3130000,1,L11-3,1,0,0,0,876,876
3190001,3200000,1,L11-3,1,0,0,0,1098,1098
3220001,3230000,2,L11-3,1,0,0,0,1732,1732
3230001,3240000,1,L11-3,1,0,0,0,511,511
3240001,3250000,1,L11-3,1,0,0,0,1154,1154
3250001,3260000,1,L11-3,1,0,0,0,416,416
3290001,3300000,2,L11-3,1,0,0,0,2995,2995
3300001,3310000,1,L11-3,1,0,0,0,1892,1892
3310001,3320000,1,L11-3,1,0,0,0,653,653
3320001,3330000,2,L11-3,1,0,0,0,1606,1606
3330001,3340000,3,L11-3,1,0,0,0,4599,4599
3390001,3400000,1,L11-3,1,0,0,0,375,375
3430001,3440000,1,L11-3,1,0,0,0,2086,2086
3440001,3450000,5,L11-3,1,0,0,0,3921,3921
3450001,3460000,6,L11-3,1,0,0,0,4412,4412
3460001,3470000,5,L11-3,1,0,0,0,3458,3458
3490001,3500000,2,L11-3,1,0,0,0,820,820
3500001,3510000,1,L11-3,1,0,0,0,1067,1067
3510001,3520000,3,L11-3,1,0,0,0,2453,2453
3520001,3530000,3,L11-3,1,0,0,0,2001,2001
3540001,3550000,1,L11-3,1,0,0,0,59,59
3550001,3560000,5,L11-3,1,0,0,0,3214,3214
3560001,3570000,22,L11-3,1,0,0,0,9270,9270
3570001,3580000,8,L11-3,1,0,0,0,5335,5335
3610001,3620000,1,L11-3,1,0,0,0,1004,1004
3620001,3630000,1,L11-3,1,0,0,0,355,355
3630001,3640000,1,L11-3,1,0,1,0,1779,1779
3660001,3670000,0,L11-3,1,1,1,0,0,3095
3680001,3690000,1,L11-3,1,0,0,0,1102,1102
3700001,3710000,4,L11-3,1,0,0,0,4064,4064
3810001,3820000,2,L11-3,1,0,0,0,2979,2979
3860001,3870000,1,L11-3,1,0,0,0,1020,1020
3890001,3900000,5,L11-3,1,0,0,0,3648,3648
3900001,3910000,2,L11-3,1,0,0,0,2731,2731
3910001,3920000,0,L11-3,1,1,0,0,0,502
3920001,3930000,0,L11-3,1,1,0,0,0,2592
3950001,3960000,2,L11-3,1,0,0,0,2676,2676
3960001,3970000,5,L11-3,1,0,0,0,4387,4387
20001,30000,1,L11-3,2,0,0,0,75,75
40001,50000,1,L11-3,2,0,0,0,1259,1259
50001,60000,3,L11-3,2,0,0,0,228,228
60001,70000,2,L11-3,2,0,0,0,1678,1678
70001,80000,0,L11-3,2,1,0,0,0,3094
110001,120000,1,L11-3,2,0,0,0,545,545
120001,130000,2,L11-3,2,0,0,0,3382,3382
160001,170000,0,L11-3,2,1,0,0,0,3094
200001,210000,2,L11-3,2,0,0,0,3157,3157
240001,250000,1,L11-3,2,0,0,0,857,857
250001,260000,9,L11-3,2,0,0,0,4597,4597
260001,270000,3,L11-3,2,0,0,0,8533,8533
330001,340000,3,L11-3,2,0,0,0,3903,3903
340001,350000,1,L11-3,2,0,0,0,1415,1415
350001,360000,1,L11-3,2,0,0,0,536,536
380001,390000,0,L11-3,2,1,0,0,0,2775
390001,400000,0,L11-3,2,1,0,0,0,319
450001,460000,3,L11-3,2,0,0,0,2505,2505
470001,480000,4,L11-3,2,0,0,0,3026,3026
500001,510000,1,L11-3,2,0,0,0,227,227
530001,540000,1,L11-3,2,0,0,0,530,530
560001,570000,3,L11-3,2,0,0,0,4298,4298
570001,580000,1,L11-3,2,0,0,0,739,739
580001,590000,2,L11-3,2,0,0,0,1276,1276
640001,650000,3,L11-3,2,0,0,0,4251,4251
650001,660000,2,L11-3,2,0,0,0,1771,1771
670001,680000,2,L11-3,2,0,0,0,1472,1472
680001,690000,1,L11-3,2,0,0,0,1361,1361
710001,720000,4,L11-3,2,0,0,0,4702,4702
720001,730000,9,L11-3,2,0,0,0,8967,8967
730001,740000,5,L11-3,2,0,0,0,5460,5460
760001,770000,1,L11-3,2,0,0,0,662,662
780001,790000,1,L11-3,2,0,0,0,479,479
790001,800000,2,L11-3,2,0,1,1,1624,1624
800001,810000,4,L11-3,2,0,0,0,3151,3151
810001,820000,9,L11-3,2,0,0,0,8617,8617
820001,830000,6,L11-3,2,0,0,0,7162,7162
830001,840000,2,L11-3,2,0,0,0,3016,3016
930001,940000,1,L11-3,2,0,0,0,974,974
960001,970000,2,L11-3,2,0,0,0,2818,2818
970001,980000,6,L11-3,2,0,0,0,5730,5730
1010001,1020000,1,L11-3,2,0,0,0,113,113
1020001,1030000,1,L11-3,2,0,0,0,694,694
1030001,1040000,3,L11-3,2,0,0,0,2843,2843
1080001,1090000,3,L11-3,2,0,0,0,2973,2973
1090001,1100000,1,L11-3,2,0,0,0,76,76
1160001,1170000,2,L11-3,2,0,0,0,1812,1812
1170001,1180000,5,L11-3,2,0,0,0,6036,6036
1190001,1200000,2,L11-3,2,0,0,0,1622,1622
1200001,1210000,1,L11-3,2,0,0,0,1664,1664
1210001,1220000,1,L11-3,2,0,0,0,530,530
1280001,1290000,0,L11-3,2,1,0,0,0,3093
1370001,1380000,0,L11-3,2,0,1,1,0,0
1420001,1430000,1,L11-3,2,1,0,0,218,2735
1430001,1440000,3,L11-3,2,1,0,0,5644,6221
1440001,1450000,1,L11-3,2,0,0,0,251,251
1460001,1470000,3,L11-3,2,0,0,0,4404,4404
1470001,1480000,4,L11-3,2,0,0,0,6888,6888
1480001,1490000,2,L11-3,2,0,0,0,1717,1717
1510001,1520000,1,L11-3,2,0,0,0,518,518
1530001,1540000,1,L11-3,2,0,0,0,87,87
1600001,1610000,2,L11-3,2,0,0,0,2189,2189
1610001,1620000,5,L11-3,2,0,0,0,4735,4735
1620001,1630000,3,L11-3,2,0,0,0,1657,1657
1640001,1650000,3,L11-3,2,0,0,0,3137,3137
1660001,1670000,1,L11-3,2,0,0,0,1106,1106
1700001,1710000,7,L11-3,2,0,0,0,6176,6176
1710001,1720000,1,L11-3,2,0,0,0,854,854
1770001,1780000,2,L11-3,2,0,0,0,3008,3008
1780001,1790000,1,L11-3,2,0,0,0,179,179
1790001,1800000,1,L11-3,2,0,0,0,788,788
1860001,1870000,0,L11-3,2,1,0,0,0,3093
1880001,1890000,0,L11-3,2,0,1,0,0,0
2030001,2040000,1,L11-3,2,0,0,0,1275,1275
2060001,2070000,1,L11-3,2,0,0,0,641,641
2110001,2120000,2,L11-3,2,0,0,0,2959,2959
2120001,2130000,4,L11-3,2,1,0,0,3237,3618
2130001,2140000,0,L11-3,2,1,0,0,0,2712
2140001,2150000,1,L11-3,2,0,0,0,827,827
2180001,2190000,0,L11-3,2,1,0,0,0,3093
2190001,2200000,1,L11-3,2,0,0,0,995,995
2210001,2220000,1,L11-3,2,0,0,0,695,695
2270001,2280000,1,L11-3,2,0,0,0,1772,1772
2280001,2290000,1,L11-3,2,0,0,0,1733,1733
2300001,2310000,3,L11-3,2,0,0,0,707,707
2410001,2420000,1,L11-3,2,0,0,0,2033,2033
2450001,2460000,0,L11-3,2,1,0,0,0,3093
2460001,2470000,1,L11-3,2,0,0,0,668,668
2500001,2510000,1,L11-3,2,0,0,0,1760,1760
2550001,2560000,1,L11-3,2,0,0,0,2627,2627
2560001,2570000,2,L11-3,2,0,0,0,3415,3415
2650001,2660000,3,L11-3,2,0,0,0,2441,2441
2660001,2670000,1,L11-3,2,0,0,0,961,961
2720001,2730000,2,L11-3,2,0,0,0,1855,1855
2730001,2740000,2,L11-3,2,0,0,0,2561,2561
2780001,2790000,1,L11-3,2,0,0,0,1127,1127
2790001,2800000,1,L11-3,2,0,0,0,878,878
2810001,2820000,1,L11-3,2,0,0,0,746,746
2830001,2840000,3,L11-3,2,0,0,0,3864,3864
2850001,2860000,1,L11-3,2,0,0,0,803,803
2890001,2900000,2,L11-3,2,1,0,0,883,3977
2900001,2910000,2,L11-3,2,0,0,0,1376,1376
2910001,2920000,1,L11-3,2,0,0,0,257,257
2920001,2930000,1,L11-3,2,0,0,0,1098,1098
2930001,2940000,1,L11-3,2,0,0,0,737,737
2940001,2950000,6,L11-3,2,0,0,0,4194,4194
2980001,2990000,3,L11-3,2,0,0,0,2907,2907
3030001,3040000,3,L11-3,2,0,0,0,1500,1500
3060001,3070000,2,L11-3,2,0,0,0,2354,2354
3070001,3080000,1,L11-3,2,0,0,0,581,581
3120001,3130000,1,L11-3,2,0,0,0,875,875
3190001,3200000,1,L11-3,2,0,0,0,1098,1098
3220001,3230000,2,L11-3,2,0,0,0,2242,2242
3240001,3250000,2,L11-3,2,0,0,0,1329,1329
3250001,3260000,1,L11-3,2,0,0,0,241,241
3290001,3300000,2,L11-3,2,0,0,0,2995,2995
3300001,3310000,1,L11-3,2,0,0,0,1892,1892
3310001,3320000,1,L11-3,2,0,0,0,653,653
3320001,3330000,2,L11-3,2,0,0,0,1606,1606
3330001,3340000,3,L11-3,2,0,0,0,4599,4599
3390001,3400000,1,L11-3,2,0,0,0,375,375
3430001,3440000,2,L11-3,2,0,0,0,2929,2929
3440001,3450000,4,L11-3,2,0,0,0,3948,3948
3450001,3460000,6,L11-3,2,0,0,0,4411,4411
3460001,3470000,5,L11-3,2,0,0,0,2587,2587
3490001,3500000,2,L11-3,2,0,0,0,820,820
3500001,3510000,1,L11-3,2,0,0,0,1067,1067
3510001,3520000,3,L11-3,2,0,0,0,2634,2634
3520001,3530000,2,L11-3,2,0,0,0,1819,1819
3540001,3550000,1,L11-3,2,0,0,0,572,572
3550001,3560000,6,L11-3,2,0,0,0,3520,3520
3560001,3570000,22,L11-3,2,0,0,0,9313,9313
3570001,3580000,6,L11-3,2,0,0,0,4472,4472
3610001,3620000,1,L11-3,2,0,0,0,1004,1004
3620001,3630000,1,L11-3,2,0,0,0,1238,1238
3630001,3640000,1,L11-3,2,1,0,0,897,3990
3650001,3660000,1,L11-3,2,0,0,0,1103,1103
3670001,3680000,4,L11-3,2,0,0,0,4064,4064
3780001,3790000,2,L11-3,2,0,0,0,2980,2980
3830001,3840000,1,L11-3,2,0,0,0,1019,1019
3860001,3870000,5,L11-3,2,0,0,0,3648,3648
3870001,3880000,2,L11-3,2,0,0,0,2731,2731
3890001,3900000,0,L11-3,2,1,0,0,0,3093
3920001,3930000,1,L11-3,2,0,0,0,2414,2414
3930001,3940000,5,L11-3,2,0,0,0,4648,4648
20001,30000,1,L11-4,1,0,0,0,75,75
40001,50000,1,L11-4,1,0,0,0,1259,1259
50001,60000,3,L11-4,1,0,0,0,228,228
60001,70000,2,L11-4,1,0,0,0,1679,1679
70001,80000,0,L11-4,1,1,0,0,0,3093
110001,120000,1,L11-4,1,0,0,0,545,545
120001,130000,2,L11-4,1,0,0,0,3382,3382
160001,170000,0,L11-4,1,1,0,0,0,3093
200001,210000,2,L11-4,1,0,0,0,3159,3159
240001,250000,1,L11-4,1,0,0,0,857,857
250001,260000,9,L11-4,1,0,0,0,4574,4574
260001,270000,3,L11-4,1,0,0,0,8559,8559
300001,310000,0,L11-4,1,0,1,1,0,0
330001,340000,3,L11-4,1,0,0,0,3902,3902
340001,350000,1,L11-4,1,0,0,0,1415,1415
350001,360000,1,L11-4,1,0,0,0,536,536
380001,390000,0,L11-4,1,1,0,0,0,2744
390001,400000,0,L11-4,1,1,0,0,0,348
450001,460000,3,L11-4,1,0,0,0,2505,2505
470001,480000,4,L11-4,1,0,0,0,3026,3026
490001,500000,0,L11-4,1,0,1,1,0,0
500001,510000,1,L11-4,1,0,0,0,227,227
530001,540000,1,L11-4,1,0,0,0,530,530
560001,570000,3,L11-4,1,0,0,0,4249,4249
570001,580000,1,L11-4,1,0,0,0,787,787
580001,590000,2,L11-4,1,0,0,0,1276,1276
640001,650000,3,L11-4,1,0,0,0,4247,4247
650001,660000,3,L11-4,1,0,0,0,1773,1773
670001,680000,2,L11-4,1,0,0,0,1406,1406
680001,690000,1,L11-4,1,0,0,0,1427,1427
710001,720000,4,L11-4,1,0,0,0,4599,4599
720001,730000,9,L11-4,1,0,0,0,8964,8964
730001,740000,5,L11-4,1,0,0,0,5691,5691
760001,770000,1,L11-4,1,0,0,0,662,662
780001,790000,1,L11-4,1,0,0,0,479,479
790001,800000,2,L11-4,1,0,0,0,1624,1624
800001,810000,4,L11-4,1,0,0,0,2915,2915
810001,820000,9,L11-4,1,0,0,0,8618,8618
820001,830000,6,L11-4,1,0,0,0,7397,7397
830001,840000,2,L11-4,1,0,0,0,3016,3016
930001,940000,1,L11-4,1,0,0,0,974,974
940001,950000,0,L11-4,1,0,1,1,0,0
960001,970000,2,L11-4,1,0,0,0,2818,2818
970001,980000,6,L11-4,1,0,0,0,5730,5730
1010001,1020000,1,L11-4,1,0,0,0,113,113
1020001,1030000,1,L11-4,1,0,0,0,462,462
1030001,1040000,3,L11-4,1,0,0,0,3076,3076
1080001,1090000,3,L11-4,1,0,0,0,2975,2975
1090001,1100000,1,L11-4,1,0,0,0,76,76
1160001,1170000,2,L11-4,1,0,0,0,1565,1565
1170001,1180000,5,L11-4,1,0,0,0,6283,6283
1190001,1200000,2,L11-4,1,0,0,0,1621,1621
1200001,1210000,1,L11-4,1,0,0,0,1664,1664
1210001,1220000,1,L11-4,1,0,0,0,530,530
1280001,1290000,0,L11-4,1,1,0,0,0,3094
1420001,1430000,1,L11-4,1,1,0,0,218,2487
1430001,1440000,3,L11-4,1,1,0,0,5397,6222
1440001,1450000,1,L11-4,1,0,0,0,500,500
1460001,1470000,3,L11-4,1,0,0,0,4403,4403
1470001,1480000,4,L11-4,1,0,0,0,6639,6639
1480001,1490000,2,L11-4,1,0,0,0,1967,1967
1510001,1520000,1,L11-4,1,0,0,0,518,518
1530001,1540000,1,L11-4,1,0,0,0,87,87
1600001,1610000,2,L11-4,1,0,0,0,1916,1916
1610001,1620000,4,L11-4,1,0,0,0,4788,4788
1620001,1630000,3,L11-4,1,0,0,0,1880,1880
1640001,1650000,3,L11-4,1,0,0,0,3137,3137
1660001,1670000,1,L11-4,1,0,0,0,1105,1105
1700001,1710000,7,L11-4,1,0,0,0,6174,6174
1710001,1720000,1,L11-4,1,0,0,0,854,854
1770001,1780000,2,L11-4,1,0,0,0,2704,2704
1780001,1790000,1,L11-4,1,0,0,0,484,484
1790001,1800000,1,L11-4,1,0,0,0,792,792
1800001,1810000,0,L11-4,1,0,1,1,0,0
1860001,1870000,0,L11-4,1,1,0,0,0,3092
1990001,2000000,0,L11-4,1,0,1,0,0,0
2010001,2020000,0,L11-4,1,0,1,0,0,0
2030001,2040000,1,L11-4,1,0,0,0,1276,1276
2060001,2070000,1,L11-4,1,0,0,0,642,642
2110001,2120000,2,L11-4,1,0,0,0,2449,2449
2120001,2130000,4,L11-4,1,0,0,0,3750,3750
2130001,2140000,0,L11-4,1,1,1,0,0,3096
2140001,2150000,1,L11-4,1,0,0,0,828,828
2180001,2190000,0,L11-4,1,1,0,0,0,3091
2190001,2200000,1,L11-4,1,0,0,0,995,995
2210001,2220000,1,L11-4,1,0,0,0,695,695
2270001,2280000,1,L11-4,1,0,0,0,1772,1772
2280001,2290000,1,L11-4,1,0,0,0,1734,1734
2300001,2310000,3,L11-4,1,0,0,0,707,707
2410001,2420000,1,L11-4,1,0,0,0,2033,2033
2450001,2460000,0,L11-4,1,1,0,0,0,3096
2460001,2470000,1,L11-4,1,0,1,0,669,669
2500001,2510000,1,L11-4,1,0,0,0,1760,1760
2510001,2520000,1,L11-4,1,0,0,0,0,0
2550001,2560000,1,L11-4,1,0,0,0,2627,2627
2560001,2570000,2,L11-4,1,0,0,0,3414,3414
2620001,2630000,0,L11-4,1,0,1,0,0,0
2650001,2660000,2,L11-4,1,0,0,0,2182,2182
2660001,2670000,1,L11-4,1,0,0,0,1220,1220
2720001,2730000,1,L11-4,1,0,0,0,1415,1415
2730001,2740000,2,L11-4,1,0,0,0,3000,3000
2780001,2790000,1,L11-4,1,0,0,0,1128,1128
2790001,2800000,1,L11-4,1,0,0,0,878,878
2810001,2820000,1,L11-4,1,0,0,0,746,746
2820001,2830000,0,L11-4,1,0,1,1,0,0
2830001,2840000,3,L11-4,1,0,0,0,3865,3865
2850001,2860000,1,L11-4,1,0,0,0,804,804
2890001,2900000,1,L11-4,1,1,0,0,380,3474
2900001,2910000,2,L11-4,1,0,0,0,1880,1880
2920001,2930000,1,L11-4,1,0,0,0,1354,1354
2930001,2940000,1,L11-4,1,0,0,0,738,738
2940001,2950000,6,L11-4,1,0,0,0,4192,4192
2950001,2960000,0,L11-4,1,0,1,1,0,0
2980001,2990000,3,L11-4,1,0,0,0,2912,2912
3030001,3040000,3,L11-4,1,0,0,0,1499,1499
3060001,3070000,2,L11-4,1,0,0,0,1521,1521
3070001,3080000,1,L11-4,1,0,0,0,1415,1415
3120001,3130000,1,L11-4,1,0,0,0,876,876
3190001,3200000,1,L11-4,1,0,0,0,1098,1098
3220001,3230000,2,L11-4,1,0,0,0,1732,1732
3230001,3240000,1,L11-4,1,0,0,0,511,511
3240001,3250000,1,L11-4,1,0,0,0,1154,1154
3250001,3260000,1,L11-4,1,0,0,0,416,416
3290001,3300000,2,L11-4,1,0,0,0,2995,2995
3300001,3310000,1,L11-4,1,0,0,0,1892,1892
3310001,3320000,1,L11-4,1,0,0,0,653,653
3320001,3330000,2,L11-4,1,0,0,0,1606,1606
3330001,3340000,3,L11-4,1,0,0,0,4599,4599
3390001,3400000,1,L11-4,1,0,1,1,375,375
3430001,3440000,1,L11-4,1,0,0,0,2086,2086
3440001,3450000,5,L11-4,1,0,0,0,3921,3921
3450001,3460000,6,L11-4,1,0,0,0,4412,4412
3460001,3470000,5,L11-4,1,0,0,0,3458,3458
3490001,3500000,2,L11-4,1,0,0,0,820,820
3500001,3510000,1,L11-4,1,0,0,0,1067,1067
3510001,3520000,3,L11-4,1,0,0,0,2453,2453
3520001,3530000,3,L11-4,1,0,0,0,2001,2001
3540001,3550000,1,L11-4,1,0,0,0,59,59
3550001,3560000,5,L11-4,1,0,0,0,3214,3214
3560001,3570000,22,L11-4,1,0,0,0,9270,9270
3570001,3580000,8,L11-4,1,0,0,0,5335,5335
3610001,3620000,1,L11-4,1,0,0,0,1004,1004
3620001,3630000,1,L11-4,1,0,0,0,355,355
3630001,3640000,1,L11-4,1,0,0,0,1779,1779
3660001,3670000,0,L11-4,1,1,0,0,0,3095
3680001,3690000,1,L11-4,1,0,0,0,1102,1102
3700001,3710000,4,L11-4,1,0,0,0,4064,4064
3810001,3820000,2,L11-4,1,0,0,0,2979,2979
3860001,3870000,1,L11-4,1,0,0,0,1020,1020
3890001,3900000,5,L11-4,1,0,0,0,3648,3648
3900001,3910000,2,L11-4,1,0,0,0,2731,2731
3910001,3920000,0,L11-4,1,1,0,0,0,502
3920001,3930000,0,L11-4,1,1,0,0,0,2592
3950001,3960000,2,L11-4,1,0,0,0,2676,2676
3960001,3970000,5,L11-4,1,0,0,0,4387,4387
3970001,3980000,0,L11-4,1,0,1,1,0,0
3990001,4000000,2,L11-4,1,0,0,0,3198,3198
20001,30000,1,L11-4,2,0,0,0,75,75
40001,50000,1,L11-4,2,0,0,0,1259,1259
50001,60000,3,L11-4,2,0,0,0,228,228
60001,70000,2,L11-4,2,0,0,0,1678,1678
70001,80000,0,L11-4,2,1,0,0,0,3093
110001,120000,1,L11-4,2,0,0,0,545,545
120001,130000,2,L11-4,2,0,0,0,3382,3382
160001,170000,0,L11-4,2,1,0,0,0,3093
200001,210000,2,L11-4,2,0,0,0,3157,3157
240001,250000,1,L11-4,2,0,0,0,857,857
250001,260000,9,L11-4,2,0,0,0,4596,4596
260001,270000,3,L11-4,2,0,0,0,8534,8534
300001,310000,0,L11-4,2,1,0,0,0,3093
330001,340000,3,L11-4,2,0,0,0,3726,3726
340001,350000,2,L11-4,2,0,0,0,1592,1592
350001,360000,1,L11-4,2,0,0,0,536,536
390001,400000,0,L11-4,2,1,0,0,0,3093
450001,460000,2,L11-4,2,0,0,0,1939,1939
460001,470000,1,L11-4,2,0,0,0,566,566
470001,480000,3,L11-4,2,0,0,0,2565,2565
480001,490000,1,L11-4,2,0,0,0,461,461
490001,500000,0,L11-4,2,1,0,0,0,2980
500001,510000,0,L11-4,2,1,0,0,0,114
510001,520000,1,L11-4,2,0,0,0,227,227
530001,540000,1,L11-4,2,0,0,0,530,530
560001,570000,1,L11-4,2,0,0,0,482,482
570001,580000,3,L11-4,2,0,0,0,4555,4555
590001,600000,2,L11-4,2,0,0,0,1276,1276
650001,660000,5,L11-4,2,0,0,0,6022,6022
680001,690000,2,L11-4,2,0,0,0,2833,2833
720001,730000,7,L11-4,2,0,0,0,8502,8502
730001,740000,9,L11-4,2,0,0,0,8576,8576
740001,750000,2,L11-4,2,0,0,0,2050,2050
770001,780000,1,L11-4,2,0,0,0,662,662
780001,790000,1,L11-4,2,0,0,0,479,479
790001,800000,1,L11-4,2,0,0,0,1280,1280
800001,810000,2,L11-4,2,0,0,0,688,688
810001,820000,8,L11-4,2,0,0,0,5891,5891
820001,830000,9,L11-4,2,0,0,0,8595,8595
830001,840000,3,L11-4,2,0,0,0,5399,5399
840001,850000,1,L11-4,2,0,0,0,1718,1718
940001,950000,1,L11-4,2,0,0,0,974,974
950001,960000,0,L11-4,2,1,0,0,0,3093
970001,980000,3,L11-4,2,0,0,0,2847,2847
980001,990000,6,L11-4,2,0,0,0,5701,5701
1020001,1030000,1,L11-4,2,0,0,0,113,113
1030001,1040000,1,L11-4,2,0,0,0,1393,1393
1040001,1050000,3,L11-4,2,0,0,0,2144,2144
1090001,1100000,3,L11-4,2,0,0,0,2972,2972
1100001,1110000,1,L11-4,2,0,0,0,76,76
1170001,1180000,2,L11-4,2,0,0,0,2511,2511
1180001,1190000,5,L11-4,2,0,0,0,5337,5337
1200001,1210000,2,L11-4,2,0,0,0,1622,1622
1210001,1220000,1,L11-4,2,0,0,0,1664,1664
1220001,1230000,1,L11-4,2,0,0,0,530,530
1240001,1250000,0,L11-4,2,0,1,1,0,0
1290001,1300000,0,L11-4,2,1,0,0,0,3094
1430001,1440000,1,L11-4,2,1,0,0,218,3312
1440001,1450000,3,L11-4,2,0,0,0,5895,5895
1470001,1480000,4,L11-4,2,0,0,0,4730,4730
1480001,1490000,4,L11-4,2,0,0,0,6879,6879
1490001,1500000,1,L11-4,2,0,0,0,1400,1400
1520001,1530000,1,L11-4,2,0,0,0,518,518
1540001,1550000,1,L11-4,2,0,0,0,87,87
1570001,1580000,0,L11-4,2,0,1,1,0,0
1610001,1620000,2,L11-4,2,0,0,0,2903,2903
1620001,1630000,5,L11-4,2,0,0,0,4036,4036
1630001,1640000,2,L11-4,2,0,0,0,1642,1642
1650001,1660000,3,L11-4,2,0,0,0,3137,3137
1670001,1680000,1,L11-4,2,0,0,0,1106,1106
1700001,1710000,1,L11-4,2,0,0,0,569,569
1710001,1720000,8,L11-4,2,0,0,0,5940,5940
1720001,1730000,1,L11-4,2,0,0,0,521,521
1780001,1790000,2,L11-4,2,0,0,0,3187,3187
1800001,1810000,1,L11-4,2,0,0,0,788,788
1810001,1820000,0,L11-4,2,1,0,0,0,3093
1870001,1880000,0,L11-4,2,1,1,0,0,3094
2000001,2010000,0,L11-4,2,1,0,0,0,847
2010001,2020000,0,L11-4,2,1,0,0,0,2247
2030001,2040000,1,L11-4,2,0,0,0,1274,1274
2060001,2070000,1,L11-4,2,0,0,0,641,641
2070001,2080000,0,L11-4,2,0,1,1,0,0
2110001,2120000,4,L11-4,2,0,0,0,4252,4252
2120001,2130000,2,L11-4,2,1,0,0,1944,4416
2130001,2140000,1,L11-4,2,1,0,0,596,1216
2140001,2150000,1,L11-4,2,0,0,0,231,231
2170001,2180000,0,L11-4,2,1,0,0,0,3094
2180001,2190000,1,L11-4,2,0,0,0,995,995
2200001,2210000,1,L11-4,2,0,0,0,695,695
2260001,2270000,1,L11-4,2,0,0,0,1772,1772
2270001,2280000,1,L11-4,2,0,0,0,1337,1337
2280001,2290000,1,L11-4,2,0,0,0,396,396
2290001,2300000,3,L11-4,2,0,0,0,707,707
2360001,2370000,0,L11-4,2,0,1,1,0,0
2400001,2410000,1,L11-4,2,0,0,0,2033,2033
2440001,2450000,0,L11-4,2,1,0,0,0,3791
2450001,2460000,0,L11-4,2,1,0,0,0,818
2500001,2510000,1,L11-4,2,0,0,0,456,456
2510001,2520000,3,L11-4,2,0,0,0,4321,4321
2520001,2530000,1,L11-4,2,0,0,0,1265,1265
2560001,2570000,1,L11-4,2,0,0,0,1760,1760
2610001,2620000,1,L11-4,2,1,0,0,668,3761
2640001,2650000,2,L11-4,2,0,0,0,2182,2182
2650001,2660000,1,L11-4,2,0,0,0,1220,1220
2710001,2720000,1,L11-4,2,0,0,0,1415,1415
2720001,2730000,2,L11-4,2,0,0,0,3000,3000
2770001,2780000,1,L11-4,2,0,0,0,1127,1127
2780001,2790000,1,L11-4,2,0,0,0,878,878
2800001,2810000,1,L11-4,2,0,0,0,746,746
2810001,2820000,0,L11-4,2,1,0,0,0,3093
2820001,2830000,2,L11-4,2,0,0,0,2355,2355
2830001,2840000,2,L11-4,2,0,0,0,1509,1509
2850001,2860000,1,L11-4,2,0,0,0,803,803
2880001,2890000,0,L11-4,2,1,0,0,0,293
2890001,2900000,3,L11-4,2,1,0,0,2259,5060
2910001,2920000,1,L11-4,2,0,0,0,1355,1355
2920001,2930000,1,L11-4,2,0,0,0,737,737
2930001,2940000,4,L11-4,2,0,0,0,2701,2701
2940001,2950000,3,L11-4,2,1,0,0,1493,4102
2950001,2960000,0,L11-4,2,1,0,0,0,484
2970001,2980000,3,L11-4,2,0,0,0,662,662
2980001,2990000,1,L11-4,2,0,0,0,2244,2244
3030001,3040000,3,L11-4,2,0,0,0,1500,1500
3060001,3070000,2,L11-4,2,0,0,0,2935,2935
3120001,3130000,1,L11-4,2,0,0,0,875,875
3190001,3200000,1,L11-4,2,0,0,0,1098,1098
3220001,3230000,2,L11-4,2,0,0,0,2242,2242
3240001,3250000,2,L11-4,2,0,0,0,1570,1570
3290001,3300000,2,L11-4,2,0,0,0,2995,2995
3300001,3310000,1,L11-4,2,0,0,0,1892,1892
3310001,3320000,1,L11-4,2,0,0,0,653,653
3320001,3330000,2,L11-4,2,0,0,0,1606,1606
3330001,3340000,3,L11-4,2,0,0,0,4599,4599
3380001,3390000,0,L11-4,2,1,0,0,0,2162
3390001,3400000,1,L11-4,2,1,0,0,374,1306
3430001,3440000,1,L11-4,2,0,0,0,1547,1547
3440001,3450000,4,L11-4,2,0,0,0,4035,4035
3450001,3460000,5,L11-4,2,0,0,0,4645,4645
3460001,3470000,5,L11-4,2,0,0,0,3648,3648
3490001,3500000,2,L11-4,2,0,0,0,820,820
3500001,3510000,1,L11-4,2,0,0,0,1067,1067
3510001,3520000,3,L11-4,2,0,0,0,1917,1917
3520001,3530000,3,L11-4,2,0,0,0,2536,2536
3550001,3560000,5,L11-4,2,0,0,0,2744,2744
3560001,3570000,21,L11-4,2,0,0,0,9288,9288
3570001,3580000,9,L11-4,2,0,0,0,5845,5845
3610001,3620000,1,L11-4,2,0,0,0,1004,1004
3630001,3640000,1,L11-4,2,0,0,0,2135,2135
3660001,3670000,0,L11-4,2,1,0,0,0,3093
3680001,3690000,1,L11-4,2,0,0,0,1103,1103
3700001,3710000,4,L11-4,2,0,0,0,4065,4065
3750001,3760000,0,L11-4,2,0,1,0,0,0
3810001,3820000,2,L11-4,2,0,0,0,2980,2980
3860001,3870000,1,L11-4,2,0,0,0,1019,1019
3890001,3900000,5,L11-4,2,0,0,0,3647,3647
3900001,3910000,2,L11-4,2,0,0,0,2731,2731
3910001,3920000,0,L11-4,2,1,0,0,0,7
3920001,3930000,0,L11-4,2,1,0,0,0,3085
3950001,3960000,1,L11-4,2,0,0,0,2414,2414
3960001,3970000,5,L11-4,2,0,0,0,4648,4648
3970001,3980000,0,L11-4,2,0,1,0,0,0
3980001,3990000,0,L11-4,2,1,0,0,0,3094
3990001,4000000,2,L11-4,2,0,0,0,3199,3199
